term,document_frequency,document_share,dictionary_action
cảm_thấy,1546,0.4148108398175476,remove_high_df
có_thể,1412,0.3788569895358197,keep
trầm_cảm,1397,0.37483230480279045,keep
không_thể,1244,0.33378052052589213,keep
đi,991,0.2658975046954655,keep
sống,727,0.19506305339415078,keep
lo_âu,718,0.19264824255433324,keep
thực_sự,716,0.19211161792326267,keep
tồi_tệ,700,0.18781862087469814,keep
tất_cả,684,0.18352562382613363,keep
bản_thân,682,0.18298899919506306,keep
cuộc_sống,670,0.17976925140863967,keep
cố_gắng,644,0.17279313120472228,keep
bây_giờ,632,0.1695733834182989,keep
thời_gian,630,0.16903675878722835,keep
cuộc_đời,573,0.1537429568017172,keep
bao_giờ,562,0.1507915213308291,keep
bắt_đầu,547,0.14676683659779985,keep
chết,546,0.14649852428226456,keep
giúp,524,0.14059565334048832,keep
vấn_đề,517,0.13871746713174135,keep
thậm_chí,507,0.13603434397638853,keep
lo_lắng,484,0.129863160719077,keep
cảm_giác,481,0.12905822377247117,keep
hôm_nay,480,0.12878991145693588,keep
suy_nghĩ,470,0.12610678830158303,keep
xảy,466,0.12503353903944192,keep
gia_đình,454,0.12181379125301851,keep
như_vậy,452,0.12127716662194794,keep
thuốc,450,0.12074054199087739,keep
tự_sát,441,0.11832573115105983,keep
tuần,434,0.11644754494231285,keep
bạn_bè,430,0.11537429568017173,keep
tại_sao,428,0.11483767104910116,keep
trở_nên,422,0.11322779715588946,keep
chịu_đựng,397,0.10651998926750737,keep
ghét,394,0.10571505232090153,keep
khó_khăn,394,0.10571505232090153,keep
thật_sự,393,0.10544674000536625,keep
hai,391,0.10491011537429568,keep
mệt_mỏi,385,0.10330024148108398,keep
quan_tâm,377,0.10115374295680171,keep
trải,373,0.10008049369466059,keep
cuối_cùng,372,0.0998121813791253,keep
học,365,0.09793399517037832,keep
sợ,361,0.09686074590823719,keep
tiếp_tục,361,0.09686074590823719,keep
liệu,354,0.09498255969949021,keep
ngủ,350,0.09390931043734907,keep
bất_kỳ,340,0.09122618728199625,keep
làm_việc,336,0.0901529380198551,keep
kết_thúc,332,0.08907968875771398,keep
có_lẽ,330,0.08854306412664341,keep
chúng_tôi,327,0.08773812718003757,keep
lý_do,324,0.08693319023343171,keep
hy_vọng,322,0.08639656560236114,keep
mẹ,321,0.08612825328682587,keep
công_việc,320,0.08585994097129059,keep
kẻ,319,0.0855916286557553,keep
sợ_hãi,307,0.0823718808693319,keep
giúp_đỡ,302,0.08103031929165548,keep
suốt,302,0.08103031929165548,keep
hiện_tại,300,0.08049369466058492,keep
duy_nhất,299,0.08022538234504964,keep
bất_cứ,294,0.07888382076737323,keep
bình_thường,293,0.07861550845183794,keep
đầu,291,0.07807888382076737,keep
hoàn_toàn,290,0.07781057150523209,keep
nói_chuyện,290,0.07781057150523209,keep
hôm,288,0.07727394687416152,keep
rối_loạn,281,0.07539576066541455,keep
ngừng,276,0.07405419908773812,keep
dậy,275,0.07378588677220284,keep
hạnh_phúc,270,0.07244432519452643,keep
viết,267,0.07163938824792059,keep
khóc,265,0.07110276361685001,keep
bác_sĩ,256,0.06868795277703246,keep
tình_trạng,254,0.0681513281459619,keep
ổn,253,0.06788301583042662,keep
đôi_khi,250,0.06707807888382077,keep
hoảng_loạn,248,0.0665414542527502,keep
uống,248,0.0665414542527502,keep
trở_thành,246,0.06600482962167964,keep
gái,245,0.06573651730614435,keep
thay_đổi,241,0.06466326804400321,keep
cảm_xúc,240,0.06439495572846794,keep
khuyên,237,0.06359001878186209,keep
nỗi,237,0.06359001878186209,keep
một_số,234,0.06278508183525623,keep
thế_nào,232,0.062248457204185675,keep
đau,229,0.06144352025757982,keep
đọc,229,0.06144352025757982,keep
hàng,225,0.06037027099543869,keep
sức_khoẻ,225,0.06037027099543869,keep
quan_hệ,224,0.06010195867990341,keep
tệ,223,0.05983364636436812,keep
thử,221,0.05929702173329756,keep
yêu,221,0.05929702173329756,keep
đại_học,221,0.05929702173329756,keep
đối_mặt,221,0.05929702173329756,keep
đầu_tiên,220,0.059028709417762275,keep
buồn,219,0.05876039710222699,keep
cô_đơn,218,0.05849208478669171,keep
xin_lỗi,212,0.05688221089348001,keep
biến,211,0.05661389857794473,keep
cảm_ơn,210,0.056345586262409444,keep
tiền,210,0.056345586262409444,keep
rơi,207,0.055540649315803596,keep
tinh_thần,203,0.05446740005366246,keep
đêm,203,0.05446740005366246,keep
tâm_lý,202,0.05419908773812718,keep
quyết_định,201,0.0539307754225919,keep
vì_vậy,201,0.0539307754225919,keep
thức,200,0.053662463107056614,keep
trường,199,0.05339415079152133,keep
tuy_nhiên,199,0.05339415079152133,keep
trước_đây,198,0.05312583847598605,keep
đau_đớn,196,0.05258921384491548,keep
gọi,195,0.052320901529380195,keep
một_cách,195,0.052320901529380195,keep
đối_với,194,0.05205258921384492,keep
thế_giới,191,0.05124765226723907,keep
trò_chuyện,191,0.05124765226723907,keep
thoát,190,0.050979339951703784,keep
ta,189,0.0507110276361685,keep
xã_hội,189,0.0507110276361685,keep
tình_huống,188,0.05044271532063322,keep
mặt,187,0.050174403005097935,keep
trị_liệu,187,0.050174403005097935,keep
đặc_biệt,187,0.050174403005097935,keep
rời,186,0.04990609068956265,keep
căng_thẳng,185,0.049637778374027365,keep
một_mình,184,0.04936946605849209,keep
chia_sẻ,183,0.0491011537429568,keep
tổn_thương,183,0.0491011537429568,keep
chúng_ta,182,0.04883284142742152,keep
chào,181,0.04856452911188624,keep
dường_như,180,0.04829621679635095,keep
nghiêm_trọng,180,0.04829621679635095,keep
kiểm_soát,179,0.04802790448081567,keep
trở_lại,177,0.047491279849745105,keep
tìm_kiếm,177,0.047491279849745105,keep
bố_mẹ,176,0.04722296753420982,keep
trai,175,0.046954655218674535,keep
đời,174,0.04668634290313926,keep
lỗi,172,0.046149718272068686,keep
ngu_ngốc,172,0.046149718272068686,keep
phòng,172,0.046149718272068686,keep
thất_bại,172,0.046149718272068686,keep
ý_nghĩa,172,0.046149718272068686,keep
chắc_chắn,169,0.04534478132546284,keep
liên_tục,168,0.04507646900992755,keep
cơ_thể,167,0.044808156694392275,keep
tâm_thần,163,0.04373490743225114,keep
trẻ,161,0.04319828280118057,keep
tồn_tại,159,0.04266165817011001,keep
câu,157,0.042125033539039444,keep
ước,155,0.041588408907968874,keep
một_chút,152,0.040783471961363026,keep
kỳ_lạ,150,0.04024684733029246,keep
dừng,149,0.03997853501475718,keep
biết_điều,148,0.03971022269922189,keep
làm_sao,148,0.03971022269922189,keep
ảnh_hưởng,148,0.03971022269922189,keep
hầu_hết,147,0.039441910383686614,keep
tương_tự,146,0.03917359806815133,keep
con_người,145,0.038905285752616044,keep
ít_nhất,145,0.038905285752616044,keep
buồn_bã,143,0.03836866112154548,keep
tốt_đẹp,143,0.03836866112154548,keep
kế_hoạch,142,0.038100348806010195,keep
vô_cùng,141,0.03783203649047491,keep
chẩn_đoán,139,0.03729541185940435,keep
nằm,139,0.03729541185940435,keep
giường,138,0.03702709954386906,keep
hiệu_quả,138,0.03702709954386906,keep
tuyệt_vời,137,0.036758787228333784,keep
tự_tử,137,0.036758787228333784,keep
mắc,136,0.0364904749127985,keep
tham_gia,136,0.0364904749127985,keep
thở,136,0.0364904749127985,keep
cười,135,0.03622216259726321,keep
quên,135,0.03622216259726321,keep
tâm_trí,135,0.03622216259726321,keep
tương_lai,135,0.03622216259726321,keep
như_thể,132,0.035417225650657365,keep
đối_phó,132,0.035417225650657365,keep
quan_trọng,131,0.03514891333512208,keep
cố,130,0.0348806010195868,keep
hoạt_động,128,0.03434397638851623,keep
có_vẻ,127,0.03407566407298095,keep
rõ_ràng,127,0.03407566407298095,keep
động_lực,127,0.03407566407298095,keep
trạng_thái,126,0.03380735175744567,keep
điều_trị,126,0.03380735175744567,keep
xứng_đáng,125,0.03353903944191038,keep
yêu_thương,125,0.03353903944191038,keep
thân,124,0.0332707271263751,keep
trả_lời,124,0.0332707271263751,keep
liên_quan,123,0.03300241481083982,keep
đấu_tranh,123,0.03300241481083982,keep
cũ,122,0.032734102495304535,keep
triệu_chứng,122,0.032734102495304535,keep
sai,121,0.03246579017976925,keep
vui,121,0.03246579017976925,keep
đừng,121,0.03246579017976925,keep
cải_thiện,120,0.03219747786423397,keep
tuyệt_vọng,119,0.031929165548698686,keep
tập_trung,119,0.031929165548698686,keep
đăng,119,0.031929165548698686,keep
mong,118,0.0316608532331634,keep
đứa,118,0.0316608532331634,keep
bảo,117,0.031392540917628116,keep
chống,117,0.031392540917628116,keep
may_mắn,117,0.031392540917628116,keep
bố,116,0.031124228602092838,keep
hỏng,116,0.031124228602092838,keep
mạnh_mẽ,116,0.031124228602092838,keep
vô_nghĩa,116,0.031124228602092838,keep
trải_nghiệm,115,0.030855916286557553,keep
xung_quanh,115,0.030855916286557553,keep
kéo_dài,114,0.03058760397102227,keep
trông,113,0.030319291655486986,keep
não,112,0.030050979339951704,keep
thành_công,112,0.030050979339951704,keep
từ_bỏ,112,0.030050979339951704,keep
đơn_giản,111,0.02978266702441642,keep
vòng,110,0.029514354708881137,keep
ý_định,110,0.029514354708881137,keep
chấp_nhận,109,0.029246042393345856,keep
tim,109,0.029246042393345856,keep
đứng,109,0.029246042393345856,keep
xấu,108,0.02897773007781057,keep
đẩy,108,0.02897773007781057,keep
hầu_như,107,0.02870941776227529,keep
hành_động,106,0.028441105446740004,keep
trôi,105,0.028172793131204722,keep
việc_làm,105,0.028172793131204722,keep
xe,105,0.028172793131204722,keep
rượu,104,0.02790448081566944,keep
giải_thích,103,0.027636168500134155,keep
lớp,103,0.027636168500134155,keep
phút,103,0.027636168500134155,keep
tác_dụng,103,0.027636168500134155,keep
khó_chịu,100,0.026831231553528307,keep
sử_dụng,100,0.026831231553528307,keep
trung_học,100,0.026831231553528307,keep
tức_giận,100,0.026831231553528307,keep
từng_trải,100,0.026831231553528307,keep
dễ_dàng,99,0.026562919237993025,keep
thế_này,99,0.026562919237993025,keep
đơn,99,0.026562919237993025,keep
sinh,98,0.02629460692245774,keep
tưởng_tượng,98,0.02629460692245774,keep
hỗ_trợ,97,0.02602629460692246,keep
vui_vẻ,96,0.025757982291387174,keep
cơ_hội,95,0.025489669975851892,keep
cắt,95,0.025489669975851892,keep
vô_dụng,95,0.025489669975851892,keep
bệnh,94,0.02522135766031661,keep
sẵn_sàng,94,0.02522135766031661,keep
xấu_hổ,94,0.02522135766031661,keep
áp_lực,94,0.02522135766031661,keep
đường,94,0.02522135766031661,keep
khả_năng,93,0.024953045344781325,keep
phát_hiện,93,0.024953045344781325,keep
làm_vậy,92,0.024684733029246043,keep
phù_hợp,92,0.024684733029246043,keep
tiếng,92,0.024684733029246043,keep
gánh,91,0.02441642071371076,keep
hoàn_thành,91,0.02441642071371076,keep
lựa_chọn,91,0.02441642071371076,keep
đối_xử,90,0.024148108398175477,keep
diễn,89,0.02387979608264019,keep
kết_quả,89,0.02387979608264019,keep
thoải_mái,89,0.02387979608264019,keep
giai_đoạn,88,0.02361148376710491,keep
giết,88,0.02361148376710491,keep
niềm,88,0.02361148376710491,keep
sâu,88,0.02361148376710491,keep
thành,88,0.02361148376710491,keep
trút,88,0.02361148376710491,keep
thực_tế,87,0.02334317145156963,keep
đập,87,0.02334317145156963,keep
cạnh,86,0.023074859136034343,keep
hơi,86,0.023074859136034343,keep
liều,86,0.023074859136034343,keep
năng_lượng,86,0.023074859136034343,keep
tốt_nghiệp,86,0.023074859136034343,keep
tự_tin,86,0.023074859136034343,keep
ám_ảnh,86,0.023074859136034343,keep
ăn_uống,86,0.023074859136034343,keep
ổn_định,86,0.023074859136034343,keep
bình_tĩnh,85,0.02280654682049906,keep
học_tập,85,0.02280654682049906,keep
mua,85,0.02280654682049906,keep
như_thế_nào,85,0.02280654682049906,keep
thường_xuyên,85,0.02280654682049906,keep
thất_vọng,85,0.02280654682049906,keep
chăm_sóc,84,0.022538234504963776,keep
cha_mẹ,83,0.022269922189428495,keep
chờ_đợi,83,0.022269922189428495,keep
mặc_dù,83,0.022269922189428495,keep
quá_khứ,83,0.022269922189428495,keep
đề_cập,83,0.022269922189428495,keep
coi,82,0.022001609873893213,keep
giải_quyết,82,0.022001609873893213,keep
kiệt_sức,82,0.022001609873893213,keep
kê,82,0.022001609873893213,keep
dần,81,0.021733297558357928,keep
hại,81,0.021733297558357928,keep
nghỉ,81,0.021733297558357928,keep
nguyên_nhân,81,0.021733297558357928,keep
tối,81,0.021733297558357928,keep
từ_chối,81,0.021733297558357928,keep
xuất_hiện,81,0.021733297558357928,keep
hẹn_hò,80,0.021464985242822646,keep
kinh_khủng,80,0.021464985242822646,keep
ngày_càng,80,0.021464985242822646,keep
chán_ngán,79,0.02119667292728736,keep
cảm_nhận,79,0.02119667292728736,keep
dù_sao,79,0.02119667292728736,keep
mãi_mãi,79,0.02119667292728736,keep
sự_thật,79,0.02119667292728736,keep
hết_sức,78,0.02092836061175208,keep
phụ_nữ,78,0.02092836061175208,keep
gửi,77,0.020660048296216798,keep
hôm_qua,77,0.020660048296216798,keep
phản_ứng,77,0.020660048296216798,keep
đàn_ông,77,0.020660048296216798,keep
mong_muốn,76,0.020391735980681513,keep
ngực,76,0.020391735980681513,keep
kiểm_tra,75,0.02012342366514623,keep
thay_vì,75,0.02012342366514623,keep
tiêu_cực,75,0.02012342366514623,keep
đổ,75,0.02012342366514623,keep
huỷ_hoại,74,0.019855111349610946,keep
hút,74,0.019855111349610946,keep
đau_khổ,74,0.019855111349610946,keep
tin_tưởng,73,0.019586799034075664,keep
trường_học,73,0.019586799034075664,keep
địa_ngục,73,0.019586799034075664,keep
cực_kỳ,72,0.01931848671854038,keep
điện_thoại,72,0.01931848671854038,keep
an_toàn,71,0.019050174403005098,keep
bệnh_viện,71,0.019050174403005098,keep
liệu_pháp,71,0.019050174403005098,keep
lái_xe,71,0.019050174403005098,keep
lạm_dụng,71,0.019050174403005098,keep
mong_đợi,71,0.019050174403005098,keep
tình_yêu,71,0.019050174403005098,keep
ví_dụ,71,0.019050174403005098,keep
ép,71,0.019050174403005098,keep
gặp_gỡ,70,0.018781862087469816,keep
kết_liễu,70,0.018781862087469816,keep
năm_ngoái,70,0.018781862087469816,keep
sai_lầm,70,0.018781862087469816,keep
trái_tim,70,0.018781862087469816,keep
đánh_giá,70,0.018781862087469816,keep
một_vài,69,0.01851354977193453,keep
thực_hiện,69,0.01851354977193453,keep
tích_cực,69,0.01851354977193453,keep
giả_vờ,68,0.01824523745639925,keep
nghiện,68,0.01824523745639925,keep
phát_triển,68,0.01824523745639925,keep
tan_vỡ,68,0.01824523745639925,keep
thành_thật,68,0.01824523745639925,keep
thời_điểm,68,0.01824523745639925,keep
đoán,68,0.01824523745639925,keep
chủ_yếu,67,0.017976925140863964,keep
trống_rỗng,67,0.017976925140863964,keep
chạy,66,0.017708612825328682,keep
chú_ý,65,0.0174403005097934,keep
game,65,0.0174403005097934,keep
mắt,65,0.0174403005097934,keep
nhắn,65,0.0174403005097934,keep
rác_rưởi,65,0.0174403005097934,keep
yêu_cầu,65,0.0174403005097934,keep
chờ,64,0.017171988194258116,keep
giỏi,64,0.017171988194258116,keep
hẹn,64,0.017171988194258116,keep
mắc_kẹt,63,0.016903675878722834,keep
run_rẩy,63,0.016903675878722834,keep
tâm_trạng,63,0.016903675878722834,keep
tê_liệt,63,0.016903675878722834,keep
duy_trì,62,0.01663536356318755,keep
im_lặng,62,0.01663536356318755,keep
khoảnh_khắc,62,0.01663536356318755,keep
kéo,62,0.01663536356318755,keep
liên_lạc,62,0.01663536356318755,keep
lãng_phí,62,0.01663536356318755,keep
sống_sót,62,0.01663536356318755,keep
thể_chất,62,0.01663536356318755,keep
đột_ngột,62,0.01663536356318755,keep
an_ủi,61,0.016367051247652267,keep
bỏ_rơi,61,0.016367051247652267,keep
chia_tay,61,0.016367051247652267,keep
chấn_thương,61,0.016367051247652267,keep
giờ_đây,61,0.016367051247652267,keep
phá,61,0.016367051247652267,keep
phần_lớn,61,0.016367051247652267,keep
tận_hưởng,61,0.016367051247652267,keep
anh_trai,60,0.016098738932116986,keep
biết_ơn,60,0.016098738932116986,keep
giao_tiếp,60,0.016098738932116986,keep
tan_nát,60,0.016098738932116986,keep
trực_tuyến,60,0.016098738932116986,keep
đôi,60,0.016098738932116986,keep
ập,60,0.016098738932116986,keep
mg,59,0.0158304266165817,keep
nhảy,59,0.0158304266165817,keep
nhắn_tin,59,0.0158304266165817,keep
thú_vị,59,0.0158304266165817,keep
bớt,58,0.015562114301046419,keep
co,58,0.015562114301046419,keep
sụp_đổ,58,0.015562114301046419,keep
sự_kiện,58,0.015562114301046419,keep
tình_hình,58,0.015562114301046419,keep
điên_rồ,58,0.015562114301046419,keep
đẹp,58,0.015562114301046419,keep
adhd,57,0.015293801985511135,keep
chúa,57,0.015293801985511135,keep
câu_chuyện,57,0.015293801985511135,keep
ngay_lập_tức,57,0.015293801985511135,keep
qua_đời,57,0.015293801985511135,keep
trưởng_thành,57,0.015293801985511135,keep
bình_yên,56,0.015025489669975852,keep
cần_sa,56,0.015025489669975852,keep
tâm_sự,56,0.015025489669975852,keep
đại_dịch,56,0.015025489669975852,keep
đồng_ý,56,0.015025489669975852,keep
dữ_dội,55,0.014757177354440569,keep
lắng_nghe,55,0.014757177354440569,keep
mạng,55,0.014757177354440569,keep
mục_tiêu,55,0.014757177354440569,keep
người_thân,55,0.014757177354440569,keep
người_yêu,55,0.014757177354440569,keep
nhẹ,55,0.014757177354440569,keep
phim,55,0.014757177354440569,keep
quá_trình,55,0.014757177354440569,keep
tình_dục,55,0.014757177354440569,keep
ích_kỷ,55,0.014757177354440569,keep
đánh,55,0.014757177354440569,keep
đồng_nghiệp,55,0.014757177354440569,keep
bắt_nạt,54,0.014488865038905285,keep
kèm,54,0.014488865038905285,keep
làm_phiền,54,0.014488865038905285,keep
mùa,54,0.014488865038905285,keep
mơ,54,0.014488865038905285,keep
ngoài_ra,54,0.014488865038905285,keep
nhanh_chóng,54,0.014488865038905285,keep
thuê,54,0.014488865038905285,keep
tiếp_theo,54,0.014488865038905285,keep
trường_hợp,54,0.014488865038905285,keep
vật_lộn,54,0.014488865038905285,keep
bữa,53,0.014220552723370002,keep
chút,53,0.014220552723370002,keep
chồng,53,0.014220552723370002,keep
sinh_viên,53,0.014220552723370002,keep
thương,53,0.014220552723370002,keep
độc_hại,53,0.014220552723370002,keep
chiến_đấu,52,0.01395224040783472,keep
cụ_thể,52,0.01395224040783472,keep
hoàn_hảo,52,0.01395224040783472,keep
hồi_phục,52,0.01395224040783472,keep
kia,52,0.01395224040783472,keep
nghỉ_ngơi,52,0.01395224040783472,keep
tất_nhiên,52,0.01395224040783472,keep
ý_tưởng,52,0.01395224040783472,keep
đột_nhiên,52,0.01395224040783472,keep
bạo_lực,51,0.013683928092299437,keep
kinh_nghiệm,51,0.013683928092299437,keep
lắm,51,0.013683928092299437,keep
nói_dối,51,0.013683928092299437,keep
sở_thích,51,0.013683928092299437,keep
thay,51,0.013683928092299437,keep
thông_tin,51,0.013683928092299437,keep
tìm_hiểu,51,0.013683928092299437,keep
ý_nghĩ,51,0.013683928092299437,keep
can_đảm,50,0.013415615776764154,keep
cho_phép,50,0.013415615776764154,keep
khủng_hoảng,50,0.013415615776764154,keep
nghi_ngờ,50,0.013415615776764154,keep
nhỏ_nhặt,50,0.013415615776764154,keep
phá_huỷ,50,0.013415615776764154,keep
phụ,50,0.013415615776764154,keep
ban_đầu,49,0.01314730346122887,keep
chỗ,49,0.01314730346122887,keep
căn_hộ,49,0.01314730346122887,keep
cơ_bản,49,0.01314730346122887,keep
hối_hận,49,0.01314730346122887,keep
không_chỉ,49,0.01314730346122887,keep
kiếm,49,0.01314730346122887,keep
lạ,49,0.01314730346122887,keep
ma_tuý,49,0.01314730346122887,keep
stress,49,0.01314730346122887,keep
tài_chính,49,0.01314730346122887,keep
tự_hào,49,0.01314730346122887,keep
vợ,49,0.01314730346122887,keep
bao_gồm,48,0.012878991145693587,keep
buồn_nôn,48,0.012878991145693587,keep
chuẩn_bị,48,0.012878991145693587,keep
chúc,48,0.012878991145693587,keep
chủ_đề,48,0.012878991145693587,keep
kết_bạn,48,0.012878991145693587,keep
mizzzidc,48,0.012878991145693587,keep
mức_độ,48,0.012878991145693587,keep
nhận_thức,48,0.012878991145693587,keep
reddit,48,0.012878991145693587,keep
tình_cảm,48,0.012878991145693587,keep
bài_tập,47,0.012610678830158305,keep
bối_rối,47,0.012610678830158305,keep
chứng_kiến,47,0.012610678830158305,keep
dám,47,0.012610678830158305,keep
giấc_ngủ,47,0.012610678830158305,keep
hiện,47,0.012610678830158305,keep
hành_vi,47,0.012610678830158305,keep
lúc_nào,47,0.012610678830158305,keep
sâu_sắc,47,0.012610678830158305,keep
sửa_chữa,47,0.012610678830158305,keep
thư_giãn,47,0.012610678830158305,keep
tự_nhủ,47,0.012610678830158305,keep
ôm,47,0.012610678830158305,keep
ý_kiến,47,0.012610678830158305,keep
ban_đêm,46,0.012342366514623022,keep
bình_luận,46,0.012342366514623022,keep
dòng,46,0.012342366514623022,keep
giày,46,0.012342366514623022,keep
hề,46,0.012342366514623022,keep
khoẻ_mạnh,46,0.012342366514623022,keep
khác_biệt,46,0.012342366514623022,keep
ký_ức,46,0.012342366514623022,keep
kỳ,46,0.012342366514623022,keep
lười_biếng,46,0.012342366514623022,keep
say,46,0.012342366514623022,keep
thi,46,0.012342366514623022,keep
thành_phố,46,0.012342366514623022,keep
toàn,46,0.012342366514623022,keep
tập_thể_dục,46,0.012342366514623022,keep
tội_lỗi,46,0.012342366514623022,keep
y_tế,46,0.012342366514623022,keep
kẹt,45,0.012074054199087738,keep
lành_mạnh,45,0.012074054199087738,keep
lời_nói,45,0.012074054199087738,keep
mục_đích,45,0.012074054199087738,keep
thức_ăn,45,0.012074054199087738,keep
chính_xác,44,0.011805741883552455,keep
chữa,44,0.011805741883552455,keep
cần_thiết,44,0.011805741883552455,keep
dấu_hiệu,44,0.011805741883552455,keep
dựa,44,0.011805741883552455,keep
kinh_hoàng,44,0.011805741883552455,keep
lương,44,0.011805741883552455,keep
lẫn,44,0.011805741883552455,keep
lịch,44,0.011805741883552455,keep
sinh_nhật,44,0.011805741883552455,keep
than_vãn,44,0.011805741883552455,keep
thời,44,0.011805741883552455,keep
trở,44,0.011805741883552455,keep
viên,44,0.011805741883552455,keep
đi_nữa,44,0.011805741883552455,keep
chi_tiết,43,0.011537429568017172,keep
cân,43,0.011537429568017172,keep
giấc,43,0.011537429568017172,keep
gợi_ý,43,0.011537429568017172,keep
kết_nối,43,0.011537429568017172,keep
muộn,43,0.011537429568017172,keep
ngăn_cản,43,0.011537429568017172,keep
phớt_lờ,43,0.011537429568017172,keep
thói_quen,43,0.011537429568017172,keep
thông_minh,43,0.011537429568017172,keep
thể_xác,43,0.011537429568017172,keep
tạm_biệt,43,0.011537429568017172,keep
tự_do,43,0.011537429568017172,keep
bao_nhiêu,42,0.011269117252481888,keep
bạn_đời,42,0.011269117252481888,keep
chân,42,0.011269117252481888,keep
giận_dữ,42,0.011269117252481888,keep
haha,42,0.011269117252481888,keep
lưng,42,0.011269117252481888,keep
lối_thoát,42,0.011269117252481888,keep
máu,42,0.011269117252481888,keep
ngắn,42,0.011269117252481888,keep
nửa,42,0.011269117252481888,keep
thỉnh_thoảng,42,0.011269117252481888,keep
thừa_nhận,42,0.011269117252481888,keep
trách_nhiệm,42,0.011269117252481888,keep
tấn_công,42,0.011269117252481888,keep
vị_trí,42,0.011269117252481888,keep
chó,41,0.011000804936946607,keep
cá_nhân,41,0.011000804936946607,keep
cô_lập,41,0.011000804936946607,keep
kích_thích,41,0.011000804936946607,keep
mô_tả,41,0.011000804936946607,keep
nhân_viên,41,0.011000804936946607,keep
nôn_mửa,41,0.011000804936946607,keep
suy_sụp,41,0.011000804936946607,keep
thuyết_phục,41,0.011000804936946607,keep
xử_lý,41,0.011000804936946607,keep
yếu_đuối,41,0.011000804936946607,keep
đảm_bảo,41,0.011000804936946607,keep
chóng_mặt,40,0.010732492621411323,keep
cuộc_chiến,40,0.010732492621411323,keep
hiếm,40,0.010732492621411323,keep
hỗn_loạn,40,0.010732492621411323,keep
khám,40,0.010732492621411323,keep
nhạy_cảm,40,0.010732492621411323,keep
nỗ_lực,40,0.010732492621411323,keep
quá_sức,40,0.010732492621411323,keep
thèm,40,0.010732492621411323,keep
thực_ra,40,0.010732492621411323,keep
vô_giá_trị,40,0.010732492621411323,keep
xóa,40,0.010732492621411323,keep
đồng_thời,40,0.010732492621411323,keep
bỏ_qua,39,0.01046418030587604,keep
bực_bội,39,0.01046418030587604,keep
nhập_viện,39,0.01046418030587604,keep
nhịp,39,0.01046418030587604,keep
ocd,39,0.01046418030587604,keep
phản_bội,39,0.01046418030587604,keep
quen,39,0.01046418030587604,keep
quản_lý,39,0.01046418030587604,keep
thể_hiện,39,0.01046418030587604,keep
thực_tại,39,0.01046418030587604,keep
tôn_trọng,39,0.01046418030587604,keep
đam_mê,39,0.01046418030587604,keep
điên,39,0.01046418030587604,keep
đùa,39,0.01046418030587604,keep
bùng_phát,38,0.010195867990340756,keep
chạm,38,0.010195867990340756,keep
da,38,0.010195867990340756,keep
danh_sách,38,0.010195867990340756,keep
gõ,38,0.010195867990340756,keep
hơn_nữa,38,0.010195867990340756,keep
kích_hoạt,38,0.010195867990340756,keep
mời,38,0.010195867990340756,keep
nhắc,38,0.010195867990340756,keep
thân_thiết,38,0.010195867990340756,keep
chặt,37,0.009927555674805473,keep
khao_khát,37,0.009927555674805473,keep
luẩn_quẩn,37,0.009927555674805473,keep
lưỡng_cực,37,0.009927555674805473,keep
lặp_đi_lặp_lại,37,0.009927555674805473,keep
nghỉ_việc,37,0.009927555674805473,keep
ngày_ngày,37,0.009927555674805473,keep
phụ_thuộc,37,0.009927555674805473,keep
ptsd,37,0.009927555674805473,keep
theo_đuổi,37,0.009927555674805473,keep
tuổi_thơ,37,0.009927555674805473,keep
tách,37,0.009927555674805473,keep
tập,37,0.009927555674805473,keep
tốt_bụng,37,0.009927555674805473,keep
video,37,0.009927555674805473,keep
đông,37,0.009927555674805473,keep
ủng_hộ,37,0.009927555674805473,keep
giây,36,0.00965924335927019,keep
hướng,36,0.00965924335927019,keep
hỗn_độn,36,0.00965924335927019,keep
làm_bạn,36,0.00965924335927019,keep
lỡ,36,0.00965924335927019,keep
mớ,36,0.00965924335927019,keep
nặng_nề,36,0.00965924335927019,keep
phương_pháp,36,0.00965924335927019,keep
phỏng_vấn,36,0.00965924335927019,keep
tiến_bộ,36,0.00965924335927019,keep
vô_tình,36,0.00965924335927019,keep
đau_lòng,36,0.00965924335927019,keep
bận_rộn,35,0.009390931043734908,keep
cưỡng_chế,35,0.009390931043734908,keep
hèn_nhát,35,0.009390931043734908,keep
học_sinh,35,0.009390931043734908,keep
hứng_thú,35,0.009390931043734908,keep
không_gian,35,0.009390931043734908,keep
nuôi,35,0.009390931043734908,keep
theekween,35,0.009390931043734908,keep
theo_dõi,35,0.009390931043734908,keep
thằng,35,0.009390931043734908,keep
trốn,35,0.009390931043734908,keep
tài_khoản,35,0.009390931043734908,keep
tương_tác,35,0.009390931043734908,keep
tường,35,0.009390931043734908,keep
tỉnh,35,0.009390931043734908,keep
đấy,35,0.009390931043734908,keep
đề_nghị,35,0.009390931043734908,keep
bé,34,0.009122618728199625,keep
bắt,34,0.009122618728199625,keep
chị_gái,34,0.009122618728199625,keep
cực_độ,34,0.009122618728199625,keep
di_chuyển,34,0.009122618728199625,keep
dạ_dày,34,0.009122618728199625,keep
giáo_viên,34,0.009122618728199625,keep
giải_pháp,34,0.009122618728199625,keep
giận,34,0.009122618728199625,keep
gấp,34,0.009122618728199625,keep
mai,34,0.009122618728199625,keep
nước_mắt,34,0.009122618728199625,keep
phân_tâm,34,0.009122618728199625,keep
sếp,34,0.009122618728199625,keep
tha_thứ,34,0.009122618728199625,keep
trực_tiếp,34,0.009122618728199625,keep
tò_mò,34,0.009122618728199625,keep
ác_mộng,34,0.009122618728199625,keep
ánh_sáng,34,0.009122618728199625,keep
đa_số,34,0.009122618728199625,keep
điểm_số,34,0.009122618728199625,keep
đuổi,34,0.009122618728199625,keep
chuyến,33,0.008854306412664341,keep
chán_nản,33,0.008854306412664341,keep
chương_trình,33,0.008854306412664341,keep
chẳng,33,0.008854306412664341,keep
cộng_đồng,33,0.008854306412664341,keep
dạy,33,0.008854306412664341,keep
khổ_sở,33,0.008854306412664341,keep
nghiêm_túc,33,0.008854306412664341,keep
ngoại_trừ,33,0.008854306412664341,keep
nguy_hiểm,33,0.008854306412664341,keep
nhút_nhát,33,0.008854306412664341,keep
những_ai,33,0.008854306412664341,keep
nổi,33,0.008854306412664341,keep
trò_chơi,33,0.008854306412664341,keep
trời_ơi,33,0.008854306412664341,keep
vỡ,33,0.008854306412664341,keep
xấu_xí,33,0.008854306412664341,keep
điện,33,0.008854306412664341,keep
đâu_đó,33,0.008854306412664341,keep
du_lịch,32,0.008585994097129058,keep
giá_trị,32,0.008585994097129058,keep
gương,32,0.008585994097129058,keep
hoàn_cảnh,32,0.008585994097129058,keep
hữu_ích,32,0.008585994097129058,keep
khách_hàng,32,0.008585994097129058,keep
nam,32,0.008585994097129058,keep
quyền,32,0.008585994097129058,keep
tai_nạn,32,0.008585994097129058,keep
trì_hoãn,32,0.008585994097129058,keep
tác_động,32,0.008585994097129058,keep
tắt,32,0.008585994097129058,keep
chìm,31,0.008317681781593774,keep
cấp_cứu,31,0.008317681781593774,keep
dây,31,0.008317681781593774,keep
hậu_quả,31,0.008317681781593774,keep
khía_cạnh,31,0.008317681781593774,keep
liên_hệ,31,0.008317681781593774,keep
loại_bỏ,31,0.008317681781593774,keep
lặp,31,0.008317681781593774,keep
lợi_dụng,31,0.008317681781593774,keep
môi_trường,31,0.008317681781593774,keep
ngoại_hình,31,0.008317681781593774,keep
ngôn_ngữ,31,0.008317681781593774,keep
nhạc,31,0.008317681781593774,keep
nhắc_nhở,31,0.008317681781593774,keep
nộp,31,0.008317681781593774,keep
phiền_phức,31,0.008317681781593774,keep
phản_hồi,31,0.008317681781593774,keep
quần_áo,31,0.008317681781593774,keep
súng,31,0.008317681781593774,keep
thông_báo,31,0.008317681781593774,keep
thể_thao,31,0.008317681781593774,keep
tiếp_xúc,31,0.008317681781593774,keep
trắng,31,0.008317681781593774,keep
đất_nước,31,0.008317681781593774,keep
đầu_óc,31,0.008317681781593774,keep
độ,31,0.008317681781593774,keep
bao_lâu,30,0.008049369466058493,keep
bụng,30,0.008049369466058493,keep
chính_thức,30,0.008049369466058493,keep
cân_nhắc,30,0.008049369466058493,keep
em_gái,30,0.008049369466058493,keep
hơn_bao_giờ_hết,30,0.008049369466058493,keep
khủng_khiếp,30,0.008049369466058493,keep
kém,30,0.008049369466058493,keep
lĩnh_vực,30,0.008049369466058493,keep
ngăn,30,0.008049369466058493,keep
ngẫu_nhiên,30,0.008049369466058493,keep
quanh,30,0.008049369466058493,keep
rắc_rối,30,0.008049369466058493,keep
tiêu_đề,30,0.008049369466058493,keep
tiến,30,0.008049369466058493,keep
trượt,30,0.008049369466058493,keep
tạm_thời,30,0.008049369466058493,keep
tỉnh_táo,30,0.008049369466058493,keep
vết,30,0.008049369466058493,keep
xoáy,30,0.008049369466058493,keep
đe_doạ,30,0.008049369466058493,keep
đá,30,0.008049369466058493,keep
đúng_đắn,30,0.008049369466058493,keep
bỏ_cuộc,29,0.007781057150523209,keep
dịch,29,0.007781057150523209,keep
ham_muốn,29,0.007781057150523209,keep
hấp_dẫn,29,0.007781057150523209,keep
máy,29,0.007781057150523209,keep
mất_ngủ,29,0.007781057150523209,keep
ngất_xỉu,29,0.007781057150523209,keep
nhàm_chán,29,0.007781057150523209,keep
quốc_gia,29,0.007781057150523209,keep
trân_trọng,29,0.007781057150523209,keep
tính_cách,29,0.007781057150523209,keep
tột_độ,29,0.007781057150523209,keep
ung_thư,29,0.007781057150523209,keep
xong,29,0.007781057150523209,keep
xuất_phát,29,0.007781057150523209,keep
xét_nghiệm,29,0.007781057150523209,keep
ý_chí,29,0.007781057150523209,keep
đồ,29,0.007781057150523209,keep
chi_trả,28,0.007512744834987926,keep
chàng,28,0.007512744834987926,keep
khắp,28,0.007512744834987926,keep
lo,28,0.007512744834987926,keep
lá,28,0.007512744834987926,keep
lập_tức,28,0.007512744834987926,keep
phép,28,0.007512744834987926,keep
phổ_biến,28,0.007512744834987926,keep
to,28,0.007512744834987926,keep
trời,28,0.007512744834987926,keep
tàn_nhẫn,28,0.007512744834987926,keep
đau_đầu,28,0.007512744834987926,keep
đáng_giá,28,0.007512744834987926,keep
đâm,28,0.007512744834987926,keep
đòi_hỏi,28,0.007512744834987926,keep
đồng_cảm,28,0.007512744834987926,keep
bày_tỏ,27,0.007244432519452643,keep
bệnh_tật,27,0.007244432519452643,keep
chặn,27,0.007244432519452643,keep
chế_độ,27,0.007244432519452643,keep
cuộc_gọi,27,0.007244432519452643,keep
cạn_kiệt,27,0.007244432519452643,keep
cầu_nguyện,27,0.007244432519452643,keep
dịch_vụ,27,0.007244432519452643,keep
hài_lòng,27,0.007244432519452643,keep
hát,27,0.007244432519452643,keep
hình_ảnh,27,0.007244432519452643,keep
hố,27,0.007244432519452643,keep
hứa,27,0.007244432519452643,keep
kết_hôn,27,0.007244432519452643,keep
mất_mát,27,0.007244432519452643,keep
mấy,27,0.007244432519452643,keep
ngon,27,0.007244432519452643,keep
quá_tải,27,0.007244432519452643,keep
rưỡi,27,0.007244432519452643,keep
thành_viên,27,0.007244432519452643,keep
thăm,27,0.007244432519452643,keep
tiết_kiệm,27,0.007244432519452643,keep
trừ,27,0.007244432519452643,keep
từ_từ,27,0.007244432519452643,keep
tự_nhiên,27,0.007244432519452643,keep
tự_ti,27,0.007244432519452643,keep
ám,27,0.007244432519452643,keep
ép_buộc,27,0.007244432519452643,keep
đeo,27,0.007244432519452643,keep
định,27,0.007244432519452643,keep
bệnh_tâm_thần,26,0.00697612020391736,keep
cung_cấp,26,0.00697612020391736,keep
cãi,26,0.00697612020391736,keep
cản_trở,26,0.00697612020391736,keep
cổ,26,0.00697612020391736,keep
dọn_dẹp,26,0.00697612020391736,keep
hoảng_sợ,26,0.00697612020391736,keep
lexapro,26,0.00697612020391736,keep
lầm,26,0.00697612020391736,keep
lớp_học,26,0.00697612020391736,keep
môn,26,0.00697612020391736,keep
mặc,26,0.00697612020391736,keep
nhân_cách,26,0.00697612020391736,keep
nói_chung,26,0.00697612020391736,keep
nội_dung,26,0.00697612020391736,keep
ranh_giới,26,0.00697612020391736,keep
sức_mạnh,26,0.00697612020391736,keep
sự_nghiệp,26,0.00697612020391736,keep
thelmasherbs,26,0.00697612020391736,keep
thu_hút,26,0.00697612020391736,keep
thẳng,26,0.00697612020391736,keep
tóm_lại,26,0.00697612020391736,keep
tư_vấn,26,0.00697612020391736,keep
đám,26,0.00697612020391736,keep
đáy,26,0.00697612020391736,keep
ảnh,26,0.00697612020391736,keep
ca,25,0.006707807888382077,keep
chất,25,0.006707807888382077,keep
cứu,25,0.006707807888382077,keep
dự_án,25,0.006707807888382077,keep
dự_định,25,0.006707807888382077,keep
giới_hạn,25,0.006707807888382077,keep
hài_hước,25,0.006707807888382077,keep
hệ_thống,25,0.006707807888382077,keep
học_kỳ,25,0.006707807888382077,keep
khuôn_mặt,25,0.006707807888382077,keep
kỹ_thuật,25,0.006707807888382077,keep
mảnh,25,0.006707807888382077,keep
nghiên_cứu,25,0.006707807888382077,keep
nhiệm_vụ,25,0.006707807888382077,keep
nợ,25,0.006707807888382077,keep
qua_ngày,25,0.006707807888382077,keep
thảo_luận,25,0.006707807888382077,keep
toàn_bộ,25,0.006707807888382077,keep
tôn_giáo,25,0.006707807888382077,keep
tập_luyện,25,0.006707807888382077,keep
tắm_rửa,25,0.006707807888382077,keep
vui_lòng,25,0.006707807888382077,keep
vực,25,0.006707807888382077,keep
xây_dựng,25,0.006707807888382077,keep
zoloft,25,0.006707807888382077,keep
đáng_kể,25,0.006707807888382077,keep
động_viên,25,0.006707807888382077,keep
bất_hạnh,24,0.006439495572846793,keep
chiều,24,0.006439495572846793,keep
cảnh_báo,24,0.006439495572846793,keep
giọng,24,0.006439495572846793,keep
ha,24,0.006439495572846793,keep
hào_hứng,24,0.006439495572846793,keep
hè,24,0.006439495572846793,keep
kiểu,24,0.006439495572846793,keep
kỹ_năng,24,0.006439495572846793,keep
mãn_tính,24,0.006439495572846793,keep
ném,24,0.006439495572846793,keep
phán_xét,24,0.006439495572846793,keep
sa_thải,24,0.006439495572846793,keep
so_sánh,24,0.006439495572846793,keep
ssri,24,0.006439495572846793,keep
subreddit,24,0.006439495572846793,keep
sắp_xếp,24,0.006439495572846793,keep
thao_túng,24,0.006439495572846793,keep
thị_trấn,24,0.006439495572846793,keep
treo_cổ,24,0.006439495572846793,keep
tài_liệu,24,0.006439495572846793,keep
tóc,24,0.006439495572846793,keep
xa_cách,24,0.006439495572846793,keep
đau_nhức,24,0.006439495572846793,keep
ốm,24,0.006439495572846793,keep
buông,23,0.006171183257311511,keep
bốn,23,0.006171183257311511,keep
cháy,23,0.006171183257311511,keep
chế_giễu,23,0.006171183257311511,keep
chứng_minh,23,0.006171183257311511,keep
con_số,23,0.006171183257311511,keep
cơ_chế,23,0.006171183257311511,keep
cảnh_sát,23,0.006171183257311511,keep
cửa_hàng,23,0.006171183257311511,keep
dr,23,0.006171183257311511,keep
em_trai,23,0.006171183257311511,keep
ghê_tởm,23,0.006171183257311511,keep
huống_chi,23,0.006171183257311511,keep
hướng_dẫn,23,0.006171183257311511,keep
khóa,23,0.006171183257311511,keep
la_hét,23,0.006171183257311511,keep
lừa_dối,23,0.006171183257311511,keep
món,23,0.006171183257311511,keep
mồ_hôi,23,0.006171183257311511,keep
người_lớn,23,0.006171183257311511,keep
ngốc,23,0.006171183257311511,keep
nôn,23,0.006171183257311511,keep
nổ,23,0.006171183257311511,keep
nội,23,0.006171183257311511,keep
sách,23,0.006171183257311511,keep
thư,23,0.006171183257311511,keep
thần_kinh,23,0.006171183257311511,keep
tiếc,23,0.006171183257311511,keep
tiếng_nói,23,0.006171183257311511,keep
tòa,23,0.006171183257311511,keep
yếu_tố,23,0.006171183257311511,keep
ôi,23,0.006171183257311511,keep
điên_loạn,23,0.006171183257311511,keep
bất_ngờ,22,0.0059028709417762275,keep
bằng_cấp,22,0.0059028709417762275,keep
bởi_vì,22,0.0059028709417762275,keep
chi_phí,22,0.0059028709417762275,keep
giáo_dục,22,0.0059028709417762275,keep
giấu,22,0.0059028709417762275,keep
góc,22,0.0059028709417762275,keep
hoang_tưởng,22,0.0059028709417762275,keep
học_hành,22,0.0059028709417762275,keep
kết_hợp,22,0.0059028709417762275,keep
nguy_cơ,22,0.0059028709417762275,keep
ngành,22,0.0059028709417762275,keep
ngược_lại,22,0.0059028709417762275,keep
phân_biệt,22,0.0059028709417762275,keep
sau_này,22,0.0059028709417762275,keep
sẵn,22,0.0059028709417762275,keep
sự_việc,22,0.0059028709417762275,keep
thai,22,0.0059028709417762275,keep
trái_đất,22,0.0059028709417762275,keep
trưa,22,0.0059028709417762275,keep
tái_phát,22,0.0059028709417762275,keep
tổ_chức,22,0.0059028709417762275,keep
vai,22,0.0059028709417762275,keep
vô_lý,22,0.0059028709417762275,keep
vứt,22,0.0059028709417762275,keep
youtube,22,0.0059028709417762275,keep
đô_la,22,0.0059028709417762275,keep
đều_đặn,22,0.0059028709417762275,keep
bang,21,0.005634558626240944,keep
buộc,21,0.005634558626240944,keep
bờ,21,0.005634558626240944,keep
chằm_chằm,21,0.005634558626240944,keep
con_cái,21,0.005634558626240944,keep
cân_bằng,21,0.005634558626240944,keep
cãi_vã,21,0.005634558626240944,keep
dao,21,0.005634558626240944,keep
ghen_tị,21,0.005634558626240944,keep
lâu_dài,21,0.005634558626240944,keep
lẽ_ra,21,0.005634558626240944,keep
mèo,21,0.005634558626240944,keep
ngạc_nhiên,21,0.005634558626240944,keep
nhìn_nhận,21,0.005634558626240944,keep
nằm_xuống,21,0.005634558626240944,keep
nụ,21,0.005634558626240944,keep
sợi,21,0.005634558626240944,keep
sửa,21,0.005634558626240944,keep
thay_thế,21,0.005634558626240944,keep
thiền_định,21,0.005634558626240944,keep
tiếp_cận,21,0.005634558626240944,keep
trầm_trọng,21,0.005634558626240944,keep
trốn_tránh,21,0.005634558626240944,keep
trống,21,0.005634558626240944,keep
tư,21,0.005634558626240944,keep
van_xin,21,0.005634558626240944,keep
văn_phòng,21,0.005634558626240944,keep
vẽ,21,0.005634558626240944,keep
vệ_sinh,21,0.005634558626240944,keep
vỏ,21,0.005634558626240944,keep
xâm_nhập,21,0.005634558626240944,keep
âm_nhạc,21,0.005634558626240944,keep
ảo_tưởng,21,0.005634558626240944,keep
bảo_vệ,20,0.005366246310705662,keep
chảy,20,0.005366246310705662,keep
chậm,20,0.005366246310705662,keep
cửa,20,0.005366246310705662,keep
già,20,0.005366246310705662,keep
giá,20,0.005366246310705662,keep
giấy,20,0.005366246310705662,keep
giới_thiệu,20,0.005366246310705662,keep
kịp,20,0.005366246310705662,keep
linh_hồn,20,0.005366246310705662,keep
ly_hôn,20,0.005366246310705662,keep
lướt,20,0.005366246310705662,keep
lập,20,0.005366246310705662,keep
lộn_xộn,20,0.005366246310705662,keep
một_khi,20,0.005366246310705662,keep
nghĩa,20,0.005366246310705662,keep
phức_tạp,20,0.005366246310705662,keep
sai_trái,20,0.005366246310705662,keep
sốc,20,0.005366246310705662,keep
thái_độ,20,0.005366246310705662,keep
thất_nghiệp,20,0.005366246310705662,keep
thề,20,0.005366246310705662,keep
thứ_sáu,20,0.005366246310705662,keep
trò_đùa,20,0.005366246310705662,keep
trẻ_con,20,0.005366246310705662,keep
tự_trọng,20,0.005366246310705662,keep
vô_vọng,20,0.005366246310705662,keep
đánh_đập,20,0.005366246310705662,keep
ứng_dụng,20,0.005366246310705662,keep
bàn,19,0.005097933995170378,keep
bảo_hiểm,19,0.005097933995170378,keep
chai,19,0.005097933995170378,keep
che_giấu,19,0.005097933995170378,keep
chiến_thắng,19,0.005097933995170378,keep
coi_thường,19,0.005097933995170378,keep
cách_ly,19,0.005097933995170378,keep
căn_bệnh,19,0.005097933995170378,keep
cướp,19,0.005097933995170378,keep
giọt,19,0.005097933995170378,keep
họp,19,0.005097933995170378,keep
khu_vực,19,0.005097933995170378,keep
kìm_nén,19,0.005097933995170378,keep
mỉm,19,0.005097933995170378,keep
nghìn,19,0.005097933995170378,keep
nhà_vệ_sinh,19,0.005097933995170378,keep
nạn_nhân,19,0.005097933995170378,keep
sàn,19,0.005097933995170378,keep
thương_hại,19,0.005097933995170378,keep
tiếp,19,0.005097933995170378,keep
tràn_ngập,19,0.005097933995170378,keep
trí_óc,19,0.005097933995170378,keep
tự_ái,19,0.005097933995170378,keep
viện,19,0.005097933995170378,keep
vốn,19,0.005097933995170378,keep
vụ,19,0.005097933995170378,keep
xe_hơi,19,0.005097933995170378,keep
xinh_đẹp,19,0.005097933995170378,keep
ý_thức,19,0.005097933995170378,keep
đói,19,0.005097933995170378,keep
đường_dây_nóng,19,0.005097933995170378,keep
đống,19,0.005097933995170378,keep
đỗ,19,0.005097933995170378,keep
choáng_váng,18,0.004829621679635095,keep
chấm_dứt,18,0.004829621679635095,keep
công_bằng,18,0.004829621679635095,keep
công_cộng,18,0.004829621679635095,keep
dạo,18,0.004829621679635095,keep
gad,18,0.004829621679635095,keep
giúp_ích,18,0.004829621679635095,keep
giải_thoát,18,0.004829621679635095,keep
gym,18,0.004829621679635095,keep
gần_gũi,18,0.004829621679635095,keep
hoá_đơn,18,0.004829621679635095,keep
hình_thức,18,0.004829621679635095,keep
hội_chứng,18,0.004829621679635095,keep
khốn_nạn,18,0.004829621679635095,keep
lạnh,18,0.004829621679635095,keep
màu,18,0.004829621679635095,keep
nức_nở,18,0.004829621679635095,keep
pogba,18,0.004829621679635095,keep
sáu,18,0.004829621679635095,keep
sạch_sẽ,18,0.004829621679635095,keep
tan,18,0.004829621679635095,keep
thiếp,18,0.004829621679635095,keep
thiếu_niên,18,0.004829621679635095,keep
triệu,18,0.004829621679635095,keep
trung_bình,18,0.004829621679635095,keep
tròn,18,0.004829621679635095,keep
đau_buồn,18,0.004829621679635095,keep
ốm_yếu,18,0.004829621679635095,keep
ứng_tuyển,18,0.004829621679635095,keep
bay,17,0.004561309364099812,keep
báo_cáo,17,0.004561309364099812,keep
chiếm,17,0.004561309364099812,keep
chuyên_gia,17,0.004561309364099812,keep
cắt_cổ,17,0.004561309364099812,keep
diễn_tả,17,0.004561309364099812,keep
giả_tạo,17,0.004561309364099812,keep
hành_tinh,17,0.004561309364099812,keep
khuyết_tật,17,0.004561309364099812,keep
kỳ_vọng,17,0.004561309364099812,keep
làm_ơn,17,0.004561309364099812,keep
miệng,17,0.004561309364099812,keep
môn_học,17,0.004561309364099812,keep
nghệ_thuật,17,0.004561309364099812,keep
năm_tháng,17,0.004561309364099812,keep
nắm,17,0.004561309364099812,keep
phiên_bản,17,0.004561309364099812,keep
phân_liệt,17,0.004561309364099812,keep
phẫu_thuật,17,0.004561309364099812,keep
than_phiền,17,0.004561309364099812,keep
thuốc_men,17,0.004561309364099812,keep
thông_thường,17,0.004561309364099812,keep
tiêu,17,0.004561309364099812,keep
tiệc,17,0.004561309364099812,keep
trái,17,0.004561309364099812,keep
tv,17,0.004561309364099812,keep
tâm_lý_học,17,0.004561309364099812,keep
tắm,17,0.004561309364099812,keep
tối_qua,17,0.004561309364099812,keep
tổng_quát,17,0.004561309364099812,keep
vô_gia_cư,17,0.004561309364099812,keep
vết_thương,17,0.004561309364099812,keep
xoay,17,0.004561309364099812,keep
xấu_xa,17,0.004561309364099812,keep
ánh,17,0.004561309364099812,keep
đè,17,0.004561309364099812,keep
đóng,17,0.004561309364099812,keep
đăng_ký,17,0.004561309364099812,keep
để_ý,17,0.004561309364099812,keep
đứt,17,0.004561309364099812,keep
bám_víu,16,0.004292997048564529,keep
bóng_tối,16,0.004292997048564529,keep
bạo_hành,16,0.004292997048564529,keep
bế_tắc,16,0.004292997048564529,keep
bọc,16,0.004292997048564529,keep
bối_cảnh,16,0.004292997048564529,keep
chuỗi,16,0.004292997048564529,keep
chán,16,0.004292997048564529,keep
chăm_chỉ,16,0.004292997048564529,keep
chảy_máu,16,0.004292997048564529,keep
chụp,16,0.004292997048564529,keep
chủ_nhật,16,0.004292997048564529,keep
cầu,16,0.004292997048564529,keep
drama,16,0.004292997048564529,keep
giải_toả,16,0.004292997048564529,keep
google,16,0.004292997048564529,keep
hạn,16,0.004292997048564529,keep
không_khí,16,0.004292997048564529,keep
khỏe,16,0.004292997048564529,keep
kích_động,16,0.004292997048564529,keep
lạc_quan,16,0.004292997048564529,keep
lồng_ngực,16,0.004292997048564529,keep
mong_chờ,16,0.004292997048564529,keep
mà_còn,16,0.004292997048564529,keep
mày,16,0.004292997048564529,keep
mãnh_liệt,16,0.004292997048564529,keep
một_nửa,16,0.004292997048564529,keep
mới_mẻ,16,0.004292997048564529,keep
nam_giới,16,0.004292997048564529,keep
nghĩa_là,16,0.004292997048564529,keep
nhỏ_bé,16,0.004292997048564529,keep
năm_học,16,0.004292997048564529,keep
quan_điểm,16,0.004292997048564529,keep
riêng_tư,16,0.004292997048564529,keep
sáng_tạo,16,0.004292997048564529,keep
thông_qua,16,0.004292997048564529,keep
thử_thách,16,0.004292997048564529,keep
tra_tấn,16,0.004292997048564529,keep
trấn_an,16,0.004292997048564529,keep
trẻ_em,16,0.004292997048564529,keep
tích_tụ,16,0.004292997048564529,keep
vay,16,0.004292997048564529,keep
vật,16,0.004292997048564529,keep
vẻ,16,0.004292997048564529,keep
xuân,16,0.004292997048564529,keep
xác_nhận,16,0.004292997048564529,keep
yên,16,0.004292997048564529,keep
yếu,16,0.004292997048564529,keep
đóng_cửa,16,0.004292997048564529,keep
đồng_tính,16,0.004292997048564529,keep
độc_ác,16,0.004292997048564529,keep
amp,15,0.004024684733029246,keep
buồn_cười,15,0.004024684733029246,keep
bí_mật,15,0.004024684733029246,keep
bằng_chứng,15,0.004024684733029246,keep
bệnh_nhân,15,0.004024684733029246,keep
chết_tiệt,15,0.004024684733029246,keep
chỉ_trích,15,0.004024684733029246,keep
cơ_bắp,15,0.004024684733029246,keep
cảnh,15,0.004024684733029246,keep
cửa_sổ,15,0.004024684733029246,keep
diễn_đạt,15,0.004024684733029246,keep
ghi,15,0.004024684733029246,keep
hận_thù,15,0.004024684733029246,keep
học_hỏi,15,0.004024684733029246,keep
khẩu,15,0.004024684733029246,keep
logic,15,0.004024684733029246,keep
lành,15,0.004024684733029246,keep
lạc_lõng,15,0.004024684733029246,keep
lịch_sử,15,0.004024684733029246,keep
lịch_trình,15,0.004024684733029246,keep
lớn_tuổi,15,0.004024684733029246,keep
may,15,0.004024684733029246,keep
mua_sắm,15,0.004024684733029246,keep
mười,15,0.004024684733029246,keep
mỹ,15,0.004024684733029246,keep
nghiện_ngập,15,0.004024684733029246,keep
nhẹ_nhõm,15,0.004024684733029246,keep
nuôi_dưỡng,15,0.004024684733029246,keep
nợ_nần,15,0.004024684733029246,keep
quán,15,0.004024684733029246,keep
rác,15,0.004024684733029246,keep
rửa,15,0.004024684733029246,keep
sang_chấn,15,0.004024684733029246,keep
sub,15,0.004024684733029246,keep
suôn_sẻ,15,0.004024684733029246,keep
teen,15,0.004024684733029246,keep
thoả_mãn,15,0.004024684733029246,keep
thảm_hoạ,15,0.004024684733029246,keep
thời_kỳ,15,0.004024684733029246,keep
thực_tập,15,0.004024684733029246,keep
tiềm_năng,15,0.004024684733029246,keep
tiền_bạc,15,0.004024684733029246,keep
tranh,15,0.004024684733029246,keep
trao,15,0.004024684733029246,keep
trừng_phạt,15,0.004024684733029246,keep
twitter,15,0.004024684733029246,keep
tài_năng,15,0.004024684733029246,keep
tàn_phá,15,0.004024684733029246,keep
túi,15,0.004024684733029246,keep
viêm,15,0.004024684733029246,keep
vào_khoảng,15,0.004024684733029246,keep
xa_lánh,15,0.004024684733029246,keep
xu_hướng,15,0.004024684733029246,keep
xung_đột,15,0.004024684733029246,keep
đỉnh_điểm,15,0.004024684733029246,keep
đốt,15,0.004024684733029246,keep
anh_chị_em,14,0.003756372417493963,keep
anh_em,14,0.003756372417493963,keep
ban_ngày,14,0.003756372417493963,keep
biển,14,0.003756372417493963,keep
béo,14,0.003756372417493963,keep
bản_chất,14,0.003756372417493963,keep
bất_thường,14,0.003756372417493963,keep
cbt,14,0.003756372417493963,keep
choáng_ngợp,14,0.003756372417493963,keep
chậm_chạp,14,0.003756372417493963,keep
covid,14,0.003756372417493963,keep
cà_phê,14,0.003756372417493963,keep
cổ_họng,14,0.003756372417493963,keep
dù_vậy,14,0.003756372417493963,keep
dạng,14,0.003756372417493963,keep
dễ_chịu,14,0.003756372417493963,keep
dịu,14,0.003756372417493963,keep
giàu_có,14,0.003756372417493963,keep
giả_dối,14,0.003756372417493963,keep
giới_tính,14,0.003756372417493963,keep
gắn_bó,14,0.003756372417493963,keep
hét,14,0.003756372417493963,keep
hướng_nội,14,0.003756372417493963,keep
hộp,14,0.003756372417493963,keep
instagram,14,0.003756372417493963,keep
không_thể_nào,14,0.003756372417493963,keep
kể_cả,14,0.003756372417493963,keep
lối,14,0.003756372417493963,keep
máy_tính,14,0.003756372417493963,keep
mãi,14,0.003756372417493963,keep
mùi,14,0.003756372417493963,keep
mơ_ước,14,0.003756372417493963,keep
ngắn_ngủi,14,0.003756372417493963,keep
năm_tuổi,14,0.003756372417493963,keep
quà,14,0.003756372417493963,keep
siết,14,0.003756372417493963,keep
thu,14,0.003756372417493963,keep
thành_tựu,14,0.003756372417493963,keep
thách_thức,14,0.003756372417493963,keep
thân_thiện,14,0.003756372417493963,keep
thích_nghi,14,0.003756372417493963,keep
thập_kỷ,14,0.003756372417493963,keep
thờ_ơ,14,0.003756372417493963,keep
thực_phẩm,14,0.003756372417493963,keep
tin_cậy,14,0.003756372417493963,keep
trang,14,0.003756372417493963,keep
trận,14,0.003756372417493963,keep
tung,14,0.003756372417493963,keep
tuyển_dụng,14,0.003756372417493963,keep
tóm_tắt,14,0.003756372417493963,keep
tối_thiểu,14,0.003756372417493963,keep
tụt_hậu,14,0.003756372417493963,keep
vô_cảm,14,0.003756372417493963,keep
vô_tận,14,0.003756372417493963,keep
vất_vả,14,0.003756372417493963,keep
xúc_phạm,14,0.003756372417493963,keep
đen,14,0.003756372417493963,keep
đoạn,14,0.003756372417493963,keep
đánh_thức,14,0.003756372417493963,keep
đóng_góp,14,0.003756372417493963,keep
đồ_ăn,14,0.003756372417493963,keep
đồng_hồ,14,0.003756372417493963,keep
độc_lập,14,0.003756372417493963,keep
ước_mơ,14,0.003756372417493963,keep
ban,13,0.00348806010195868,keep
bao,13,0.00348806010195868,keep
buspar,13,0.00348806010195868,keep
bình_an,13,0.00348806010195868,keep
bóng,13,0.00348806010195868,keep
bầu,13,0.00348806010195868,keep
bắn,13,0.00348806010195868,keep
chất_lượng,13,0.00348806010195868,keep
chủ_động,13,0.00348806010195868,keep
cánh_tay,13,0.00348806010195868,keep
câu_lạc_bộ,13,0.00348806010195868,keep
công_cụ,13,0.00348806010195868,keep
cố_ý,13,0.00348806010195868,keep
cực_đoan,13,0.00348806010195868,keep
do_dự,13,0.00348806010195868,keep
dặm,13,0.00348806010195868,keep
ghi_chép,13,0.00348806010195868,keep
hiếp_dâm,13,0.00348806010195868,keep
hiện_diện,13,0.00348806010195868,keep
hoá_ra,13,0.00348806010195868,keep
hít,13,0.00348806010195868,keep
hẳn,13,0.00348806010195868,keep
họ_hàng,13,0.00348806010195868,keep
khuyến_khích,13,0.00348806010195868,keep
khóc_lóc,13,0.00348806010195868,keep
khối,13,0.00348806010195868,keep
kinh_tế,13,0.00348806010195868,keep
kiên_nhẫn,13,0.00348806010195868,keep
kết_luận,13,0.00348806010195868,keep
kỷ_niệm,13,0.00348806010195868,keep
kỹ,13,0.00348806010195868,keep
lang_thang,13,0.00348806010195868,keep
leo,13,0.00348806010195868,keep
liền,13,0.00348806010195868,keep
lý_trí,13,0.00348806010195868,keep
miễn_phí,13,0.00348806010195868,keep
mourinho,13,0.00348806010195868,keep
nghẹt_thở,13,0.00348806010195868,keep
ngoại_tình,13,0.00348806010195868,keep
ngài,13,0.00348806010195868,keep
nhà_tư_vấn,13,0.00348806010195868,keep
nắng,13,0.00348806010195868,keep
nữ,13,0.00348806010195868,keep
phóng_đại,13,0.00348806010195868,keep
prozac,13,0.00348806010195868,keep
quen_biết,13,0.00348806010195868,keep
quái_vật,13,0.00348806010195868,keep
quên_lãng,13,0.00348806010195868,keep
say_xỉn,13,0.00348806010195868,keep
suy_giảm,13,0.00348806010195868,keep
suýt_nữa,13,0.00348806010195868,keep
tai,13,0.00348806010195868,keep
thơ_ấu,13,0.00348806010195868,keep
thắng,13,0.00348806010195868,keep
thị,13,0.00348806010195868,keep
tiêm,13,0.00348806010195868,keep
tiểu_học,13,0.00348806010195868,keep
trăm,13,0.00348806010195868,keep
tặng,13,0.00348806010195868,keep
tốt_lành,13,0.00348806010195868,keep
vi_phạm,13,0.00348806010195868,keep
vĩnh_viễn,13,0.00348806010195868,keep
vắng_mặt,13,0.00348806010195868,keep
xem_xét,13,0.00348806010195868,keep
xác_định,13,0.00348806010195868,keep
đi_lại,13,0.00348806010195868,keep
điều_chỉnh,13,0.00348806010195868,keep
đất,13,0.00348806010195868,keep
đẻ,13,0.00348806010195868,keep
đến_nơi,13,0.00348806010195868,keep
đồ_đạc,13,0.00348806010195868,keep
đợt,13,0.00348806010195868,keep
anh_chàng,12,0.0032197477864233967,keep
bóng_đá,12,0.0032197477864233967,keep
bản_năng,12,0.0032197477864233967,keep
bất_công,12,0.0032197477864233967,keep
bật,12,0.0032197477864233967,keep
bỏ_bê,12,0.0032197477864233967,keep
bồn_chồn,12,0.0032197477864233967,keep
bộ_phận,12,0.0032197477864233967,keep
chìm_đắm,12,0.0032197477864233967,keep
chính_trị,12,0.0032197477864233967,keep
chồng_chất,12,0.0032197477864233967,keep
coi_trọng,12,0.0032197477864233967,keep
công_nhận,12,0.0032197477864233967,keep
cầm,12,0.0032197477864233967,keep
cắn,12,0.0032197477864233967,keep
di_truyền,12,0.0032197477864233967,keep
dần_dần,12,0.0032197477864233967,keep
hư_hỏng,12,0.0032197477864233967,keep
hướng_ngoại,12,0.0032197477864233967,keep
hạn_chế,12,0.0032197477864233967,keep
hủy,12,0.0032197477864233967,keep
khoản,12,0.0032197477864233967,keep
khổ,12,0.0032197477864233967,keep
khởi_đầu,12,0.0032197477864233967,keep
kiến_thức,12,0.0032197477864233967,keep
kiềm_chế,12,0.0032197477864233967,keep
kiệt_quệ,12,0.0032197477864233967,keep
lùi,12,0.0032197477864233967,keep
lợi_ích,12,0.0032197477864233967,keep
màn_hình,12,0.0032197477864233967,keep
máy_bay,12,0.0032197477864233967,keep
mặt_nạ,12,0.0032197477864233967,keep
ngã,12,0.0032197477864233967,keep
người_thân_thiết,12,0.0032197477864233967,keep
nhiễm,12,0.0032197477864233967,keep
nhu_cầu,12,0.0032197477864233967,keep
nhất_là,12,0.0032197477864233967,keep
nhẹ_nhàng,12,0.0032197477864233967,keep
nóng,12,0.0032197477864233967,keep
nấm,12,0.0032197477864233967,keep
nấu_ăn,12,0.0032197477864233967,keep
nền_tảng,12,0.0032197477864233967,keep
nổi_tiếng,12,0.0032197477864233967,keep
nực_cười,12,0.0032197477864233967,keep
phiền_lòng,12,0.0032197477864233967,keep
phương_hướng,12,0.0032197477864233967,keep
quay_cuồng,12,0.0032197477864233967,keep
quãng,12,0.0032197477864233967,keep
suy_thoái,12,0.0032197477864233967,keep
sẹo,12,0.0032197477864233967,keep
sức_lực,12,0.0032197477864233967,keep
tham_vọng,12,0.0032197477864233967,keep
thượng_đế,12,0.0032197477864233967,keep
thắt,12,0.0032197477864233967,keep
thứ_bảy,12,0.0032197477864233967,keep
tiến_triển,12,0.0032197477864233967,keep
tiết_lộ,12,0.0032197477864233967,keep
tuân,12,0.0032197477864233967,keep
tweet,12,0.0032197477864233967,keep
tăm_tối,12,0.0032197477864233967,keep
tầm,12,0.0032197477864233967,keep
tệ_hại,12,0.0032197477864233967,keep
tối_tăm,12,0.0032197477864233967,keep
tốn,12,0.0032197477864233967,keep
tự_động,12,0.0032197477864233967,keep
vô_số,12,0.0032197477864233967,keep
vô_thức,12,0.0032197477864233967,keep
vật_lý,12,0.0032197477864233967,keep
xa_lạ,12,0.0032197477864233967,keep
xanax,12,0.0032197477864233967,keep
xác,12,0.0032197477864233967,keep
xăng,12,0.0032197477864233967,keep
xương,12,0.0032197477864233967,keep
áp_dụng,12,0.0032197477864233967,keep
điểm_cao,12,0.0032197477864233967,keep
đào_tạo,12,0.0032197477864233967,keep
đáp,12,0.0032197477864233967,keep
đường_hầm,12,0.0032197477864233967,keep
đếm,12,0.0032197477864233967,keep
đỏ,12,0.0032197477864233967,keep
đợi,12,0.0032197477864233967,keep
ảo_giác,12,0.0032197477864233967,keep
bạn_đọc,11,0.0029514354708881137,keep
bị_thương,11,0.0029514354708881137,keep
can_thiệp,11,0.0029514354708881137,keep
chi_phối,11,0.0029514354708881137,keep
chiến_tranh,11,0.0029514354708881137,keep
chuyên_nghiệp,11,0.0029514354708881137,keep
chân_thành,11,0.0029514354708881137,keep
chắc_hẳn,11,0.0029514354708881137,keep
chủ,11,0.0029514354708881137,keep
chữ,11,0.0029514354708881137,keep
cớ,11,0.0029514354708881137,keep
cứng,11,0.0029514354708881137,keep
diễn_đàn,11,0.0029514354708881137,keep
do_đó,11,0.0029514354708881137,keep
dũng_cảm,11,0.0029514354708881137,keep
dối_trá,11,0.0029514354708881137,keep
email,11,0.0029514354708881137,keep
ghế,11,0.0029514354708881137,keep
giao,11,0.0029514354708881137,keep
giáng_sinh,11,0.0029514354708881137,keep
giữ_mình,11,0.0029514354708881137,keep
gầy_gò,11,0.0029514354708881137,keep
hiện_hữu,11,0.0029514354708881137,keep
hàng_xóm,11,0.0029514354708881137,keep
hành_trình,11,0.0029514354708881137,keep
hành_xử,11,0.0029514354708881137,keep
internet,11,0.0029514354708881137,keep
khách_sạn,11,0.0029514354708881137,keep
khắp_nơi,11,0.0029514354708881137,keep
khốn,11,0.0029514354708881137,keep
kỳ_quặc,11,0.0029514354708881137,keep
kỷ_luật,11,0.0029514354708881137,keep
liều_lượng,11,0.0029514354708881137,keep
loạn_xạ,11,0.0029514354708881137,keep
ly,11,0.0029514354708881137,keep
lâm_sàng,11,0.0029514354708881137,keep
lộ,11,0.0029514354708881137,keep
mũi,11,0.0029514354708881137,keep
một_ít,11,0.0029514354708881137,keep
mụn,11,0.0029514354708881137,keep
nghèo,11,0.0029514354708881137,keep
nhấc,11,0.0029514354708881137,keep
nhốt,11,0.0029514354708881137,keep
nuốt_chửng,11,0.0029514354708881137,keep
nút,11,0.0029514354708881137,keep
nổi_giận,11,0.0029514354708881137,keep
phát,11,0.0029514354708881137,keep
phủ_nhận,11,0.0029514354708881137,keep
sofa,11,0.0029514354708881137,keep
sản_phẩm,11,0.0029514354708881137,keep
số_ít,11,0.0029514354708881137,keep
thi_thể,11,0.0029514354708881137,keep
thuyết_trình,11,0.0029514354708881137,keep
thuốc_lá,11,0.0029514354708881137,keep
thích_hợp,11,0.0029514354708881137,keep
thô_lỗ,11,0.0029514354708881137,keep
thẻ,11,0.0029514354708881137,keep
tia,11,0.0029514354708881137,keep
tiền_sử,11,0.0029514354708881137,keep
trang_web,11,0.0029514354708881137,keep
trêu_chọc,11,0.0029514354708881137,keep
tàu,11,0.0029514354708881137,keep
tạm,11,0.0029514354708881137,keep
tốc_độ,11,0.0029514354708881137,keep
tử_tế,11,0.0029514354708881137,keep
tỷ_lệ,11,0.0029514354708881137,keep
vai_trò,11,0.0029514354708881137,keep
vị,11,0.0029514354708881137,keep
vừa_mới,11,0.0029514354708881137,keep
vững,11,0.0029514354708881137,keep
xua_tan,11,0.0029514354708881137,keep
xé,11,0.0029514354708881137,keep
y_tá,11,0.0029514354708881137,keep
yếu_ớt,11,0.0029514354708881137,keep
ít_ỏi,11,0.0029514354708881137,keep
đau_nhói,11,0.0029514354708881137,keep
đào,11,0.0029514354708881137,keep
đánh_bại,11,0.0029514354708881137,keep
đón,11,0.0029514354708881137,keep
đơn_độc,11,0.0029514354708881137,keep
đắt_đỏ,11,0.0029514354708881137,keep
định_nghĩa,11,0.0029514354708881137,keep
ẩn_danh,11,0.0029514354708881137,keep
bar,10,0.002683123155352831,keep
bpd,10,0.002683123155352831,keep
báo,10,0.002683123155352831,keep
bóng_ma,10,0.002683123155352831,keep
bề_ngoài,10,0.002683123155352831,keep
cai,10,0.002683123155352831,keep
cam_kết,10,0.002683123155352831,keep
co_giật,10,0.002683123155352831,keep
cool,10,0.002683123155352831,keep
có_điều,10,0.002683123155352831,keep
công_khai,10,0.002683123155352831,keep
cầu_thủ,10,0.002683123155352831,keep
cập_nhật,10,0.002683123155352831,keep
cặp,10,0.002683123155352831,keep
cởi_mở,10,0.002683123155352831,keep
dọn,10,0.002683123155352831,keep
hoà_nhập,10,0.002683123155352831,keep
huyết_áp,10,0.002683123155352831,keep
hydroxyzine,10,0.002683123155352831,keep
hàng_đầu,10,0.002683123155352831,keep
háo_hức,10,0.002683123155352831,keep
hôn_nhân,10,0.002683123155352831,keep
học_bổng,10,0.002683123155352831,keep
hợp_đồng,10,0.002683123155352831,keep
khoa_học,10,0.002683123155352831,keep
khuya,10,0.002683123155352831,keep
lan_toả,10,0.002683123155352831,keep
liên_kết,10,0.002683123155352831,keep
lãng_mạn,10,0.002683123155352831,keep
ngượng_ngùng,10,0.002683123155352831,keep
ngạt,10,0.002683123155352831,keep
ngắn_gọn,10,0.002683123155352831,keep
ngớ_ngẩn,10,0.002683123155352831,keep
ngờ,10,0.002683123155352831,keep
nhà_hàng,10,0.002683123155352831,keep
nhạo,10,0.002683123155352831,keep
nhắm_mắt,10,0.002683123155352831,keep
nuốt,10,0.002683123155352831,keep
nát,10,0.002683123155352831,keep
nói_xấu,10,0.002683123155352831,keep
năng_động,10,0.002683123155352831,keep
online,10,0.002683123155352831,keep
quy_tắc,10,0.002683123155352831,keep
quỷ,10,0.002683123155352831,keep
rát,10,0.002683123155352831,keep
serotonin,10,0.002683123155352831,keep
somehow,10,0.002683123155352831,keep
sỉ_nhục,10,0.002683123155352831,keep
tham_khảo,10,0.002683123155352831,keep
thiếu_hụt,10,0.002683123155352831,keep
thu_nhập,10,0.002683123155352831,keep
thông_cảm,10,0.002683123155352831,keep
thạc_sĩ,10,0.002683123155352831,keep
thẳm,10,0.002683123155352831,keep
tiktok,10,0.002683123155352831,keep
tin_tức,10,0.002683123155352831,keep
tiêu_chuẩn,10,0.002683123155352831,keep
trung_tâm,10,0.002683123155352831,keep
trình_bày,10,0.002683123155352831,keep
trí_nhớ,10,0.002683123155352831,keep
trước_tiên,10,0.002683123155352831,keep
trọn_vẹn,10,0.002683123155352831,keep
tuyệt_đối,10,0.002683123155352831,keep
tách_biệt,10,0.002683123155352831,keep
tươi_sáng,10,0.002683123155352831,keep
tầng,10,0.002683123155352831,keep
vào_cuộc,10,0.002683123155352831,keep
vòng_tròn,10,0.002683123155352831,keep
vô_tâm,10,0.002683123155352831,keep
vũ_trụ,10,0.002683123155352831,keep
vọt,10,0.002683123155352831,keep
xe_buýt,10,0.002683123155352831,keep
áp_đảo,10,0.002683123155352831,keep
đen_tối,10,0.002683123155352831,keep
đáng_lẽ,10,0.002683123155352831,keep
đạn,10,0.002683123155352831,keep
đầy_rẫy,10,0.002683123155352831,keep
đổi,10,0.002683123155352831,keep
đột_quỵ,10,0.002683123155352831,keep
ấn_tượng,10,0.002683123155352831,keep
benzodiazepine,9,0.0024148108398175474,keep
bla,9,0.0024148108398175474,keep
buspirone,9,0.0024148108398175474,keep
buồn_ngủ,9,0.0024148108398175474,keep
bãi,9,0.0024148108398175474,keep
bất_an,9,0.0024148108398175474,keep
bất_lực,9,0.0024148108398175474,keep
bẩn_thỉu,9,0.0024148108398175474,keep
bắt_buộc,9,0.0024148108398175474,keep
bếp,9,0.0024148108398175474,keep
bệnh_hoạn,9,0.0024148108398175474,keep
bổ_sung,9,0.0024148108398175474,keep
bộ_não,9,0.0024148108398175474,keep
cao_đẳng,9,0.0024148108398175474,keep
chat,9,0.0024148108398175474,keep
chuông,9,0.0024148108398175474,keep
chào_đón,9,0.0024148108398175474,keep
chót,9,0.0024148108398175474,keep
chăn,9,0.0024148108398175474,keep
chỉ_bảo,9,0.0024148108398175474,keep
chục,9,0.0024148108398175474,keep
chứng,9,0.0024148108398175474,keep
cá,9,0.0024148108398175474,keep
cát,9,0.0024148108398175474,keep
cô_độc,9,0.0024148108398175474,keep
công_viên,9,0.0024148108398175474,keep
cú,9,0.0024148108398175474,keep
cúp,9,0.0024148108398175474,keep
cưng,9,0.0024148108398175474,keep
cầu_thang,9,0.0024148108398175474,keep
cẩn_thận,9,0.0024148108398175474,keep
depression,9,0.0024148108398175474,keep
dính,9,0.0024148108398175474,keep
dựa_dẫm,9,0.0024148108398175474,keep
gen,9,0.0024148108398175474,keep
gia_nhập,9,0.0024148108398175474,keep
giây_lát,9,0.0024148108398175474,keep
giả,9,0.0024148108398175474,keep
giả_định,9,0.0024148108398175474,keep
gãy,9,0.0024148108398175474,keep
góc_độ,9,0.0024148108398175474,keep
gói,9,0.0024148108398175474,keep
gặp_mặt,9,0.0024148108398175474,keep
hàn_gắn,9,0.0024148108398175474,keep
hôn,9,0.0024148108398175474,keep
hạ,9,0.0024148108398175474,keep
hố_đen,9,0.0024148108398175474,keep
hợp_lý,9,0.0024148108398175474,keep
in,9,0.0024148108398175474,keep
khen_ngợi,9,0.0024148108398175474,keep
khiêu_dâm,9,0.0024148108398175474,keep
khoa,9,0.0024148108398175474,keep
khu_phố,9,0.0024148108398175474,keep
khẩn_cấp,9,0.0024148108398175474,keep
khắc_phục,9,0.0024148108398175474,keep
khẳng_định,9,0.0024148108398175474,keep
khớp,9,0.0024148108398175474,keep
ký_túc_xá,9,0.0024148108398175474,keep
kệ,9,0.0024148108398175474,keep
kỳ_thị,9,0.0024148108398175474,keep
lan_truyền,9,0.0024148108398175474,keep
lao,9,0.0024148108398175474,keep
lo_ngại,9,0.0024148108398175474,keep
loại_trừ,9,0.0024148108398175474,keep
luật,9,0.0024148108398175474,keep
lái,9,0.0024148108398175474,keep
lý_tưởng,9,0.0024148108398175474,keep
lấp,9,0.0024148108398175474,keep
lợi,9,0.0024148108398175474,keep
lửa,9,0.0024148108398175474,keep
manchester,9,0.0024148108398175474,keep
mâu_thuẫn,9,0.0024148108398175474,keep
móng,9,0.0024148108398175474,keep
mắng,9,0.0024148108398175474,keep
mặt_khác,9,0.0024148108398175474,keep
nghề_nghiệp,9,0.0024148108398175474,keep
ngoại_trú,9,0.0024148108398175474,keep
ngày_mai,9,0.0024148108398175474,keep
ngưỡng_mộ,9,0.0024148108398175474,keep
ngại,9,0.0024148108398175474,keep
ngốc_nghếch,9,0.0024148108398175474,keep
nhất_định,9,0.0024148108398175474,keep
nâng,9,0.0024148108398175474,keep
nước_ngoài,9,0.0024148108398175474,keep
oh,9,0.0024148108398175474,keep
phân_tích,9,0.0024148108398175474,keep
phòng_khám,9,0.0024148108398175474,keep
phạm_tội,9,0.0024148108398175474,keep
phản_đối,9,0.0024148108398175474,keep
phần_nào,9,0.0024148108398175474,keep
phổi,9,0.0024148108398175474,keep
phục_hồi,9,0.0024148108398175474,keep
phục_vụ,9,0.0024148108398175474,keep
propranolol,9,0.0024148108398175474,keep
quen_thuộc,9,0.0024148108398175474,keep
quy_định,9,0.0024148108398175474,keep
quyết_tâm,9,0.0024148108398175474,keep
quân_đội,9,0.0024148108398175474,keep
rút,9,0.0024148108398175474,keep
rảnh_rỗi,9,0.0024148108398175474,keep
rối_ren,9,0.0024148108398175474,keep
rủi_ro,9,0.0024148108398175474,keep
sertraline,9,0.0024148108398175474,keep
sở_hữu,9,0.0024148108398175474,keep
thi_đấu,9,0.0024148108398175474,keep
thoáng,9,0.0024148108398175474,keep
thuyên_giảm,9,0.0024148108398175474,keep
thúc_đẩy,9,0.0024148108398175474,keep
truy_cập,9,0.0024148108398175474,keep
trách_móc,9,0.0024148108398175474,keep
trí_tuệ,9,0.0024148108398175474,keep
trò,9,0.0024148108398175474,keep
trỗi,9,0.0024148108398175474,keep
trợ_cấp,9,0.0024148108398175474,keep
tuổi_trẻ,9,0.0024148108398175474,keep
tài_sản,9,0.0024148108398175474,keep
tổng_thể,9,0.0024148108398175474,keep
tự_nguyện,9,0.0024148108398175474,keep
united,9,0.0024148108398175474,keep
vaccine,9,0.0024148108398175474,keep
vé,9,0.0024148108398175474,keep
vừa_qua,9,0.0024148108398175474,keep
wellbutrin,9,0.0024148108398175474,keep
xử,9,0.0024148108398175474,keep
ôm_ấp,9,0.0024148108398175474,keep
điên_cuồng,9,0.0024148108398175474,keep
điều_kinh,9,0.0024148108398175474,keep
điện_tâm_đồ,9,0.0024148108398175474,keep
đáp_ứng,9,0.0024148108398175474,keep
đầu_hàng,9,0.0024148108398175474,keep
đội,9,0.0024148108398175474,keep
đội_ngũ,9,0.0024148108398175474,keep
ativan,8,0.0021464985242822645,keep
bao_trùm,8,0.0021464985242822645,keep
bi_quan,8,0.0021464985242822645,keep
bia,8,0.0021464985242822645,keep
biện_minh,8,0.0021464985242822645,keep
bận_tâm,8,0.0021464985242822645,keep
cay_đắng,8,0.0021464985242822645,keep
chi_tiêu,8,0.0021464985242822645,keep
chia,8,0.0021464985242822645,keep
chính_đáng,8,0.0021464985242822645,keep
chôn,8,0.0021464985242822645,keep
chúc_mừng,8,0.0021464985242822645,keep
chống_đối,8,0.0021464985242822645,keep
chức_năng,8,0.0021464985242822645,keep
cánh,8,0.0021464985242822645,keep
cáu_gắt,8,0.0021464985242822645,keep
cáu_kỉnh,8,0.0021464985242822645,keep
căng,8,0.0021464985242822645,keep
cắt_giảm,8,0.0021464985242822645,keep
cố_tình,8,0.0021464985242822645,keep
cố_vấn,8,0.0021464985242822645,keep
cộng,8,0.0021464985242822645,keep
cử_nhân,8,0.0021464985242822645,keep
dán,8,0.0021464985242822645,keep
dễ_thương,8,0.0021464985242822645,keep
dị_ứng,8,0.0021464985242822645,keep
dự_đoán,8,0.0021464985242822645,keep
ghi_chú,8,0.0021464985242822645,keep
ghép,8,0.0021464985242822645,keep
giả_sử,8,0.0021464985242822645,keep
giảm_sút,8,0.0021464985242822645,keep
giảng,8,0.0021464985242822645,keep
góp_phần,8,0.0021464985242822645,keep
gỡ,8,0.0021464985242822645,keep
hiện_thực,8,0.0021464985242822645,keep
hoang_mang,8,0.0021464985242822645,keep
hoá_học,8,0.0021464985242822645,keep
huỷ_bỏ,8,0.0021464985242822645,keep
hư,8,0.0021464985242822645,keep
hưng_phấn,8,0.0021464985242822645,keep
im,8,0.0021464985242822645,keep
khoe_khoang,8,0.0021464985242822645,keep
khoảng_cách,8,0.0021464985242822645,keep
khái_niệm,8,0.0021464985242822645,keep
kinh_doanh,8,0.0021464985242822645,keep
kinh_ngạc,8,0.0021464985242822645,keep
kiếp,8,0.0021464985242822645,keep
kém_cỏi,8,0.0021464985242822645,keep
kêu,8,0.0021464985242822645,keep
laptop,8,0.0021464985242822645,keep
lung_tung,8,0.0021464985242822645,keep
luật_sư,8,0.0021464985242822645,keep
lập_trình,8,0.0021464985242822645,keep
lớn_lao,8,0.0021464985242822645,keep
mây,8,0.0021464985242822645,keep
mơ_hồ,8,0.0021464985242822645,keep
mưa,8,0.0021464985242822645,keep
mắng_mỏ,8,0.0021464985242822645,keep
mờ,8,0.0021464985242822645,keep
mờ_ảo,8,0.0021464985242822645,keep
ngang,8,0.0021464985242822645,keep
nghèo_khó,8,0.0021464985242822645,keep
nghĩ_lại,8,0.0021464985242822645,keep
nguồn_lực,8,0.0021464985242822645,keep
ngân_hàng,8,0.0021464985242822645,keep
ngón,8,0.0021464985242822645,keep
ngừng_nghỉ,8,0.0021464985242822645,keep
nhà_thờ,8,0.0021464985242822645,keep
nhà_tắm,8,0.0021464985242822645,keep
nhặt,8,0.0021464985242822645,keep
nói_lắp,8,0.0021464985242822645,keep
nói_tóm_lại,8,0.0021464985242822645,keep
nửa_đêm,8,0.0021464985242822645,keep
phát_huy,8,0.0021464985242822645,keep
pound,8,0.0021464985242822645,keep
quan_sát,8,0.0021464985242822645,keep
quá_đáng,8,0.0021464985242822645,keep
quý_giá,8,0.0021464985242822645,keep
ruột,8,0.0021464985242822645,keep
rối_bời,8,0.0021464985242822645,keep
sinh_học,8,0.0021464985242822645,keep
sáo_rỗng,8,0.0021464985242822645,keep
sưng,8,0.0021464985242822645,keep
sản_xuất,8,0.0021464985242822645,keep
số_phận,8,0.0021464985242822645,keep
sự_cố,8,0.0021464985242822645,keep
thanh_toán,8,0.0021464985242822645,keep
the,8,0.0021464985242822645,keep
thelmaherbs,8,0.0021464985242822645,keep
thuế,8,0.0021464985242822645,keep
tháng_giêng,8,0.0021464985242822645,keep
tháo,8,0.0021464985242822645,keep
thôi_thì,8,0.0021464985242822645,keep
thăng_tiến,8,0.0021464985242822645,keep
thường_lệ,8,0.0021464985242822645,keep
thấu_hiểu,8,0.0021464985242822645,keep
thế_hệ,8,0.0021464985242822645,keep
thị_lực,8,0.0021464985242822645,keep
thống_kê,8,0.0021464985242822645,keep
tiêu_thụ,8,0.0021464985242822645,keep
tranh_luận,8,0.0021464985242822645,keep
treo,8,0.0021464985242822645,keep
trên_hết,8,0.0021464985242822645,keep
trình_độ,8,0.0021464985242822645,keep
trễ,8,0.0021464985242822645,keep
tuyệt,8,0.0021464985242822645,keep
tuổi_tác,8,0.0021464985242822645,keep
tàn_tật,8,0.0021464985242822645,keep
tâm_hồn,8,0.0021464985242822645,keep
tình_cờ,8,0.0021464985242822645,keep
tương_đối,8,0.0021464985242822645,keep
tảng,8,0.0021464985242822645,keep
tận,8,0.0021464985242822645,keep
tỏ,8,0.0021464985242822645,keep
tủ,8,0.0021464985242822645,keep
tức_là,8,0.0021464985242822645,keep
vui_mừng,8,0.0021464985242822645,keep
vách,8,0.0021464985242822645,keep
vô_trách_nhiệm,8,0.0021464985242822645,keep
vô_ích,8,0.0021464985242822645,keep
vặt_vãnh,8,0.0021464985242822645,keep
wow,8,0.0021464985242822645,keep
xe_tải,8,0.0021464985242822645,keep
xem_lại,8,0.0021464985242822645,keep
xuất_sắc,8,0.0021464985242822645,keep
xúc_động,8,0.0021464985242822645,keep
áo,8,0.0021464985242822645,keep
âm_thanh,8,0.0021464985242822645,keep
điều_hành,8,0.0021464985242822645,keep
điều_kiện,8,0.0021464985242822645,keep
điện_tử,8,0.0021464985242822645,keep
đấm,8,0.0021464985242822645,keep
đầu_tư,8,0.0021464985242822645,keep
đầy_đủ,8,0.0021464985242822645,keep
độc_thân,8,0.0021464985242822645,keep
ở_riêng,8,0.0021464985242822645,keep
adrenaline,7,0.0018781862087469815,keep
bàn_tay,7,0.0018781862087469815,keep
bám,7,0.0018781862087469815,keep
bát,7,0.0018781862087469815,keep
bất_kể,7,0.0018781862087469815,keep
bị_động,7,0.0018781862087469815,keep
bừa_bộn,7,0.0018781862087469815,keep
bực_mình,7,0.0018781862087469815,keep
cai_nghiện,7,0.0018781862087469815,keep
chi,7,0.0018781862087469815,keep
chào_đời,7,0.0018781862087469815,keep
châu_âu,7,0.0018781862087469815,keep
chính_phủ,7,0.0018781862087469815,keep
chơi_đùa,7,0.0018781862087469815,keep
chữa_trị,7,0.0018781862087469815,keep
con_nhỏ,7,0.0018781862087469815,keep
càng_ngày_càng,7,0.0018781862087469815,keep
có_mặt,7,0.0018781862087469815,keep
có_ích,7,0.0018781862087469815,keep
công_sức,7,0.0018781862087469815,keep
cùng_cực,7,0.0018781862087469815,keep
cúi,7,0.0018781862087469815,keep
cảm_thông,7,0.0018781862087469815,keep
cảnh_giác,7,0.0018781862087469815,keep
củng_cố,7,0.0018781862087469815,keep
diếm,7,0.0018781862087469815,keep
dĩ_nhiên,7,0.0018781862087469815,keep
facebook,7,0.0018781862087469815,keep
frustrating,7,0.0018781862087469815,keep
gay,7,0.0018781862087469815,keep
giam_cầm,7,0.0018781862087469815,keep
giao_thông,7,0.0018781862087469815,keep
giành,7,0.0018781862087469815,keep
giây_phút,7,0.0018781862087469815,keep
giải_trí,7,0.0018781862087469815,keep
giảm_thiểu,7,0.0018781862087469815,keep
giấy_phép,7,0.0018781862087469815,keep
gầy,7,0.0018781862087469815,keep
hiếm_hoi,7,0.0018781862087469815,keep
hiểu_biết,7,0.0018781862087469815,keep
hiện_tượng,7,0.0018781862087469815,keep
hiệu_trưởng,7,0.0018781862087469815,keep
hoan_nghênh,7,0.0018781862087469815,keep
hoà_nhạc,7,0.0018781862087469815,keep
huấn_luyện_viên,7,0.0018781862087469815,keep
hành_hạ,7,0.0018781862087469815,keep
hình_dung,7,0.0018781862087469815,keep
hư_vô,7,0.0018781862087469815,keep
hầm,7,0.0018781862087469815,keep
hồ_sơ,7,0.0018781862087469815,keep
khách_quan,7,0.0018781862087469815,keep
khép_kín,7,0.0018781862087469815,keep
khô,7,0.0018781862087469815,keep
khốn_kiếp,7,0.0018781862087469815,keep
kinh_tởm,7,0.0018781862087469815,keep
kiên_trì,7,0.0018781862087469815,keep
kỳ_quái,7,0.0018781862087469815,keep
lan,7,0.0018781862087469815,keep
làm_gì,7,0.0018781862087469815,keep
làm_quen,7,0.0018781862087469815,keep
làm_tình_trạng,7,0.0018781862087469815,keep
làn,7,0.0018781862087469815,keep
lơ_lửng,7,0.0018781862087469815,keep
lưu_ý,7,0.0018781862087469815,keep
lầu,7,0.0018781862087469815,keep
lịch_sự,7,0.0018781862087469815,keep
mirtazapine,7,0.0018781862087469815,keep
mái,7,0.0018781862087469815,keep
mất_trí,7,0.0018781862087469815,keep
mặt_trời,7,0.0018781862087469815,keep
mở_rộng,7,0.0018781862087469815,keep
nghệ_sĩ,7,0.0018781862087469815,keep
ngày_xưa,7,0.0018781862087469815,keep
ngăn_chặn,7,0.0018781862087469815,keep
người_dân,7,0.0018781862087469815,keep
ngọt_ngào,7,0.0018781862087469815,keep
ngữ_pháp,7,0.0018781862087469815,keep
nhận_biết,7,0.0018781862087469815,keep
này_khác,7,0.0018781862087469815,keep
nói_thẳng,7,0.0018781862087469815,keep
núi,7,0.0018781862087469815,keep
nấu,7,0.0018781862087469815,keep
nếu_như,7,0.0018781862087469815,keep
phá_thai,7,0.0018781862087469815,keep
phí,7,0.0018781862087469815,keep
phòng_thủ,7,0.0018781862087469815,keep
pin,7,0.0018781862087469815,keep
quê,7,0.0018781862087469815,keep
quầy,7,0.0018781862087469815,keep
reo,7,0.0018781862087469815,keep
rào_cản,7,0.0018781862087469815,keep
rẽ,7,0.0018781862087469815,keep
rộng,7,0.0018781862087469815,keep
sa,7,0.0018781862087469815,keep
sa_sút,7,0.0018781862087469815,keep
seroquel,7,0.0018781862087469815,keep
suy_ngẫm,7,0.0018781862087469815,keep
suy_yếu,7,0.0018781862087469815,keep
sóng,7,0.0018781862087469815,keep
số_lượng,7,0.0018781862087469815,keep
sức,7,0.0018781862087469815,keep
tham_dự,7,0.0018781862087469815,keep
than_thở,7,0.0018781862087469815,keep
thiết_bị,7,0.0018781862087469815,keep
thiền,7,0.0018781862087469815,keep
thần,7,0.0018781862087469815,keep
thẳng_thắn,7,0.0018781862087469815,keep
thủ_dâm,7,0.0018781862087469815,keep
thực,7,0.0018781862087469815,keep
tin_đồn,7,0.0018781862087469815,keep
tiêu_chảy,7,0.0018781862087469815,keep
tiêu_hoá,7,0.0018781862087469815,keep
tiến_sĩ,7,0.0018781862087469815,keep
tiệm,7,0.0018781862087469815,keep
toàn_thân,7,0.0018781862087469815,keep
tranh_cãi,7,0.0018781862087469815,keep
tránh_né,7,0.0018781862087469815,keep
trứng,7,0.0018781862087469815,keep
tê,7,0.0018781862087469815,keep
tăng_cường,7,0.0018781862087469815,keep
ukraine,7,0.0018781862087469815,keep
vô_hình,7,0.0018781862087469815,keep
văn_hoá,7,0.0018781862087469815,keep
vận_động_viên,7,0.0018781862087469815,keep
vụ_việc,7,0.0018781862087469815,keep
xa_vời,7,0.0018781862087469815,keep
xe_cộ,7,0.0018781862087469815,keep
xám,7,0.0018781862087469815,keep
yoga,7,0.0018781862087469815,keep
đi_chăng_nữa,7,0.0018781862087469815,keep
đánh_gục,7,0.0018781862087469815,keep
đầu_gối,7,0.0018781862087469815,keep
đẹp_trai,7,0.0018781862087469815,keep
đẹp_đẽ,7,0.0018781862087469815,keep
đề_xuất,7,0.0018781862087469815,keep
ấm,7,0.0018781862087469815,keep
ấm_áp,7,0.0018781862087469815,keep
an_thần,6,0.0016098738932116983,keep
anime,6,0.0016098738932116983,keep
bài_học,6,0.0016098738932116983,keep
bán_lẻ,6,0.0016098738932116983,keep
báo_thức,6,0.0016098738932116983,keep
bùng_nổ,6,0.0016098738932116983,keep
bước_ngoặt,6,0.0016098738932116983,keep
bước_tiến,6,0.0016098738932116983,keep
bảy,6,0.0016098738932116983,keep
bầm,6,0.0016098738932116983,keep
bắt_gặp,6,0.0016098738932116983,keep
bọn,6,0.0016098738932116983,keep
bố_dượng,6,0.0016098738932116983,keep
calo,6,0.0016098738932116983,keep
celexa,6,0.0016098738932116983,keep
che,6,0.0016098738932116983,keep
chiếm_hữu,6,0.0016098738932116983,keep
chu_kỳ,6,0.0016098738932116983,keep
chuyên_ngành,6,0.0016098738932116983,keep
chuyển_đổi,6,0.0016098738932116983,keep
chuột,6,0.0016098738932116983,keep
cháu,6,0.0016098738932116983,keep
chương,6,0.0016098738932116983,keep
chẳng_là,6,0.0016098738932116983,keep
chối_bỏ,6,0.0016098738932116983,keep
chỗ_đứng,6,0.0016098738932116983,keep
chủng_tộc,6,0.0016098738932116983,keep
cocaine,6,0.0016098738932116983,keep
cõi_lòng,6,0.0016098738932116983,keep
cản,6,0.0016098738932116983,keep
cầu_cứu,6,0.0016098738932116983,keep
cỗ,6,0.0016098738932116983,keep
danh_tiếng,6,0.0016098738932116983,keep
discord,6,0.0016098738932116983,keep
dài_hạn,6,0.0016098738932116983,keep
dự,6,0.0016098738932116983,keep
even,6,0.0016098738932116983,keep
fentanyl,6,0.0016098738932116983,keep
flashback,6,0.0016098738932116983,keep
florida,6,0.0016098738932116983,keep
gara,6,0.0016098738932116983,keep
ghen_tuông,6,0.0016098738932116983,keep
gia_tăng,6,0.0016098738932116983,keep
gió,6,0.0016098738932116983,keep
giấy_tờ,6,0.0016098738932116983,keep
giới,6,0.0016098738932116983,keep
gánh_vác,6,0.0016098738932116983,keep
gạt,6,0.0016098738932116983,keep
gốc_rễ,6,0.0016098738932116983,keep
hay_là,6,0.0016098738932116983,keep
heroin,6,0.0016098738932116983,keep
hoa,6,0.0016098738932116983,keep
hoà_đồng,6,0.0016098738932116983,keep
hoá_chất,6,0.0016098738932116983,keep
hoãn,6,0.0016098738932116983,keep
hung_hăng,6,0.0016098738932116983,keep
hy_sinh,6,0.0016098738932116983,keep
hàm,6,0.0016098738932116983,keep
hình_phạt,6,0.0016098738932116983,keep
hưu,6,0.0016098738932116983,keep
hương,6,0.0016098738932116983,keep
hẹp,6,0.0016098738932116983,keep
hệ,6,0.0016098738932116983,keep
hỏng_hóc,6,0.0016098738932116983,keep
hời_hợt,6,0.0016098738932116983,keep
hợp_tác,6,0.0016098738932116983,keep
jose,6,0.0016098738932116983,keep
kem,6,0.0016098738932116983,keep
khen,6,0.0016098738932116983,keep
khu,6,0.0016098738932116983,keep
khuyến_mãi,6,0.0016098738932116983,keep
không_trách,6,0.0016098738932116983,keep
khổng_lồ,6,0.0016098738932116983,keep
khởi_động,6,0.0016098738932116983,keep
khủng,6,0.0016098738932116983,keep
kinh_nguyệt,6,0.0016098738932116983,keep
kiện,6,0.0016098738932116983,keep
kênh,6,0.0016098738932116983,keep
kín,6,0.0016098738932116983,keep
kẻ_thù,6,0.0016098738932116983,keep
kỹ_lưỡng,6,0.0016098738932116983,keep
lan_man,6,0.0016098738932116983,keep
liên_tiếp,6,0.0016098738932116983,keep
loạt,6,0.0016098738932116983,keep
lùi_bước,6,0.0016098738932116983,keep
lăn_lộn,6,0.0016098738932116983,keep
lạ_lùng,6,0.0016098738932116983,keep
lắp_bắp,6,0.0016098738932116983,keep
lễ,6,0.0016098738932116983,keep
lệnh,6,0.0016098738932116983,keep
mindset,6,0.0016098738932116983,keep
miếng,6,0.0016098738932116983,keep
miễn_là,6,0.0016098738932116983,keep
mri,6,0.0016098738932116983,keep
mốc,6,0.0016098738932116983,keep
một_mặt,6,0.0016098738932116983,keep
nghỉ_phép,6,0.0016098738932116983,keep
nguồn_gốc,6,0.0016098738932116983,keep
ngứa,6,0.0016098738932116983,keep
nhiễm_trùng,6,0.0016098738932116983,keep
nhân_loại,6,0.0016098738932116983,keep
nhân_vật,6,0.0016098738932116983,keep
như_thế,6,0.0016098738932116983,keep
nhất_quán,6,0.0016098738932116983,keep
nhất_thiết,6,0.0016098738932116983,keep
nhầm,6,0.0016098738932116983,keep
nhắm,6,0.0016098738932116983,keep
nhổ,6,0.0016098738932116983,keep
nicotine,6,0.0016098738932116983,keep
nô_lệ,6,0.0016098738932116983,keep
nội_trú,6,0.0016098738932116983,keep
okay,6,0.0016098738932116983,keep
oán_hận,6,0.0016098738932116983,keep
phấn_khích,6,0.0016098738932116983,keep
quyến_rũ,6,0.0016098738932116983,keep
quê_hương,6,0.0016098738932116983,keep
quấy_rối,6,0.0016098738932116983,keep
ra_mắt,6,0.0016098738932116983,keep
rung,6,0.0016098738932116983,keep
rút_lui,6,0.0016098738932116983,keep
rừng,6,0.0016098738932116983,keep
sai_sót,6,0.0016098738932116983,keep
suy_dinh_dưỡng,6,0.0016098738932116983,keep
sân_bay,6,0.0016098738932116983,keep
sửa_đổi,6,0.0016098738932116983,keep
thành_tích,6,0.0016098738932116983,keep
thân_mật,6,0.0016098738932116983,keep
thòng_lọng,6,0.0016098738932116983,keep
thôi_thúc,6,0.0016098738932116983,keep
thật_ra,6,0.0016098738932116983,keep
thẻ_tín_dụng,6,0.0016098738932116983,keep
thức_tỉnh,6,0.0016098738932116983,keep
thử_nghiệm,6,0.0016098738932116983,keep
thực_hành,6,0.0016098738932116983,keep
tim_mạch,6,0.0016098738932116983,keep
tips,6,0.0016098738932116983,keep
tiếp_diễn,6,0.0016098738932116983,keep
tiềm_ẩn,6,0.0016098738932116983,keep
toilet,6,0.0016098738932116983,keep
toà_án,6,0.0016098738932116983,keep
trazodone,6,0.0016098738932116983,keep
trước_mắt,6,0.0016098738932116983,keep
trạm,6,0.0016098738932116983,keep
trở_ngại,6,0.0016098738932116983,keep
trứng_cá,6,0.0016098738932116983,keep
tuyến_giáp,6,0.0016098738932116983,keep
tuân_thủ,6,0.0016098738932116983,keep
tái_sinh,6,0.0016098738932116983,keep
tình,6,0.0016098738932116983,keep
tôi_mọi,6,0.0016098738932116983,keep
tư_cách,6,0.0016098738932116983,keep
tại_chỗ,6,0.0016098738932116983,keep
tải,6,0.0016098738932116983,keep
tệ_bạc,6,0.0016098738932116983,keep
tồi,6,0.0016098738932116983,keep
tội_phạm,6,0.0016098738932116983,keep
tụt_dốc,6,0.0016098738932116983,keep
từ_trường,6,0.0016098738932116983,keep
tử_vong,6,0.0016098738932116983,keep
vui_chơi,6,0.0016098738932116983,keep
vô_hồn,6,0.0016098738932116983,keep
vô_lễ,6,0.0016098738932116983,keep
vốn_dĩ,6,0.0016098738932116983,keep
vụn,6,0.0016098738932116983,keep
xanh,6,0.0016098738932116983,keep
xuống_dốc,6,0.0016098738932116983,keep
yên_tĩnh,6,0.0016098738932116983,keep
zoom,6,0.0016098738932116983,keep
ăn_mòn,6,0.0016098738932116983,keep
đua,6,0.0016098738932116983,keep
đám_tang,6,0.0016098738932116983,keep
đùa_giỡn,6,0.0016098738932116983,keep
đường_phố,6,0.0016098738932116983,keep
đạp,6,0.0016098738932116983,keep
đấu,6,0.0016098738932116983,keep
đắm_chìm,6,0.0016098738932116983,keep
đằng,6,0.0016098738932116983,keep
đến_cùng,6,0.0016098738932116983,keep
địa_phương,6,0.0016098738932116983,keep
động_vật,6,0.0016098738932116983,keep
đức,6,0.0016098738932116983,keep
ống,6,0.0016098738932116983,keep
ồn,6,0.0016098738932116983,keep
amazon,5,0.0013415615776764154,keep
ban_công,5,0.0013415615776764154,keep
biến_động,5,0.0013415615776764154,keep
biểu_hiện,5,0.0013415615776764154,keep
bom,5,0.0013415615776764154,keep
buông_xuôi,5,0.0013415615776764154,keep
bò,5,0.0013415615776764154,keep
bù_đắp,5,0.0013415615776764154,keep
băng,5,0.0013415615776764154,keep
bơi,5,0.0013415615776764154,keep
bước_đi,5,0.0013415615776764154,keep
bảo_hiểm_y_tế,5,0.0013415615776764154,keep
bảo_thủ,5,0.0013415615776764154,keep
bất_khả_thi,5,0.0013415615776764154,keep
bậc,5,0.0013415615776764154,keep
bệnh_lý,5,0.0013415615776764154,keep
bỗng_nhiên,5,0.0013415615776764154,keep
bụi,5,0.0013415615776764154,keep
caffeine,5,0.0013415615776764154,keep
campus,5,0.0013415615776764154,keep
cao_ráo,5,0.0013415615776764154,keep
chinh_phục,5,0.0013415615776764154,keep
chiếu,5,0.0013415615776764154,keep
chung_chung,5,0.0013415615776764154,keep
chán_ghét,5,0.0013415615776764154,keep
chạy_đua,5,0.0013415615776764154,keep
chỉ_số,5,0.0013415615776764154,keep
chỉnh_sửa,5,0.0013415615776764154,keep
chứa,5,0.0013415615776764154,keep
chứng_chỉ,5,0.0013415615776764154,keep
chửi_bới,5,0.0013415615776764154,keep
citalopram,5,0.0013415615776764154,keep
cúm,5,0.0013415615776764154,keep
cút,5,0.0013415615776764154,keep
cơ_quan,5,0.0013415615776764154,keep
cơ_sở,5,0.0013415615776764154,keep
cường_độ,5,0.0013415615776764154,keep
cưỡng_hiếp,5,0.0013415615776764154,keep
cạn,5,0.0013415615776764154,keep
cấm,5,0.0013415615776764154,keep
cấp_tính,5,0.0013415615776764154,keep
cầu_xin,5,0.0013415615776764154,keep
cột,5,0.0013415615776764154,keep
cục,5,0.0013415615776764154,keep
cứu_rỗi,5,0.0013415615776764154,keep
cứu_vãn,5,0.0013415615776764154,keep
dopamine,5,0.0013415615776764154,keep
dày,5,0.0013415615776764154,keep
dã_man,5,0.0013415615776764154,keep
dìm,5,0.0013415615776764154,keep
dầu,5,0.0013415615776764154,keep
dẫn_dắt,5,0.0013415615776764154,keep
dịp,5,0.0013415615776764154,keep
dốc,5,0.0013415615776764154,keep
escitalopram,5,0.0013415615776764154,keep
fluoxetine,5,0.0013415615776764154,keep
giam_giữ,5,0.0013415615776764154,keep
giáo_sư,5,0.0013415615776764154,keep
giãn,5,0.0013415615776764154,keep
giải,5,0.0013415615776764154,keep
guitar,5,0.0013415615776764154,keep
gãi,5,0.0013415615776764154,keep
gượng_gạo,5,0.0013415615776764154,keep
gốc,5,0.0013415615776764154,keep
ho,5,0.0013415615776764154,keep
hoa_kỳ,5,0.0013415615776764154,keep
hormone,5,0.0013415615776764154,keep
hoài_nghi,5,0.0013415615776764154,keep
huấn_luyện,5,0.0013415615776764154,keep
huỷ_diệt,5,0.0013415615776764154,keep
héo_mòn,5,0.0013415615776764154,keep
hình_thành,5,0.0013415615776764154,keep
hình_thể,5,0.0013415615776764154,keep
hẻo_lánh,5,0.0013415615776764154,keep
hệ_miễn_dịch,5,0.0013415615776764154,keep
hỏi_han,5,0.0013415615776764154,keep
hồ,5,0.0013415615776764154,keep
hợp,5,0.0013415615776764154,keep
hứa_hẹn,5,0.0013415615776764154,keep
khinh_bỉ,5,0.0013415615776764154,keep
kho,5,0.0013415615776764154,keep
khuyết_điểm,5,0.0013415615776764154,keep
khám_phá,5,0.0013415615776764154,keep
khả_thi,5,0.0013415615776764154,keep
khổ_đau,5,0.0013415615776764154,keep
kiêu_ngạo,5,0.0013415615776764154,keep
kìm_hãm,5,0.0013415615776764154,keep
kín_đáo,5,0.0013415615776764154,keep
kẹo,5,0.0013415615776764154,keep
kịch_bản,5,0.0013415615776764154,keep
kỳ_diệu,5,0.0013415615776764154,keep
kỹ_sư,5,0.0013415615776764154,keep
la,5,0.0013415615776764154,keep
len_lỏi,5,0.0013415615776764154,keep
lockdown,5,0.0013415615776764154,keep
loạn_thần,5,0.0013415615776764154,keep
lát,5,0.0013415615776764154,keep
lãnh_đạo,5,0.0013415615776764154,keep
lý_thuyết,5,0.0013415615776764154,keep
lũ,5,0.0013415615776764154,keep
lượt,5,0.0013415615776764154,keep
lạ_lẫm,5,0.0013415615776764154,keep
lạnh_lùng,5,0.0013415615776764154,keep
lạnh_lẽo,5,0.0013415615776764154,keep
lạnh_nhạt,5,0.0013415615776764154,keep
mdd,5,0.0013415615776764154,keep
mép,5,0.0013415615776764154,keep
mô_hình,5,0.0013415615776764154,keep
mạng_lưới,5,0.0013415615776764154,keep
mạo_hiểm,5,0.0013415615776764154,keep
mất_công_việc,5,0.0013415615776764154,keep
mặt_đất,5,0.0013415615776764154,keep
mỏng_manh,5,0.0013415615776764154,keep
một_phép,5,0.0013415615776764154,keep
mở_cửa,5,0.0013415615776764154,keep
nghèo_đói,5,0.0013415615776764154,keep
nghề,5,0.0013415615776764154,keep
ngoài_trời,5,0.0013415615776764154,keep
ngàn,5,0.0013415615776764154,keep
ngõ_cụt,5,0.0013415615776764154,keep
ngứa_ngáy,5,0.0013415615776764154,keep
ngửi,5,0.0013415615776764154,keep
nhà_cửa,5,0.0013415615776764154,keep
nhà_tù,5,0.0013415615776764154,keep
nhược_điểm,5,0.0013415615776764154,keep
nhảy_múa,5,0.0013415615776764154,keep
nhấn,5,0.0013415615776764154,keep
nhấp,5,0.0013415615776764154,keep
nhịn,5,0.0013415615776764154,keep
nhỏ_nhoi,5,0.0013415615776764154,keep
nhồi,5,0.0013415615776764154,keep
nhờ_cậy,5,0.0013415615776764154,keep
nike,5,0.0013415615776764154,keep
năng_lực,5,0.0013415615776764154,keep
nổi_bật,5,0.0013415615776764154,keep
nội_tâm,5,0.0013415615776764154,keep
nở,5,0.0013415615776764154,keep
oxy,5,0.0013415615776764154,keep
paul,5,0.0013415615776764154,keep
phanh,5,0.0013415615776764154,keep
phàn_nàn,5,0.0013415615776764154,keep
phá_hoại,5,0.0013415615776764154,keep
phân_loại,5,0.0013415615776764154,keep
phân_ly,5,0.0013415615776764154,keep
phòng_thí_nghiệm,5,0.0013415615776764154,keep
phù_hộ,5,0.0013415615776764154,keep
phải_biết,5,0.0013415615776764154,keep
podcast,5,0.0013415615776764154,keep
quan_niệm,5,0.0013415615776764154,keep
quy_trình,5,0.0013415615776764154,keep
quảng_cáo,5,0.0013415615776764154,keep
quốc_tế,5,0.0013415615776764154,keep
quỷ_tha_ma_bắt,5,0.0013415615776764154,keep
rẻ,5,0.0013415615776764154,keep
rẻ_tiền,5,0.0013415615776764154,keep
rỗng_tuếch,5,0.0013415615776764154,keep
sai_lệch,5,0.0013415615776764154,keep
say_mê,5,0.0013415615776764154,keep
sex,5,0.0013415615776764154,keep
sinh_hoạt,5,0.0013415615776764154,keep
sinh_tồn,5,0.0013415615776764154,keep
snapchat,5,0.0013415615776764154,keep
sân_khấu,5,0.0013415615776764154,keep
sạch,5,0.0013415615776764154,keep
sắt,5,0.0013415615776764154,keep
sẵn_lòng,5,0.0013415615776764154,keep
sớm_muộn,5,0.0013415615776764154,keep
sụt,5,0.0013415615776764154,keep
sữa,5,0.0013415615776764154,keep
tham_lam,5,0.0013415615776764154,keep
thi_cử,5,0.0013415615776764154,keep
thiên_đường,5,0.0013415615776764154,keep
thiết_kế,5,0.0013415615776764154,keep
thiếu_thốn,5,0.0013415615776764154,keep
thua,5,0.0013415615776764154,keep
thân_hình,5,0.0013415615776764154,keep
thăng_trầm,5,0.0013415615776764154,keep
thưởng_thức,5,0.0013415615776764154,keep
thảm_hại,5,0.0013415615776764154,keep
thảo_dược,5,0.0013415615776764154,keep
thầy,5,0.0013415615776764154,keep
thắc_mắc,5,0.0013415615776764154,keep
thịnh_nộ,5,0.0013415615776764154,keep
thịt,5,0.0013415615776764154,keep
thời_tiết,5,0.0013415615776764154,keep
thời_đại,5,0.0013415615776764154,keep
thụ_động,5,0.0013415615776764154,keep
thủ_tục,5,0.0013415615776764154,keep
thừng,5,0.0013415615776764154,keep
thực_sự_cố_gắng,5,0.0013415615776764154,keep
top,5,0.0013415615776764154,keep
trang_trải,5,0.0013415615776764154,keep
trung_lập,5,0.0013415615776764154,keep
trôi_dạt,5,0.0013415615776764154,keep
trại,5,0.0013415615776764154,keep
trực_giác,5,0.0013415615776764154,keep
tuỳ_thuộc,5,0.0013415615776764154,keep
tài_nguyên,5,0.0013415615776764154,keep
tài_xế,5,0.0013415615776764154,keep
tám,5,0.0013415615776764154,keep
tán_tỉnh,5,0.0013415615776764154,keep
tát,5,0.0013415615776764154,keep
tâm_linh,5,0.0013415615776764154,keep
tối_đa,5,0.0013415615776764154,keep
tờ,5,0.0013415615776764154,keep
tụ_tập,5,0.0013415615776764154,keep
từ_ngữ,5,0.0013415615776764154,keep
tự_chủ,5,0.0013415615776764154,keep
tự_lập,5,0.0013415615776764154,keep
tự_động_viên,5,0.0013415615776764154,keep
ugh,5,0.0013415615776764154,keep
va,5,0.0013415615776764154,keep
vòng_tay,5,0.0013415615776764154,keep
văn,5,0.0013415615776764154,keep
vật_chất,5,0.0013415615776764154,keep
vậy_mà,5,0.0013415615776764154,keep
vị_thành_niên,5,0.0013415615776764154,keep
vớ_vẩn,5,0.0013415615776764154,keep
vụng_về,5,0.0013415615776764154,keep
xe_đạp,5,0.0013415615776764154,keep
xoá_bỏ,5,0.0013415615776764154,keep
xuyên,5,0.0013415615776764154,keep
xác_chết,5,0.0013415615776764154,keep
xả,5,0.0013415615776764154,keep
âm_tính,5,0.0013415615776764154,keep
ông_bà,5,0.0013415615776764154,keep
úc,5,0.0013415615776764154,keep
ý_muốn,5,0.0013415615776764154,keep
ăn_mặc,5,0.0013415615776764154,keep
đeo_bám,5,0.0013415615776764154,keep
điếu,5,0.0013415615776764154,keep
đánh_cắp,5,0.0013415615776764154,keep
đè_bẹp,5,0.0013415615776764154,keep
đính_hôn,5,0.0013415615776764154,keep
đòi,5,0.0013415615776764154,keep
đùi,5,0.0013415615776764154,keep
đạo_đức,5,0.0013415615776764154,keep
đắt,5,0.0013415615776764154,keep
đặc_điểm,5,0.0013415615776764154,keep
đỉnh_cao,5,0.0013415615776764154,keep
địa_điểm,5,0.0013415615776764154,keep
định_kiến,5,0.0013415615776764154,keep
đồng_đội,5,0.0013415615776764154,keep
đỡ,5,0.0013415615776764154,keep
ồn_ào,5,0.0013415615776764154,keep
ức_chế,5,0.0013415615776764154,keep
ứng_viên,5,0.0013415615776764154,keep
agoraphobia,4,0.0010732492621411322,remove_low_df
ai_lại,4,0.0010732492621411322,remove_low_df
ai_ngờ,4,0.0010732492621411322,remove_low_df
anh_hùng,4,0.0010732492621411322,remove_low_df
asperger,4,0.0010732492621411322,remove_low_df
batman,4,0.0010732492621411322,remove_low_df
biên_giới,4,0.0010732492621411322,remove_low_df
biến_dạng,4,0.0010732492621411322,remove_low_df
biến_đổi,4,0.0010732492621411322,remove_low_df
biết_đâu,4,0.0010732492621411322,remove_low_df
biện_pháp,4,0.0010732492621411322,remove_low_df
blog,4,0.0010732492621411322,remove_low_df
bong,4,0.0010732492621411322,remove_low_df
bot,4,0.0010732492621411322,remove_low_df
brown,4,0.0010732492621411322,remove_low_df
bánh_xe,4,0.0010732492621411322,remove_low_df
báo_động,4,0.0010732492621411322,remove_low_df
bão,4,0.0010732492621411322,remove_low_df
bầu_trời,4,0.0010732492621411322,remove_low_df
bỏng,4,0.0010732492621411322,remove_low_df
bốc,4,0.0010732492621411322,remove_low_df
bồi_thường,4,0.0010732492621411322,remove_low_df
bột,4,0.0010732492621411322,remove_low_df
cao_độ,4,0.0010732492621411322,remove_low_df
che_phủ,4,0.0010732492621411322,remove_low_df
chính_tả,4,0.0010732492621411322,remove_low_df
chỉ_thực,4,0.0010732492621411322,remove_low_df
chốc_lát,4,0.0010732492621411322,remove_low_df
chợp,4,0.0010732492621411322,remove_low_df
con_bé,4,0.0010732492621411322,remove_low_df
ct,4,0.0010732492621411322,remove_low_df
cào,4,0.0010732492621411322,remove_low_df
cách_trở,4,0.0010732492621411322,remove_low_df
có_hậu,4,0.0010732492621411322,remove_low_df
có_thai,4,0.0010732492621411322,remove_low_df
công_bố,4,0.0010732492621411322,remove_low_df
công_thức,4,0.0010732492621411322,remove_low_df
công_tắc,4,0.0010732492621411322,remove_low_df
cũng_nên,4,0.0010732492621411322,remove_low_df
cạnh_tranh,4,0.0010732492621411322,remove_low_df
cảm,4,0.0010732492621411322,remove_low_df
cấu_trúc,4,0.0010732492621411322,remove_low_df
cầu_toàn,4,0.0010732492621411322,remove_low_df
cứu_mạng,4,0.0010732492621411322,remove_low_df
cực,4,0.0010732492621411322,remove_low_df
cực_hình,4,0.0010732492621411322,remove_low_df
cựu,4,0.0010732492621411322,remove_low_df
dai_dẳng,4,0.0010732492621411322,remove_low_df
danh_dự,4,0.0010732492621411322,remove_low_df
danh_hiệu,4,0.0010732492621411322,remove_low_df
danh_tính,4,0.0010732492621411322,remove_low_df
diễn_viên,4,0.0010732492621411322,remove_low_df
dương_tính,4,0.0010732492621411322,remove_low_df
dương_vật,4,0.0010732492621411322,remove_low_df
dịu_dàng,4,0.0010732492621411322,remove_low_df
dọc,4,0.0010732492621411322,remove_low_df
dụng_cụ,4,0.0010732492621411322,remove_low_df
ga,4,0.0010732492621411322,remove_low_df
gay_gắt,4,0.0010732492621411322,remove_low_df
ghi_nhớ,4,0.0010732492621411322,remove_low_df
ghé,4,0.0010732492621411322,remove_low_df
gian_lận,4,0.0010732492621411322,remove_low_df
gieo_rắc,4,0.0010732492621411322,remove_low_df
gián_tiếp,4,0.0010732492621411322,remove_low_df
gián_đoạn,4,0.0010732492621411322,remove_low_df
giật,4,0.0010732492621411322,remove_low_df
giật_mình,4,0.0010732492621411322,remove_low_df
giặt_giũ,4,0.0010732492621411322,remove_low_df
gpa,4,0.0010732492621411322,remove_low_df
gyel,4,0.0010732492621411322,remove_low_df
gà,4,0.0010732492621411322,remove_low_df
gương_mặt,4,0.0010732492621411322,remove_low_df
gặm_nhấm,4,0.0010732492621411322,remove_low_df
gọn,4,0.0010732492621411322,remove_low_df
gọn_gàng,4,0.0010732492621411322,remove_low_df
gối,4,0.0010732492621411322,remove_low_df
health,4,0.0010732492621411322,remove_low_df
hiện_đại,4,0.0010732492621411322,remove_low_df
humor,4,0.0010732492621411322,remove_low_df
hòa,4,0.0010732492621411322,remove_low_df
hông,4,0.0010732492621411322,remove_low_df
hạt,4,0.0010732492621411322,remove_low_df
hấp_thụ,4,0.0010732492621411322,remove_low_df
học_lực,4,0.0010732492621411322,remove_low_df
học_thuật,4,0.0010732492621411322,remove_low_df
học_vấn,4,0.0010732492621411322,remove_low_df
hồi_giáo,4,0.0010732492621411322,remove_low_df
ibs,4,0.0010732492621411322,remove_low_df
ii,4,0.0010732492621411322,remove_low_df
it,4,0.0010732492621411322,remove_low_df
ketamine,4,0.0010732492621411322,remove_low_df
kg,4,0.0010732492621411322,remove_low_df
khi_không,4,0.0010732492621411322,remove_low_df
khí,4,0.0010732492621411322,remove_low_df
khí_hậu,4,0.0010732492621411322,remove_low_df
khích_lệ,4,0.0010732492621411322,remove_low_df
khói,4,0.0010732492621411322,remove_low_df
kinh_dị,4,0.0010732492621411322,remove_low_df
kéo_theo,4,0.0010732492621411322,remove_low_df
kính,4,0.0010732492621411322,remove_low_df
ký,4,0.0010732492621411322,remove_low_df
kịch,4,0.0010732492621411322,remove_low_df
kịp_thời,4,0.0010732492621411322,remove_low_df
lao_động,4,0.0010732492621411322,remove_low_df
lb,4,0.0010732492621411322,remove_low_df
linh_hoạt,4,0.0010732492621411322,remove_low_df
linh_tinh,4,0.0010732492621411322,remove_low_df
lo_sợ,4,0.0010732492621411322,remove_low_df
lsd,4,0.0010732492621411322,remove_low_df
làm_nên,4,0.0010732492621411322,remove_low_df
lây,4,0.0010732492621411322,remove_low_df
lén,4,0.0010732492621411322,remove_low_df
lõm,4,0.0010732492621411322,remove_low_df
lượn,4,0.0010732492621411322,remove_low_df
lốc,4,0.0010732492621411322,remove_low_df
lồng,4,0.0010732492621411322,remove_low_df
lợi_nhuận,4,0.0010732492621411322,remove_low_df
metoprolol,4,0.0010732492621411322,remove_low_df
minh_bạch,4,0.0010732492621411322,remove_low_df
mph,4,0.0010732492621411322,remove_low_df
màu_sắc,4,0.0010732492621411322,remove_low_df
mông,4,0.0010732492621411322,remove_low_df
mù_quáng,4,0.0010732492621411322,remove_low_df
mơ_mộng,4,0.0010732492621411322,remove_low_df
mơ_tưởng,4,0.0010732492621411322,remove_low_df
mượn,4,0.0010732492621411322,remove_low_df
mẫu_giáo,4,0.0010732492621411322,remove_low_df
mắt_cá,4,0.0010732492621411322,remove_low_df
mẹo,4,0.0010732492621411322,remove_low_df
mộ,4,0.0010732492621411322,remove_low_df
mờ_mịt,4,0.0010732492621411322,remove_low_df
mờ_nhạt,4,0.0010732492621411322,remove_low_df
mở_mắt,4,0.0010732492621411322,remove_low_df
mừng,4,0.0010732492621411322,remove_low_df
netflix,4,0.0010732492621411322,remove_low_df
never,4,0.0010732492621411322,remove_low_df
nghiêm_khắc,4,0.0010732492621411322,remove_low_df
nghẹt,4,0.0010732492621411322,remove_low_df
nghỉ_mát,4,0.0010732492621411322,remove_low_df
nguyên,4,0.0010732492621411322,remove_low_df
nguyền,4,0.0010732492621411322,remove_low_df
ngày_một,4,0.0010732492621411322,remove_low_df
ngây_thơ,4,0.0010732492621411322,remove_low_df
người_yêu_thương,4,0.0010732492621411322,remove_low_df
ngại_ngùng,4,0.0010732492621411322,remove_low_df
ngất,4,0.0010732492621411322,remove_low_df
ngấy,4,0.0010732492621411322,remove_low_df
ngầm,4,0.0010732492621411322,remove_low_df
ngắt,4,0.0010732492621411322,remove_low_df
nha_sĩ,4,0.0010732492621411322,remove_low_df
nhiệt_độ,4,0.0010732492621411322,remove_low_df
nhà_trẻ,4,0.0010732492621411322,remove_low_df
nhân_tạo,4,0.0010732492621411322,remove_low_df
nhãn,4,0.0010732492621411322,remove_low_df
nhìn_chung,4,0.0010732492621411322,remove_low_df
như_ai,4,0.0010732492621411322,remove_low_df
nhịp_độ,4,0.0010732492621411322,remove_low_df
nhục_nhã,4,0.0010732492621411322,remove_low_df
nunca,4,0.0010732492621411322,remove_low_df
nuông_chiều,4,0.0010732492621411322,remove_low_df
nản_lòng,4,0.0010732492621411322,remove_low_df
patrick,4,0.0010732492621411322,remove_low_df
phai_nhạt,4,0.0010732492621411322,remove_low_df
phiêu_lưu,4,0.0010732492621411322,remove_low_df
phiền_toái,4,0.0010732492621411322,remove_low_df
phong_cách,4,0.0010732492621411322,remove_low_df
phát_biểu,4,0.0010732492621411322,remove_low_df
phân_vân,4,0.0010732492621411322,remove_low_df
phê,4,0.0010732492621411322,remove_low_df
phòng_chống,4,0.0010732492621411322,remove_low_df
phương_tiện,4,0.0010732492621411322,remove_low_df
phần_thưởng,4,0.0010732492621411322,remove_low_df
phẳng,4,0.0010732492621411322,remove_low_df
phổ,4,0.0010732492621411322,remove_low_df
playlist,4,0.0010732492621411322,remove_low_df
profile,4,0.0010732492621411322,remove_low_df
qua_lại,4,0.0010732492621411322,remove_low_df
quái,4,0.0010732492621411322,remove_low_df
riêng_biệt,4,0.0010732492621411322,remove_low_df
rõ_rệt,4,0.0010732492621411322,remove_low_df
rối_loạn_chức_năng,4,0.0010732492621411322,remove_low_df
rộng_lớn,4,0.0010732492621411322,remove_low_df
rộng_mở,4,0.0010732492621411322,remove_low_df
rụng,4,0.0010732492621411322,remove_low_df
sa_mạc,4,0.0010732492621411322,remove_low_df
say_mèm,4,0.0010732492621411322,remove_low_df
sexy,4,0.0010732492621411322,remove_low_df
star,4,0.0010732492621411322,remove_low_df
sát_nhân,4,0.0010732492621411322,remove_low_df
sót,4,0.0010732492621411322,remove_low_df
sông,4,0.0010732492621411322,remove_low_df
sơ_sinh,4,0.0010732492621411322,remove_low_df
sườn,4,0.0010732492621411322,remove_low_df
sống_còn,4,0.0010732492621411322,remove_low_df
sức_sống,4,0.0010732492621411322,remove_low_df
tan_rã,4,0.0010732492621411322,remove_low_df
target,4,0.0010732492621411322,remove_low_df
tham_nhũng,4,0.0010732492621411322,remove_low_df
thanh_thiếu_niên,4,0.0010732492621411322,remove_low_df
thiêu,4,0.0010732492621411322,remove_low_df
thu_ngân,4,0.0010732492621411322,remove_low_df
thuật_ngữ,4,0.0010732492621411322,remove_low_df
thành_thạo,4,0.0010732492621411322,remove_low_df
thú,4,0.0010732492621411322,remove_low_df
thú_nhận,4,0.0010732492621411322,remove_low_df
thăm_khám,4,0.0010732492621411322,remove_low_df
thăng_bằng,4,0.0010732492621411322,remove_low_df
thơ,4,0.0010732492621411322,remove_low_df
thương_xót,4,0.0010732492621411322,remove_low_df
thả,4,0.0010732492621411322,remove_low_df
thận,4,0.0010732492621411322,remove_low_df
thở_dài,4,0.0010732492621411322,remove_low_df
thở_dốc,4,0.0010732492621411322,remove_low_df
thợ,4,0.0010732492621411322,remove_low_df
thừa,4,0.0010732492621411322,remove_low_df
tic,4,0.0010732492621411322,remove_low_df
tiếng_động,4,0.0010732492621411322,remove_low_df
tiệc_tùng,4,0.0010732492621411322,remove_low_df
toán,4,0.0010732492621411322,remove_low_df
toát,4,0.0010732492621411322,remove_low_df
trung_quốc,4,0.0010732492621411322,remove_low_df
trà,4,0.0010732492621411322,remove_low_df
tràn_đầy,4,0.0010732492621411322,remove_low_df
trào,4,0.0010732492621411322,remove_low_df
trán,4,0.0010732492621411322,remove_low_df
trấn_tĩnh,4,0.0010732492621411322,remove_low_df
trần,4,0.0010732492621411322,remove_low_df
trọng_lượng,4,0.0010732492621411322,remove_low_df
trộm,4,0.0010732492621411322,remove_low_df
trớ_trêu,4,0.0010732492621411322,remove_low_df
type,4,0.0010732492621411322,remove_low_df
tàn_khốc,4,0.0010732492621411322,remove_low_df
tàu_hoả,4,0.0010732492621411322,remove_low_df
tác_phẩm,4,0.0010732492621411322,remove_low_df
tái,4,0.0010732492621411322,remove_low_df
tín_hiệu,4,0.0010732492621411322,remove_low_df
tính_toán,4,0.0010732492621411322,remove_low_df
tăng_tốc,4,0.0010732492621411322,remove_low_df
tĩnh_lặng,4,0.0010732492621411322,remove_low_df
tương_đương,4,0.0010732492621411322,remove_low_df
tầm_thường,4,0.0010732492621411322,remove_low_df
tận_thế,4,0.0010732492621411322,remove_low_df
tẻ_nhạt,4,0.0010732492621411322,remove_low_df
tốn_kém,4,0.0010732492621411322,remove_low_df
tồi_tàn,4,0.0010732492621411322,remove_low_df
tự_vệ,4,0.0010732492621411322,remove_low_df
uber,4,0.0010732492621411322,remove_low_df
uể_oải,4,0.0010732492621411322,remove_low_df
va_chạm,4,0.0010732492621411322,remove_low_df
vhulivhadza,4,0.0010732492621411322,remove_low_df
virus,4,0.0010732492621411322,remove_low_df
vitamin,4,0.0010732492621411322,remove_low_df
viết_lách,4,0.0010732492621411322,remove_low_df
vô_cớ,4,0.0010732492621411322,remove_low_df
vô_định,4,0.0010732492621411322,remove_low_df
văn_bản,4,0.0010732492621411322,remove_low_df
vũng,4,0.0010732492621411322,remove_low_df
vấp_ngã,4,0.0010732492621411322,remove_low_df
vận_hành,4,0.0010732492621411322,remove_low_df
vật_dụng,4,0.0010732492621411322,remove_low_df
vắng,4,0.0010732492621411322,remove_low_df
vội_vàng,4,0.0010732492621411322,remove_low_df
vừa_phải,4,0.0010732492621411322,remove_low_df
vừa_rồi,4,0.0010732492621411322,remove_low_df
walmart,4,0.0010732492621411322,remove_low_df
whisky,4,0.0010732492621411322,remove_low_df
xa_xôi,4,0.0010732492621411322,remove_low_df
xu,4,0.0010732492621411322,remove_low_df
xuất_viện,4,0.0010732492621411322,remove_low_df
xuống_đường,4,0.0010732492621411322,remove_low_df
xáo_trộn,4,0.0010732492621411322,remove_low_df
xây,4,0.0010732492621411322,remove_low_df
xã_giao,4,0.0010732492621411322,remove_low_df
y_khoa,4,0.0010732492621411322,remove_low_df
yêu_quý,4,0.0010732492621411322,remove_low_df
zombie,4,0.0010732492621411322,remove_low_df
ùa,4,0.0010732492621411322,remove_low_df
út,4,0.0010732492621411322,remove_low_df
điều_tra,4,0.0010732492621411322,remove_low_df
đo,4,0.0010732492621411322,remove_low_df
đàn,4,0.0010732492621411322,remove_low_df
đói_khát,4,0.0010732492621411322,remove_low_df
đón_nhận,4,0.0010732492621411322,remove_low_df
đĩa,4,0.0010732492621411322,remove_low_df
đơn_thân,4,0.0010732492621411322,remove_low_df
đường_cao_tốc,4,0.0010732492621411322,remove_low_df
đại_dương,4,0.0010732492621411322,remove_low_df
đắp,4,0.0010732492621411322,remove_low_df
đằng_đẵng,4,0.0010732492621411322,remove_low_df
đặc_quyền,4,0.0010732492621411322,remove_low_df
đến_nỗi,4,0.0010732492621411322,remove_low_df
địt_mẹ,4,0.0010732492621411322,remove_low_df
đối_tác,4,0.0010732492621411322,remove_low_df
đồ_chơi,4,0.0010732492621411322,remove_low_df
đồi,4,0.0010732492621411322,remove_low_df
đồng_hồ_báo_thức,4,0.0010732492621411322,remove_low_df
đột_nhập,4,0.0010732492621411322,remove_low_df
đựng,4,0.0010732492621411322,remove_low_df
ấn_độ,4,0.0010732492621411322,remove_low_df
ẩn,4,0.0010732492621411322,remove_low_df
aa,3,0.0008049369466058492,remove_low_df
anh_đào,3,0.0008049369466058492,remove_low_df
anxiety,3,0.0008049369466058492,remove_low_df
ba_lan,3,0.0008049369466058492,remove_low_df
be,3,0.0008049369466058492,remove_low_df
benzos,3,0.0008049369466058492,remove_low_df
beta,3,0.0008049369466058492,remove_low_df
bi_kịch,3,0.0008049369466058492,remove_low_df
biên_kịch,3,0.0008049369466058492,remove_low_df
biết_bao,3,0.0008049369466058492,remove_low_df
biểu_diễn,3,0.0008049369466058492,remove_low_df
biểu_tượng,3,0.0008049369466058492,remove_low_df
biệt_danh,3,0.0008049369466058492,remove_low_df
bongani,3,0.0008049369466058492,remove_low_df
boom,3,0.0008049369466058492,remove_low_df
brazil,3,0.0008049369466058492,remove_low_df
bumble,3,0.0008049369466058492,remove_low_df
buộc_tội,3,0.0008049369466058492,remove_low_df
bào_chữa,3,0.0008049369466058492,remove_low_df
bóc_lột,3,0.0008049369466058492,remove_low_df
bóng_rổ,3,0.0008049369466058492,remove_low_df
bóp,3,0.0008049369466058492,remove_low_df
bơi_lội,3,0.0008049369466058492,remove_low_df
bướm,3,0.0008049369466058492,remove_low_df
bản_sắc,3,0.0008049369466058492,remove_low_df
bảng,3,0.0008049369466058492,remove_low_df
bảo_hiểm_nhân_thọ,3,0.0008049369466058492,remove_low_df
bảo_trì,3,0.0008049369466058492,remove_low_df
bấm,3,0.0008049369466058492,remove_low_df
bấp_bênh,3,0.0008049369466058492,remove_low_df
bất_ổn,3,0.0008049369466058492,remove_low_df
bẩn,3,0.0008049369466058492,remove_low_df
bẫy,3,0.0008049369466058492,remove_low_df
bắc,3,0.0008049369466058492,remove_low_df
bắt_chuyện,3,0.0008049369466058492,remove_low_df
bắt_cóc,3,0.0008049369466058492,remove_low_df
bền_vững,3,0.0008049369466058492,remove_low_df
bịa,3,0.0008049369466058492,remove_low_df
bỏ_dở,3,0.0008049369466058492,remove_low_df
bốc_đồng,3,0.0008049369466058492,remove_low_df
bộc_lộ,3,0.0008049369466058492,remove_low_df
canada,3,0.0008049369466058492,remove_low_df
cao_to,3,0.0008049369466058492,remove_low_df
cao_tuổi,3,0.0008049369466058492,remove_low_df
cao_tầng,3,0.0008049369466058492,remove_low_df
carbohydrate,3,0.0008049369466058492,remove_low_df
chia_rẽ,3,0.0008049369466058492,remove_low_df
chim,3,0.0008049369466058492,remove_low_df
chiến_lược,3,0.0008049369466058492,remove_low_df
cho_rồi,3,0.0008049369466058492,remove_low_df
chuộc,3,0.0008049369466058492,remove_low_df
chào_mừng,3,0.0008049369466058492,remove_low_df
chân_thật,3,0.0008049369466058492,remove_low_df
chân_thực,3,0.0008049369466058492,remove_low_df
chính_sách,3,0.0008049369466058492,remove_low_df
chôn_cất,3,0.0008049369466058492,remove_low_df
chậu,3,0.0008049369466058492,remove_low_df
chặng,3,0.0008049369466058492,remove_low_df
chẹn,3,0.0008049369466058492,remove_low_df
chỉ_dẫn,3,0.0008049369466058492,remove_low_df
chị_em,3,0.0008049369466058492,remove_low_df
clonazepam,3,0.0008049369466058492,remove_low_df
clonidine,3,0.0008049369466058492,remove_low_df
con_ruột,3,0.0008049369466058492,remove_low_df
concert,3,0.0008049369466058492,remove_low_df
cuốn_hút,3,0.0008049369466058492,remove_low_df
cuộn,3,0.0008049369466058492,remove_low_df
cám_dỗ,3,0.0008049369466058492,remove_low_df
cáo_buộc,3,0.0008049369466058492,remove_low_df
cò,3,0.0008049369466058492,remove_low_df
công_lập,3,0.0008049369466058492,remove_low_df
công_tác,3,0.0008049369466058492,remove_low_df
cưới,3,0.0008049369466058492,remove_low_df
cạo,3,0.0008049369466058492,remove_low_df
cấp_độ,3,0.0008049369466058492,remove_low_df
cất,3,0.0008049369466058492,remove_low_df
cầu_hôn,3,0.0008049369466058492,remove_low_df
cỏ,3,0.0008049369466058492,remove_low_df
cổ_tay,3,0.0008049369466058492,remove_low_df
cứng_đờ,3,0.0008049369466058492,remove_low_df
cử_chỉ,3,0.0008049369466058492,remove_low_df
danh_giá,3,0.0008049369466058492,remove_low_df
dee,3,0.0008049369466058492,remove_low_df
diazepam,3,0.0008049369466058492,remove_low_df
dil,3,0.0008049369466058492,remove_low_df
dinh_dưỡng,3,0.0008049369466058492,remove_low_df
dlomo,3,0.0008049369466058492,remove_low_df
doanh_nghiệp,3,0.0008049369466058492,remove_low_df
du_học,3,0.0008049369466058492,remove_low_df
dài_dằng_dặc,3,0.0008049369466058492,remove_low_df
dân_số,3,0.0008049369466058492,remove_low_df
dược_phẩm,3,0.0008049369466058492,remove_low_df
dại,3,0.0008049369466058492,remove_low_df
dấu_vết,3,0.0008049369466058492,remove_low_df
dập,3,0.0008049369466058492,remove_low_df
dụ_dỗ,3,0.0008049369466058492,remove_low_df
dự_bị,3,0.0008049369466058492,remove_low_df
dự_kiến,3,0.0008049369466058492,remove_low_df
dự_phòng,3,0.0008049369466058492,remove_low_df
dựng,3,0.0008049369466058492,remove_low_df
emetophobia,3,0.0008049369466058492,remove_low_df
euro,3,0.0008049369466058492,remove_low_df
eyed,3,0.0008049369466058492,remove_low_df
ghi_âm,3,0.0008049369466058492,remove_low_df
ghét_cay_ghét_đắng,3,0.0008049369466058492,remove_low_df
gia_vị,3,0.0008049369466058492,remove_low_df
giam,3,0.0008049369466058492,remove_low_df
giáo_phái,3,0.0008049369466058492,remove_low_df
giải_phóng,3,0.0008049369466058492,remove_low_df
giới_nghiêm,3,0.0008049369466058492,remove_low_df
gt,3,0.0008049369466058492,remove_low_df
gõ_cửa,3,0.0008049369466058492,remove_low_df
gợi,3,0.0008049369466058492,remove_low_df
hey,3,0.0008049369466058492,remove_low_df
hiển_nhiên,3,0.0008049369466058492,remove_low_df
hiện_trường,3,0.0008049369466058492,remove_low_df
hiệu_suất,3,0.0008049369466058492,remove_low_df
hiệu_ứng,3,0.0008049369466058492,remove_low_df
hoa_mỹ,3,0.0008049369466058492,remove_low_df
hoà_bình,3,0.0008049369466058492,remove_low_df
hoà_thuận,3,0.0008049369466058492,remove_low_df
hoàng_hôn,3,0.0008049369466058492,remove_low_df
huyết_áp_cao,3,0.0008049369466058492,remove_low_df
huyền_thoại,3,0.0008049369466058492,remove_low_df
hàng_loạt,3,0.0008049369466058492,remove_low_df
hành_chính,3,0.0008049369466058492,remove_low_df
hành_lang,3,0.0008049369466058492,remove_low_df
hâm_mộ,3,0.0008049369466058492,remove_low_df
hình_dạng,3,0.0008049369466058492,remove_low_df
hô_hấp,3,0.0008049369466058492,remove_low_df
hôi,3,0.0008049369466058492,remove_low_df
hôn_mê,3,0.0008049369466058492,remove_low_df
hương_vị,3,0.0008049369466058492,remove_low_df
hạng,3,0.0008049369466058492,remove_low_df
hấp_hối,3,0.0008049369466058492,remove_low_df
học_phí,3,0.0008049369466058492,remove_low_df
học_đường,3,0.0008049369466058492,remove_low_df
họng,3,0.0008049369466058492,remove_low_df
hỏi_câu_hỏi,3,0.0008049369466058492,remove_low_df
ibuprofen,3,0.0008049369466058492,remove_low_df
icu,3,0.0008049369466058492,remove_low_df
inch,3,0.0008049369466058492,remove_low_df
instacart,3,0.0008049369466058492,remove_low_df
khinh_thường,3,0.0008049369466058492,remove_low_df
khoái_cảm,3,0.0008049369466058492,remove_low_df
khung,3,0.0008049369466058492,remove_low_df
khuôn_viên,3,0.0008049369466058492,remove_low_df
khác_thường,3,0.0008049369466058492,remove_low_df
kháng_cự,3,0.0008049369466058492,remove_low_df
khát_vọng,3,0.0008049369466058492,remove_low_df
khó_lòng,3,0.0008049369466058492,remove_low_df
khôi_phục,3,0.0008049369466058492,remove_low_df
khôn_ngoan,3,0.0008049369466058492,remove_low_df
khắc_nghiệt,3,0.0008049369466058492,remove_low_df
khối_lượng,3,0.0008049369466058492,remove_low_df
khủng_bố,3,0.0008049369466058492,remove_low_df
kim,3,0.0008049369466058492,remove_low_df
kinh,3,0.0008049369466058492,remove_low_df
kiên_quyết,3,0.0008049369466058492,remove_low_df
kiêng,3,0.0008049369466058492,remove_low_df
klonopin,3,0.0008049369466058492,remove_low_df
ký_tên,3,0.0008049369466058492,remove_low_df
kỹ_thuật_số,3,0.0008049369466058492,remove_low_df
lau,3,0.0008049369466058492,remove_low_df
lbs,3,0.0008049369466058492,remove_low_df
lego,3,0.0008049369466058492,remove_low_df
like,3,0.0008049369466058492,remove_low_df
lithium,3,0.0008049369466058492,remove_low_df
liệt_kê,3,0.0008049369466058492,remove_low_df
liệu_trình,3,0.0008049369466058492,remove_low_df
loài,3,0.0008049369466058492,remove_low_df
luyện_tập,3,0.0008049369466058492,remove_low_df
luật_pháp,3,0.0008049369466058492,remove_low_df
lyrica,3,0.0008049369466058492,remove_low_df
làm_lành,3,0.0008049369466058492,remove_low_df
làm_tình,3,0.0008049369466058492,remove_low_df
lây_nhiễm,3,0.0008049369466058492,remove_low_df
lén_lút,3,0.0008049369466058492,remove_low_df
lên_tay,3,0.0008049369466058492,remove_low_df
lên_tiếng,3,0.0008049369466058492,remove_low_df
lì,3,0.0008049369466058492,remove_low_df
lóe,3,0.0008049369466058492,remove_low_df
lăng_mạ,3,0.0008049369466058492,remove_low_df
lương_tâm,3,0.0008049369466058492,remove_low_df
lạm_phát,3,0.0008049369466058492,remove_low_df
lắc,3,0.0008049369466058492,remove_low_df
lễ_tân,3,0.0008049369466058492,remove_low_df
lọc,3,0.0008049369466058492,remove_low_df
lỗ,3,0.0008049369466058492,remove_low_df
lục_soát,3,0.0008049369466058492,remove_low_df
lừa_đảo,3,0.0008049369466058492,remove_low_df
maine,3,0.0008049369466058492,remove_low_df
mania,3,0.0008049369466058492,remove_low_df
masithoko,3,0.0008049369466058492,remove_low_df
massage,3,0.0008049369466058492,remove_low_df
mcdonald,3,0.0008049369466058492,remove_low_df
melatonin,3,0.0008049369466058492,remove_low_df
mexico,3,0.0008049369466058492,remove_low_df
morphine,3,0.0008049369466058492,remove_low_df
mái_tóc,3,0.0008049369466058492,remove_low_df
môi,3,0.0008049369466058492,remove_low_df
mơ_màng,3,0.0008049369466058492,remove_low_df
mạo_danh,3,0.0008049369466058492,remove_low_df
mẹ_kế,3,0.0008049369466058492,remove_low_df
mềm_mại,3,0.0008049369466058492,remove_low_df
mệt,3,0.0008049369466058492,remove_low_df
một_chiều,3,0.0008049369466058492,remove_low_df
mới_đây,3,0.0008049369466058492,remove_low_df
mỡ,3,0.0008049369466058492,remove_low_df
mụ_mị,3,0.0008049369466058492,remove_low_df
nam_tính,3,0.0008049369466058492,remove_low_df
new,3,0.0008049369466058492,remove_low_df
nga,3,0.0008049369466058492,remove_low_df
nghiến,3,0.0008049369466058492,remove_low_df
nghiền,3,0.0008049369466058492,remove_low_df
nghiệp_báo,3,0.0008049369466058492,remove_low_df
nghiệp_dư,3,0.0008049369466058492,remove_low_df
nghĩa_vụ,3,0.0008049369466058492,remove_low_df
ngoan,3,0.0008049369466058492,remove_low_df
ngoại_khoá,3,0.0008049369466058492,remove_low_df
ngoại_lệ,3,0.0008049369466058492,remove_low_df
nguỵ_trang,3,0.0008049369466058492,remove_low_df
ngân_sách,3,0.0008049369466058492,remove_low_df
ngăn_ngừa,3,0.0008049369466058492,remove_low_df
ngần_ngại,3,0.0008049369466058492,remove_low_df
ngắm,3,0.0008049369466058492,remove_low_df
ngắn_hạn,3,0.0008049369466058492,remove_low_df
ngột_ngạt,3,0.0008049369466058492,remove_low_df
ngụ_ý,3,0.0008049369466058492,remove_low_df
ngủ_gật,3,0.0008049369466058492,remove_low_df
nhiệt_tình,3,0.0008049369466058492,remove_low_df
nhà_báo,3,0.0008049369466058492,remove_low_df
nhà_riêng,3,0.0008049369466058492,remove_low_df
nhân_phẩm,3,0.0008049369466058492,remove_low_df
nhân_sự,3,0.0008049369466058492,remove_low_df
nhóc,3,0.0008049369466058492,remove_low_df
nhấn_chìm,3,0.0008049369466058492,remove_low_df
nhấn_mạnh,3,0.0008049369466058492,remove_low_df
nhầm_lẫn,3,0.0008049369466058492,remove_low_df
nhật_ký,3,0.0008049369466058492,remove_low_df
nhịn_đói,3,0.0008049369466058492,remove_low_df
nhỏ_nhen,3,0.0008049369466058492,remove_low_df
nude,3,0.0008049369466058492,remove_low_df
nãy,3,0.0008049369466058492,remove_low_df
nặng_trĩu,3,0.0008049369466058492,remove_low_df
nội_soi,3,0.0008049369466058492,remove_low_df
ole,3,0.0008049369466058492,remove_low_df
on,3,0.0008049369466058492,remove_low_df
org,3,0.0008049369466058492,remove_low_df
paroxetine,3,0.0008049369466058492,remove_low_df
phiếu,3,0.0008049369466058492,remove_low_df
phong_toả,3,0.0008049369466058492,remove_low_df
pháp_lý,3,0.0008049369466058492,remove_low_df
phì,3,0.0008049369466058492,remove_low_df
phơi_bày,3,0.0008049369466058492,remove_low_df
phương_án,3,0.0008049369466058492,remove_low_df
phạm,3,0.0008049369466058492,remove_low_df
phạt,3,0.0008049369466058492,remove_low_df
phản_xạ,3,0.0008049369466058492,remove_low_df
phản_ánh,3,0.0008049369466058492,remove_low_df
phố,3,0.0008049369466058492,remove_low_df
phụ_trách,3,0.0008049369466058492,remove_low_df
phủ,3,0.0008049369466058492,remove_low_df
quyên_góp,3,0.0008049369466058492,remove_low_df
quyền_lực,3,0.0008049369466058492,remove_low_df
quân_sự,3,0.0008049369466058492,remove_low_df
quỹ_đạo,3,0.0008049369466058492,remove_low_df
remeron,3,0.0008049369466058492,remove_low_df
rexulti,3,0.0008049369466058492,remove_low_df
rishi,3,0.0008049369466058492,remove_low_df
robot,3,0.0008049369466058492,remove_low_df
rung_động,3,0.0008049369466058492,remove_low_df
ruột_thừa,3,0.0008049369466058492,remove_low_df
rác_thải,3,0.0008049369466058492,remove_low_df
rèm,3,0.0008049369466058492,remove_low_df
rèn_luyện,3,0.0008049369466058492,remove_low_df
răng_khôn,3,0.0008049369466058492,remove_low_df
rảnh,3,0.0008049369466058492,remove_low_df
rụi,3,0.0008049369466058492,remove_low_df
sang_trọng,3,0.0008049369466058492,remove_low_df
say_sưa,3,0.0008049369466058492,remove_low_df
say_đắm,3,0.0008049369466058492,remove_low_df
sinh_dục,3,0.0008049369466058492,remove_low_df
sinh_lý,3,0.0008049369466058492,remove_low_df
spotify,3,0.0008049369466058492,remove_low_df
st,3,0.0008049369466058492,remove_low_df
suy_diễn,3,0.0008049369466058492,remove_low_df
suy_luận,3,0.0008049369466058492,remove_low_df
sét,3,0.0008049369466058492,remove_low_df
sóng_gió,3,0.0008049369466058492,remove_low_df
sơn,3,0.0008049369466058492,remove_low_df
sốt,3,0.0008049369466058492,remove_low_df
tang_thương,3,0.0008049369466058492,remove_low_df
than,3,0.0008049369466058492,remove_low_df
thc,3,0.0008049369466058492,remove_low_df
thiên_nhiên,3,0.0008049369466058492,remove_low_df
thiết_lập,3,0.0008049369466058492,remove_low_df
thuyền_trưởng,3,0.0008049369466058492,remove_low_df
thuần_tuý,3,0.0008049369466058492,remove_low_df
thuận_lợi,3,0.0008049369466058492,remove_low_df
thành_phần,3,0.0008049369466058492,remove_low_df
tháng_một,3,0.0008049369466058492,remove_low_df
tháng_ngày,3,0.0008049369466058492,remove_low_df
thân_ái,3,0.0008049369466058492,remove_low_df
thèm_khát,3,0.0008049369466058492,remove_low_df
thìa,3,0.0008049369466058492,remove_low_df
thí_nghiệm,3,0.0008049369466058492,remove_low_df
thông_điệp,3,0.0008049369466058492,remove_low_df
thù_hận,3,0.0008049369466058492,remove_low_df
thú_y,3,0.0008049369466058492,remove_low_df
thư_viện,3,0.0008049369466058492,remove_low_df
thưa,3,0.0008049369466058492,remove_low_df
thương_cảm,3,0.0008049369466058492,remove_low_df
thưởng,3,0.0008049369466058492,remove_low_df
thấp_kém,3,0.0008049369466058492,remove_low_df
thần_kỳ,3,0.0008049369466058492,remove_low_df
thầy_cô,3,0.0008049369466058492,remove_low_df
thời_hạn,3,0.0008049369466058492,remove_low_df
thực_thể,3,0.0008049369466058492,remove_low_df
tiến_hành,3,0.0008049369466058492,remove_low_df
tiếp_thu,3,0.0008049369466058492,remove_low_df
tiếp_thị,3,0.0008049369466058492,remove_low_df
tiền_vệ,3,0.0008049369466058492,remove_low_df
tiểu,3,0.0008049369466058492,remove_low_df
tiện_lợi,3,0.0008049369466058492,remove_low_df
tolu,3,0.0008049369466058492,remove_low_df
toàn_cầu,3,0.0008049369466058492,remove_low_df
toàn_văn,3,0.0008049369466058492,remove_low_df
toán_học,3,0.0008049369466058492,remove_low_df
trang_bị,3,0.0008049369466058492,remove_low_df
trang_điểm,3,0.0008049369466058492,remove_low_df
traumas,3,0.0008049369466058492,remove_low_df
tro,3,0.0008049369466058492,remove_low_df
trong_sáng,3,0.0008049369466058492,remove_low_df
trung_gian,3,0.0008049369466058492,remove_low_df
trung_niên,3,0.0008049369466058492,remove_low_df
trung_thực,3,0.0008049369466058492,remove_low_df
truyền_hình,3,0.0008049369466058492,remove_low_df
truyền_thống,3,0.0008049369466058492,remove_low_df
truyện_tranh,3,0.0008049369466058492,remove_low_df
trái_ngược,3,0.0008049369466058492,remove_low_df
trêu,3,0.0008049369466058492,remove_low_df
trò_cười,3,0.0008049369466058492,remove_low_df
trùng_hợp,3,0.0008049369466058492,remove_low_df
trước_hết,3,0.0008049369466058492,remove_low_df
trượt_tuyết,3,0.0008049369466058492,remove_low_df
trả_thù,3,0.0008049369466058492,remove_low_df
trầm_lặng,3,0.0008049369466058492,remove_low_df
trầy_xước,3,0.0008049369466058492,remove_low_df
trị_giá,3,0.0008049369466058492,remove_low_df
trộm_cắp,3,0.0008049369466058492,remove_low_df
trụ,3,0.0008049369466058492,remove_low_df
tài_trợ,3,0.0008049369466058492,remove_low_df
tàn_bạo,3,0.0008049369466058492,remove_low_df
tàu_điện_ngầm,3,0.0008049369466058492,remove_low_df
tá,3,0.0008049369466058492,remove_low_df
tác_nhân,3,0.0008049369466058492,remove_low_df
tái_hiện,3,0.0008049369466058492,remove_low_df
táo_bón,3,0.0008049369466058492,remove_low_df
tây_ban_nha,3,0.0008049369466058492,remove_low_df
tê_tê,3,0.0008049369466058492,remove_low_df
tình_nguyện,3,0.0008049369466058492,remove_low_df
tím,3,0.0008049369466058492,remove_low_df
tính_mạng,3,0.0008049369466058492,remove_low_df
tôi_tối,3,0.0008049369466058492,remove_low_df
tôi_đòi,3,0.0008049369466058492,remove_low_df
tù,3,0.0008049369466058492,remove_low_df
tù_nhân,3,0.0008049369466058492,remove_low_df
túi_xách,3,0.0008049369466058492,remove_low_df
tư_duy,3,0.0008049369466058492,remove_low_df
tư_thế,3,0.0008049369466058492,remove_low_df
tước,3,0.0008049369466058492,remove_low_df
tước_đoạt,3,0.0008049369466058492,remove_low_df
tạ,3,0.0008049369466058492,remove_low_df
tả,3,0.0008049369466058492,remove_low_df
tần_suất,3,0.0008049369466058492,remove_low_df
tẩy_chay,3,0.0008049369466058492,remove_low_df
tận_dụng,3,0.0008049369466058492,remove_low_df
tỏa,3,0.0008049369466058492,remove_low_df
tống_tiền,3,0.0008049369466058492,remove_low_df
tổng_cộng,3,0.0008049369466058492,remove_low_df
tổng_hợp,3,0.0008049369466058492,remove_low_df
tổng_quan,3,0.0008049369466058492,remove_low_df
từ_chức,3,0.0008049369466058492,remove_low_df
từ_khoá,3,0.0008049369466058492,remove_low_df
tự_hành,3,0.0008049369466058492,remove_low_df
tự_xưng,3,0.0008049369466058492,remove_low_df
tỷ,3,0.0008049369466058492,remove_low_df
valentine,3,0.0008049369466058492,remove_low_df
van,3,0.0008049369466058492,remove_low_df
vancouver,3,0.0008049369466058492,remove_low_df
vang,3,0.0008049369466058492,remove_low_df
vi_khuẩn,3,0.0008049369466058492,remove_low_df
viện_phí,3,0.0008049369466058492,remove_low_df
voi,3,0.0008049369466058492,remove_low_df
vàng,3,0.0008049369466058492,remove_low_df
vân_vân,3,0.0008049369466058492,remove_low_df
vòng_quanh,3,0.0008049369466058492,remove_low_df
vô_thần,3,0.0008049369466058492,remove_low_df
vô_tính,3,0.0008049369466058492,remove_low_df
vô_tư,3,0.0008049369466058492,remove_low_df
vô_tội,3,0.0008049369466058492,remove_low_df
vô_độ,3,0.0008049369466058492,remove_low_df
vú,3,0.0008049369466058492,remove_low_df
vĩ_đại,3,0.0008049369466058492,remove_low_df
vĩnh_hằng,3,0.0008049369466058492,remove_low_df
vượt_trội,3,0.0008049369466058492,remove_low_df
vạch,3,0.0008049369466058492,remove_low_df
vật_thể,3,0.0008049369466058492,remove_low_df
vừa_vặn,3,0.0008049369466058492,remove_low_df
wiki,3,0.0008049369466058492,remove_low_df
xa_rời,3,0.0008049369466058492,remove_low_df
xe_lăn,3,0.0008049369466058492,remove_low_df
xen_lẫn,3,0.0008049369466058492,remove_low_df
xoa_dịu,3,0.0008049369466058492,remove_low_df
xoang,3,0.0008049369466058492,remove_low_df
xoăn,3,0.0008049369466058492,remove_low_df
xr,3,0.0008049369466058492,remove_low_df
xuất_thân,3,0.0008049369466058492,remove_low_df
xà_phòng,3,0.0008049369466058492,remove_low_df
xâm_phạm,3,0.0008049369466058492,remove_low_df
xếp_hạng,3,0.0008049369466058492,remove_low_df
y_học,3,0.0008049369466058492,remove_low_df
york,3,0.0008049369466058492,remove_low_df
á_đông,3,0.0008049369466058492,remove_low_df
áp_bức,3,0.0008049369466058492,remove_low_df
âm,3,0.0008049369466058492,remove_low_df
âm_lượng,3,0.0008049369466058492,remove_low_df
ô_tô,3,0.0008049369466058492,remove_low_df
ăn_kiêng,3,0.0008049369466058492,remove_low_df
ăn_mừng,3,0.0008049369466058492,remove_low_df
ăn_ở,3,0.0008049369466058492,remove_low_df
đi_sâu,3,0.0008049369466058492,remove_low_df
điều_khiển,3,0.0008049369466058492,remove_low_df
điều_độ,3,0.0008049369466058492,remove_low_df
điểm_tựa,3,0.0008049369466058492,remove_low_df
điển_hình,3,0.0008049369466058492,remove_low_df
điển_trai,3,0.0008049369466058492,remove_low_df
đoàn_kết,3,0.0008049369466058492,remove_low_df
đàn_bà,3,0.0008049369466058492,remove_low_df
đám_cưới,3,0.0008049369466058492,remove_low_df
đánh_dấu,3,0.0008049369466058492,remove_low_df
đây_đó,3,0.0008049369466058492,remove_low_df
đòn,3,0.0008049369466058492,remove_low_df
đóng_băng,3,0.0008049369466058492,remove_low_df
đông_đúc,3,0.0008049369466058492,remove_low_df
đương_nhiên,3,0.0008049369466058492,remove_low_df
đại_sứ,3,0.0008049369466058492,remove_low_df
đại_tràng,3,0.0008049369466058492,remove_low_df
đảo_lộn,3,0.0008049369466058492,remove_low_df
đậu,3,0.0008049369466058492,remove_low_df
để_dành,3,0.0008049369466058492,remove_low_df
đỉnh,3,0.0008049369466058492,remove_low_df
định_kỳ,3,0.0008049369466058492,remove_low_df
định_tâm,3,0.0008049369466058492,remove_low_df
định_đoạt,3,0.0008049369466058492,remove_low_df
đồng,3,0.0008049369466058492,remove_low_df
động_mạch,3,0.0008049369466058492,remove_low_df
ưu_tiên,3,0.0008049369466058492,remove_low_df
ừm,3,0.0008049369466058492,remove_low_df
aarya,2,0.0005366246310705661,remove_low_df
abilify,2,0.0005366246310705661,remove_low_df
about,2,0.0005366246310705661,remove_low_df
adderall,2,0.0005366246310705661,remove_low_df
allah,2,0.0005366246310705661,remove_low_df
alone,2,0.0005366246310705661,remove_low_df
alzheimer,2,0.0005366246310705661,remove_low_df
amphetamine,2,0.0005366246310705661,remove_low_df
asd,2,0.0005366246310705661,remove_low_df
attack,2,0.0005366246310705661,remove_low_df
bao_cao_su,2,0.0005366246310705661,remove_low_df
bao_vây,2,0.0005366246310705661,remove_low_df
bata,2,0.0005366246310705661,remove_low_df
bbc,2,0.0005366246310705661,remove_low_df
benadryl,2,0.0005366246310705661,remove_low_df
berry,2,0.0005366246310705661,remove_low_df
better,2,0.0005366246310705661,remove_low_df
bi_thảm,2,0.0005366246310705661,remove_low_df
biolakazeem,2,0.0005366246310705661,remove_low_df
bipolar,2,0.0005366246310705661,remove_low_df
biết_nghĩ,2,0.0005366246310705661,remove_low_df
black,2,0.0005366246310705661,remove_low_df
boss,2,0.0005366246310705661,remove_low_df
boy,2,0.0005366246310705661,remove_low_df
brain,2,0.0005366246310705661,remove_low_df
bro,2,0.0005366246310705661,remove_low_df
buông_tha,2,0.0005366246310705661,remove_low_df
buông_thả,2,0.0005366246310705661,remove_low_df
bà_cụ,2,0.0005366246310705661,remove_low_df
bác_bỏ,2,0.0005366246310705661,remove_low_df
bánh,2,0.0005366246310705661,remove_low_df
bánh_mì,2,0.0005366246310705661,remove_low_df
bát_đĩa,2,0.0005366246310705661,remove_low_df
bè,2,0.0005366246310705661,remove_low_df
bé_bỏng,2,0.0005366246310705661,remove_low_df
bét,2,0.0005366246310705661,remove_low_df
bình_minh,2,0.0005366246310705661,remove_low_df
bí_ẩn,2,0.0005366246310705661,remove_low_df
bóp_cổ,2,0.0005366246310705661,remove_low_df
bôi,2,0.0005366246310705661,remove_low_df
bôi_nhọ,2,0.0005366246310705661,remove_low_df
bùa,2,0.0005366246310705661,remove_low_df
bú,2,0.0005366246310705661,remove_low_df
búp_bê,2,0.0005366246310705661,remove_low_df
băn_khoăn,2,0.0005366246310705661,remove_low_df
bạc,2,0.0005366246310705661,remove_low_df
bạch_cầu,2,0.0005366246310705661,remove_low_df
bảo_mật,2,0.0005366246310705661,remove_low_df
bất_hợp_pháp,2,0.0005366246310705661,remove_low_df
bất_mãn,2,0.0005366246310705661,remove_low_df
bất_tiện,2,0.0005366246310705661,remove_low_df
bất_tỉnh,2,0.0005366246310705661,remove_low_df
bất_động,2,0.0005366246310705661,remove_low_df
bắt_nguồn,2,0.0005366246310705661,remove_low_df
bằng_không,2,0.0005366246310705661,remove_low_df
bết,2,0.0005366246310705661,remove_low_df
bền_bỉ,2,0.0005366246310705661,remove_low_df
bể_bơi,2,0.0005366246310705661,remove_low_df
bị_chú,2,0.0005366246310705661,remove_low_df
bị_cáo,2,0.0005366246310705661,remove_low_df
bịa_đặt,2,0.0005366246310705661,remove_low_df
bỏ_quá,2,0.0005366246310705661,remove_low_df
bồn_tắm,2,0.0005366246310705661,remove_low_df
bồng_bềnh,2,0.0005366246310705661,remove_low_df
bỗng_dưng,2,0.0005366246310705661,remove_low_df
bộ_đồ,2,0.0005366246310705661,remove_low_df
bừa_bãi,2,0.0005366246310705661,remove_low_df
ca_ngợi,2,0.0005366246310705661,remove_low_df
ca_sĩ,2,0.0005366246310705661,remove_low_df
calgary,2,0.0005366246310705661,remove_low_df
california,2,0.0005366246310705661,remove_low_df
call,2,0.0005366246310705661,remove_low_df
camera,2,0.0005366246310705661,remove_low_df
cao_cấp,2,0.0005366246310705661,remove_low_df
cao_trào,2,0.0005366246310705661,remove_low_df
cao_tốc,2,0.0005366246310705661,remove_low_df
cao_điểm,2,0.0005366246310705661,remove_low_df
cay_độc,2,0.0005366246310705661,remove_low_df
cbd,2,0.0005366246310705661,remove_low_df
cerebral,2,0.0005366246310705661,remove_low_df
che_lấp,2,0.0005366246310705661,remove_low_df
chicago,2,0.0005366246310705661,remove_low_df
chiến,2,0.0005366246310705661,remove_low_df
chiến_binh,2,0.0005366246310705661,remove_low_df
chiếu_phim,2,0.0005366246310705661,remove_low_df
chiều_chuộng,2,0.0005366246310705661,remove_low_df
cho_xong,2,0.0005366246310705661,remove_low_df
chocolate,2,0.0005366246310705661,remove_low_df
cholesterol,2,0.0005366246310705661,remove_low_df
chrissyxchi,2,0.0005366246310705661,remove_low_df
chu_đáo,2,0.0005366246310705661,remove_low_df
chuyên_khoa,2,0.0005366246310705661,remove_low_df
chuyên_môn,2,0.0005366246310705661,remove_low_df
chuyên_viên,2,0.0005366246310705661,remove_low_df
chuyển_hướng,2,0.0005366246310705661,remove_low_df
chà,2,0.0005366246310705661,remove_low_df
châm_biếm,2,0.0005366246310705661,remove_low_df
châu_phi,2,0.0005366246310705661,remove_low_df
chín_chắn,2,0.0005366246310705661,remove_low_df
chú_trọng,2,0.0005366246310705661,remove_low_df
chút_ít,2,0.0005366246310705661,remove_low_df
chưa_thể,2,0.0005366246310705661,remove_low_df
chấn_động,2,0.0005366246310705661,remove_low_df
chất_lỏng,2,0.0005366246310705661,remove_low_df
chậm_rãi,2,0.0005366246310705661,remove_low_df
chẳng_hạn,2,0.0005366246310705661,remove_low_df
chết_chóc,2,0.0005366246310705661,remove_low_df
chết_thật,2,0.0005366246310705661,remove_low_df
chết_đuối,2,0.0005366246310705661,remove_low_df
chỉ_định,2,0.0005366246310705661,remove_low_df
chốn,2,0.0005366246310705661,remove_low_df
chớp_mắt,2,0.0005366246310705661,remove_low_df
chủ_nghĩa,2,0.0005366246310705661,remove_low_df
chủ_nghĩa_hư_vô,2,0.0005366246310705661,remove_low_df
chủ_nghĩa_tư_bản,2,0.0005366246310705661,remove_low_df
chủ_quan,2,0.0005366246310705661,remove_low_df
city,2,0.0005366246310705661,remove_low_df
club,2,0.0005366246310705661,remove_low_df
con_nuôi,2,0.0005366246310705661,remove_low_df
con_rối,2,0.0005366246310705661,remove_low_df
contact,2,0.0005366246310705661,remove_low_df
cptsd,2,0.0005366246310705661,remove_low_df
craigf,2,0.0005366246310705661,remove_low_df
crohn,2,0.0005366246310705661,remove_low_df
cái_trò,2,0.0005366246310705661,remove_low_df
cây_cối,2,0.0005366246310705661,remove_low_df
có_lý,2,0.0005366246310705661,remove_low_df
cô_giáo,2,0.0005366246310705661,remove_low_df
côn_trùng,2,0.0005366246310705661,remove_low_df
công_nghiệp,2,0.0005366246310705661,remove_low_df
công_nhân,2,0.0005366246310705661,remove_low_df
cõi,2,0.0005366246310705661,remove_low_df
căn_cứ,2,0.0005366246310705661,remove_low_df
cũ_kỹ,2,0.0005366246310705661,remove_low_df
cơ_sở_dữ_liệu,2,0.0005366246310705661,remove_low_df
cơm,2,0.0005366246310705661,remove_low_df
cướp_bóc,2,0.0005366246310705661,remove_low_df
cảm_hứng,2,0.0005366246310705661,remove_low_df
cảnh_quan,2,0.0005366246310705661,remove_low_df
cảnh_tượng,2,0.0005366246310705661,remove_low_df
cảnh_tỉnh,2,0.0005366246310705661,remove_low_df
cầu_mong,2,0.0005366246310705661,remove_low_df
cẩu_thả,2,0.0005366246310705661,remove_low_df
cắm,2,0.0005366246310705661,remove_low_df
cố_định,2,0.0005366246310705661,remove_low_df
cống_hiến,2,0.0005366246310705661,remove_low_df
cốp,2,0.0005366246310705661,remove_low_df
cốt_lõi,2,0.0005366246310705661,remove_low_df
cổ_vũ,2,0.0005366246310705661,remove_low_df
cổ_điển,2,0.0005366246310705661,remove_low_df
cộng_hoà,2,0.0005366246310705661,remove_low_df
cởi,2,0.0005366246310705661,remove_low_df
cỡ,2,0.0005366246310705661,remove_low_df
cứu_tinh,2,0.0005366246310705661,remove_low_df
cử_động,2,0.0005366246310705661,remove_low_df
da_bọc_xương,2,0.0005366246310705661,remove_low_df
da_liễu,2,0.0005366246310705661,remove_low_df
dao_cạo,2,0.0005366246310705661,remove_low_df
dao_động,2,0.0005366246310705661,remove_low_df
day,2,0.0005366246310705661,remove_low_df
dbt,2,0.0005366246310705661,remove_low_df
delta,2,0.0005366246310705661,remove_low_df
denismcmichael,2,0.0005366246310705661,remove_low_df
depakote,2,0.0005366246310705661,remove_low_df
di_chúc,2,0.0005366246310705661,remove_low_df
di_động,2,0.0005366246310705661,remove_low_df
disorder,2,0.0005366246310705661,remove_low_df
diễn_xuất,2,0.0005366246310705661,remove_low_df
diệt_vong,2,0.0005366246310705661,remove_low_df
dung_túng,2,0.0005366246310705661,remove_low_df
dài_dòng,2,0.0005366246310705661,remove_low_df
dây_chuyền,2,0.0005366246310705661,remove_low_df
dây_thần_kinh,2,0.0005366246310705661,remove_low_df
dòng_chảy,2,0.0005366246310705661,remove_low_df
dấu,2,0.0005366246310705661,remove_low_df
dấu_ấn,2,0.0005366246310705661,remove_low_df
dầu_mỡ,2,0.0005366246310705661,remove_low_df
dậy_thì,2,0.0005366246310705661,remove_low_df
dọa,2,0.0005366246310705661,remove_low_df
dồn_nén,2,0.0005366246310705661,remove_low_df
dứt,2,0.0005366246310705661,remove_low_df
dữ_liệu,2,0.0005366246310705661,remove_low_df
ecg,2,0.0005366246310705661,remove_low_df
ed,2,0.0005366246310705661,remove_low_df
effexor,2,0.0005366246310705661,remove_low_df
ego,2,0.0005366246310705661,remove_low_df
emo,2,0.0005366246310705661,remove_low_df
endorphin,2,0.0005366246310705661,remove_low_df
ew,2,0.0005366246310705661,remove_low_df
ex,2,0.0005366246310705661,remove_low_df
fan,2,0.0005366246310705661,remove_low_df
fc,2,0.0005366246310705661,remove_low_df
feed,2,0.0005366246310705661,remove_low_df
femibello,2,0.0005366246310705661,remove_low_df
ferayegizemkurt,2,0.0005366246310705661,remove_low_df
ff,2,0.0005366246310705661,remove_low_df
fmla,2,0.0005366246310705661,remove_low_df
fr,2,0.0005366246310705661,remove_low_df
funny,2,0.0005366246310705661,remove_low_df
gabapentin,2,0.0005366246310705661,remove_low_df
gcse,2,0.0005366246310705661,remove_low_df
generally,2,0.0005366246310705661,remove_low_df
ghét_bỏ,2,0.0005366246310705661,remove_low_df
ghế_ngồi,2,0.0005366246310705661,remove_low_df
gia_hạn,2,0.0005366246310705661,remove_low_df
giai_điệu,2,0.0005366246310705661,remove_low_df
giao_thừa,2,0.0005366246310705661,remove_low_df
giàu,2,0.0005366246310705661,remove_low_df
giá_cả,2,0.0005366246310705661,remove_low_df
giám_sát,2,0.0005366246310705661,remove_low_df
giám_đốc,2,0.0005366246310705661,remove_low_df
giúp_việc,2,0.0005366246310705661,remove_low_df
giơ,2,0.0005366246310705661,remove_low_df
giả_mạo,2,0.0005366246310705661,remove_low_df
giả_thuyết,2,0.0005366246310705661,remove_low_df
giải_lao,2,0.0005366246310705661,remove_low_df
giải_thưởng,2,0.0005366246310705661,remove_low_df
giảng_dạy,2,0.0005366246310705661,remove_low_df
giảng_viên,2,0.0005366246310705661,remove_low_df
giọng_điệu,2,0.0005366246310705661,remove_low_df
giống_hệt,2,0.0005366246310705661,remove_low_df
giữ_gìn,2,0.0005366246310705661,remove_low_df
giữa_chừng,2,0.0005366246310705661,remove_low_df
golf,2,0.0005366246310705661,remove_low_df
gon,2,0.0005366246310705661,remove_low_df
gore,2,0.0005366246310705661,remove_low_df
got,2,0.0005366246310705661,remove_low_df
great,2,0.0005366246310705661,remove_low_df
grip,2,0.0005366246310705661,remove_low_df
gánh_chịu,2,0.0005366246310705661,remove_low_df
gân,2,0.0005366246310705661,remove_low_df
gây_gổ,2,0.0005366246310705661,remove_low_df
gấp_bội,2,0.0005366246310705661,remove_low_df
gập,2,0.0005366246310705661,remove_low_df
gật,2,0.0005366246310705661,remove_low_df
gậy,2,0.0005366246310705661,remove_low_df
gắn,2,0.0005366246310705661,remove_low_df
gằm,2,0.0005366246310705661,remove_low_df
gội,2,0.0005366246310705661,remove_low_df
gục,2,0.0005366246310705661,remove_low_df
hai_bàn_tay_trắng,2,0.0005366246310705661,remove_low_df
have,2,0.0005366246310705661,remove_low_df
hay_biết,2,0.0005366246310705661,remove_low_df
he,2,0.0005366246310705661,remove_low_df
heart,2,0.0005366246310705661,remove_low_df
hen_suyễn,2,0.0005366246310705661,remove_low_df
henry,2,0.0005366246310705661,remove_low_df
hispanic,2,0.0005366246310705661,remove_low_df
hiến,2,0.0005366246310705661,remove_low_df
hiệp_hội,2,0.0005366246310705661,remove_low_df
hoang_vắng,2,0.0005366246310705661,remove_low_df
holter,2,0.0005366246310705661,remove_low_df
hoà_hợp,2,0.0005366246310705661,remove_low_df
hoài_niệm,2,0.0005366246310705661,remove_low_df
hoành_tráng,2,0.0005366246310705661,remove_low_df
hoạt_tính,2,0.0005366246310705661,remove_low_df
hoả_táng,2,0.0005366246310705661,remove_low_df
ht,2,0.0005366246310705661,remove_low_df
hà_lan,2,0.0005366246310705661,remove_low_df
hàm_lượng,2,0.0005366246310705661,remove_low_df
hàng_hoá,2,0.0005366246310705661,remove_low_df
hàng_rào,2,0.0005366246310705661,remove_low_df
hành_nghề,2,0.0005366246310705661,remove_low_df
hình_dáng,2,0.0005366246310705661,remove_low_df
hưu_trí,2,0.0005366246310705661,remove_low_df
hưởng_lạc,2,0.0005366246310705661,remove_low_df
hải_quân,2,0.0005366246310705661,remove_low_df
hết_mình,2,0.0005366246310705661,remove_low_df
hỏi_thăm,2,0.0005366246310705661,remove_low_df
hối_tiếc,2,0.0005366246310705661,remove_low_df
hồi,2,0.0005366246310705661,remove_low_df
hồi_tưởng,2,0.0005366246310705661,remove_low_df
hổ_thẹn,2,0.0005366246310705661,remove_low_df
hổn_hển,2,0.0005366246310705661,remove_low_df
hội_chợ,2,0.0005366246310705661,remove_low_df
hội_đồng,2,0.0005366246310705661,remove_low_df
hộp_thư,2,0.0005366246310705661,remove_low_df
hứa_hão,2,0.0005366246310705661,remove_low_df
hữu_hạn,2,0.0005366246310705661,remove_low_df
iamdepr,2,0.0005366246310705661,remove_low_df
ig,2,0.0005366246310705661,remove_low_df
incel,2,0.0005366246310705661,remove_low_df
iphone,2,0.0005366246310705661,remove_low_df
iraq,2,0.0005366246310705661,remove_low_df
jesus,2,0.0005366246310705661,remove_low_df
jill,2,0.0005366246310705661,remove_low_df
john,2,0.0005366246310705661,remove_low_df
joker,2,0.0005366246310705661,remove_low_df
kaderiminoyunu,2,0.0005366246310705661,remove_low_df
khai_thác,2,0.0005366246310705661,remove_low_df
khiêm_tốn,2,0.0005366246310705661,remove_low_df
khiếu_nại,2,0.0005366246310705661,remove_low_df
khoan,2,0.0005366246310705661,remove_low_df
khoe,2,0.0005366246310705661,remove_low_df
khán_giả,2,0.0005366246310705661,remove_low_df
kháng_sinh,2,0.0005366246310705661,remove_low_df
kháng_thể,2,0.0005366246310705661,remove_low_df
khát_khao,2,0.0005366246310705661,remove_low_df
khâu,2,0.0005366246310705661,remove_low_df
khí_sắc,2,0.0005366246310705661,remove_low_df
khò_khè,2,0.0005366246310705661,remove_low_df
khó_tính,2,0.0005366246310705661,remove_low_df
khóc_than,2,0.0005366246310705661,remove_low_df
khăn,2,0.0005366246310705661,remove_low_df
khẩu_hiệu,2,0.0005366246310705661,remove_low_df
khẩu_trang,2,0.0005366246310705661,remove_low_df
khắc,2,0.0005366246310705661,remove_low_df
khởi_hành,2,0.0005366246310705661,remove_low_df
khủng_hoảng_kinh_tế,2,0.0005366246310705661,remove_low_df
kim_loại,2,0.0005366246310705661,remove_low_df
kích_thước,2,0.0005366246310705661,remove_low_df
kính_râm,2,0.0005366246310705661,remove_low_df
ký_sinh,2,0.0005366246310705661,remove_low_df
kẹp,2,0.0005366246310705661,remove_low_df
kết_cấu,2,0.0005366246310705661,remove_low_df
kề,2,0.0005366246310705661,remove_low_df
kịch_tính,2,0.0005366246310705661,remove_low_df
lamictal,2,0.0005366246310705661,remove_low_df
le,2,0.0005366246310705661,remove_low_df
league,2,0.0005366246310705661,remove_low_df
lebanon,2,0.0005366246310705661,remove_low_df
leo_thang,2,0.0005366246310705661,remove_low_df
linh_mục,2,0.0005366246310705661,remove_low_df
liếm,2,0.0005366246310705661,remove_low_df
liều_lĩnh,2,0.0005366246310705661,remove_low_df
liệt_giường,2,0.0005366246310705661,remove_low_df
loa,2,0.0005366246310705661,remove_low_df
lon,2,0.0005366246310705661,remove_low_df
loài_người,2,0.0005366246310705661,remove_low_df
loại_suy,2,0.0005366246310705661,remove_low_df
lupus,2,0.0005366246310705661,remove_low_df
luận_văn,2,0.0005366246310705661,remove_low_df
luận_án,2,0.0005366246310705661,remove_low_df
lyme,2,0.0005366246310705661,remove_low_df
làm_chứng,2,0.0005366246310705661,remove_low_df
làm_khó,2,0.0005366246310705661,remove_low_df
làn_sóng,2,0.0005366246310705661,remove_low_df
lãng_mạn_hoá,2,0.0005366246310705661,remove_low_df
lãng_quên,2,0.0005366246310705661,remove_low_df
lão,2,0.0005366246310705661,remove_low_df
lê,2,0.0005366246310705661,remove_low_df
lê_bước,2,0.0005366246310705661,remove_low_df
lên_lớp,2,0.0005366246310705661,remove_low_df
lên_xuống,2,0.0005366246310705661,remove_low_df
lên_đường,2,0.0005366246310705661,remove_low_df
lúng_túng,2,0.0005366246310705661,remove_low_df
lý_lịch,2,0.0005366246310705661,remove_low_df
lăn,2,0.0005366246310705661,remove_low_df
lăng_kính,2,0.0005366246310705661,remove_low_df
lưu_giữ,2,0.0005366246310705661,remove_low_df
lưu_loát,2,0.0005366246310705661,remove_low_df
lưu_trữ,2,0.0005366246310705661,remove_low_df
lười,2,0.0005366246310705661,remove_low_df
lưỡi_dao_cạo,2,0.0005366246310705661,remove_low_df
lạ_mặt,2,0.0005366246310705661,remove_low_df
lạc,2,0.0005366246310705661,remove_low_df
lạc_hậu,2,0.0005366246310705661,remove_low_df
lạc_đề,2,0.0005366246310705661,remove_low_df
lảm_nhảm,2,0.0005366246310705661,remove_low_df
lấp_lánh,2,0.0005366246310705661,remove_low_df
lần_lượt,2,0.0005366246310705661,remove_low_df
lần_lần,2,0.0005366246310705661,remove_low_df
lẩm_bẩm,2,0.0005366246310705661,remove_low_df
lập_trình_viên,2,0.0005366246310705661,remove_low_df
lắc_lư,2,0.0005366246310705661,remove_low_df
lắc_đầu,2,0.0005366246310705661,remove_low_df
lắng,2,0.0005366246310705661,remove_low_df
lễ_hội,2,0.0005366246310705661,remove_low_df
lệch,2,0.0005366246310705661,remove_low_df
lợn,2,0.0005366246310705661,remove_low_df
lứa,2,0.0005366246310705661,remove_low_df
lừa,2,0.0005366246310705661,remove_low_df
ma,2,0.0005366246310705661,remove_low_df
macron,2,0.0005366246310705661,remove_low_df
man,2,0.0005366246310705661,remove_low_df
manh_mối,2,0.0005366246310705661,remove_low_df
martingommel,2,0.0005366246310705661,remove_low_df
medfitblondie,2,0.0005366246310705661,remove_low_df
mental,2,0.0005366246310705661,remove_low_df
metz,2,0.0005366246310705661,remove_low_df
minecraft,2,0.0005366246310705661,remove_low_df
miêu_tả,2,0.0005366246310705661,remove_low_df
miễn,2,0.0005366246310705661,remove_low_df
miễn_cưỡng,2,0.0005366246310705661,remove_low_df
mod,2,0.0005366246310705661,remove_low_df
mong_manh,2,0.0005366246310705661,remove_low_df
monicablee,2,0.0005366246310705661,remove_low_df
mufc,2,0.0005366246310705661,remove_low_df
muối,2,0.0005366246310705661,remove_low_df
mvp,2,0.0005366246310705661,remove_low_df
my,2,0.0005366246310705661,remove_low_df
máy_chủ,2,0.0005366246310705661,remove_low_df
máy_móc,2,0.0005366246310705661,remove_low_df
máy_ảnh,2,0.0005366246310705661,remove_low_df
méo_mó,2,0.0005366246310705661,remove_low_df
mì,2,0.0005366246310705661,remove_low_df
mô_thức,2,0.0005366246310705661,remove_low_df
mút,2,0.0005366246310705661,remove_low_df
mạch,2,0.0005366246310705661,remove_low_df
mại_dâm,2,0.0005366246310705661,remove_low_df
mải_mê,2,0.0005366246310705661,remove_low_df
mẫu,2,0.0005366246310705661,remove_low_df
mập_mạp,2,0.0005366246310705661,remove_low_df
mặc_cả,2,0.0005366246310705661,remove_low_df
mặc_định,2,0.0005366246310705661,remove_low_df
mặn,2,0.0005366246310705661,remove_low_df
mẹ_con,2,0.0005366246310705661,remove_low_df
mềm_nhũn,2,0.0005366246310705661,remove_low_df
mịn,2,0.0005366246310705661,remove_low_df
mỏng,2,0.0005366246310705661,remove_low_df
một_hơi,2,0.0005366246310705661,remove_low_df
mới_lạ,2,0.0005366246310705661,remove_low_df
mở_miệng,2,0.0005366246310705661,remove_low_df
mở_đầu,2,0.0005366246310705661,remove_low_df
mục,2,0.0005366246310705661,remove_low_df
mực,2,0.0005366246310705661,remove_low_df
nam_phi,2,0.0005366246310705661,remove_low_df
nam_sinh,2,0.0005366246310705661,remove_low_df
nan_y,2,0.0005366246310705661,remove_low_df
nang,2,0.0005366246310705661,remove_low_df
nerd,2,0.0005366246310705661,remove_low_df
nervous,2,0.0005366246310705661,remove_low_df
news,2,0.0005366246310705661,remove_low_df
nft,2,0.0005366246310705661,remove_low_df
nghiêm_ngặt,2,0.0005366246310705661,remove_low_df
nghiêng,2,0.0005366246310705661,remove_low_df
nghĩ_ngợi,2,0.0005366246310705661,remove_low_df
nghĩa_đen,2,0.0005366246310705661,remove_low_df
nghỉ_dưỡng,2,0.0005366246310705661,remove_low_df
ngoài_lề,2,0.0005366246310705661,remove_low_df
ngoại,2,0.0005366246310705661,remove_low_df
ngu,2,0.0005366246310705661,remove_low_df
nguyên_thuỷ,2,0.0005366246310705661,remove_low_df
nguyên_tắc,2,0.0005366246310705661,remove_low_df
nguyền_rủa,2,0.0005366246310705661,remove_low_df
ngày_kia,2,0.0005366246310705661,remove_low_df
ngày_tháng,2,0.0005366246310705661,remove_low_df
ngày_trước,2,0.0005366246310705661,remove_low_df
ngâm,2,0.0005366246310705661,remove_low_df
ngôi_sao,2,0.0005366246310705661,remove_low_df
người_tình,2,0.0005366246310705661,remove_low_df
ngược,2,0.0005366246310705661,remove_low_df
ngược_đãi,2,0.0005366246310705661,remove_low_df
ngập_lụt,2,0.0005366246310705661,remove_low_df
ngắt_quãng,2,0.0005366246310705661,remove_low_df
ngồi_không,2,0.0005366246310705661,remove_low_df
ngồi_tù,2,0.0005366246310705661,remove_low_df
ngộ_độc,2,0.0005366246310705661,remove_low_df
ngửa,2,0.0005366246310705661,remove_low_df
nha_khoa,2,0.0005366246310705661,remove_low_df
nhiễm_bệnh,2,0.0005366246310705661,remove_low_df
nhuộm,2,0.0005366246310705661,remove_low_df
nhà_lãnh_đạo,2,0.0005366246310705661,remove_low_df
nhà_máy,2,0.0005366246310705661,remove_low_df
nhà_thuốc,2,0.0005366246310705661,remove_low_df
nhà_đầu_tư,2,0.0005366246310705661,remove_low_df
nhét,2,0.0005366246310705661,remove_low_df
như_điên,2,0.0005366246310705661,remove_low_df
nhạc_sĩ,2,0.0005366246310705661,remove_low_df
nhảm_nhí,2,0.0005366246310705661,remove_low_df
nhảy_cóc,2,0.0005366246310705661,remove_low_df
nhẫn,2,0.0005366246310705661,remove_low_df
nhận_lời,2,0.0005366246310705661,remove_low_df
nhập_cư,2,0.0005366246310705661,remove_low_df
nhập_học,2,0.0005366246310705661,remove_low_df
nhọn,2,0.0005366246310705661,remove_low_df
nhỏ_hẹp,2,0.0005366246310705661,remove_low_df
nhỏ_nhắn,2,0.0005366246310705661,remove_low_df
nhồi_nhét,2,0.0005366246310705661,remove_low_df
nhợt_nhạt,2,0.0005366246310705661,remove_low_df
nhựa,2,0.0005366246310705661,remove_low_df
no,2,0.0005366246310705661,remove_low_df
non_nớt,2,0.0005366246310705661,remove_low_df
nuôi_nấng,2,0.0005366246310705661,remove_low_df
nách,2,0.0005366246310705661,remove_low_df
nâu,2,0.0005366246310705661,remove_low_df
nói_gì,2,0.0005366246310705661,remove_low_df
nói_nhỏ,2,0.0005366246310705661,remove_low_df
nóng_hổi,2,0.0005366246310705661,remove_low_df
nóng_nực,2,0.0005366246310705661,remove_low_df
nông_cạn,2,0.0005366246310705661,remove_low_df
năng_suất,2,0.0005366246310705661,remove_low_df
nước_máy,2,0.0005366246310705661,remove_low_df
nạn,2,0.0005366246310705661,remove_low_df
nảy_nở,2,0.0005366246310705661,remove_low_df
nảy_sinh,2,0.0005366246310705661,remove_low_df
nấu_nướng,2,0.0005366246310705661,remove_low_df
nắm_bắt,2,0.0005366246310705661,remove_low_df
nắm_đấm,2,0.0005366246310705661,remove_low_df
nắp,2,0.0005366246310705661,remove_low_df
nặn,2,0.0005366246310705661,remove_low_df
nặng_nhọc,2,0.0005366246310705661,remove_low_df
nếm,2,0.0005366246310705661,remove_low_df
nối,2,0.0005366246310705661,remove_low_df
nốt,2,0.0005366246310705661,remove_low_df
nổi_cáu,2,0.0005366246310705661,remove_low_df
nỗi_lòng,2,0.0005366246310705661,remove_low_df
nội_thất,2,0.0005366246310705661,remove_low_df
nội_trợ,2,0.0005366246310705661,remove_low_df
nội_tạng,2,0.0005366246310705661,remove_low_df
nữ_tính,2,0.0005366246310705661,remove_low_df
obm,2,0.0005366246310705661,remove_low_df
obmneurobiology,2,0.0005366246310705661,remove_low_df
ogbenidipo,2,0.0005366246310705661,remove_low_df
ohio,2,0.0005366246310705661,remove_low_df
one,2,0.0005366246310705661,remove_low_df
opioid,2,0.0005366246310705661,remove_low_df
oregon,2,0.0005366246310705661,remove_low_df
paxil,2,0.0005366246310705661,remove_low_df
pem,2,0.0005366246310705661,remove_low_df
pepper,2,0.0005366246310705661,remove_low_df
pfizer,2,0.0005366246310705661,remove_low_df
pha_trộn,2,0.0005366246310705661,remove_low_df
phe,2,0.0005366246310705661,remove_low_df
phi,2,0.0005366246310705661,remove_low_df
phi_công,2,0.0005366246310705661,remove_low_df
phi_thường,2,0.0005366246310705661,remove_low_df
philippines,2,0.0005366246310705661,remove_low_df
phim_ảnh,2,0.0005366246310705661,remove_low_df
phiền,2,0.0005366246310705661,remove_low_df
phong_độ,2,0.0005366246310705661,remove_low_df
pháp_luật,2,0.0005366246310705661,remove_low_df
pháp_y,2,0.0005366246310705661,remove_low_df
phát_ban,2,0.0005366246310705661,remove_low_df
phát_xít,2,0.0005366246310705661,remove_low_df
phân_huỷ,2,0.0005366246310705661,remove_low_df
phình,2,0.0005366246310705661,remove_low_df
phím,2,0.0005366246310705661,remove_low_df
phúc_lợi,2,0.0005366246310705661,remove_low_df
phút_giây,2,0.0005366246310705661,remove_low_df
phơi,2,0.0005366246310705661,remove_low_df
phải_chăng,2,0.0005366246310705661,remove_low_df
phản_chiếu,2,0.0005366246310705661,remove_low_df
phấn_đấu,2,0.0005366246310705661,remove_low_df
phần_mềm,2,0.0005366246310705661,remove_low_df
phế_quản,2,0.0005366246310705661,remove_low_df
phụ_huynh,2,0.0005366246310705661,remove_low_df
phụ_khoa,2,0.0005366246310705661,remove_low_df
piano,2,0.0005366246310705661,remove_low_df
pizza,2,0.0005366246310705661,remove_low_df
placebo,2,0.0005366246310705661,remove_low_df
ppd,2,0.0005366246310705661,remove_low_df
premier,2,0.0005366246310705661,remove_low_df
private,2,0.0005366246310705661,remove_low_df
prom,2,0.0005366246310705661,remove_low_df
protein,2,0.0005366246310705661,remove_low_df
psychedelic,2,0.0005366246310705661,remove_low_df
pvc,2,0.0005366246310705661,remove_low_df
quan_tài,2,0.0005366246310705661,remove_low_df
quyền_anh,2,0.0005366246310705661,remove_low_df
quá_đà,2,0.0005366246310705661,remove_low_df
quân_nhân,2,0.0005366246310705661,remove_low_df
quạt_trần,2,0.0005366246310705661,remove_low_df
quấn,2,0.0005366246310705661,remove_low_df
quấy_rầy,2,0.0005366246310705661,remove_low_df
quần,2,0.0005366246310705661,remove_low_df
quần_jean,2,0.0005366246310705661,remove_low_df
ra_lệnh,2,0.0005366246310705661,remove_low_df
reset,2,0.0005366246310705661,remove_low_df
rishisunak,2,0.0005366246310705661,remove_low_df
run,2,0.0005366246310705661,remove_low_df
ràng_buộc,2,0.0005366246310705661,remove_low_df
rách,2,0.0005366246310705661,remove_low_df
rách_nát,2,0.0005366246310705661,remove_low_df
rách_rưới,2,0.0005366246310705661,remove_low_df
râu,2,0.0005366246310705661,remove_low_df
rò_rỉ,2,0.0005366246310705661,remove_low_df
rạp,2,0.0005366246310705661,remove_low_df
rệp,2,0.0005366246310705661,remove_low_df
rỗng,2,0.0005366246310705661,remove_low_df
rớt,2,0.0005366246310705661,remove_low_df
rời_rạc,2,0.0005366246310705661,remove_low_df
rữa,2,0.0005366246310705661,remove_low_df
rực_rỡ,2,0.0005366246310705661,remove_low_df
safewithus,2,0.0005366246310705661,remove_low_df
sao_chép,2,0.0005366246310705661,remove_low_df
sarahelhairy,2,0.0005366246310705661,remove_low_df
school,2,0.0005366246310705661,remove_low_df
seem,2,0.0005366246310705661,remove_low_df
seminar,2,0.0005366246310705661,remove_low_df
series,2,0.0005366246310705661,remove_low_df
server,2,0.0005366246310705661,remove_low_df
sha,2,0.0005366246310705661,remove_low_df
share,2,0.0005366246310705661,remove_low_df
she,2,0.0005366246310705661,remove_low_df
shock,2,0.0005366246310705661,remove_low_df
simpson,2,0.0005366246310705661,remove_low_df
sinh_vật,2,0.0005366246310705661,remove_low_df
snap,2,0.0005366246310705661,remove_low_df
solipsism,2,0.0005366246310705661,remove_low_df
soul,2,0.0005366246310705661,remove_low_df
sport,2,0.0005366246310705661,remove_low_df
stats,2,0.0005366246310705661,remove_low_df
stream,2,0.0005366246310705661,remove_low_df
studio,2,0.0005366246310705661,remove_low_df
sunak,2,0.0005366246310705661,remove_low_df
sushi,2,0.0005366246310705661,remove_low_df
suy_tàn,2,0.0005366246310705661,remove_low_df
suy_đồi,2,0.0005366246310705661,remove_low_df
swoyer,2,0.0005366246310705661,remove_low_df
sát,2,0.0005366246310705661,remove_low_df
sát_hại,2,0.0005366246310705661,remove_low_df
sâu_răng,2,0.0005366246310705661,remove_low_df
sâu_xa,2,0.0005366246310705661,remove_low_df
sâu_đậm,2,0.0005366246310705661,remove_low_df
sôi,2,0.0005366246310705661,remove_low_df
súng_ngắn,2,0.0005366246310705661,remove_low_df
săn,2,0.0005366246310705661,remove_low_df
sơ_mi,2,0.0005366246310705661,remove_low_df
sư_tử,2,0.0005366246310705661,remove_low_df
sương_mù,2,0.0005366246310705661,remove_low_df
sưởi,2,0.0005366246310705661,remove_low_df
sạc,2,0.0005366246310705661,remove_low_df
sắp_đặt,2,0.0005366246310705661,remove_low_df
sọ,2,0.0005366246310705661,remove_low_df
sổ,2,0.0005366246310705661,remove_low_df
sổ_mũi,2,0.0005366246310705661,remove_low_df
sờ,2,0.0005366246310705661,remove_low_df
sụt_giảm,2,0.0005366246310705661,remove_low_df
tan_hoang,2,0.0005366246310705661,remove_low_df
tan_tành,2,0.0005366246310705661,remove_low_df
tang_lễ,2,0.0005366246310705661,remove_low_df
tao,2,0.0005366246310705661,remove_low_df
taxi,2,0.0005366246310705661,remove_low_df
tay_chân,2,0.0005366246310705661,remove_low_df
tay_trái,2,0.0005366246310705661,remove_low_df
telehealth,2,0.0005366246310705661,remove_low_df
texas,2,0.0005366246310705661,remove_low_df
thakre,2,0.0005366246310705661,remove_low_df
thanh_thản,2,0.0005366246310705661,remove_low_df
there,2,0.0005366246310705661,remove_low_df
thiên_hà,2,0.0005366246310705661,remove_low_df
thiên_vị,2,0.0005366246310705661,remove_low_df
thiêu_đốt,2,0.0005366246310705661,remove_low_df
thiếu_sót,2,0.0005366246310705661,remove_low_df
thiếu_điều,2,0.0005366246310705661,remove_low_df
thiệt_hại,2,0.0005366246310705661,remove_low_df
thiệt_thòi,2,0.0005366246310705661,remove_low_df
thogden,2,0.0005366246310705661,remove_low_df
thoát_thân,2,0.0005366246310705661,remove_low_df
thoả_thuận,2,0.0005366246310705661,remove_low_df
thoả_đáng,2,0.0005366246310705661,remove_low_df
thu_hẹp,2,0.0005366246310705661,remove_low_df
thu_hồi,2,0.0005366246310705661,remove_low_df
thu_thập,2,0.0005366246310705661,remove_low_df
thuận_tiện,2,0.0005366246310705661,remove_low_df
thuốc_ngủ,2,0.0005366246310705661,remove_low_df
thuở,2,0.0005366246310705661,remove_low_df
thuỷ_tinh,2,0.0005366246310705661,remove_low_df
thà_rằng,2,0.0005366246310705661,remove_low_df
thành_lập,2,0.0005366246310705661,remove_low_df
thành_niên,2,0.0005366246310705661,remove_low_df
thái_lan,2,0.0005366246310705661,remove_low_df
thân_yêu,2,0.0005366246310705661,remove_low_df
thình_thịch,2,0.0005366246310705661,remove_low_df
thính_lực,2,0.0005366246310705661,remove_low_df
thùng,2,0.0005366246310705661,remove_low_df
thương_mại,2,0.0005366246310705661,remove_low_df
thương_tiếc,2,0.0005366246310705661,remove_low_df
thương_tích,2,0.0005366246310705661,remove_low_df
thường_ngày,2,0.0005366246310705661,remove_low_df
thường_thức,2,0.0005366246310705661,remove_low_df
thần_chú,2,0.0005366246310705661,remove_low_df
thầy_giáo,2,0.0005366246310705661,remove_low_df
thật_sự_cố_gắng,2,0.0005366246310705661,remove_low_df
thắt_lưng,2,0.0005366246310705661,remove_low_df
thế_chấp,2,0.0005366246310705661,remove_low_df
thế_kỷ,2,0.0005366246310705661,remove_low_df
thế_mà,2,0.0005366246310705661,remove_low_df
thể_thao_túng,2,0.0005366246310705661,remove_low_df
thị_trường_chứng_khoán,2,0.0005366246310705661,remove_low_df
thỏ,2,0.0005366246310705661,remove_low_df
thối,2,0.0005366246310705661,remove_low_df
thống_trị,2,0.0005366246310705661,remove_low_df
thổi,2,0.0005366246310705661,remove_low_df
thời_gian_thực,2,0.0005366246310705661,remove_low_df
thời_trang,2,0.0005366246310705661,remove_low_df
thủ_thuật,2,0.0005366246310705661,remove_low_df
thực_đơn,2,0.0005366246310705661,remove_low_df
time,2,0.0005366246310705661,remove_low_df
tinder,2,0.0005366246310705661,remove_low_df
titan,2,0.0005366246310705661,remove_low_df
tiêu_chí,2,0.0005366246310705661,remove_low_df
tiêu_diệt,2,0.0005366246310705661,remove_low_df
tiến_trình,2,0.0005366246310705661,remove_low_df
tiến_độ,2,0.0005366246310705661,remove_low_df
tiếp_quản,2,0.0005366246310705661,remove_low_df
tiềm_tàng,2,0.0005366246310705661,remove_low_df
tiền_mặt,2,0.0005366246310705661,remove_low_df
tiền_án,2,0.0005366246310705661,remove_low_df
tiểu_thuyết,2,0.0005366246310705661,remove_low_df
tiểu_đường,2,0.0005366246310705661,remove_low_df
tiện_ích,2,0.0005366246310705661,remove_low_df
toa,2,0.0005366246310705661,remove_low_df
tour,2,0.0005366246310705661,remove_low_df
toạc,2,0.0005366246310705661,remove_low_df
tpmp,2,0.0005366246310705661,remove_low_df
trai_trẻ,2,0.0005366246310705661,remove_low_df
trang_lứa,2,0.0005366246310705661,remove_low_df
trang_trí,2,0.0005366246310705661,remove_low_df
trans,2,0.0005366246310705661,remove_low_df
trao_đổi,2,0.0005366246310705661,remove_low_df
trauma,2,0.0005366246310705661,remove_low_df
traumatizing,2,0.0005366246310705661,remove_low_df
trinh_nữ,2,0.0005366246310705661,remove_low_df
trinh_tiết,2,0.0005366246310705661,remove_low_df
triết_học,2,0.0005366246310705661,remove_low_df
triển_khai,2,0.0005366246310705661,remove_low_df
triển_vọng,2,0.0005366246310705661,remove_low_df
triệt_để,2,0.0005366246310705661,remove_low_df
troll,2,0.0005366246310705661,remove_low_df
trung_lưu,2,0.0005366246310705661,remove_low_df
truy_tố,2,0.0005366246310705661,remove_low_df
tràn,2,0.0005366246310705661,remove_low_df
trích_dẫn,2,0.0005366246310705661,remove_low_df
trôi_chảy,2,0.0005366246310705661,remove_low_df
trú_ẩn,2,0.0005366246310705661,remove_low_df
trúng,2,0.0005366246310705661,remove_low_df
trần_gian,2,0.0005366246310705661,remove_low_df
trắc_ẩn,2,0.0005366246310705661,remove_low_df
trằn_trọc,2,0.0005366246310705661,remove_low_df
trọn,2,0.0005366246310705661,remove_low_df
trồng,2,0.0005366246310705661,remove_low_df
trộn,2,0.0005366246310705661,remove_low_df
trực_hệ,2,0.0005366246310705661,remove_low_df
tsa,2,0.0005366246310705661,remove_low_df
tutsy,2,0.0005366246310705661,remove_low_df
tuyên_bố,2,0.0005366246310705661,remove_low_df
tuôn,2,0.0005366246310705661,remove_low_df
tuột,2,0.0005366246310705661,remove_low_df
tuột_dốc,2,0.0005366246310705661,remove_low_df
tw,2,0.0005366246310705661,remove_low_df
tylenol,2,0.0005366246310705661,remove_low_df
tàn_phế,2,0.0005366246310705661,remove_low_df
tàu_vũ_trụ,2,0.0005366246310705661,remove_low_df
tái_chế,2,0.0005366246310705661,remove_low_df
tâm_huyết,2,0.0005366246310705661,remove_low_df
tâm_thần_học,2,0.0005366246310705661,remove_low_df
tâm_thể,2,0.0005366246310705661,remove_low_df
tây,2,0.0005366246310705661,remove_low_df
tên_lửa,2,0.0005366246310705661,remove_low_df
tình_cảnh,2,0.0005366246310705661,remove_low_df
tích_cóp,2,0.0005366246310705661,remove_low_df
tích_trữ,2,0.0005366246310705661,remove_low_df
tín_chỉ,2,0.0005366246310705661,remove_low_df
tính_chất,2,0.0005366246310705661,remove_low_df
tóm,2,0.0005366246310705661,remove_low_df
tông,2,0.0005366246310705661,remove_low_df
tùy,2,0.0005366246310705661,remove_low_df
tĩnh_mạch,2,0.0005366246310705661,remove_low_df
tươi,2,0.0005366246310705661,remove_low_df
tương_đồng,2,0.0005366246310705661,remove_low_df
tưởng,2,0.0005366246310705661,remove_low_df
tạm_trú,2,0.0005366246310705661,remove_low_df
tạo_dựng,2,0.0005366246310705661,remove_low_df
tạp_chí,2,0.0005366246310705661,remove_low_df
tạp_hoá,2,0.0005366246310705661,remove_low_df
tấy,2,0.0005366246310705661,remove_low_df
tẩy,2,0.0005366246310705661,remove_low_df
tẩy_não,2,0.0005366246310705661,remove_low_df
tập_thể,2,0.0005366246310705661,remove_low_df
tế_bào,2,0.0005366246310705661,remove_low_df
tết,2,0.0005366246310705661,remove_low_df
tội,2,0.0005366246310705661,remove_low_df
tội_ác,2,0.0005366246310705661,remove_low_df
tột_cùng,2,0.0005366246310705661,remove_low_df
tục_tĩu,2,0.0005366246310705661,remove_low_df
tức,2,0.0005366246310705661,remove_low_df
từ_thiện,2,0.0005366246310705661,remove_low_df
tự_cao,2,0.0005366246310705661,remove_low_df
tự_phát,2,0.0005366246310705661,remove_low_df
tự_phê,2,0.0005366246310705661,remove_low_df
tự_tạo,2,0.0005366246310705661,remove_low_df
usd,2,0.0005366246310705661,remove_low_df
uy_tín,2,0.0005366246310705661,remove_low_df
vali,2,0.0005366246310705661,remove_low_df
vang_vọng,2,0.0005366246310705661,remove_low_df
vape,2,0.0005366246310705661,remove_low_df
venlafaxine,2,0.0005366246310705661,remove_low_df
vest,2,0.0005366246310705661,remove_low_df
vibe,2,0.0005366246310705661,remove_low_df
visa,2,0.0005366246310705661,remove_low_df
viết_tay,2,0.0005366246310705661,remove_low_df
viền,2,0.0005366246310705661,remove_low_df
viển_vông,2,0.0005366246310705661,remove_low_df
vodka,2,0.0005366246310705661,remove_low_df
vu_khống,2,0.0005366246310705661,remove_low_df
vua,2,0.0005366246310705661,remove_low_df
vui_đùa,2,0.0005366246310705661,remove_low_df
vyvanse,2,0.0005366246310705661,remove_low_df
vì_thế,2,0.0005366246310705661,remove_low_df
vô_danh,2,0.0005366246310705661,remove_low_df
vô_hiệu_hoá,2,0.0005366246310705661,remove_low_df
vô_hại,2,0.0005366246310705661,remove_low_df
vô_thời_hạn,2,0.0005366246310705661,remove_low_df
vô_điều_kiện,2,0.0005366246310705661,remove_low_df
vô_ơn,2,0.0005366246310705661,remove_low_df
võ_sĩ,2,0.0005366246310705661,remove_low_df
võ_thuật,2,0.0005366246310705661,remove_low_df
vùi,2,0.0005366246310705661,remove_low_df
vùi_đầu,2,0.0005366246310705661,remove_low_df
văn_học,2,0.0005366246310705661,remove_low_df
vươn,2,0.0005366246310705661,remove_low_df
vương_vãi,2,0.0005366246310705661,remove_low_df
vườn,2,0.0005366246310705661,remove_low_df
vấp_váp,2,0.0005366246310705661,remove_low_df
vắng_vẻ,2,0.0005366246310705661,remove_low_df
vặt,2,0.0005366246310705661,remove_low_df
vỉa_hè,2,0.0005366246310705661,remove_low_df
vội_vã,2,0.0005366246310705661,remove_low_df
vợ_chồng,2,0.0005366246310705661,remove_low_df
vợ_con,2,0.0005366246310705661,remove_low_df
vững_chắc,2,0.0005366246310705661,remove_low_df
well,2,0.0005366246310705661,remove_low_df
what,2,0.0005366246310705661,remove_low_df
whatsapp,2,0.0005366246310705661,remove_low_df
xbox,2,0.0005366246310705661,remove_low_df
xd,2,0.0005366246310705661,remove_low_df
xiềng_xích,2,0.0005366246310705661,remove_low_df
xoá_sổ,2,0.0005366246310705661,remove_low_df
xx,2,0.0005366246310705661,remove_low_df
xám_xịt,2,0.0005366246310705661,remove_low_df
xâm_chiếm,2,0.0005366246310705661,remove_low_df
xâm_lấn,2,0.0005366246310705661,remove_low_df
xã_hội_học,2,0.0005366246310705661,remove_low_df
xét,2,0.0005366246310705661,remove_low_df
xích,2,0.0005366246310705661,remove_low_df
xưa,2,0.0005366246310705661,remove_low_df
xương_tuỷ,2,0.0005366246310705661,remove_low_df
xẹp,2,0.0005366246310705661,remove_low_df
y_hệt,2,0.0005366246310705661,remove_low_df
y_như,2,0.0005366246310705661,remove_low_df
yay,2,0.0005366246310705661,remove_low_df
yeah,2,0.0005366246310705661,remove_low_df
yinkapost,2,0.0005366246310705661,remove_low_df
yên_bình,2,0.0005366246310705661,remove_low_df
yên_nghỉ,2,0.0005366246310705661,remove_low_df
yên_tâm,2,0.0005366246310705661,remove_low_df
yêu_mến,2,0.0005366246310705661,remove_low_df
yêu_vì,2,0.0005366246310705661,remove_low_df
yểm,2,0.0005366246310705661,remove_low_df
zainab,2,0.0005366246310705661,remove_low_df
án,2,0.0005366246310705661,remove_low_df
áo_khoác,2,0.0005366246310705661,remove_low_df
ân_nhân,2,0.0005366246310705661,remove_low_df
ô_nhiễm,2,0.0005366246310705661,remove_low_df
đa_dạng,2,0.0005366246310705661,remove_low_df
đa_nghi,2,0.0005366246310705661,remove_low_df
đen_kịt,2,0.0005366246310705661,remove_low_df
đi_tiểu,2,0.0005366246310705661,remove_low_df
điền_kinh,2,0.0005366246310705661,remove_low_df
điều_dưỡng,2,0.0005366246310705661,remove_low_df
điều_hoà,2,0.0005366246310705661,remove_low_df
điện_thoại_di_động,2,0.0005366246310705661,remove_low_df
điện_ảnh,2,0.0005366246310705661,remove_low_df
đo_lường,2,0.0005366246310705661,remove_low_df
đoàn,2,0.0005366246310705661,remove_low_df
đèn,2,0.0005366246310705661,remove_low_df
đèn_pha,2,0.0005366246310705661,remove_low_df
đèn_đỏ,2,0.0005366246310705661,remove_low_df
đéo,2,0.0005366246310705661,remove_low_df
đình_chỉ,2,0.0005366246310705661,remove_low_df
đó_đây,2,0.0005366246310705661,remove_low_df
đùa_cợt,2,0.0005366246310705661,remove_low_df
đúng_sai,2,0.0005366246310705661,remove_low_df
đăng_tải,2,0.0005366246310705661,remove_low_df
đơn_giản_hoá,2,0.0005366246310705661,remove_low_df
đường_ray,2,0.0005366246310705661,remove_low_df
đạo,2,0.0005366246310705661,remove_low_df
đảm_nhận,2,0.0005366246310705661,remove_low_df
đảo,2,0.0005366246310705661,remove_low_df
đấng,2,0.0005366246310705661,remove_low_df
đầu_bếp,2,0.0005366246310705661,remove_low_df
đầu_độc,2,0.0005366246310705661,remove_low_df
đặt_chân,2,0.0005366246310705661,remove_low_df
đặt_cọc,2,0.0005366246310705661,remove_low_df
đặt_hàng,2,0.0005366246310705661,remove_low_df
đặt_điều,2,0.0005366246310705661,remove_low_df
đề_cử,2,0.0005366246310705661,remove_low_df
định_dạng,2,0.0005366246310705661,remove_low_df
định_hình,2,0.0005366246310705661,remove_low_df
định_mệnh,2,0.0005366246310705661,remove_low_df
đỏ_bừng,2,0.0005366246310705661,remove_low_df
đỏ_hoe,2,0.0005366246310705661,remove_low_df
đối_thủ,2,0.0005366246310705661,remove_low_df
đối_tượng,2,0.0005366246310705661,remove_low_df
đối_đầu,2,0.0005366246310705661,remove_low_df
đốm,2,0.0005366246310705661,remove_low_df
đồ_vật,2,0.0005366246310705661,remove_low_df
đồng_nghĩa,2,0.0005366246310705661,remove_low_df
đổ_vỡ,2,0.0005366246310705661,remove_low_df
độc_đáo,2,0.0005366246310705661,remove_low_df
động_kinh,2,0.0005366246310705661,remove_low_df
động_tác,2,0.0005366246310705661,remove_low_df
đụng,2,0.0005366246310705661,remove_low_df
ướt,2,0.0005366246310705661,remove_low_df
ướt_sũng,2,0.0005366246310705661,remove_low_df
ướt_đẫm,2,0.0005366246310705661,remove_low_df
ườn,2,0.0005366246310705661,remove_low_df
ẩn_dật,2,0.0005366246310705661,remove_low_df
ổ_cắm,2,0.0005366246310705661,remove_low_df
ổn_thoả,2,0.0005366246310705661,remove_low_df
aaaaah,1,0.00026831231553528306,remove_low_df
aahmddr,1,0.00026831231553528306,remove_low_df
aaroncikaya,1,0.00026831231553528306,remove_low_df
aarp,1,0.00026831231553528306,remove_low_df
aastha,1,0.00026831231553528306,remove_low_df
abdulbasit,1,0.00026831231553528306,remove_low_df
abel,1,0.00026831231553528306,remove_low_df
abitofdarkness,1,0.00026831231553528306,remove_low_df
absalomjuma,1,0.00026831231553528306,remove_low_df
accio,1,0.00026831231553528306,remove_low_df
accutane,1,0.00026831231553528306,remove_low_df
acetaminophen,1,0.00026831231553528306,remove_low_df
act,1,0.00026831231553528306,remove_low_df
adewunmitemit,1,0.00026831231553528306,remove_low_df
adidas,1,0.00026831231553528306,remove_low_df
admin,1,0.00026831231553528306,remove_low_df
adolfengelbrec,1,0.00026831231553528306,remove_low_df
adridaplagueboi,1,0.00026831231553528306,remove_low_df
af,1,0.00026831231553528306,remove_low_df
afghanistan,1,0.00026831231553528306,remove_low_df
again,1,0.00026831231553528306,remove_low_df
agh,1,0.00026831231553528306,remove_low_df
aging,1,0.00026831231553528306,remove_low_df
agomelatine,1,0.00026831231553528306,remove_low_df
ahahh,1,0.00026831231553528306,remove_low_df
ahhhhhhhhhhhhh,1,0.00026831231553528306,remove_low_df
airbnb,1,0.00026831231553528306,remove_low_df
airbus,1,0.00026831231553528306,remove_low_df
ajax,1,0.00026831231553528306,remove_low_df
ajnr,1,0.00026831231553528306,remove_low_df
albarn,1,0.00026831231553528306,remove_low_df
album,1,0.00026831231553528306,remove_low_df
algeria,1,0.00026831231553528306,remove_low_df
allannyash,1,0.00026831231553528306,remove_low_df
alpha,1,0.00026831231553528306,remove_low_df
alprazolam,1,0.00026831231553528306,remove_low_df
am_hiểu,1,0.00026831231553528306,remove_low_df
amin,1,0.00026831231553528306,remove_low_df
amiriissaa,1,0.00026831231553528306,remove_low_df
amitriptyline,1,0.00026831231553528306,remove_low_df
ammar,1,0.00026831231553528306,remove_low_df
amthoughts,1,0.00026831231553528306,remove_low_df
amyisunited,1,0.00026831231553528306,remove_low_df
an_nghỉ,1,0.00026831231553528306,remove_low_df
an_ninh,1,0.00026831231553528306,remove_low_df
an_sinh,1,0.00026831231553528306,remove_low_df
an_táng,1,0.00026831231553528306,remove_low_df
an_tâm,1,0.00026831231553528306,remove_low_df
anamardoll,1,0.00026831231553528306,remove_low_df
anand,1,0.00026831231553528306,remove_low_df
anca,1,0.00026831231553528306,remove_low_df
and,1,0.00026831231553528306,remove_low_df
andes,1,0.00026831231553528306,remove_low_df
andilegcumisa,1,0.00026831231553528306,remove_low_df
angel,1,0.00026831231553528306,remove_low_df
angeles,1,0.00026831231553528306,remove_low_df
anger,1,0.00026831231553528306,remove_low_df
angina,1,0.00026831231553528306,remove_low_df
anh_cả,1,0.00026831231553528306,remove_low_df
anirudh,1,0.00026831231553528306,remove_low_df
anna,1,0.00026831231553528306,remove_low_df
anorexia,1,0.00026831231553528306,remove_low_df
anti,1,0.00026831231553528306,remove_low_df
anticipation,1,0.00026831231553528306,remove_low_df
anxious,1,0.00026831231553528306,remove_low_df
anyway,1,0.00026831231553528306,remove_low_df
ap,1,0.00026831231553528306,remove_low_df
apa,1,0.00026831231553528306,remove_low_df
apache,1,0.00026831231553528306,remove_low_df
aparanjape,1,0.00026831231553528306,remove_low_df
ape,1,0.00026831231553528306,remove_low_df
apple,1,0.00026831231553528306,remove_low_df
apsanabegummp,1,0.00026831231553528306,remove_low_df
aquarius,1,0.00026831231553528306,remove_low_df
ar,1,0.00026831231553528306,remove_low_df
area,1,0.00026831231553528306,remove_low_df
aripiprazole,1,0.00026831231553528306,remove_low_df
armenia,1,0.00026831231553528306,remove_low_df
artistofcalcio,1,0.00026831231553528306,remove_low_df
asante,1,0.00026831231553528306,remove_low_df
asher,1,0.00026831231553528306,remove_low_df
ashewospace,1,0.00026831231553528306,remove_low_df
aspirin,1,0.00026831231553528306,remove_low_df
associate,1,0.00026831231553528306,remove_low_df
at,1,0.00026831231553528306,remove_low_df
atanas,1,0.00026831231553528306,remove_low_df
ate,1,0.00026831231553528306,remove_low_df
athreya,1,0.00026831231553528306,remove_low_df
atipyque,1,0.00026831231553528306,remove_low_df
atm,1,0.00026831231553528306,remove_low_df
atp,1,0.00026831231553528306,remove_low_df
atq,1,0.00026831231553528306,remove_low_df
aubameyang,1,0.00026831231553528306,remove_low_df
auraglyphix,1,0.00026831231553528306,remove_low_df
australia,1,0.00026831231553528306,remove_low_df
avar,1,0.00026831231553528306,remove_low_df
avglhng,1,0.00026831231553528306,remove_low_df
avico,1,0.00026831231553528306,remove_low_df
avpd,1,0.00026831231553528306,remove_low_df
axit,1,0.00026831231553528306,remove_low_df
ayodi,1,0.00026831231553528306,remove_low_df
azimio,1,0.00026831231553528306,remove_low_df
azo,1,0.00026831231553528306,remove_low_df
azz,1,0.00026831231553528306,remove_low_df
babadook,1,0.00026831231553528306,remove_low_df
babdhlamini,1,0.00026831231553528306,remove_low_df
badood,1,0.00026831231553528306,remove_low_df
bagel,1,0.00026831231553528306,remove_low_df
bagga,1,0.00026831231553528306,remove_low_df
bajabitchin,1,0.00026831231553528306,remove_low_df
bajata,1,0.00026831231553528306,remove_low_df
bakang,1,0.00026831231553528306,remove_low_df
baklava,1,0.00026831231553528306,remove_low_df
balqeesabd,1,0.00026831231553528306,remove_low_df
baltimore,1,0.00026831231553528306,remove_low_df
ban_tặng,1,0.00026831231553528306,remove_low_df
bao_biện,1,0.00026831231553528306,remove_low_df
bao_bọc,1,0.00026831231553528306,remove_low_df
bao_nhiêu_viên,1,0.00026831231553528306,remove_low_df
bao_phủ,1,0.00026831231553528306,remove_low_df
barakasaimon,1,0.00026831231553528306,remove_low_df
bardot,1,0.00026831231553528306,remove_low_df
barmi,1,0.00026831231553528306,remove_low_df
bart,1,0.00026831231553528306,remove_low_df
battle,1,0.00026831231553528306,remove_low_df
bavugar,1,0.00026831231553528306,remove_low_df
bay_lượn,1,0.00026831231553528306,remove_low_df
bbl,1,0.00026831231553528306,remove_low_df
bcãi,1,0.00026831231553528306,remove_low_df
beach,1,0.00026831231553528306,remove_low_df
bean,1,0.00026831231553528306,remove_low_df
befoot,1,0.00026831231553528306,remove_low_df
beleg,1,0.00026831231553528306,remove_low_df
bench,1,0.00026831231553528306,remove_low_df
beth,1,0.00026831231553528306,remove_low_df
betta,1,0.00026831231553528306,remove_low_df
bhagat,1,0.00026831231553528306,remove_low_df
biden,1,0.00026831231553528306,remove_low_df
binge,1,0.00026831231553528306,remove_low_df
biontech,1,0.00026831231553528306,remove_low_df
bipolarblogger,1,0.00026831231553528306,remove_low_df
bitch,1,0.00026831231553528306,remove_low_df
bitducc,1,0.00026831231553528306,remove_low_df
biến_chứng,1,0.00026831231553528306,remove_low_df
biến_cố,1,0.00026831231553528306,remove_low_df
biến_thể,1,0.00026831231553528306,remove_low_df
biết_bao_nhiêu,1,0.00026831231553528306,remove_low_df
biển_báo,1,0.00026831231553528306,remove_low_df
biểu_cảm,1,0.00026831231553528306,remove_low_df
biểu_lộ,1,0.00026831231553528306,remove_low_df
biểu_mẫu,1,0.00026831231553528306,remove_low_df
biện_hộ,1,0.00026831231553528306,remove_low_df
biệt_thự,1,0.00026831231553528306,remove_low_df
bjp,1,0.00026831231553528306,remove_low_df
bkk,1,0.00026831231553528306,remove_low_df
bl,1,0.00026831231553528306,remove_low_df
blakdyak,1,0.00026831231553528306,remove_low_df
blogger,1,0.00026831231553528306,remove_low_df
blues,1,0.00026831231553528306,remove_low_df
blunts,1,0.00026831231553528306,remove_low_df
bmi,1,0.00026831231553528306,remove_low_df
bnbj,1,0.00026831231553528306,remove_low_df
bohloko,1,0.00026831231553528306,remove_low_df
bokang,1,0.00026831231553528306,remove_low_df
bolajioyebode,1,0.00026831231553528306,remove_low_df
bombassdyk,1,0.00026831231553528306,remove_low_df
bonda,1,0.00026831231553528306,remove_low_df
bong_bóng,1,0.00026831231553528306,remove_low_df
boningwigald,1,0.00026831231553528306,remove_low_df
bonus,1,0.00026831231553528306,remove_low_df
boob,1,0.00026831231553528306,remove_low_df
boogaloo,1,0.00026831231553528306,remove_low_df
book,1,0.00026831231553528306,remove_low_df
bornbytheswamp,1,0.00026831231553528306,remove_low_df
bottom,1,0.00026831231553528306,remove_low_df
bounce,1,0.00026831231553528306,remove_low_df
boxing,1,0.00026831231553528306,remove_low_df
boydifference,1,0.00026831231553528306,remove_low_df
boyekweku,1,0.00026831231553528306,remove_low_df
bplovedones,1,0.00026831231553528306,remove_low_df
br,1,0.00026831231553528306,remove_low_df
bradenisacuck,1,0.00026831231553528306,remove_low_df
brett,1,0.00026831231553528306,remove_low_df
brevesdepresse,1,0.00026831231553528306,remove_low_df
brexitbuster,1,0.00026831231553528306,remove_low_df
bri,1,0.00026831231553528306,remove_low_df
brief,1,0.00026831231553528306,remove_low_df
bright,1,0.00026831231553528306,remove_low_df
broken,1,0.00026831231553528306,remove_low_df
bruh,1,0.00026831231553528306,remove_low_df
bruno,1,0.00026831231553528306,remove_low_df
brymo,1,0.00026831231553528306,remove_low_df
brytonzablon,1,0.00026831231553528306,remove_low_df
brzdrryx,1,0.00026831231553528306,remove_low_df
buildersanmi,1,0.00026831231553528306,remove_low_df
bullshit,1,0.00026831231553528306,remove_low_df
bung,1,0.00026831231553528306,remove_low_df
bunkern,1,0.00026831231553528306,remove_low_df
bupropion,1,0.00026831231553528306,remove_low_df
bur,1,0.00026831231553528306,remove_low_df
buspasfar,1,0.00026831231553528306,remove_low_df
but,1,0.00026831231553528306,remove_low_df
butterfly,1,0.00026831231553528306,remove_low_df
buôn_người,1,0.00026831231553528306,remove_low_df
buốt,1,0.00026831231553528306,remove_low_df
buồn_tẻ,1,0.00026831231553528306,remove_low_df
buồn_đau,1,0.00026831231553528306,remove_low_df
bvs,1,0.00026831231553528306,remove_low_df
by,1,0.00026831231553528306,remove_low_df
bài_làm,1,0.00026831231553528306,remove_low_df
bàn_cãi,1,0.00026831231553528306,remove_low_df
bàn_ghế,1,0.00026831231553528306,remove_low_df
bàn_giấy,1,0.00026831231553528306,remove_low_df
bàn_là,1,0.00026831231553528306,remove_low_df
bàn_tán,1,0.00026831231553528306,remove_low_df
bào_mòn,1,0.00026831231553528306,remove_low_df
bách_khoa,1,0.00026831231553528306,remove_low_df
bán_dâm,1,0.00026831231553528306,remove_low_df
bán_đứng,1,0.00026831231553528306,remove_low_df
báo_chí,1,0.00026831231553528306,remove_low_df
báu,1,0.00026831231553528306,remove_low_df
bã,1,0.00026831231553528306,remove_low_df
bão_tố,1,0.00026831231553528306,remove_low_df
bé_nhỏ,1,0.00026831231553528306,remove_low_df
bê_tông,1,0.00026831231553528306,remove_low_df
bình_phục,1,0.00026831231553528306,remove_low_df
bình_thản,1,0.00026831231553528306,remove_low_df
bình_xịt,1,0.00026831231553528306,remove_low_df
bíp,1,0.00026831231553528306,remove_low_df
bít,1,0.00026831231553528306,remove_low_df
bò_sát,1,0.00026831231553528306,remove_low_df
bóc,1,0.00026831231553528306,remove_low_df
bói_toán,1,0.00026831231553528306,remove_low_df
bóng_bầu_dục,1,0.00026831231553528306,remove_low_df
bóng_chuyền,1,0.00026831231553528306,remove_low_df
bóng_chày,1,0.00026831231553528306,remove_low_df
bóng_mát,1,0.00026831231553528306,remove_low_df
bóng_nước,1,0.00026831231553528306,remove_low_df
bóngtôi,1,0.00026831231553528306,remove_low_df
bóp_méo,1,0.00026831231553528306,remove_low_df
bóp_nghẹt,1,0.00026831231553528306,remove_low_df
bông_gòn,1,0.00026831231553528306,remove_low_df
bù,1,0.00026831231553528306,remove_low_df
bùng,1,0.00026831231553528306,remove_low_df
búng,1,0.00026831231553528306,remove_low_df
bút,1,0.00026831231553528306,remove_low_df
bút_chì,1,0.00026831231553528306,remove_low_df
băng_nhóm,1,0.00026831231553528306,remove_low_df
băng_đảng,1,0.00026831231553528306,remove_low_df
bơm,1,0.00026831231553528306,remove_low_df
bưu_kiện,1,0.00026831231553528306,remove_low_df
bưu_điện,1,0.00026831231553528306,remove_low_df
bướu,1,0.00026831231553528306,remove_low_df
bạnđang,1,0.00026831231553528306,remove_low_df
bản_gốc,1,0.00026831231553528306,remove_low_df
bản_ngữ,1,0.00026831231553528306,remove_low_df
bản_nhạc,1,0.00026831231553528306,remove_low_df
bản_sao,1,0.00026831231553528306,remove_low_df
bản_tính,1,0.00026831231553528306,remove_low_df
bản_vẽ,1,0.00026831231553528306,remove_low_df
bảo_hành,1,0.00026831231553528306,remove_low_df
bảo_hộ,1,0.00026831231553528306,remove_low_df
bảo_mẫu,1,0.00026831231553528306,remove_low_df
bảo_trợ,1,0.00026831231553528306,remove_low_df
bảo_tàng,1,0.00026831231553528306,remove_low_df
bấm_giờ,1,0.00026831231553528306,remove_low_df
bất_cẩn,1,0.00026831231553528306,remove_low_df
bất_tử,1,0.00026831231553528306,remove_low_df
bấy_lâu,1,0.00026831231553528306,remove_low_df
bầu_bạn,1,0.00026831231553528306,remove_low_df
bầy,1,0.00026831231553528306,remove_low_df
bẩm_sinh,1,0.00026831231553528306,remove_low_df
bật_lửa,1,0.00026831231553528306,remove_low_df
bật_tắt,1,0.00026831231553528306,remove_low_df
bắp_tay,1,0.00026831231553528306,remove_low_df
bắt_chước,1,0.00026831231553528306,remove_low_df
bắt_giữ,1,0.00026831231553528306,remove_low_df
bắt_đầu_mối,1,0.00026831231553528306,remove_low_df
bằng_phẳng,1,0.00026831231553528306,remove_low_df
bến,1,0.00026831231553528306,remove_low_df
bếp_núc,1,0.00026831231553528306,remove_low_df
bề_mặt,1,0.00026831231553528306,remove_low_df
bền_chặt,1,0.00026831231553528306,remove_low_df
bệ,1,0.00026831231553528306,remove_low_df
bệ_phóng,1,0.00026831231553528306,remove_low_df
bệnh_bạch_cầu,1,0.00026831231553528306,remove_low_df
bỉ,1,0.00026831231553528306,remove_low_df
bọt,1,0.00026831231553528306,remove_low_df
bỏ_mẹ,1,0.00026831231553528306,remove_low_df
bỏ_tù,1,0.00026831231553528306,remove_low_df
bố_trí,1,0.00026831231553528306,remove_low_df
bốc_hoả,1,0.00026831231553528306,remove_low_df
bốc_thăm,1,0.00026831231553528306,remove_low_df
bồi_hồi,1,0.00026831231553528306,remove_low_df
bồi_thẩm,1,0.00026831231553528306,remove_low_df
bồn,1,0.00026831231553528306,remove_low_df
bồn_cầu,1,0.00026831231553528306,remove_low_df
bồng_bột,1,0.00026831231553528306,remove_low_df
bỗng_chốc,1,0.00026831231553528306,remove_low_df
bộ_dạng,1,0.00026831231553528306,remove_low_df
bộ_tộc,1,0.00026831231553528306,remove_low_df
bộc_bạch,1,0.00026831231553528306,remove_low_df
bột_giặt,1,0.00026831231553528306,remove_low_df
bụng_dưới,1,0.00026831231553528306,remove_low_df
bừng,1,0.00026831231553528306,remove_low_df
cahmo,1,0.00026831231553528306,remove_low_df
cahms,1,0.00026831231553528306,remove_low_df
cai_ngục,1,0.00026831231553528306,remove_low_df
calvasse,1,0.00026831231553528306,remove_low_df
cameron,1,0.00026831231553528306,remove_low_df
camp,1,0.00026831231553528306,remove_low_df
candy,1,0.00026831231553528306,remove_low_df
canh_bạc,1,0.00026831231553528306,remove_low_df
cannabinoids,1,0.00026831231553528306,remove_low_df
canvas,1,0.00026831231553528306,remove_low_df
capetimessa,1,0.00026831231553528306,remove_low_df
capillarity,1,0.00026831231553528306,remove_low_df
capillary,1,0.00026831231553528306,remove_low_df
carbon,1,0.00026831231553528306,remove_low_df
care,1,0.00026831231553528306,remove_low_df
carnage,1,0.00026831231553528306,remove_low_df
caroming,1,0.00026831231553528306,remove_low_df
cash,1,0.00026831231553528306,remove_low_df
cast,1,0.00026831231553528306,remove_low_df
casting,1,0.00026831231553528306,remove_low_df
casual,1,0.00026831231553528306,remove_low_df
caviarpurple,1,0.00026831231553528306,remove_low_df
caylin,1,0.00026831231553528306,remove_low_df
cbc,1,0.00026831231553528306,remove_low_df
ccw,1,0.00026831231553528306,remove_low_df
cd,1,0.00026831231553528306,remove_low_df
cellulite,1,0.00026831231553528306,remove_low_df
cenobite,1,0.00026831231553528306,remove_low_df
centennial,1,0.00026831231553528306,remove_low_df
cephaldo,1,0.00026831231553528306,remove_low_df
certain,1,0.00026831231553528306,remove_low_df
cf,1,0.00026831231553528306,remove_low_df
cha_xứ,1,0.00026831231553528306,remove_low_df
cha_đẻ,1,0.00026831231553528306,remove_low_df
chabi,1,0.00026831231553528306,remove_low_df
chadjvalasek,1,0.00026831231553528306,remove_low_df
chariz,1,0.00026831231553528306,remove_low_df
che_chắn,1,0.00026831231553528306,remove_low_df
che_đậy,1,0.00026831231553528306,remove_low_df
cheene,1,0.00026831231553528306,remove_low_df
chen_chúc,1,0.00026831231553528306,remove_low_df
chepauk,1,0.00026831231553528306,remove_low_df
chetan,1,0.00026831231553528306,remove_low_df
chia_cắt,1,0.00026831231553528306,remove_low_df
chichi,1,0.00026831231553528306,remove_low_df
child,1,0.00026831231553528306,remove_low_df
chips,1,0.00026831231553528306,remove_low_df
chiêu,1,0.00026831231553528306,remove_low_df
chiêu_bài,1,0.00026831231553528306,remove_low_df
chiếm_dụng,1,0.00026831231553528306,remove_low_df
chiếm_lĩnh,1,0.00026831231553528306,remove_low_df
chiến_dịch,1,0.00026831231553528306,remove_low_df
chiến_thuật,1,0.00026831231553528306,remove_low_df
chiến_tranh_hạt_nhân,1,0.00026831231553528306,remove_low_df
chiếu_rọi,1,0.00026831231553528306,remove_low_df
chris,1,0.00026831231553528306,remove_low_df
chrisexcel,1,0.00026831231553528306,remove_low_df
chrissiesth,1,0.00026831231553528306,remove_low_df
chua,1,0.00026831231553528306,remove_low_df
chui,1,0.00026831231553528306,remove_low_df
chung_cư,1,0.00026831231553528306,remove_low_df
chung_thuỷ,1,0.00026831231553528306,remove_low_df
chungus,1,0.00026831231553528306,remove_low_df
chuyên,1,0.00026831231553528306,remove_low_df
chuyển_biến,1,0.00026831231553528306,remove_low_df
chuyển_dịch,1,0.00026831231553528306,remove_low_df
chuyển_giao,1,0.00026831231553528306,remove_low_df
chuyển_nhượng,1,0.00026831231553528306,remove_low_df
chuyển_tiếp,1,0.00026831231553528306,remove_low_df
chuyển_động,1,0.00026831231553528306,remove_low_df
chuồng,1,0.00026831231553528306,remove_low_df
chà_xát,1,0.00026831231553528306,remove_low_df
chàm,1,0.00026831231553528306,remove_low_df
chào_hỏi,1,0.00026831231553528306,remove_low_df
cháy_bỏng,1,0.00026831231553528306,remove_low_df
châm,1,0.00026831231553528306,remove_low_df
châm_chích,1,0.00026831231553528306,remove_low_df
châm_chọc,1,0.00026831231553528306,remove_low_df
chân_chính,1,0.00026831231553528306,remove_low_df
chân_tay,1,0.00026831231553528306,remove_low_df
chân_và,1,0.00026831231553528306,remove_low_df
châu_á,1,0.00026831231553528306,remove_low_df
chèo,1,0.00026831231553528306,remove_low_df
chê_bai,1,0.00026831231553528306,remove_low_df
chì,1,0.00026831231553528306,remove_low_df
chìa_khoá,1,0.00026831231553528306,remove_low_df
chính_quy,1,0.00026831231553528306,remove_low_df
chính_quyền,1,0.00026831231553528306,remove_low_df
chính_trường,1,0.00026831231553528306,remove_low_df
chói,1,0.00026831231553528306,remove_low_df
chói_chang,1,0.00026831231553528306,remove_low_df
chùng,1,0.00026831231553528306,remove_low_df
chú_rể,1,0.00026831231553528306,remove_low_df
chú_thích,1,0.00026831231553528306,remove_low_df
chúc_phúc,1,0.00026831231553528306,remove_low_df
chúng_em,1,0.00026831231553528306,remove_low_df
chĩa,1,0.00026831231553528306,remove_low_df
chơi_bời,1,0.00026831231553528306,remove_low_df
chơi_khăm,1,0.00026831231553528306,remove_low_df
chướng,1,0.00026831231553528306,remove_low_df
chướng_ngại_vật,1,0.00026831231553528306,remove_low_df
chải,1,0.00026831231553528306,remove_low_df
chấm,1,0.00026831231553528306,remove_low_df
chấm_hết,1,0.00026831231553528306,remove_low_df
chất_chồng,1,0.00026831231553528306,remove_low_df
chất_xúc_tác,1,0.00026831231553528306,remove_low_df
chất_độc,1,0.00026831231553528306,remove_low_df
chẩm,1,0.00026831231553528306,remove_low_df
chậm_trễ,1,0.00026831231553528306,remove_low_df
chập,1,0.00026831231553528306,remove_low_df
chật,1,0.00026831231553528306,remove_low_df
chật_chội,1,0.00026831231553528306,remove_low_df
chật_hẹp,1,0.00026831231553528306,remove_low_df
chẳng_thể,1,0.00026831231553528306,remove_low_df
chặn_đứng,1,0.00026831231553528306,remove_low_df
chặt_chẽ,1,0.00026831231553528306,remove_low_df
chế_nhạo,1,0.00026831231553528306,remove_low_df
chế_độ_phong_kiến,1,0.00026831231553528306,remove_low_df
chết_não,1,0.00026831231553528306,remove_low_df
chỉ_huy,1,0.00026831231553528306,remove_low_df
chỉ_tiêu,1,0.00026831231553528306,remove_low_df
chỉ_trỏ,1,0.00026831231553528306,remove_low_df
chỉnh_hình,1,0.00026831231553528306,remove_low_df
chọc,1,0.00026831231553528306,remove_low_df
chọn_lọc,1,0.00026831231553528306,remove_low_df
chọn_lựa,1,0.00026831231553528306,remove_low_df
chống_trả,1,0.00026831231553528306,remove_low_df
chợ,1,0.00026831231553528306,remove_low_df
chủ_chốt,1,0.00026831231553528306,remove_low_df
chủ_nghĩa_cộng_sản,1,0.00026831231553528306,remove_low_df
chủ_thể,1,0.00026831231553528306,remove_low_df
chủ_trì,1,0.00026831231553528306,remove_low_df
chủ_tịch,1,0.00026831231553528306,remove_low_df
chủ_đích,1,0.00026831231553528306,remove_low_df
chủ_đạo,1,0.00026831231553528306,remove_low_df
chứa_đựng,1,0.00026831231553528306,remove_low_df
chứng_khoán,1,0.00026831231553528306,remove_low_df
chửi,1,0.00026831231553528306,remove_low_df
chửi_mắng,1,0.00026831231553528306,remove_low_df
chửi_rủa,1,0.00026831231553528306,remove_low_df
chữ_viết,1,0.00026831231553528306,remove_low_df
cinoshikacho,1,0.00026831231553528306,remove_low_df
cisgender,1,0.00026831231553528306,remove_low_df
citizen,1,0.00026831231553528306,remove_low_df
ckjob,1,0.00026831231553528306,remove_low_df
clarseek,1,0.00026831231553528306,remove_low_df
clash,1,0.00026831231553528306,remove_low_df
cleavage,1,0.00026831231553528306,remove_low_df
clemenceji,1,0.00026831231553528306,remove_low_df
click,1,0.00026831231553528306,remove_low_df
clickbait,1,0.00026831231553528306,remove_low_df
clinic,1,0.00026831231553528306,remove_low_df
clipboard,1,0.00026831231553528306,remove_low_df
clobazam,1,0.00026831231553528306,remove_low_df
clomipramine,1,0.00026831231553528306,remove_low_df
closure,1,0.00026831231553528306,remove_low_df
clozapine,1,0.00026831231553528306,remove_low_df
cm,1,0.00026831231553528306,remove_low_df
cnews,1,0.00026831231553528306,remove_low_df
cnn,1,0.00026831231553528306,remove_low_df
co_ro,1,0.00026831231553528306,remove_low_df
coca,1,0.00026831231553528306,remove_low_df
cocktail,1,0.00026831231553528306,remove_low_df
cognitive,1,0.00026831231553528306,remove_low_df
coi_nhẹ,1,0.00026831231553528306,remove_low_df
colorado,1,0.00026831231553528306,remove_low_df
combo,1,0.00026831231553528306,remove_low_df
comment,1,0.00026831231553528306,remove_low_df
complementary,1,0.00026831231553528306,remove_low_df
compose,1,0.00026831231553528306,remove_low_df
con_bài,1,0.00026831231553528306,remove_low_df
con_bạc,1,0.00026831231553528306,remove_low_df
con_cháu,1,0.00026831231553528306,remove_low_df
con_quay,1,0.00026831231553528306,remove_low_df
con_tin,1,0.00026831231553528306,remove_low_df
concerned,1,0.00026831231553528306,remove_low_df
confession,1,0.00026831231553528306,remove_low_df
cong,1,0.00026831231553528306,remove_low_df
console,1,0.00026831231553528306,remove_low_df
content,1,0.00026831231553528306,remove_low_df
context,1,0.00026831231553528306,remove_low_df
coolidge,1,0.00026831231553528306,remove_low_df
copium,1,0.00026831231553528306,remove_low_df
copywriter,1,0.00026831231553528306,remove_low_df
copywriting,1,0.00026831231553528306,remove_low_df
cornwall,1,0.00026831231553528306,remove_low_df
corona,1,0.00026831231553528306,remove_low_df
costochondritis,1,0.00026831231553528306,remove_low_df
couldn,1,0.00026831231553528306,remove_low_df
counsellor,1,0.00026831231553528306,remove_low_df
county,1,0.00026831231553528306,remove_low_df
cpr,1,0.00026831231553528306,remove_low_df
cps,1,0.00026831231553528306,remove_low_df
cpt,1,0.00026831231553528306,remove_low_df
cr,1,0.00026831231553528306,remove_low_df
craigslist,1,0.00026831231553528306,remove_low_df
crossy,1,0.00026831231553528306,remove_low_df
crossydailystar,1,0.00026831231553528306,remove_low_df
crp,1,0.00026831231553528306,remove_low_df
crypto,1,0.00026831231553528306,remove_low_df
cum,1,0.00026831231553528306,remove_low_df
cung_ứng,1,0.00026831231553528306,remove_low_df
customer,1,0.00026831231553528306,remove_low_df
cuồng_loạn,1,0.00026831231553528306,remove_low_df
cuồng_nộ,1,0.00026831231553528306,remove_low_df
cxqe,1,0.00026831231553528306,remove_low_df
cymbalta,1,0.00026831231553528306,remove_low_df
cyrill,1,0.00026831231553528306,remove_low_df
cytokine,1,0.00026831231553528306,remove_low_df
cà_chua,1,0.00026831231553528306,remove_low_df
cành,1,0.00026831231553528306,remove_low_df
cá_biệt,1,0.00026831231553528306,remove_low_df
cá_cược,1,0.00026831231553528306,remove_low_df
cá_tính,1,0.00026831231553528306,remove_low_df
cán,1,0.00026831231553528306,remove_low_df
câm,1,0.00026831231553528306,remove_low_df
câm_lặng,1,0.00026831231553528306,remove_low_df
câu_kết,1,0.00026831231553528306,remove_low_df
câu_thơ,1,0.00026831231553528306,remove_low_df
câu_đố,1,0.00026831231553528306,remove_low_df
cây_cảnh,1,0.00026831231553528306,remove_low_df
cây_cỏ,1,0.00026831231553528306,remove_low_df
cây_cổ_thụ,1,0.00026831231553528306,remove_low_df
cãi_cọ,1,0.00026831231553528306,remove_low_df
còng,1,0.00026831231553528306,remove_low_df
có_hạn,1,0.00026831231553528306,remove_low_df
có_thể_chế_giễu,1,0.00026831231553528306,remove_low_df
có_thể_trạng,1,0.00026831231553528306,remove_low_df
cóc,1,0.00026831231553528306,remove_low_df
cóng,1,0.00026831231553528306,remove_low_df
cót_két,1,0.00026831231553528306,remove_low_df
cô_dâu,1,0.00026831231553528306,remove_low_df
công_dân,1,0.00026831231553528306,remove_low_df
công_giáo,1,0.00026831231553528306,remove_low_df
công_kích,1,0.00026831231553528306,remove_low_df
công_nghệ,1,0.00026831231553528306,remove_low_df
công_nghệ_cao,1,0.00026831231553528306,remove_low_df
công_sở,1,0.00026831231553528306,remove_low_df
công_viên_nước,1,0.00026831231553528306,remove_low_df
cõng,1,0.00026831231553528306,remove_low_df
cùn,1,0.00026831231553528306,remove_low_df
cú_pháp,1,0.00026831231553528306,remove_low_df
căm_ghét,1,0.00026831231553528306,remove_low_df
căn_cứ_quân_sự,1,0.00026831231553528306,remove_low_df
cơ_quan_chức_năng,1,0.00026831231553528306,remove_low_df
cơ_địa,1,0.00026831231553528306,remove_low_df
cướp_giật,1,0.00026831231553528306,remove_low_df
cười_cợt,1,0.00026831231553528306,remove_low_df
cười_trừ,1,0.00026831231553528306,remove_low_df
cường_giáp,1,0.00026831231553528306,remove_low_df
cưỡng_ép,1,0.00026831231553528306,remove_low_df
cải_tạo,1,0.00026831231553528306,remove_low_df
cải_tổ,1,0.00026831231553528306,remove_low_df
cảm_kích,1,0.00026831231553528306,remove_low_df
cảm_tình,1,0.00026831231553528306,remove_low_df
cảm_động,1,0.00026831231553528306,remove_low_df
cảm_ứng,1,0.00026831231553528306,remove_low_df
cản_quang,1,0.00026831231553528306,remove_low_df
cảng,1,0.00026831231553528306,remove_low_df
cất_cánh,1,0.00026831231553528306,remove_low_df
cất_giữ,1,0.00026831231553528306,remove_low_df
cấu_hình,1,0.00026831231553528306,remove_low_df
cầm_cự,1,0.00026831231553528306,remove_low_df
cầm_đồ,1,0.00026831231553528306,remove_low_df
cần_câu,1,0.00026831231553528306,remove_low_df
cầu_nối,1,0.00026831231553528306,remove_low_df
cầu_vồng,1,0.00026831231553528306,remove_low_df
cận_kề,1,0.00026831231553528306,remove_low_df
cậntôi,1,0.00026831231553528306,remove_low_df
cắp,1,0.00026831231553528306,remove_low_df
cặc,1,0.00026831231553528306,remove_low_df
cốc,1,0.00026831231553528306,remove_low_df
cốt,1,0.00026831231553528306,remove_low_df
cốt_truyện,1,0.00026831231553528306,remove_low_df
cồn,1,0.00026831231553528306,remove_low_df
cổ_sinh_vật_học,1,0.00026831231553528306,remove_low_df
cổ_tích,1,0.00026831231553528306,remove_low_df
cổng,1,0.00026831231553528306,remove_low_df
cộng_hoà_séc,1,0.00026831231553528306,remove_low_df
cộng_sản,1,0.00026831231553528306,remove_low_df
cộng_sự,1,0.00026831231553528306,remove_low_df
cờ_bạc,1,0.00026831231553528306,remove_low_df
cờ_vua,1,0.00026831231553528306,remove_low_df
cụt,1,0.00026831231553528306,remove_low_df
củ,1,0.00026831231553528306,remove_low_df
cứng_nhắc,1,0.00026831231553528306,remove_low_df
cứng_rắn,1,0.00026831231553528306,remove_low_df
cứng_đầu,1,0.00026831231553528306,remove_low_df
cứu_cánh,1,0.00026831231553528306,remove_low_df
cứu_hoả,1,0.00026831231553528306,remove_low_df
cứu_hộ,1,0.00026831231553528306,remove_low_df
cứu_thương,1,0.00026831231553528306,remove_low_df
cứu_trợ,1,0.00026831231553528306,remove_low_df
cửa_mở,1,0.00026831231553528306,remove_low_df
cửa_tử,1,0.00026831231553528306,remove_low_df
cửađiều,1,0.00026831231553528306,remove_low_df
cực_quang,1,0.00026831231553528306,remove_low_df
cựu_chiến_binh,1,0.00026831231553528306,remove_low_df
da_dẻ,1,0.00026831231553528306,remove_low_df
da_thịt,1,0.00026831231553528306,remove_low_df
daily,1,0.00026831231553528306,remove_low_df
damon,1,0.00026831231553528306,remove_low_df
dang_dở,1,0.00026831231553528306,remove_low_df
daniel,1,0.00026831231553528306,remove_low_df
danyok,1,0.00026831231553528306,remove_low_df
darknbold,1,0.00026831231553528306,remove_low_df
darqhskined,1,0.00026831231553528306,remove_low_df
dave,1,0.00026831231553528306,remove_low_df
davido,1,0.00026831231553528306,remove_low_df
ddofinternet,1,0.00026831231553528306,remove_low_df
deadline,1,0.00026831231553528306,remove_low_df
dearteenagers,1,0.00026831231553528306,remove_low_df
ded,1,0.00026831231553528306,remove_low_df
defiant,1,0.00026831231553528306,remove_low_df
deflation,1,0.00026831231553528306,remove_low_df
dein,1,0.00026831231553528306,remove_low_df
delormeau,1,0.00026831231553528306,remove_low_df
deolfc,1,0.00026831231553528306,remove_low_df
depot,1,0.00026831231553528306,remove_low_df
depressed,1,0.00026831231553528306,remove_low_df
derealization,1,0.00026831231553528306,remove_low_df
detox,1,0.00026831231553528306,remove_low_df
deucetwt,1,0.00026831231553528306,remove_low_df
di_cư,1,0.00026831231553528306,remove_low_df
di_sản,1,0.00026831231553528306,remove_low_df
di_tản,1,0.00026831231553528306,remove_low_df
diana,1,0.00026831231553528306,remove_low_df
dianaisabela,1,0.00026831231553528306,remove_low_df
dick,1,0.00026831231553528306,remove_low_df
digitalis,1,0.00026831231553528306,remove_low_df
dih,1,0.00026831231553528306,remove_low_df
diljan,1,0.00026831231553528306,remove_low_df
dinkel,1,0.00026831231553528306,remove_low_df
disc,1,0.00026831231553528306,remove_low_df
discography,1,0.00026831231553528306,remove_low_df
disney,1,0.00026831231553528306,remove_low_df
disneyland,1,0.00026831231553528306,remove_low_df
dissociation,1,0.00026831231553528306,remove_low_df
divalproex,1,0.00026831231553528306,remove_low_df
divizio,1,0.00026831231553528306,remove_low_df
divya,1,0.00026831231553528306,remove_low_df
diêm,1,0.00026831231553528306,remove_low_df
diệt_chủng,1,0.00026831231553528306,remove_low_df
djmrhqlit,1,0.00026831231553528306,remove_low_df
dktofficiall,1,0.00026831231553528306,remove_low_df
dl,1,0.00026831231553528306,remove_low_df
dmf,1,0.00026831231553528306,remove_low_df
dmnc,1,0.00026831231553528306,remove_low_df
dmt,1,0.00026831231553528306,remove_low_df
dnd,1,0.00026831231553528306,remove_low_df
doki,1,0.00026831231553528306,remove_low_df
dom,1,0.00026831231553528306,remove_low_df
domd,1,0.00026831231553528306,remove_low_df
don,1,0.00026831231553528306,remove_low_df
donny,1,0.00026831231553528306,remove_low_df
dookie,1,0.00026831231553528306,remove_low_df
doordash,1,0.00026831231553528306,remove_low_df
dopt,1,0.00026831231553528306,remove_low_df
dosa,1,0.00026831231553528306,remove_low_df
downvote,1,0.00026831231553528306,remove_low_df
doạ_dẫm,1,0.00026831231553528306,remove_low_df
doạđe,1,0.00026831231553528306,remove_low_df
dreamtimeswift,1,0.00026831231553528306,remove_low_df
dreamwastaken,1,0.00026831231553528306,remove_low_df
drewl,1,0.00026831231553528306,remove_low_df
dsm,1,0.00026831231553528306,remove_low_df
du_thuyền,1,0.00026831231553528306,remove_low_df
dukc,1,0.00026831231553528306,remove_low_df
dung_thứ,1,0.00026831231553528306,remove_low_df
dungeon,1,0.00026831231553528306,remove_low_df
dupont,1,0.00026831231553528306,remove_low_df
duyệt,1,0.00026831231553528306,remove_low_df
dvt,1,0.00026831231553528306,remove_low_df
dxd,1,0.00026831231553528306,remove_low_df
dyslexia,1,0.00026831231553528306,remove_low_df
dysthymia,1,0.00026831231553528306,remove_low_df
dystopian,1,0.00026831231553528306,remove_low_df
dài_lâu,1,0.00026831231553528306,remove_low_df
dàithở,1,0.00026831231553528306,remove_low_df
dày_đặc,1,0.00026831231553528306,remove_low_df
dâm_đãng,1,0.00026831231553528306,remove_low_df
dân,1,0.00026831231553528306,remove_low_df
dân_chủ,1,0.00026831231553528306,remove_low_df
dân_sự,1,0.00026831231553528306,remove_low_df
dâng,1,0.00026831231553528306,remove_low_df
dè,1,0.00026831231553528306,remove_low_df
dè_dặt,1,0.00026831231553528306,remove_low_df
dõi,1,0.00026831231553528306,remove_low_df
dũng_khí,1,0.00026831231553528306,remove_low_df
dơi,1,0.00026831231553528306,remove_low_df
dương,1,0.00026831231553528306,remove_low_df
dưỡng_lão,1,0.00026831231553528306,remove_low_df
dược_sĩ,1,0.00026831231553528306,remove_low_df
dạy_dỗ,1,0.00026831231553528306,remove_low_df
dạy_học,1,0.00026831231553528306,remove_low_df
dải,1,0.00026831231553528306,remove_low_df
dấu_câu,1,0.00026831231553528306,remove_low_df
dầu_gội,1,0.00026831231553528306,remove_low_df
dầu_máy,1,0.00026831231553528306,remove_low_df
dẫm,1,0.00026831231553528306,remove_low_df
dẫn_chương_trình,1,0.00026831231553528306,remove_low_df
dẫn_truyền,1,0.00026831231553528306,remove_low_df
dẫn_đầu,1,0.00026831231553528306,remove_low_df
dậm,1,0.00026831231553528306,remove_low_df
dắt,1,0.00026831231553528306,remove_low_df
dằn_vặt,1,0.00026831231553528306,remove_low_df
dẻo,1,0.00026831231553528306,remove_low_df
dị_dạng,1,0.00026831231553528306,remove_low_df
dị_thường,1,0.00026831231553528306,remove_low_df
dị_tật,1,0.00026831231553528306,remove_low_df
dịch_bệnh,1,0.00026831231553528306,remove_low_df
dịch_vị,1,0.00026831231553528306,remove_low_df
dồn,1,0.00026831231553528306,remove_low_df
dồn_dập,1,0.00026831231553528306,remove_low_df
dự_báo,1,0.00026831231553528306,remove_low_df
dự_luật,1,0.00026831231553528306,remove_low_df
dựng_đứng,1,0.00026831231553528306,remove_low_df
ea,1,0.00026831231553528306,remove_low_df
eats,1,0.00026831231553528306,remove_low_df
echo,1,0.00026831231553528306,remove_low_df
ecmo,1,0.00026831231553528306,remove_low_df
ect,1,0.00026831231553528306,remove_low_df
eddine,1,0.00026831231553528306,remove_low_df
eddingsaurus,1,0.00026831231553528306,remove_low_df
edit,1,0.00026831231553528306,remove_low_df
edwarrior,1,0.00026831231553528306,remove_low_df
eelam,1,0.00026831231553528306,remove_low_df
eeyore,1,0.00026831231553528306,remove_low_df
ef,1,0.00026831231553528306,remove_low_df
efbwrites,1,0.00026831231553528306,remove_low_df
efexor,1,0.00026831231553528306,remove_low_df
efic,1,0.00026831231553528306,remove_low_df
ehhh,1,0.00026831231553528306,remove_low_df
ekg,1,0.00026831231553528306,remove_low_df
el,1,0.00026831231553528306,remove_low_df
el_salvador,1,0.00026831231553528306,remove_low_df
elder,1,0.00026831231553528306,remove_low_df
eleanorjwright,1,0.00026831231553528306,remove_low_df
electric,1,0.00026831231553528306,remove_low_df
electroma,1,0.00026831231553528306,remove_low_df
eleven,1,0.00026831231553528306,remove_low_df
eleyvanbow,1,0.00026831231553528306,remove_low_df
elijah,1,0.00026831231553528306,remove_low_df
elizabeth,1,0.00026831231553528306,remove_low_df
elmartinsz,1,0.00026831231553528306,remove_low_df
elvisamponsahk,1,0.00026831231553528306,remove_low_df
emdr,1,0.00026831231553528306,remove_low_df
emilthedk,1,0.00026831231553528306,remove_low_df
emma,1,0.00026831231553528306,remove_low_df
en,1,0.00026831231553528306,remove_low_df
engysmohamed,1,0.00026831231553528306,remove_low_df
enna,1,0.00026831231553528306,remove_low_df
eo_hẹp,1,0.00026831231553528306,remove_low_df
eole,1,0.00026831231553528306,remove_low_df
epstein,1,0.00026831231553528306,remove_low_df
er,1,0.00026831231553528306,remove_low_df
erdbeerquaark,1,0.00026831231553528306,remove_low_df
ergonomix,1,0.00026831231553528306,remove_low_df
espnfc,1,0.00026831231553528306,remove_low_df
essteeem,1,0.00026831231553528306,remove_low_df
estable,1,0.00026831231553528306,remove_low_df
estelle,1,0.00026831231553528306,remove_low_df
estrogen,1,0.00026831231553528306,remove_low_df
etherealwater,1,0.00026831231553528306,remove_low_df
ethocide,1,0.00026831231553528306,remove_low_df
etoro,1,0.00026831231553528306,remove_low_df
etubolion,1,0.00026831231553528306,remove_low_df
eugene,1,0.00026831231553528306,remove_low_df
eupd,1,0.00026831231553528306,remove_low_df
evaboy,1,0.00026831231553528306,remove_low_df
evc,1,0.00026831231553528306,remove_low_df
evcmygjc,1,0.00026831231553528306,remove_low_df
ever,1,0.00026831231553528306,remove_low_df
exeter,1,0.00026831231553528306,remove_low_df
exhausted,1,0.00026831231553528306,remove_low_df
experience,1,0.00026831231553528306,remove_low_df
ezuiequotes,1,0.00026831231553528306,remove_low_df
fa,1,0.00026831231553528306,remove_low_df
facetime,1,0.00026831231553528306,remove_low_df
fact,1,0.00026831231553528306,remove_low_df
factory,1,0.00026831231553528306,remove_low_df
fade,1,0.00026831231553528306,remove_low_df
fafsa,1,0.00026831231553528306,remove_low_df
fallmaiden,1,0.00026831231553528306,remove_low_df
family,1,0.00026831231553528306,remove_low_df
fanbase,1,0.00026831231553528306,remove_low_df
fantasy,1,0.00026831231553528306,remove_low_df
fantasypeddler,1,0.00026831231553528306,remove_low_df
fantegh,1,0.00026831231553528306,remove_low_df
faq,1,0.00026831231553528306,remove_low_df
farm,1,0.00026831231553528306,remove_low_df
faroukserf,1,0.00026831231553528306,remove_low_df
fast,1,0.00026831231553528306,remove_low_df
fauxalize,1,0.00026831231553528306,remove_low_df
fayokemi,1,0.00026831231553528306,remove_low_df
fckeveryword,1,0.00026831231553528306,remove_low_df
fdr,1,0.00026831231553528306,remove_low_df
feel,1,0.00026831231553528306,remove_low_df
feet,1,0.00026831231553528306,remove_low_df
felix,1,0.00026831231553528306,remove_low_df
felt,1,0.00026831231553528306,remove_low_df
femboy,1,0.00026831231553528306,remove_low_df
fenrirclemo,1,0.00026831231553528306,remove_low_df
ferguson,1,0.00026831231553528306,remove_low_df
fernanda,1,0.00026831231553528306,remove_low_df
few,1,0.00026831231553528306,remove_low_df
fhkzpz,1,0.00026831231553528306,remove_low_df
ficmk,1,0.00026831231553528306,remove_low_df
fiedelseb,1,0.00026831231553528306,remove_low_df
figaro,1,0.00026831231553528306,remove_low_df
figenabler,1,0.00026831231553528306,remove_low_df
fighter,1,0.00026831231553528306,remove_low_df
find,1,0.00026831231553528306,remove_low_df
findinmyway,1,0.00026831231553528306,remove_low_df
finra,1,0.00026831231553528306,remove_low_df
fireboy,1,0.00026831231553528306,remove_low_df
fit,1,0.00026831231553528306,remove_low_df
fitness,1,0.00026831231553528306,remove_low_df
fkdqvzm,1,0.00026831231553528306,remove_low_df
flashgetem,1,0.00026831231553528306,remove_low_df
floppy,1,0.00026831231553528306,remove_low_df
flqwtpokvn,1,0.00026831231553528306,remove_low_df
fluvoxamine,1,0.00026831231553528306,remove_low_df
fluyyqw,1,0.00026831231553528306,remove_low_df
fml,1,0.00026831231553528306,remove_low_df
fmrok,1,0.00026831231553528306,remove_low_df
fmwangyisaveindianstudents,1,0.00026831231553528306,remove_low_df
fobt,1,0.00026831231553528306,remove_low_df
focalin,1,0.00026831231553528306,remove_low_df
follow,1,0.00026831231553528306,remove_low_df
food,1,0.00026831231553528306,remove_low_df
foodle,1,0.00026831231553528306,remove_low_df
for,1,0.00026831231553528306,remove_low_df
fordham,1,0.00026831231553528306,remove_low_df
forex,1,0.00026831231553528306,remove_low_df
fort,1,0.00026831231553528306,remove_low_df
fortheringay,1,0.00026831231553528306,remove_low_df
fortnite,1,0.00026831231553528306,remove_low_df
fqjbmbhawg,1,0.00026831231553528306,remove_low_df
francis,1,0.00026831231553528306,remove_low_df
francoispillet,1,0.00026831231553528306,remove_low_df
franklin,1,0.00026831231553528306,remove_low_df
frau,1,0.00026831231553528306,remove_low_df
freeebooks,1,0.00026831231553528306,remove_low_df
freelance,1,0.00026831231553528306,remove_low_df
freelancer,1,0.00026831231553528306,remove_low_df
friendship,1,0.00026831231553528306,remove_low_df
fsuicidewatch,1,0.00026831231553528306,remove_low_df
fuckkkk,1,0.00026831231553528306,remove_low_df
fudiggity,1,0.00026831231553528306,remove_low_df
funfact,1,0.00026831231553528306,remove_low_df
fung,1,0.00026831231553528306,remove_low_df
funky,1,0.00026831231553528306,remove_low_df
fuuuuuuuuuuuuuuuuuuuuuuuuuuuuuuuuuuuuuuuuuuuuuuck,1,0.00026831231553528306,remove_low_df
fuxwvjydjy,1,0.00026831231553528306,remove_low_df
gadboit,1,0.00026831231553528306,remove_low_df
gadifele,1,0.00026831231553528306,remove_low_df
gaindaswamy,1,0.00026831231553528306,remove_low_df
gallon,1,0.00026831231553528306,remove_low_df
gan,1,0.00026831231553528306,remove_low_df
gandotra,1,0.00026831231553528306,remove_low_df
garrison,1,0.00026831231553528306,remove_low_df
garwboy,1,0.00026831231553528306,remove_low_df
gary,1,0.00026831231553528306,remove_low_df
gas,1,0.00026831231553528306,remove_low_df
gaslighting,1,0.00026831231553528306,remove_low_df
gba,1,0.00026831231553528306,remove_low_df
gcrv,1,0.00026831231553528306,remove_low_df
gdp,1,0.00026831231553528306,remove_low_df
gel,1,0.00026831231553528306,remove_low_df
gemhostofficial,1,0.00026831231553528306,remove_low_df
gemma,1,0.00026831231553528306,remove_low_df
gemmamjtaylor,1,0.00026831231553528306,remove_low_df
generic,1,0.00026831231553528306,remove_low_df
genie,1,0.00026831231553528306,remove_low_df
genshin,1,0.00026831231553528306,remove_low_df
gensler,1,0.00026831231553528306,remove_low_df
geordiepaul,1,0.00026831231553528306,remove_low_df
georgia,1,0.00026831231553528306,remove_low_df
gerd,1,0.00026831231553528306,remove_low_df
get,1,0.00026831231553528306,remove_low_df
getting,1,0.00026831231553528306,remove_low_df
gfreeman,1,0.00026831231553528306,remove_low_df
gfzfhq,1,0.00026831231553528306,remove_low_df
ghi_danh,1,0.00026831231553528306,remove_low_df
ghi_nhận,1,0.00026831231553528306,remove_low_df
ghim,1,0.00026831231553528306,remove_low_df
ghost,1,0.00026831231553528306,remove_low_df
ghép_nối,1,0.00026831231553528306,remove_low_df
gia_cầm,1,0.00026831231553528306,remove_low_df
gia_sư,1,0.00026831231553528306,remove_low_df
gia_đình_trị,1,0.00026831231553528306,remove_low_df
giai_cấp,1,0.00026831231553528306,remove_low_df
gian_dối,1,0.00026831231553528306,remove_low_df
gianee,1,0.00026831231553528306,remove_low_df
giao_dịch,1,0.00026831231553528306,remove_low_df
giao_phối,1,0.00026831231553528306,remove_low_df
gien,1,0.00026831231553528306,remove_low_df
gift,1,0.00026831231553528306,remove_low_df
girlsdo,1,0.00026831231553528306,remove_low_df
giving,1,0.00026831231553528306,remove_low_df
già_dặn,1,0.00026831231553528306,remove_low_df
giá_như,1,0.00026831231553528306,remove_low_df
giác_ngộ,1,0.00026831231553528306,remove_low_df
giác_quan,1,0.00026831231553528306,remove_low_df
giám_hộ,1,0.00026831231553528306,remove_low_df
giám_khảo,1,0.00026831231553528306,remove_low_df
giám_sát_viên,1,0.00026831231553528306,remove_low_df
giáng,1,0.00026831231553528306,remove_low_df
giáo_dưỡng,1,0.00026831231553528306,remove_low_df
giáo_lý,1,0.00026831231553528306,remove_low_df
giáo_điều,1,0.00026831231553528306,remove_low_df
giáp,1,0.00026831231553528306,remove_low_df
giãn_nở,1,0.00026831231553528306,remove_low_df
giông_bão,1,0.00026831231553528306,remove_low_df
giường_bệnh,1,0.00026831231553528306,remove_low_df
giả_như,1,0.00026831231553528306,remove_low_df
giải_cứu,1,0.00026831231553528306,remove_low_df
giải_mã,1,0.00026831231553528306,remove_low_df
giải_nghệ,1,0.00026831231553528306,remove_low_df
giải_phẫu,1,0.00026831231553528306,remove_low_df
giải_phẫu_học,1,0.00026831231553528306,remove_low_df
giảm_phát,1,0.00026831231553528306,remove_low_df
giấu_giếm,1,0.00026831231553528306,remove_low_df
giận_dỗi,1,0.00026831231553528306,remove_low_df
giật_gân,1,0.00026831231553528306,remove_low_df
giặt,1,0.00026831231553528306,remove_low_df
giỏi_giang,1,0.00026831231553528306,remove_low_df
giờ_giấc,1,0.00026831231553528306,remove_low_df
giờ_phút,1,0.00026831231553528306,remove_low_df
giữ_ý_kiến,1,0.00026831231553528306,remove_low_df
glad,1,0.00026831231553528306,remove_low_df
glamgirlgargiee,1,0.00026831231553528306,remove_low_df
glycemic,1,0.00026831231553528306,remove_low_df
gmb,1,0.00026831231553528306,remove_low_df
gmt,1,0.00026831231553528306,remove_low_df
gna,1,0.00026831231553528306,remove_low_df
god,1,0.00026831231553528306,remove_low_df
godot,1,0.00026831231553528306,remove_low_df
goi,1,0.00026831231553528306,remove_low_df
going,1,0.00026831231553528306,remove_low_df
gold,1,0.00026831231553528306,remove_low_df
gonda,1,0.00026831231553528306,remove_low_df
gop,1,0.00026831231553528306,remove_low_df
gorilla,1,0.00026831231553528306,remove_low_df
gossipmail,1,0.00026831231553528306,remove_low_df
gov,1,0.00026831231553528306,remove_low_df
goá_bụa,1,0.00026831231553528306,remove_low_df
goá_phụ,1,0.00026831231553528306,remove_low_df
gqmq,1,0.00026831231553528306,remove_low_df
gram,1,0.00026831231553528306,remove_low_df
graphic,1,0.00026831231553528306,remove_low_df
grenville,1,0.00026831231553528306,remove_low_df
grindr,1,0.00026831231553528306,remove_low_df
group,1,0.00026831231553528306,remove_low_df
guard,1,0.00026831231553528306,remove_low_df
guh,1,0.00026831231553528306,remove_low_df
gulshan,1,0.00026831231553528306,remove_low_df
gunnhild,1,0.00026831231553528306,remove_low_df
gwen,1,0.00026831231553528306,remove_low_df
gxfpnbrsx,1,0.00026831231553528306,remove_low_df
gào_thét,1,0.00026831231553528306,remove_low_df
gái_gọi,1,0.00026831231553528306,remove_low_df
gán,1,0.00026831231553528306,remove_low_df
gây_mê,1,0.00026831231553528306,remove_low_df
gây_rối,1,0.00026831231553528306,remove_low_df
gây_tê,1,0.00026831231553528306,remove_low_df
góa,1,0.00026831231553528306,remove_low_df
góp_ý,1,0.00026831231553528306,remove_low_df
gót,1,0.00026831231553528306,remove_low_df
gút,1,0.00026831231553528306,remove_low_df
gạch,1,0.00026831231553528306,remove_low_df
gấp_gáp,1,0.00026831231553528306,remove_low_df
gấu,1,0.00026831231553528306,remove_low_df
gầy_guộc,1,0.00026831231553528306,remove_low_df
gắn_kết,1,0.00026831231553528306,remove_low_df
gỉ,1,0.00026831231553528306,remove_low_df
gồ_ghề,1,0.00026831231553528306,remove_low_df
gỗ,1,0.00026831231553528306,remove_low_df
gở,1,0.00026831231553528306,remove_low_df
gợi_tình,1,0.00026831231553528306,remove_low_df
gợn,1,0.00026831231553528306,remove_low_df
ha_ha,1,0.00026831231553528306,remove_low_df
hack,1,0.00026831231553528306,remove_low_df
hadi,1,0.00026831231553528306,remove_low_df
hahahaha,1,0.00026831231553528306,remove_low_df
hahahahaha,1,0.00026831231553528306,remove_low_df
hahahahahahahhahahahahahhaahahah,1,0.00026831231553528306,remove_low_df
hai_mươi,1,0.00026831231553528306,remove_low_df
hajji,1,0.00026831231553528306,remove_low_df
halalhomer,1,0.00026831231553528306,remove_low_df
haley,1,0.00026831231553528306,remove_low_df
halfway,1,0.00026831231553528306,remove_low_df
halloween,1,0.00026831231553528306,remove_low_df
halsey,1,0.00026831231553528306,remove_low_df
hamster,1,0.00026831231553528306,remove_low_df
handmade,1,0.00026831231553528306,remove_low_df
happen,1,0.00026831231553528306,remove_low_df
harding,1,0.00026831231553528306,remove_low_df
harvey,1,0.00026831231553528306,remove_low_df
harối_ren,1,0.00026831231553528306,remove_low_df
hat,1,0.00026831231553528306,remove_low_df
hatoumadks,1,0.00026831231553528306,remove_low_df
hawaii,1,0.00026831231553528306,remove_low_df
hawkmansworld,1,0.00026831231553528306,remove_low_df
hay_hay,1,0.00026831231553528306,remove_low_df
hay_ho,1,0.00026831231553528306,remove_low_df
headspace,1,0.00026831231553528306,remove_low_df
healthgrades,1,0.00026831231553528306,remove_low_df
healthline,1,0.00026831231553528306,remove_low_df
healy,1,0.00026831231553528306,remove_low_df
heather,1,0.00026831231553528306,remove_low_df
hedonist,1,0.00026831231553528306,remove_low_df
heitler,1,0.00026831231553528306,remove_low_df
hekcohnfbg,1,0.00026831231553528306,remove_low_df
helen,1,0.00026831231553528306,remove_low_df
heli,1,0.00026831231553528306,remove_low_df
help,1,0.00026831231553528306,remove_low_df
helpsophia,1,0.00026831231553528306,remove_low_df
helpushelpyou,1,0.00026831231553528306,remove_low_df
hen,1,0.00026831231553528306,remove_low_df
hendrix,1,0.00026831231553528306,remove_low_df
heo,1,0.00026831231553528306,remove_low_df
hershey,1,0.00026831231553528306,remove_low_df
heuristic,1,0.00026831231553528306,remove_low_df
hex,1,0.00026831231553528306,remove_low_df
hidalgo,1,0.00026831231553528306,remove_low_df
hidradenitis,1,0.00026831231553528306,remove_low_df
high,1,0.00026831231553528306,remove_low_df
hims,1,0.00026831231553528306,remove_low_df
hinaaltaf,1,0.00026831231553528306,remove_low_df
hinge,1,0.00026831231553528306,remove_low_df
hip_hop,1,0.00026831231553528306,remove_low_df
hippie,1,0.00026831231553528306,remove_low_df
hippocampus,1,0.00026831231553528306,remove_low_df
histamine,1,0.00026831231553528306,remove_low_df
hitler,1,0.00026831231553528306,remove_low_df
hiếu_động,1,0.00026831231553528306,remove_low_df
hiển_thị,1,0.00026831231553528306,remove_low_df
hiệp_sĩ,1,0.00026831231553528306,remove_low_df
hiệu_lực,1,0.00026831231553528306,remove_low_df
hle,1,0.00026831231553528306,remove_low_df
hmo,1,0.00026831231553528306,remove_low_df
hoa_cúc,1,0.00026831231553528306,remove_low_df
hoan_hô,1,0.00026831231553528306,remove_low_df
hoang_vu,1,0.00026831231553528306,remove_low_df
holland,1,0.00026831231553528306,remove_low_df
hollywood,1,0.00026831231553528306,remove_low_df
holocaust,1,0.00026831231553528306,remove_low_df
home,1,0.00026831231553528306,remove_low_df
homophobia,1,0.00026831231553528306,remove_low_df
hoodie,1,0.00026831231553528306,remove_low_df
hoover,1,0.00026831231553528306,remove_low_df
hopkins,1,0.00026831231553528306,remove_low_df
hospital,1,0.00026831231553528306,remove_low_df
hosting,1,0.00026831231553528306,remove_low_df
hot,1,0.00026831231553528306,remove_low_df
house,1,0.00026831231553528306,remove_low_df
how,1,0.00026831231553528306,remove_low_df
howard,1,0.00026831231553528306,remove_low_df
hoà_quyện,1,0.00026831231553528306,remove_low_df
hoài_bão,1,0.00026831231553528306,remove_low_df
hoàn_chỉnh,1,0.00026831231553528306,remove_low_df
hoàn_tất,1,0.00026831231553528306,remove_low_df
hoá_công_việc,1,0.00026831231553528306,remove_low_df
hoán_đổi,1,0.00026831231553528306,remove_low_df
hoạt_bát,1,0.00026831231553528306,remove_low_df
hoảng_hốt,1,0.00026831231553528306,remove_low_df
hris,1,0.00026831231553528306,remove_low_df
html,1,0.00026831231553528306,remove_low_df
htp,1,0.00026831231553528306,remove_low_df
hu,1,0.00026831231553528306,remove_low_df
huge,1,0.00026831231553528306,remove_low_df
humanpsychology,1,0.00026831231553528306,remove_low_df
hurt,1,0.00026831231553528306,remove_low_df
huyết_học,1,0.00026831231553528306,remove_low_df
huyết_quản,1,0.00026831231553528306,remove_low_df
huyết_áp_thấp,1,0.00026831231553528306,remove_low_df
huỳnh_quang,1,0.00026831231553528306,remove_low_df
hvgoenka,1,0.00026831231553528306,remove_low_df
hy_lạp,1,0.00026831231553528306,remove_low_df
hydralazine,1,0.00026831231553528306,remove_low_df
hydrat,1,0.00026831231553528306,remove_low_df
hydroxozyne,1,0.00026831231553528306,remove_low_df
hyperhidrosis,1,0.00026831231553528306,remove_low_df
hyperinflation,1,0.00026831231553528306,remove_low_df
hypersomnia,1,0.00026831231553528306,remove_low_df
hypoglycemic,1,0.00026831231553528306,remove_low_df
hà,1,0.00026831231553528306,remove_low_df
hài_kịch,1,0.00026831231553528306,remove_low_df
hàm_răng,1,0.00026831231553528306,remove_low_df
hàn,1,0.00026831231553528306,remove_low_df
hàn_quốc,1,0.00026831231553528306,remove_low_df
hàng_không,1,0.00026831231553528306,remove_low_df
hành,1,0.00026831231553528306,remove_low_df
hành_quyết,1,0.00026831231553528306,remove_low_df
hào_nhoáng,1,0.00026831231553528306,remove_low_df
hào_phóng,1,0.00026831231553528306,remove_low_df
hàu,1,0.00026831231553528306,remove_low_df
hát_hò,1,0.00026831231553528306,remove_low_df
hân_hoan,1,0.00026831231553528306,remove_low_df
hãng,1,0.00026831231553528306,remove_low_df
hão_huyền,1,0.00026831231553528306,remove_low_df
hèn,1,0.00026831231553528306,remove_low_df
hèn_hạ,1,0.00026831231553528306,remove_low_df
hình_mẫu,1,0.00026831231553528306,remove_low_df
hình_nộm,1,0.00026831231553528306,remove_low_df
hình_sự,1,0.00026831231553528306,remove_low_df
hình_thang,1,0.00026831231553528306,remove_low_df
hình_vẽ,1,0.00026831231553528306,remove_low_df
hò_reo,1,0.00026831231553528306,remove_low_df
hòn,1,0.00026831231553528306,remove_low_df
hóa,1,0.00026831231553528306,remove_low_df
hói,1,0.00026831231553528306,remove_low_df
hóp,1,0.00026831231553528306,remove_low_df
hôi_hám,1,0.00026831231553528306,remove_low_df
hôm_kia,1,0.00026831231553528306,remove_low_df
hôm_qua_tôi_lại,1,0.00026831231553528306,remove_low_df
hôn_hít,1,0.00026831231553528306,remove_low_df
hư_cấu,1,0.00026831231553528306,remove_low_df
hư_không,1,0.00026831231553528306,remove_low_df
hươu,1,0.00026831231553528306,remove_low_df
hướng_đạo_sinh,1,0.00026831231553528306,remove_low_df
hưởng,1,0.00026831231553528306,remove_low_df
hưởng_thụ,1,0.00026831231553528306,remove_low_df
hạ_cánh,1,0.00026831231553528306,remove_low_df
hạ_nghị_sĩ,1,0.00026831231553528306,remove_low_df
hạ_nhục,1,0.00026831231553528306,remove_low_df
hải_lưu,1,0.00026831231553528306,remove_low_df
hận,1,0.00026831231553528306,remove_low_df
hậu,1,0.00026831231553528306,remove_low_df
hậu_môn,1,0.00026831231553528306,remove_low_df
hậu_trường,1,0.00026831231553528306,remove_low_df
hậu_vệ,1,0.00026831231553528306,remove_low_df
hắt_hơi,1,0.00026831231553528306,remove_low_df
hẹp_hòi,1,0.00026831231553528306,remove_low_df
hết_hơi,1,0.00026831231553528306,remove_low_df
hết_lòng,1,0.00026831231553528306,remove_low_df
hết_mức,1,0.00026831231553528306,remove_low_df
hết_nổi,1,0.00026831231553528306,remove_low_df
hết_sức_lực,1,0.00026831231553528306,remove_low_df
họđang,1,0.00026831231553528306,remove_low_df
hối_thúc,1,0.00026831231553528306,remove_low_df
hồi_hộp,1,0.00026831231553528306,remove_low_df
hồi_sinh,1,0.00026831231553528306,remove_low_df
hồng,1,0.00026831231553528306,remove_low_df
hồng_cầu,1,0.00026831231553528306,remove_low_df
hỗn_hợp,1,0.00026831231553528306,remove_low_df
hộ_chiếu,1,0.00026831231553528306,remove_low_df
hội_thảo,1,0.00026831231553528306,remove_low_df
hộđặt,1,0.00026831231553528306,remove_low_df
hở,1,0.00026831231553528306,remove_low_df
hở_hang,1,0.00026831231553528306,remove_low_df
hợp_lệ,1,0.00026831231553528306,remove_low_df
hợp_pháp,1,0.00026831231553528306,remove_low_df
hợp_pháp_hoá,1,0.00026831231553528306,remove_low_df
hụt_hẫng,1,0.00026831231553528306,remove_low_df
hứng_khởi,1,0.00026831231553528306,remove_low_df
iain,1,0.00026831231553528306,remove_low_df
iamigboblood,1,0.00026831231553528306,remove_low_df
ibrahimkrts,1,0.00026831231553528306,remove_low_df
idiopathic,1,0.00026831231553528306,remove_low_df
idolish,1,0.00026831231553528306,remove_low_df
ifiwasanotaku,1,0.00026831231553528306,remove_low_df
iga,1,0.00026831231553528306,remove_low_df
igg,1,0.00026831231553528306,remove_low_df
igh,1,0.00026831231553528306,remove_low_df
igm,1,0.00026831231553528306,remove_low_df
ijatmpkm,1,0.00026831231553528306,remove_low_df
ijerph,1,0.00026831231553528306,remove_low_df
illinois,1,0.00026831231553528306,remove_low_df
imessage,1,0.00026831231553528306,remove_low_df
imheret,1,0.00026831231553528306,remove_low_df
imohumoren,1,0.00026831231553528306,remove_low_df
impact,1,0.00026831231553528306,remove_low_df
imthiyas,1,0.00026831231553528306,remove_low_df
inamupwa,1,0.00026831231553528306,remove_low_df
inbox,1,0.00026831231553528306,remove_low_df
incitement,1,0.00026831231553528306,remove_low_df
india,1,0.00026831231553528306,remove_low_df
indoblok,1,0.00026831231553528306,remove_low_df
inferno,1,0.00026831231553528306,remove_low_df
influencer,1,0.00026831231553528306,remove_low_df
infographic,1,0.00026831231553528306,remove_low_df
infp,1,0.00026831231553528306,remove_low_df
insulin,1,0.00026831231553528306,remove_low_df
internetumpire,1,0.00026831231553528306,remove_low_df
internship,1,0.00026831231553528306,remove_low_df
interpersonal,1,0.00026831231553528306,remove_low_df
introverted,1,0.00026831231553528306,remove_low_df
iop,1,0.00026831231553528306,remove_low_df
ip,1,0.00026831231553528306,remove_low_df
ipa,1,0.00026831231553528306,remove_low_df
ipad,1,0.00026831231553528306,remove_low_df
ipseacharity,1,0.00026831231553528306,remove_low_df
iq,1,0.00026831231553528306,remove_low_df
ir,1,0.00026831231553528306,remove_low_df
is,1,0.00026831231553528306,remove_low_df
isaacquophai,1,0.00026831231553528306,remove_low_df
ismadinter,1,0.00026831231553528306,remove_low_df
ispahanjahane,1,0.00026831231553528306,remove_low_df
israelite,1,0.00026831231553528306,remove_low_df
itsnicari,1,0.00026831231553528306,remove_low_df
iuuvfeytce,1,0.00026831231553528306,remove_low_df
ivy,1,0.00026831231553528306,remove_low_df
iwa,1,0.00026831231553528306,remove_low_df
iymvn,1,0.00026831231553528306,remove_low_df
izbxlcdwwi,1,0.00026831231553528306,remove_low_df
izzy,1,0.00026831231553528306,remove_low_df
jabba,1,0.00026831231553528306,remove_low_df
jakluge,1,0.00026831231553528306,remove_low_df
jamesgrickards,1,0.00026831231553528306,remove_low_df
jaxtartwitch,1,0.00026831231553528306,remove_low_df
jayjude,1,0.00026831231553528306,remove_low_df
jayne,1,0.00026831231553528306,remove_low_df
jazzy,1,0.00026831231553528306,remove_low_df
jcdeqj,1,0.00026831231553528306,remove_low_df
jcpp,1,0.00026831231553528306,remove_low_df
jee,1,0.00026831231553528306,remove_low_df
jeffgordonweb,1,0.00026831231553528306,remove_low_df
jehovah,1,0.00026831231553528306,remove_low_df
jelqing,1,0.00026831231553528306,remove_low_df
jeremyvine,1,0.00026831231553528306,remove_low_df
jerotichseii,1,0.00026831231553528306,remove_low_df
jessa,1,0.00026831231553528306,remove_low_df
jessica,1,0.00026831231553528306,remove_low_df
jesssicrap,1,0.00026831231553528306,remove_low_df
jeyib,1,0.00026831231553528306,remove_low_df
jimbob,1,0.00026831231553528306,remove_low_df
jimenez,1,0.00026831231553528306,remove_low_df
jimi,1,0.00026831231553528306,remove_low_df
jjwfrow,1,0.00026831231553528306,remove_low_df
jkx,1,0.00026831231553528306,remove_low_df
joctlucsyz,1,0.00026831231553528306,remove_low_df
jodi,1,0.00026831231553528306,remove_low_df
joeedwyer,1,0.00026831231553528306,remove_low_df
johnny,1,0.00026831231553528306,remove_low_df
jojo,1,0.00026831231553528306,remove_low_df
jon,1,0.00026831231553528306,remove_low_df
jonathanhatami,1,0.00026831231553528306,remove_low_df
jonnyfx,1,0.00026831231553528306,remove_low_df
jos,1,0.00026831231553528306,remove_low_df
joseph,1,0.00026831231553528306,remove_low_df
joshua,1,0.00026831231553528306,remove_low_df
joynerlucas,1,0.00026831231553528306,remove_low_df
jsdkaal,1,0.00026831231553528306,remove_low_df
jsh,1,0.00026831231553528306,remove_low_df
jsuispasunkdo,1,0.00026831231553528306,remove_low_df
jue,1,0.00026831231553528306,remove_low_df
juicceyy,1,0.00026831231553528306,remove_low_df
julisa,1,0.00026831231553528306,remove_low_df
julius,1,0.00026831231553528306,remove_low_df
jun,1,0.00026831231553528306,remove_low_df
junior,1,0.00026831231553528306,remove_low_df
junoon,1,0.00026831231553528306,remove_low_df
juul,1,0.00026831231553528306,remove_low_df
jykc,1,0.00026831231553528306,remove_low_df
kaderiminoyuntv,1,0.00026831231553528306,remove_low_df
kaf,1,0.00026831231553528306,remove_low_df
kainat,1,0.00026831231553528306,remove_low_df
kali,1,0.00026831231553528306,remove_low_df
kanisam,1,0.00026831231553528306,remove_low_df
karenlo,1,0.00026831231553528306,remove_low_df
karl,1,0.00026831231553528306,remove_low_df
karma,1,0.00026831231553528306,remove_low_df
kawabonga,1,0.00026831231553528306,remove_low_df
kay,1,0.00026831231553528306,remove_low_df
kaybee,1,0.00026831231553528306,remove_low_df
kayleigh,1,0.00026831231553528306,remove_low_df
ke,1,0.00026831231553528306,remove_low_df
kebnh,1,0.00026831231553528306,remove_low_df
kelly,1,0.00026831231553528306,remove_low_df
kenklot,1,0.00026831231553528306,remove_low_df
kennylanta,1,0.00026831231553528306,remove_low_df
kenya,1,0.00026831231553528306,remove_low_df
keo,1,0.00026831231553528306,remove_low_df
kev,1,0.00026831231553528306,remove_low_df
keziah,1,0.00026831231553528306,remove_low_df
kgutlise,1,0.00026831231553528306,remove_low_df
kgware,1,0.00026831231553528306,remove_low_df
khaled,1,0.00026831231553528306,remove_low_df
kharab,1,0.00026831231553528306,remove_low_df
khatmi,1,0.00026831231553528306,remove_low_df
khe,1,0.00026831231553528306,remove_low_df
khinh_miệt,1,0.00026831231553528306,remove_low_df
khiêm_nhường,1,0.00026831231553528306,remove_low_df
khiêu_vũ,1,0.00026831231553528306,remove_low_df
kho_tàng,1,0.00026831231553528306,remove_low_df
khoa_học_viễn_tưởng,1,0.00026831231553528306,remove_low_df
khoa_học_xã_hội,1,0.00026831231553528306,remove_low_df
khoai_tây,1,0.00026831231553528306,remove_low_df
khoác,1,0.00026831231553528306,remove_low_df
khoảng_không,1,0.00026831231553528306,remove_low_df
khoẻ_khoắn,1,0.00026831231553528306,remove_low_df
khuyến_cáo,1,0.00026831231553528306,remove_low_df
khàn_khàn,1,0.00026831231553528306,remove_low_df
kháng,1,0.00026831231553528306,remove_low_df
khéo_léo,1,0.00026831231553528306,remove_low_df
khô_héo,1,0.00026831231553528306,remove_low_df
khô_khốc,1,0.00026831231553528306,remove_low_df
không_kích,1,0.00026831231553528306,remove_low_df
khôngmuốn,1,0.00026831231553528306,remove_low_df
khôngđiều,1,0.00026831231553528306,remove_low_df
khúc,1,0.00026831231553528306,remove_low_df
khúc_côn_cầu,1,0.00026831231553528306,remove_low_df
khơi,1,0.00026831231553528306,remove_low_df
khơi_gợi,1,0.00026831231553528306,remove_low_df
khả_dĩ,1,0.00026831231553528306,remove_low_df
khả_quan,1,0.00026831231553528306,remove_low_df
khảo_sát,1,0.00026831231553528306,remove_low_df
khắt_khe,1,0.00026831231553528306,remove_low_df
khốc_liệt,1,0.00026831231553528306,remove_low_df
khốn_khổ,1,0.00026831231553528306,remove_low_df
khống_chế,1,0.00026831231553528306,remove_low_df
khổ_cực,1,0.00026831231553528306,remove_low_df
khởi_phát,1,0.00026831231553528306,remove_low_df
khởi_tố,1,0.00026831231553528306,remove_low_df
khởi_xướng,1,0.00026831231553528306,remove_low_df
khụt_khịt,1,0.00026831231553528306,remove_low_df
ki,1,0.00026831231553528306,remove_low_df
kickstarter,1,0.00026831231553528306,remove_low_df
kik,1,0.00026831231553528306,remove_low_df
kilishi,1,0.00026831231553528306,remove_low_df
kimturner,1,0.00026831231553528306,remove_low_df
kindle,1,0.00026831231553528306,remove_low_df
kipping,1,0.00026831231553528306,remove_low_df
kiss,1,0.00026831231553528306,remove_low_df
kit,1,0.00026831231553528306,remove_low_df
kiên_cường,1,0.00026831231553528306,remove_low_df
kiên_định,1,0.00026831231553528306,remove_low_df
kiêng_khem,1,0.00026831231553528306,remove_low_df
kiến_trúc,1,0.00026831231553528306,remove_low_df
kiểm_duyệt,1,0.00026831231553528306,remove_low_df
kiệt,1,0.00026831231553528306,remove_low_df
kleiser,1,0.00026831231553528306,remove_low_df
klonipin,1,0.00026831231553528306,remove_low_df
klonzapam,1,0.00026831231553528306,remove_low_df
knot,1,0.00026831231553528306,remove_low_df
kolaches,1,0.00026831231553528306,remove_low_df
kopa,1,0.00026831231553528306,remove_low_df
korpkvinnan,1,0.00026831231553528306,remove_low_df
koschbob,1,0.00026831231553528306,remove_low_df
kratom,1,0.00026831231553528306,remove_low_df
krisbelieve,1,0.00026831231553528306,remove_low_df
ksjrcczo,1,0.00026831231553528306,remove_low_df
kt,1,0.00026831231553528306,remove_low_df
kumar,1,0.00026831231553528306,remove_low_df
kupavet,1,0.00026831231553528306,remove_low_df
kushaltweetz,1,0.00026831231553528306,remove_low_df
kuz,1,0.00026831231553528306,remove_low_df
kween,1,0.00026831231553528306,remove_low_df
kyuck,1,0.00026831231553528306,remove_low_df
kén,1,0.00026831231553528306,remove_low_df
kén_chọn,1,0.00026831231553528306,remove_low_df
két,1,0.00026831231553528306,remove_low_df
kêu_gào,1,0.00026831231553528306,remove_low_df
ký_hiệu,1,0.00026831231553528306,remove_low_df
ký_tự,1,0.00026831231553528306,remove_low_df
kẹo_cao_su,1,0.00026831231553528306,remove_low_df
kẽ,1,0.00026831231553528306,remove_low_df
kết_án,1,0.00026831231553528306,remove_low_df
kềm,1,0.00026831231553528306,remove_low_df
kể_ra,1,0.00026831231553528306,remove_low_df
lab,1,0.00026831231553528306,remove_low_df
labreif,1,0.00026831231553528306,remove_low_df
lady,1,0.00026831231553528306,remove_low_df
laekanzeakemp,1,0.00026831231553528306,remove_low_df
lai,1,0.00026831231553528306,remove_low_df
lamacurieux,1,0.00026831231553528306,remove_low_df
lan_can,1,0.00026831231553528306,remove_low_df
lan_tràn,1,0.00026831231553528306,remove_low_df
lana,1,0.00026831231553528306,remove_low_df
lanarkshire,1,0.00026831231553528306,remove_low_df
lanz,1,0.00026831231553528306,remove_low_df
latifa,1,0.00026831231553528306,remove_low_df
lau_chùi,1,0.00026831231553528306,remove_low_df
laude,1,0.00026831231553528306,remove_low_df
lauderdale,1,0.00026831231553528306,remove_low_df
laurenellise,1,0.00026831231553528306,remove_low_df
laurent,1,0.00026831231553528306,remove_low_df
lauterbach,1,0.00026831231553528306,remove_low_df
lavenderetherealmusic,1,0.00026831231553528306,remove_low_df
law,1,0.00026831231553528306,remove_low_df
lay,1,0.00026831231553528306,remove_low_df
layla,1,0.00026831231553528306,remove_low_df
lcsw,1,0.00026831231553528306,remove_low_df
ldn,1,0.00026831231553528306,remove_low_df
le_lói,1,0.00026831231553528306,remove_low_df
leadproject,1,0.00026831231553528306,remove_low_df
lee,1,0.00026831231553528306,remove_low_df
leitora,1,0.00026831231553528306,remove_low_df
lennartspion,1,0.00026831231553528306,remove_low_df
lere,1,0.00026831231553528306,remove_low_df
let,1,0.00026831231553528306,remove_low_df
letsinorollz,1,0.00026831231553528306,remove_low_df
lez,1,0.00026831231553528306,remove_low_df
lfcbbc,1,0.00026831231553528306,remove_low_df
lgbt,1,0.00026831231553528306,remove_low_df
li_bì,1,0.00026831231553528306,remove_low_df
liberalnomo,1,0.00026831231553528306,remove_low_df
lightsnoor,1,0.00026831231553528306,remove_low_df
lil,1,0.00026831231553528306,remove_low_df
lily,1,0.00026831231553528306,remove_low_df
limbo,1,0.00026831231553528306,remove_low_df
lindner,1,0.00026831231553528306,remove_low_df
lindo,1,0.00026831231553528306,remove_low_df
linkedin,1,0.00026831231553528306,remove_low_df
linux,1,0.00026831231553528306,remove_low_df
lisa,1,0.00026831231553528306,remove_low_df
littleruen,1,0.00026831231553528306,remove_low_df
live,1,0.00026831231553528306,remove_low_df
livestream,1,0.00026831231553528306,remove_low_df
liêm_chính,1,0.00026831231553528306,remove_low_df
liên_minh,1,0.00026831231553528306,remove_low_df
liên_miên,1,0.00026831231553528306,remove_low_df
liên_tưởng,1,0.00026831231553528306,remove_low_df
liều_mình,1,0.00026831231553528306,remove_low_df
liệt,1,0.00026831231553528306,remove_low_df
lloyd,1,0.00026831231553528306,remove_low_df
lmaooo,1,0.00026831231553528306,remove_low_df
lmfao,1,0.00026831231553528306,remove_low_df
lncd,1,0.00026831231553528306,remove_low_df
lo_liệu,1,0.00026831231553528306,remove_low_df
log,1,0.00026831231553528306,remove_low_df
lokitaung,1,0.00026831231553528306,remove_low_df
lolz,1,0.00026831231553528306,remove_low_df
london,1,0.00026831231553528306,remove_low_df
long,1,0.00026831231553528306,remove_low_df
lorazepam,1,0.00026831231553528306,remove_low_df
lord,1,0.00026831231553528306,remove_low_df
lordreginald,1,0.00026831231553528306,remove_low_df
los,1,0.00026831231553528306,remove_low_df
louisiana,1,0.00026831231553528306,remove_low_df
lounisdell,1,0.00026831231553528306,remove_low_df
love,1,0.00026831231553528306,remove_low_df
lowkebee,1,0.00026831231553528306,remove_low_df
loét,1,0.00026831231553528306,remove_low_df
loạn_luân,1,0.00026831231553528306,remove_low_df
lp,1,0.00026831231553528306,remove_low_df
lrjdolhgxajdcg,1,0.00026831231553528306,remove_low_df
lryf,1,0.00026831231553528306,remove_low_df
lucamdettmann,1,0.00026831231553528306,remove_low_df
luis,1,0.00026831231553528306,remove_low_df
luvox,1,0.00026831231553528306,remove_low_df
lux,1,0.00026831231553528306,remove_low_df
luyện,1,0.00026831231553528306,remove_low_df
luân_hồi,1,0.00026831231553528306,remove_low_df
luân_phiên,1,0.00026831231553528306,remove_low_df
luật_lệ,1,0.00026831231553528306,remove_low_df
luồng,1,0.00026831231553528306,remove_low_df
lv,1,0.00026831231553528306,remove_low_df
ly_dị,1,0.00026831231553528306,remove_low_df
ly_thân,1,0.00026831231553528306,remove_low_df
lydie,1,0.00026831231553528306,remove_low_df
lyft,1,0.00026831231553528306,remove_low_df
lympho,1,0.00026831231553528306,remove_low_df
lyon,1,0.00026831231553528306,remove_low_df
là_hơi,1,0.00026831231553528306,remove_low_df
là_là,1,0.00026831231553528306,remove_low_df
làm_giàu,1,0.00026831231553528306,remove_low_df
làm_quà,1,0.00026831231553528306,remove_low_df
làm_vườn,1,0.00026831231553528306,remove_low_df
làm_đẹp,1,0.00026831231553528306,remove_low_df
làng,1,0.00026831231553528306,remove_low_df
lành_tính,1,0.00026831231553528306,remove_low_df
lá_chắn,1,0.00026831231553528306,remove_low_df
lách,1,0.00026831231553528306,remove_low_df
lâu_đài,1,0.00026831231553528306,remove_low_df
lây_lan,1,0.00026831231553528306,remove_low_df
lê_của,1,0.00026831231553528306,remove_low_df
lê_la,1,0.00026831231553528306,remove_low_df
lên_đèn,1,0.00026831231553528306,remove_low_df
lính,1,0.00026831231553528306,remove_low_df
lít,1,0.00026831231553528306,remove_low_df
lò,1,0.00026831231553528306,remove_low_df
lò_vi_sóng,1,0.00026831231553528306,remove_low_df
lóng,1,0.00026831231553528306,remove_low_df
lóng_ngóng,1,0.00026831231553528306,remove_low_df
lót,1,0.00026831231553528306,remove_low_df
lôi,1,0.00026831231553528306,remove_low_df
lôi_cuốn,1,0.00026831231553528306,remove_low_df
lôi_kéo,1,0.00026831231553528306,remove_low_df
lông_lá,1,0.00026831231553528306,remove_low_df
lông_mày,1,0.00026831231553528306,remove_low_df
lùn,1,0.00026831231553528306,remove_low_df
lún,1,0.00026831231553528306,remove_low_df
lơ_là,1,0.00026831231553528306,remove_low_df
lơ_đãng,1,0.00026831231553528306,remove_low_df
lưng_chừng,1,0.00026831231553528306,remove_low_df
lưu,1,0.00026831231553528306,remove_low_df
lưỡi,1,0.00026831231553528306,remove_low_df
lưỡng_lự,1,0.00026831231553528306,remove_low_df
lượng_tử,1,0.00026831231553528306,remove_low_df
lại_mục,1,0.00026831231553528306,remove_low_df
lại_sức,1,0.00026831231553528306,remove_low_df
lạnh_toát,1,0.00026831231553528306,remove_low_df
lảng_vảng,1,0.00026831231553528306,remove_low_df
lảo_đảo,1,0.00026831231553528306,remove_low_df
lấn,1,0.00026831231553528306,remove_low_df
lấn_át,1,0.00026831231553528306,remove_low_df
lấy_lòng,1,0.00026831231553528306,remove_low_df
lầy,1,0.00026831231553528306,remove_low_df
lẩn_khuất,1,0.00026831231553528306,remove_low_df
lập_dị,1,0.00026831231553528306,remove_low_df
lắp,1,0.00026831231553528306,remove_low_df
lắp_đặt,1,0.00026831231553528306,remove_low_df
lặn,1,0.00026831231553528306,remove_low_df
lặng,1,0.00026831231553528306,remove_low_df
lặt_vặt,1,0.00026831231553528306,remove_low_df
lẻn,1,0.00026831231553528306,remove_low_df
lết,1,0.00026831231553528306,remove_low_df
lễ_tiết,1,0.00026831231553528306,remove_low_df
lệch_lạc,1,0.00026831231553528306,remove_low_df
lịm,1,0.00026831231553528306,remove_low_df
lỏng,1,0.00026831231553528306,remove_low_df
lố_bịch,1,0.00026831231553528306,remove_low_df
lốp,1,0.00026831231553528306,remove_low_df
lồng_tiếng,1,0.00026831231553528306,remove_low_df
lỗ_đen,1,0.00026831231553528306,remove_low_df
lỗi_thời,1,0.00026831231553528306,remove_low_df
lộ_trình,1,0.00026831231553528306,remove_low_df
lột,1,0.00026831231553528306,remove_low_df
lột_trần,1,0.00026831231553528306,remove_low_df
lớp_lớp,1,0.00026831231553528306,remove_low_df
lời_lẽ,1,0.00026831231553528306,remove_low_df
lục_lọi,1,0.00026831231553528306,remove_low_df
lửa_trại,1,0.00026831231553528306,remove_low_df
lực,1,0.00026831231553528306,remove_low_df
lực_lượng_vũ_trang,1,0.00026831231553528306,remove_low_df
ma_thuật,1,0.00026831231553528306,remove_low_df
maammalice,1,0.00026831231553528306,remove_low_df
machine,1,0.00026831231553528306,remove_low_df
machinegunkelly,1,0.00026831231553528306,remove_low_df
magic,1,0.00026831231553528306,remove_low_df
magiê,1,0.00026831231553528306,remove_low_df
magnito,1,0.00026831231553528306,remove_low_df
mahinay,1,0.00026831231553528306,remove_low_df
mahindra,1,0.00026831231553528306,remove_low_df
mahisshi,1,0.00026831231553528306,remove_low_df
maier,1,0.00026831231553528306,remove_low_df
makapa,1,0.00026831231553528306,remove_low_df
makhoro,1,0.00026831231553528306,remove_low_df
malay,1,0.00026831231553528306,remove_low_df
malema,1,0.00026831231553528306,remove_low_df
malt,1,0.00026831231553528306,remove_low_df
manga,1,0.00026831231553528306,remove_low_df
manic,1,0.00026831231553528306,remove_low_df
manlikeicey,1,0.00026831231553528306,remove_low_df
mantra,1,0.00026831231553528306,remove_low_df
manuel,1,0.00026831231553528306,remove_low_df
mao,1,0.00026831231553528306,remove_low_df
mao_dẫn,1,0.00026831231553528306,remove_low_df
march,1,0.00026831231553528306,remove_low_df
mariasbtb,1,0.00026831231553528306,remove_low_df
marie,1,0.00026831231553528306,remove_low_df
marion,1,0.00026831231553528306,remove_low_df
markus,1,0.00026831231553528306,remove_low_df
marthakarua,1,0.00026831231553528306,remove_low_df
martinez,1,0.00026831231553528306,remove_low_df
maryjldn,1,0.00026831231553528306,remove_low_df
masha,1,0.00026831231553528306,remove_low_df
massive,1,0.00026831231553528306,remove_low_df
matches,1,0.00026831231553528306,remove_low_df
matcordeiro,1,0.00026831231553528306,remove_low_df
matepe,1,0.00026831231553528306,remove_low_df
maternity,1,0.00026831231553528306,remove_low_df
may_rủi,1,0.00026831231553528306,remove_low_df
mayo,1,0.00026831231553528306,remove_low_df
mayonnaise,1,0.00026831231553528306,remove_low_df
mayorkun,1,0.00026831231553528306,remove_low_df
mc,1,0.00026831231553528306,remove_low_df
mcduffie,1,0.00026831231553528306,remove_low_df
mcnabb,1,0.00026831231553528306,remove_low_df
md,1,0.00026831231553528306,remove_low_df
me,1,0.00026831231553528306,remove_low_df
medicaid,1,0.00026831231553528306,remove_low_df
medical,1,0.00026831231553528306,remove_low_df
mediccasts,1,0.00026831231553528306,remove_low_df
medicine,1,0.00026831231553528306,remove_low_df
medikinet,1,0.00026831231553528306,remove_low_df
mediumguyenergy,1,0.00026831231553528306,remove_low_df
meetup,1,0.00026831231553528306,remove_low_df
mekillemememememenediediedeidekillme,1,0.00026831231553528306,remove_low_df
melanie,1,0.00026831231553528306,remove_low_df
melbourne,1,0.00026831231553528306,remove_low_df
melchert,1,0.00026831231553528306,remove_low_df
mellynisaki,1,0.00026831231553528306,remove_low_df
meme,1,0.00026831231553528306,remove_low_df
men,1,0.00026831231553528306,remove_low_df
menochronic,1,0.00026831231553528306,remove_low_df
menthe,1,0.00026831231553528306,remove_low_df
menthol,1,0.00026831231553528306,remove_low_df
menu,1,0.00026831231553528306,remove_low_df
meo,1,0.00026831231553528306,remove_low_df
mervine,1,0.00026831231553528306,remove_low_df
message,1,0.00026831231553528306,remove_low_df
messi,1,0.00026831231553528306,remove_low_df
meta,1,0.00026831231553528306,remove_low_df
metal,1,0.00026831231553528306,remove_low_df
metalgearobama,1,0.00026831231553528306,remove_low_df
metallica,1,0.00026831231553528306,remove_low_df
metformin,1,0.00026831231553528306,remove_low_df
meth,1,0.00026831231553528306,remove_low_df
methane,1,0.00026831231553528306,remove_low_df
methimazole,1,0.00026831231553528306,remove_low_df
metoprol,1,0.00026831231553528306,remove_low_df
mf,1,0.00026831231553528306,remove_low_df
mhs,1,0.00026831231553528306,remove_low_df
mi,1,0.00026831231553528306,remove_low_df
miami,1,0.00026831231553528306,remove_low_df
michael,1,0.00026831231553528306,remove_low_df
mickey,1,0.00026831231553528306,remove_low_df
mide,1,0.00026831231553528306,remove_low_df
midol,1,0.00026831231553528306,remove_low_df
midwest,1,0.00026831231553528306,remove_low_df
migraine,1,0.00026831231553528306,remove_low_df
mike,1,0.00026831231553528306,remove_low_df
mikenewswriter,1,0.00026831231553528306,remove_low_df
miku,1,0.00026831231553528306,remove_low_df
milimet,1,0.00026831231553528306,remove_low_df
millard,1,0.00026831231553528306,remove_low_df
min,1,0.00026831231553528306,remove_low_df
mina,1,0.00026831231553528306,remove_low_df
minh_chứng,1,0.00026831231553528306,remove_low_df
minh_hoạ,1,0.00026831231553528306,remove_low_df
minjy,1,0.00026831231553528306,remove_low_df
mirena,1,0.00026831231553528306,remove_low_df
missouri,1,0.00026831231553528306,remove_low_df
misterrabbitt,1,0.00026831231553528306,remove_low_df
miya,1,0.00026831231553528306,remove_low_df
miền,1,0.00026831231553528306,remove_low_df
miễn_nhiễm,1,0.00026831231553528306,remove_low_df
mjolo,1,0.00026831231553528306,remove_low_df
mks,1,0.00026831231553528306,remove_low_df
ml,1,0.00026831231553528306,remove_low_df
mma,1,0.00026831231553528306,remove_low_df
mmfvogcfiu,1,0.00026831231553528306,remove_low_df
mo,1,0.00026831231553528306,remove_low_df
modafinil,1,0.00026831231553528306,remove_low_df
moderator,1,0.00026831231553528306,remove_low_df
modern,1,0.00026831231553528306,remove_low_df
moderna,1,0.00026831231553528306,remove_low_df
modi,1,0.00026831231553528306,remove_low_df
modmail,1,0.00026831231553528306,remove_low_df
moklobemid,1,0.00026831231553528306,remove_low_df
molly,1,0.00026831231553528306,remove_low_df
mong_ước,1,0.00026831231553528306,remove_low_df
monoxide,1,0.00026831231553528306,remove_low_df
moore,1,0.00026831231553528306,remove_low_df
moorecroft,1,0.00026831231553528306,remove_low_df
moracchini,1,0.00026831231553528306,remove_low_df
mormon,1,0.00026831231553528306,remove_low_df
morning,1,0.00026831231553528306,remove_low_df
mostly,1,0.00026831231553528306,remove_low_df
mouse,1,0.00026831231553528306,remove_low_df
moyes,1,0.00026831231553528306,remove_low_df
mpilo,1,0.00026831231553528306,remove_low_df
mrrholmes,1,0.00026831231553528306,remove_low_df
msca,1,0.00026831231553528306,remove_low_df
msmelbee,1,0.00026831231553528306,remove_low_df
msq,1,0.00026831231553528306,remove_low_df
mtee,1,0.00026831231553528306,remove_low_df
mudiyala,1,0.00026831231553528306,remove_low_df
mueller,1,0.00026831231553528306,remove_low_df
mupo,1,0.00026831231553528306,remove_low_df
mus,1,0.00026831231553528306,remove_low_df
musafir,1,0.00026831231553528306,remove_low_df
mushroomhead,1,0.00026831231553528306,remove_low_df
musikpirat,1,0.00026831231553528306,remove_low_df
mutesi,1,0.00026831231553528306,remove_low_df
mxm,1,0.00026831231553528306,remove_low_df
myb,1,0.00026831231553528306,remove_low_df
myocardium,1,0.00026831231553528306,remove_low_df
mytwitteranniversary,1,0.00026831231553528306,remove_low_df
màng,1,0.00026831231553528306,remove_low_df
màngđi,1,0.00026831231553528306,remove_low_df
màu_da,1,0.00026831231553528306,remove_low_df
mày_mò,1,0.00026831231553528306,remove_low_df
mách_bảo,1,0.00026831231553528306,remove_low_df
máu_me,1,0.00026831231553528306,remove_low_df
máu_mủ,1,0.00026831231553528306,remove_low_df
máy_phát_điện,1,0.00026831231553528306,remove_low_df
máy_rửa_bát,1,0.00026831231553528306,remove_low_df
máy_điều_hoà,1,0.00026831231553528306,remove_low_df
mét,1,0.00026831231553528306,remove_low_df
mê,1,0.00026831231553528306,remove_low_df
mê_sảng,1,0.00026831231553528306,remove_low_df
mìnhmột,1,0.00026831231553528306,remove_low_df
mòn,1,0.00026831231553528306,remove_low_df
mô_phỏng,1,0.00026831231553528306,remove_low_df
môi_giới,1,0.00026831231553528306,remove_low_df
mông_cổ,1,0.00026831231553528306,remove_low_df
mông_lung,1,0.00026831231553528306,remove_low_df
mù_loà,1,0.00026831231553528306,remove_low_df
múi_giờ,1,0.00026831231553528306,remove_low_df
mũ,1,0.00026831231553528306,remove_low_df
mũ_bảo_hiểm,1,0.00026831231553528306,remove_low_df
mưa_bão,1,0.00026831231553528306,remove_low_df
mười_lăm,1,0.00026831231553528306,remove_low_df
mượt_mà,1,0.00026831231553528306,remove_low_df
mất_hồn,1,0.00026831231553528306,remove_low_df
mất_mạng,1,0.00026831231553528306,remove_low_df
mất_sức,1,0.00026831231553528306,remove_low_df
mấu_chốt,1,0.00026831231553528306,remove_low_df
mầm_non,1,0.00026831231553528306,remove_low_df
mẩn,1,0.00026831231553528306,remove_low_df
mẫu_mực,1,0.00026831231553528306,remove_low_df
mặt_mũi,1,0.00026831231553528306,remove_low_df
mặt_nước,1,0.00026831231553528306,remove_low_df
mặt_trăng,1,0.00026831231553528306,remove_low_df
mặt_đối_mặt,1,0.00026831231553528306,remove_low_df
mềm_yếu,1,0.00026831231553528306,remove_low_df
mọc,1,0.00026831231553528306,remove_low_df
mỏ,1,0.00026831231553528306,remove_low_df
mồ,1,0.00026831231553528306,remove_low_df
mỗilần,1,0.00026831231553528306,remove_low_df
mộc,1,0.00026831231553528306,remove_low_df
một_mạch,1,0.00026831231553528306,remove_low_df
một_vài_viên,1,0.00026831231553528306,remove_low_df
mục_nát,1,0.00026831231553528306,remove_low_df
mục_sư,1,0.00026831231553528306,remove_low_df
mủ,1,0.00026831231553528306,remove_low_df
mỹ_latinh,1,0.00026831231553528306,remove_low_df
mỹ_thuật,1,0.00026831231553528306,remove_low_df
na,1,0.00026831231553528306,remove_low_df
nadu,1,0.00026831231553528306,remove_low_df
naltrexone,1,0.00026831231553528306,remove_low_df
nao_núng,1,0.00026831231553528306,remove_low_df
narcissistic,1,0.00026831231553528306,remove_low_df
nasa,1,0.00026831231553528306,remove_low_df
nashville,1,0.00026831231553528306,remove_low_df
nataklitschko,1,0.00026831231553528306,remove_low_df
natalie,1,0.00026831231553528306,remove_low_df
nataliekatoart,1,0.00026831231553528306,remove_low_df
natashia,1,0.00026831231553528306,remove_low_df
naturally,1,0.00026831231553528306,remove_low_df
naz,1,0.00026831231553528306,remove_low_df
nc,1,0.00026831231553528306,remove_low_df
nd,1,0.00026831231553528306,remove_low_df
ndati,1,0.00026831231553528306,remove_low_df
ne,1,0.00026831231553528306,remove_low_df
neet,1,0.00026831231553528306,remove_low_df
neo,1,0.00026831231553528306,remove_low_df
neo_đậu,1,0.00026831231553528306,remove_low_df
nervosa,1,0.00026831231553528306,remove_low_df
net,1,0.00026831231553528306,remove_low_df
network,1,0.00026831231553528306,remove_low_df
networking,1,0.00026831231553528306,remove_low_df
neurotic,1,0.00026831231553528306,remove_low_df
newfoundland,1,0.00026831231553528306,remove_low_df
newslaundry,1,0.00026831231553528306,remove_low_df
neymar,1,0.00026831231553528306,remove_low_df
nf,1,0.00026831231553528306,remove_low_df
ng,1,0.00026831231553528306,remove_low_df
nghiệmrcp,1,0.00026831231553528306,remove_low_df
nghiện_hút,1,0.00026831231553528306,remove_low_df
nghiệp_chướng,1,0.00026831231553528306,remove_low_df
nghèo_hèn,1,0.00026831231553528306,remove_low_df
nghèo_khổ,1,0.00026831231553528306,remove_low_df
nghèo_rớt_mùng_tơi,1,0.00026831231553528306,remove_low_df
nghĩa_bóng,1,0.00026831231553528306,remove_low_df
nghĩa_lý,1,0.00026831231553528306,remove_low_df
nghẹn,1,0.00026831231553528306,remove_low_df
nghịch_lý,1,0.00026831231553528306,remove_low_df
nghịch_ngợm,1,0.00026831231553528306,remove_low_df
ngoan_ngoãn,1,0.00026831231553528306,remove_low_df
ngon_giấc,1,0.00026831231553528306,remove_low_df
ngon_lành,1,0.00026831231553528306,remove_low_df
ngoài_luồng,1,0.00026831231553528306,remove_low_df
ngoại_ô,1,0.00026831231553528306,remove_low_df
nguy_cấp,1,0.00026831231553528306,remove_low_df
nguyên_vẹn,1,0.00026831231553528306,remove_low_df
ngày_công_việc,1,0.00026831231553528306,remove_low_df
ngày_giờ,1,0.00026831231553528306,remove_low_df
ngóc_ngách,1,0.00026831231553528306,remove_low_df
ngô,1,0.00026831231553528306,remove_low_df
ngăn_kéo,1,0.00026831231553528306,remove_low_df
ngũ_cốc,1,0.00026831231553528306,remove_low_df
ngưng,1,0.00026831231553528306,remove_low_df
ngước,1,0.00026831231553528306,remove_low_df
người_quản_lý,1,0.00026831231553528306,remove_low_df
người_ta,1,0.00026831231553528306,remove_low_df
ngườivà,1,0.00026831231553528306,remove_low_df
ngưỡng_cửa,1,0.00026831231553528306,remove_low_df
ngạo_mạn,1,0.00026831231553528306,remove_low_df
ngả,1,0.00026831231553528306,remove_low_df
ngầu,1,0.00026831231553528306,remove_low_df
ngẫu_hứng,1,0.00026831231553528306,remove_low_df
ngập_chìm,1,0.00026831231553528306,remove_low_df
ngập_tràn,1,0.00026831231553528306,remove_low_df
ngọng,1,0.00026831231553528306,remove_low_df
ngụm,1,0.00026831231553528306,remove_low_df
ngủngủ,1,0.00026831231553528306,remove_low_df
ngựa,1,0.00026831231553528306,remove_low_df
nh,1,0.00026831231553528306,remove_low_df
nha,1,0.00026831231553528306,remove_low_df
nhai,1,0.00026831231553528306,remove_low_df
nhai_lại,1,0.00026831231553528306,remove_low_df
nham_hiểm,1,0.00026831231553528306,remove_low_df
nham_thạch,1,0.00026831231553528306,remove_low_df
nhi_khoa,1,0.00026831231553528306,remove_low_df
nhiếp_ảnh,1,0.00026831231553528306,remove_low_df
nhiễm_sắc_thể,1,0.00026831231553528306,remove_low_df
nhiệt_huyết,1,0.00026831231553528306,remove_low_df
nhiệt_đới,1,0.00026831231553528306,remove_low_df
nhlanhla,1,0.00026831231553528306,remove_low_df
nhs,1,0.00026831231553528306,remove_low_df
nhà_kho,1,0.00026831231553528306,remove_low_df
nhà_khoa_học,1,0.00026831231553528306,remove_low_df
nhà_kính,1,0.00026831231553528306,remove_low_df
nhà_lớn,1,0.00026831231553528306,remove_low_df
nhà_nghiên_cứu,1,0.00026831231553528306,remove_low_df
nhà_nghỉ,1,0.00026831231553528306,remove_low_df
nhà_phát_triển,1,0.00026831231553528306,remove_low_df
nhà_quản_lý,1,0.00026831231553528306,remove_low_df
nhà_sư,1,0.00026831231553528306,remove_low_df
nhà_thơ,1,0.00026831231553528306,remove_low_df
nhà_văn,1,0.00026831231553528306,remove_low_df
nhà_ăn,1,0.00026831231553528306,remove_low_df
nhàn_rỗi,1,0.00026831231553528306,remove_low_df
nhát_gan,1,0.00026831231553528306,remove_low_df
nháy_mắt,1,0.00026831231553528306,remove_low_df
nhân_dân,1,0.00026831231553528306,remove_low_df
nhân_tiện,1,0.00026831231553528306,remove_low_df
nhân_từ,1,0.00026831231553528306,remove_low_df
nhân_ái,1,0.00026831231553528306,remove_low_df
nhãn_hiệu,1,0.00026831231553528306,remove_low_df
nhãn_khoa,1,0.00026831231553528306,remove_low_df
nhãn_mác,1,0.00026831231553528306,remove_low_df
nhè,1,0.00026831231553528306,remove_low_df
nhì,1,0.00026831231553528306,remove_low_df
nhòe,1,0.00026831231553528306,remove_low_df
nhómvà,1,0.00026831231553528306,remove_low_df
nhún_vai,1,0.00026831231553528306,remove_low_df
nhúng,1,0.00026831231553528306,remove_low_df
nhăn,1,0.00026831231553528306,remove_low_df
nhơ_nhớp,1,0.00026831231553528306,remove_low_df
như_chơi,1,0.00026831231553528306,remove_low_df
như_thường,1,0.00026831231553528306,remove_low_df
nhưng_mà,1,0.00026831231553528306,remove_low_df
nhường,1,0.00026831231553528306,remove_low_df
nhạc_cụ,1,0.00026831231553528306,remove_low_df
nhạt,1,0.00026831231553528306,remove_low_df
nhạt_nhẽo,1,0.00026831231553528306,remove_low_df
nhạy_bén,1,0.00026831231553528306,remove_low_df
nhảy_dù,1,0.00026831231553528306,remove_low_df
nhấp_nháy,1,0.00026831231553528306,remove_low_df
nhấtnhất,1,0.00026831231553528306,remove_low_df
nhận_diện,1,0.00026831231553528306,remove_low_df
nhận_dạng,1,0.00026831231553528306,remove_low_df
nhận_xét,1,0.00026831231553528306,remove_low_df
nhập,1,0.00026831231553528306,remove_low_df
nhập_khẩu,1,0.00026831231553528306,remove_low_df
nhập_vai,1,0.00026831231553528306,remove_low_df
nhật_bản,1,0.00026831231553528306,remove_low_df
nhẹ_gánh,1,0.00026831231553528306,remove_low_df
nhện,1,0.00026831231553528306,remove_low_df
nhịp_điệu,1,0.00026831231553528306,remove_low_df
nhỏ_lẻ,1,0.00026831231553528306,remove_low_df
nhức,1,0.00026831231553528306,remove_low_df
ni,1,0.00026831231553528306,remove_low_df
nick,1,0.00026831231553528306,remove_low_df
nicole,1,0.00026831231553528306,remove_low_df
nicorightsclub,1,0.00026831231553528306,remove_low_df
nier,1,0.00026831231553528306,remove_low_df
nigeria,1,0.00026831231553528306,remove_low_df
night,1,0.00026831231553528306,remove_low_df
nih,1,0.00026831231553528306,remove_low_df
nihr,1,0.00026831231553528306,remove_low_df
nimh,1,0.00026831231553528306,remove_low_df
niphkeys,1,0.00026831231553528306,remove_low_df
nita,1,0.00026831231553528306,remove_low_df
nitroglycerine,1,0.00026831231553528306,remove_low_df
nitơ,1,0.00026831231553528306,remove_low_df
nkk,1,0.00026831231553528306,remove_low_df
norman,1,0.00026831231553528306,remove_low_df
norovirus,1,0.00026831231553528306,remove_low_df
nosferatu,1,0.00026831231553528306,remove_low_df
not,1,0.00026831231553528306,remove_low_df
note,1,0.00026831231553528306,remove_low_df
notori,1,0.00026831231553528306,remove_low_df
nototyrannynow,1,0.00026831231553528306,remove_low_df
notts,1,0.00026831231553528306,remove_low_df
notyour,1,0.00026831231553528306,remove_low_df
nowthisnews,1,0.00026831231553528306,remove_low_df
noxolo,1,0.00026831231553528306,remove_low_df
npf,1,0.00026831231553528306,remove_low_df
nq,1,0.00026831231553528306,remove_low_df
nsfw,1,0.00026831231553528306,remove_low_df
ntsikimazwai,1,0.00026831231553528306,remove_low_df
nupurprasad,1,0.00026831231553528306,remove_low_df
nvmd,1,0.00026831231553528306,remove_low_df
nyaope,1,0.00026831231553528306,remove_low_df
nàovà,1,0.00026831231553528306,remove_low_df
này_nọ,1,0.00026831231553528306,remove_low_df
nâng_đỡ,1,0.00026831231553528306,remove_low_df
né_tránh,1,0.00026831231553528306,remove_low_df
ném_tạ,1,0.00026831231553528306,remove_low_df
nín,1,0.00026831231553528306,remove_low_df
nói_gì_thì,1,0.00026831231553528306,remove_low_df
nóng_chảy,1,0.00026831231553528306,remove_low_df
nôn_nao,1,0.00026831231553528306,remove_low_df
nôn_nóng,1,0.00026831231553528306,remove_low_df
nông,1,0.00026831231553528306,remove_low_df
nông_nghiệp,1,0.00026831231553528306,remove_low_df
nông_thôn,1,0.00026831231553528306,remove_low_df
năn_nỉ,1,0.00026831231553528306,remove_low_df
năng_khiếu,1,0.00026831231553528306,remove_low_df
nước_biển,1,0.00026831231553528306,remove_low_df
nước_bọt,1,0.00026831231553528306,remove_low_df
nước_hoa,1,0.00026831231553528306,remove_low_df
nước_ngọt,1,0.00026831231553528306,remove_low_df
nước_rút,1,0.00026831231553528306,remove_low_df
nước_rửa_bát,1,0.00026831231553528306,remove_low_df
nước_tiểu,1,0.00026831231553528306,remove_low_df
nước_đá,1,0.00026831231553528306,remove_low_df
nướng,1,0.00026831231553528306,remove_low_df
nạng,1,0.00026831231553528306,remove_low_df
nảy,1,0.00026831231553528306,remove_low_df
nếm_trải,1,0.00026831231553528306,remove_low_df
nếp,1,0.00026831231553528306,remove_low_df
nếu_mà,1,0.00026831231553528306,remove_low_df
nền_móng,1,0.00026831231553528306,remove_low_df
nệm,1,0.00026831231553528306,remove_low_df
nồng,1,0.00026831231553528306,remove_low_df
nổi_loạn,1,0.00026831231553528306,remove_low_df
nội_bộ,1,0.00026831231553528306,remove_low_df
nội_sinh,1,0.00026831231553528306,remove_low_df
nội_tiết,1,0.00026831231553528306,remove_low_df
nội_tâm_hoá,1,0.00026831231553528306,remove_low_df
nội_địa,1,0.00026831231553528306,remove_low_df
nứt,1,0.00026831231553528306,remove_low_df
nứt_nẻ,1,0.00026831231553528306,remove_low_df
nửa_buổi,1,0.00026831231553528306,remove_low_df
nửa_vời,1,0.00026831231553528306,remove_low_df
nữ_hoàng,1,0.00026831231553528306,remove_low_df
nữ_quyền,1,0.00026831231553528306,remove_low_df
obama,1,0.00026831231553528306,remove_low_df
obashata,1,0.00026831231553528306,remove_low_df
obeyalliance,1,0.00026831231553528306,remove_low_df
oc,1,0.00026831231553528306,remove_low_df
od,1,0.00026831231553528306,remove_low_df
odd,1,0.00026831231553528306,remove_low_df
odogwuelder,1,0.00026831231553528306,remove_low_df
office,1,0.00026831231553528306,remove_low_df
official,1,0.00026831231553528306,remove_low_df
offline,1,0.00026831231553528306,remove_low_df
ohc,1,0.00026831231553528306,remove_low_df
oklahoma,1,0.00026831231553528306,remove_low_df
ol,1,0.00026831231553528306,remove_low_df
olanzapine,1,0.00026831231553528306,remove_low_df
old,1,0.00026831231553528306,remove_low_df
olohun,1,0.00026831231553528306,remove_low_df
oluchy,1,0.00026831231553528306,remove_low_df
olumurewa,1,0.00026831231553528306,remove_low_df
omegle,1,0.00026831231553528306,remove_low_df
omeprazole,1,0.00026831231553528306,remove_low_df
omicron,1,0.00026831231553528306,remove_low_df
oneman,1,0.00026831231553528306,remove_low_df
onepsychcommunity,1,0.00026831231553528306,remove_low_df
ong_vàng,1,0.00026831231553528306,remove_low_df
onpgtu,1,0.00026831231553528306,remove_low_df
ontario,1,0.00026831231553528306,remove_low_df
oo,1,0.00026831231553528306,remove_low_df
ood,1,0.00026831231553528306,remove_low_df
ooo,1,0.00026831231553528306,remove_low_df
ooprmbtxhu,1,0.00026831231553528306,remove_low_df
oopsies,1,0.00026831231553528306,remove_low_df
op,1,0.00026831231553528306,remove_low_df
openaccess,1,0.00026831231553528306,remove_low_df
oppositional,1,0.00026831231553528306,remove_low_df
orethebrave,1,0.00026831231553528306,remove_low_df
ori,1,0.00026831231553528306,remove_low_df
orlando,1,0.00026831231553528306,remove_low_df
orochimaru,1,0.00026831231553528306,remove_low_df
osasue,1,0.00026831231553528306,remove_low_df
oshisko,1,0.00026831231553528306,remove_low_df
oslinam,1,0.00026831231553528306,remove_low_df
ottoman,1,0.00026831231553528306,remove_low_df
ou,1,0.00026831231553528306,remove_low_df
out,1,0.00026831231553528306,remove_low_df
outsource,1,0.00026831231553528306,remove_low_df
ovaltine,1,0.00026831231553528306,remove_low_df
overwatch,1,0.00026831231553528306,remove_low_df
owen,1,0.00026831231553528306,remove_low_df
oxycontin,1,0.00026831231553528306,remove_low_df
ozero,1,0.00026831231553528306,remove_low_df
pa,1,0.00026831231553528306,remove_low_df
paid,1,0.00026831231553528306,remove_low_df
paignton,1,0.00026831231553528306,remove_low_df
pak,1,0.00026831231553528306,remove_low_df
palipidone,1,0.00026831231553528306,remove_low_df
palmer,1,0.00026831231553528306,remove_low_df
panadol,1,0.00026831231553528306,remove_low_df
pappy,1,0.00026831231553528306,remove_low_df
paracetamol,1,0.00026831231553528306,remove_low_df
parikabhatli,1,0.00026831231553528306,remove_low_df
paris,1,0.00026831231553528306,remove_low_df
partnership,1,0.00026831231553528306,remove_low_df
party,1,0.00026831231553528306,remove_low_df
parwaz,1,0.00026831231553528306,remove_low_df
patti,1,0.00026831231553528306,remove_low_df
pauline,1,0.00026831231553528306,remove_low_df
pause,1,0.00026831231553528306,remove_low_df
pay,1,0.00026831231553528306,remove_low_df
pd,1,0.00026831231553528306,remove_low_df
pedal,1,0.00026831231553528306,remove_low_df
pen,1,0.00026831231553528306,remove_low_df
pendleton,1,0.00026831231553528306,remove_low_df
penelopek,1,0.00026831231553528306,remove_low_df
pennec,1,0.00026831231553528306,remove_low_df
pensignal,1,0.00026831231553528306,remove_low_df
perruchee,1,0.00026831231553528306,remove_low_df
perth,1,0.00026831231553528306,remove_low_df
peteblacklab,1,0.00026831231553528306,remove_low_df
pf,1,0.00026831231553528306,remove_low_df
pha,1,0.00026831231553528306,remove_low_df
phai_mờ,1,0.00026831231553528306,remove_low_df
phao,1,0.00026831231553528306,remove_low_df
phi_lý,1,0.00026831231553528306,remove_low_df
phim_hoạt_hình,1,0.00026831231553528306,remove_low_df
phiên,1,0.00026831231553528306,remove_low_df
phiền_muộn,1,0.00026831231553528306,remove_low_df
phiền_nhiễu,1,0.00026831231553528306,remove_low_df
phong_bì,1,0.00026831231553528306,remove_low_df
phá_sản,1,0.00026831231553528306,remove_low_df
phác_đồ,1,0.00026831231553528306,remove_low_df
phái,1,0.00026831231553528306,remove_low_df
phán_quyết,1,0.00026831231553528306,remove_low_df
phán_đoán,1,0.00026831231553528306,remove_low_df
pháp,1,0.00026831231553528306,remove_low_df
phát_minh,1,0.00026831231553528306,remove_low_df
phát_âm,1,0.00026831231553528306,remove_low_df
phân,1,0.00026831231553528306,remove_low_df
phân_chia,1,0.00026831231553528306,remove_low_df
phân_phối,1,0.00026831231553528306,remove_low_df
phân_tán,1,0.00026831231553528306,remove_low_df
phép_thuật,1,0.00026831231553528306,remove_low_df
phê_duyệt,1,0.00026831231553528306,remove_low_df
phê_phán,1,0.00026831231553528306,remove_low_df
phí_hoài,1,0.00026831231553528306,remove_low_df
phòng_không,1,0.00026831231553528306,remove_low_df
phòng_ngừa,1,0.00026831231553528306,remove_low_df
phòng_vệ,1,0.00026831231553528306,remove_low_df
phòng_ốc,1,0.00026831231553528306,remove_low_df
phô_trương,1,0.00026831231553528306,remove_low_df
phông_nền,1,0.00026831231553528306,remove_low_df
phương_châm,1,0.00026831231553528306,remove_low_df
phương_diện,1,0.00026831231553528306,remove_low_df
phương_thuốc,1,0.00026831231553528306,remove_low_df
phạm_pháp,1,0.00026831231553528306,remove_low_df
phạm_vi,1,0.00026831231553528306,remove_low_df
phải_chi,1,0.00026831231553528306,remove_low_df
phản_kháng,1,0.00026831231553528306,remove_low_df
phản_tác_dụng,1,0.00026831231553528306,remove_low_df
phản_tỉnh,1,0.00026831231553528306,remove_low_df
phấn,1,0.00026831231553528306,remove_low_df
phần_lan,1,0.00026831231553528306,remove_low_df
phần_phụ,1,0.00026831231553528306,remove_low_df
phần_trăm,1,0.00026831231553528306,remove_low_df
phẩm_giá,1,0.00026831231553528306,remove_low_df
phật_lòng,1,0.00026831231553528306,remove_low_df
phẳng_lì,1,0.00026831231553528306,remove_low_df
phỏng_đoán,1,0.00026831231553528306,remove_low_df
phối_hợp,1,0.00026831231553528306,remove_low_df
phồng,1,0.00026831231553528306,remove_low_df
phổ_quát,1,0.00026831231553528306,remove_low_df
phổ_thông,1,0.00026831231553528306,remove_low_df
phụ_tá,1,0.00026831231553528306,remove_low_df
phục_vụ_bàn,1,0.00026831231553528306,remove_low_df
pikuprogram,1,0.00026831231553528306,remove_low_df
pistachenoire,1,0.00026831231553528306,remove_low_df
pjakma,1,0.00026831231553528306,remove_low_df
pjsekai,1,0.00026831231553528306,remove_low_df
pkm,1,0.00026831231553528306,remove_low_df
plath,1,0.00026831231553528306,remove_low_df
platini,1,0.00026831231553528306,remove_low_df
pmarca,1,0.00026831231553528306,remove_low_df
pmdd,1,0.00026831231553528306,remove_low_df
pmo,1,0.00026831231553528306,remove_low_df
poco,1,0.00026831231553528306,remove_low_df
polyp,1,0.00026831231553528306,remove_low_df
porn,1,0.00026831231553528306,remove_low_df
pour,1,0.00026831231553528306,remove_low_df
power,1,0.00026831231553528306,remove_low_df
powerless,1,0.00026831231553528306,remove_low_df
powerpoint,1,0.00026831231553528306,remove_low_df
ppkj,1,0.00026831231553528306,remove_low_df
ppocd,1,0.00026831231553528306,remove_low_df
pppd,1,0.00026831231553528306,remove_low_df
prada,1,0.00026831231553528306,remove_low_df
pradeep,1,0.00026831231553528306,remove_low_df
prazepam,1,0.00026831231553528306,remove_low_df
press,1,0.00026831231553528306,remove_low_df
pristiq,1,0.00026831231553528306,remove_low_df
probiotic,1,0.00026831231553528306,remove_low_df
problem,1,0.00026831231553528306,remove_low_df
profkarolsikora,1,0.00026831231553528306,remove_low_df
proflappleby,1,0.00026831231553528306,remove_low_df
psg,1,0.00026831231553528306,remove_low_df
pssd,1,0.00026831231553528306,remove_low_df
ptsdpuzzle,1,0.00026831231553528306,remove_low_df
publication,1,0.00026831231553528306,remove_low_df
punk,1,0.00026831231553528306,remove_low_df
putin,1,0.00026831231553528306,remove_low_df
pv,1,0.00026831231553528306,remove_low_df
pvhn,1,0.00026831231553528306,remove_low_df
pvsportfr,1,0.00026831231553528306,remove_low_df
pyromg,1,0.00026831231553528306,remove_low_df
qantas,1,0.00026831231553528306,remove_low_df
qbcrfky,1,0.00026831231553528306,remove_low_df
qlyv,1,0.00026831231553528306,remove_low_df
qua_loa,1,0.00026831231553528306,remove_low_df
qua_mặt,1,0.00026831231553528306,remove_low_df
quad,1,0.00026831231553528306,remove_low_df
quakeroatsfemb,1,0.00026831231553528306,remove_low_df
quan_ngại,1,0.00026831231553528306,remove_low_df
quay_phim,1,0.00026831231553528306,remove_low_df
quay_vòng,1,0.00026831231553528306,remove_low_df
que,1,0.00026831231553528306,remove_low_df
queer,1,0.00026831231553528306,remove_low_df
quetiapin,1,0.00026831231553528306,remove_low_df
quy_hoạch_đô_thị,1,0.00026831231553528306,remove_low_df
quy_kết,1,0.00026831231553528306,remove_low_df
quy_luật,1,0.00026831231553528306,remove_low_df
quy_mô,1,0.00026831231553528306,remove_low_df
quyết,1,0.00026831231553528306,remove_low_df
quyền_lợi,1,0.00026831231553528306,remove_low_df
quá_khích,1,0.00026831231553528306,remove_low_df
quá_trình_độ,1,0.00026831231553528306,remove_low_df
quá_trời,1,0.00026831231553528306,remove_low_df
quá_đỗi,1,0.00026831231553528306,remove_low_df
quách,1,0.00026831231553528306,remove_low_df
quái_quỷ,1,0.00026831231553528306,remove_low_df
quán_tính,1,0.00026831231553528306,remove_low_df
quáramatic,1,0.00026831231553528306,remove_low_df
quét,1,0.00026831231553528306,remove_low_df
quên_béng,1,0.00026831231553528306,remove_low_df
quênvà,1,0.00026831231553528306,remove_low_df
quý_báu,1,0.00026831231553528306,remove_low_df
quý_mến,1,0.00026831231553528306,remove_low_df
quằn_quại,1,0.00026831231553528306,remove_low_df
quẹt,1,0.00026831231553528306,remove_low_df
quốc_phòng,1,0.00026831231553528306,remove_low_df
quốc_tịch,1,0.00026831231553528306,remove_low_df
quỳ,1,0.00026831231553528306,remove_low_df
quỷ_quyệt,1,0.00026831231553528306,remove_low_df
quỷ_quái,1,0.00026831231553528306,remove_low_df
ra_đời,1,0.00026831231553528306,remove_low_df
radio,1,0.00026831231553528306,remove_low_df
raftopoulos,1,0.00026831231553528306,remove_low_df
raiola,1,0.00026831231553528306,remove_low_df
rajdeep,1,0.00026831231553528306,remove_low_df
rambo,1,0.00026831231553528306,remove_low_df
ramen,1,0.00026831231553528306,remove_low_df
randomjay,1,0.00026831231553528306,remove_low_df
rant,1,0.00026831231553528306,remove_low_df
raoila,1,0.00026831231553528306,remove_low_df
rapper,1,0.00026831231553528306,remove_low_df
rau,1,0.00026831231553528306,remove_low_df
ravivisvesvarayasharadaprasad,1,0.00026831231553528306,remove_low_df
rbc,1,0.00026831231553528306,remove_low_df
rd,1,0.00026831231553528306,remove_low_df
read,1,0.00026831231553528306,remove_low_df
realmissdike,1,0.00026831231553528306,remove_low_df
reboot,1,0.00026831231553528306,remove_low_df
red,1,0.00026831231553528306,remove_low_df
redacted,1,0.00026831231553528306,remove_low_df
redd,1,0.00026831231553528306,remove_low_df
redngay,1,0.00026831231553528306,remove_low_df
redtôi,1,0.00026831231553528306,remove_low_df
regalkimi,1,0.00026831231553528306,remove_low_df
reggae,1,0.00026831231553528306,remove_low_df
remedy,1,0.00026831231553528306,remove_low_df
remron,1,0.00026831231553528306,remove_low_df
renatabplus,1,0.00026831231553528306,remove_low_df
rending,1,0.00026831231553528306,remove_low_df
report,1,0.00026831231553528306,remove_low_df
research,1,0.00026831231553528306,remove_low_df
review,1,0.00026831231553528306,remove_low_df
reviewer,1,0.00026831231553528306,remove_low_df
rex,1,0.00026831231553528306,remove_low_df
rexapin,1,0.00026831231553528306,remove_low_df
rfh,1,0.00026831231553528306,remove_low_df
rha,1,0.00026831231553528306,remove_low_df
ric,1,0.00026831231553528306,remove_low_df
rick,1,0.00026831231553528306,remove_low_df
riebentrop,1,0.00026831231553528306,remove_low_df
right,1,0.00026831231553528306,remove_low_df
rip,1,0.00026831231553528306,remove_low_df
risk,1,0.00026831231553528306,remove_low_df
risperdal,1,0.00026831231553528306,remove_low_df
risperidone,1,0.00026831231553528306,remove_low_df
ritalin,1,0.00026831231553528306,remove_low_df
rjd,1,0.00026831231553528306,remove_low_df
roast,1,0.00026831231553528306,remove_low_df
rob,1,0.00026831231553528306,remove_low_df
roberta,1,0.00026831231553528306,remove_low_df
robin_williams,1,0.00026831231553528306,remove_low_df
rock,1,0.00026831231553528306,remove_low_df
rocket,1,0.00026831231553528306,remove_low_df
rockson,1,0.00026831231553528306,remove_low_df
roger,1,0.00026831231553528306,remove_low_df
rohitdoss,1,0.00026831231553528306,remove_low_df
rohypnol,1,0.00026831231553528306,remove_low_df
rome,1,0.00026831231553528306,remove_low_df
rona,1,0.00026831231553528306,remove_low_df
roommate,1,0.00026831231553528306,remove_low_df
roosevelt,1,0.00026831231553528306,remove_low_df
ross,1,0.00026831231553528306,remove_low_df
rotc,1,0.00026831231553528306,remove_low_df
router,1,0.00026831231553528306,remove_low_df
royroycfc,1,0.00026831231553528306,remove_low_df
rp,1,0.00026831231553528306,remove_low_df
rsa,1,0.00026831231553528306,remove_low_df
rsaxgsekb,1,0.00026831231553528306,remove_low_df
rsk,1,0.00026831231553528306,remove_low_df
rsunxh,1,0.00026831231553528306,remove_low_df
rsurrection,1,0.00026831231553528306,remove_low_df
rub,1,0.00026831231553528306,remove_low_df
ruffolo,1,0.00026831231553528306,remove_low_df
rugby,1,0.00026831231553528306,remove_low_df
rule,1,0.00026831231553528306,remove_low_df
rung_chuyển,1,0.00026831231553528306,remove_low_df
rung_rinh,1,0.00026831231553528306,remove_low_df
rupee,1,0.00026831231553528306,remove_low_df
rutomusalia,1,0.00026831231553528306,remove_low_df
ruồng_bỏ,1,0.00026831231553528306,remove_low_df
ruột_gan,1,0.00026831231553528306,remove_low_df
ruột_thịt,1,0.00026831231553528306,remove_low_df
rwanda,1,0.00026831231553528306,remove_low_df
rwtaylors,1,0.00026831231553528306,remove_low_df
ryangtweetstv,1,0.00026831231553528306,remove_low_df
rzxp,1,0.00026831231553528306,remove_low_df
rên_rỉ,1,0.00026831231553528306,remove_low_df
rìa,1,0.00026831231553528306,remove_low_df
rình_rập,1,0.00026831231553528306,remove_low_df
rít,1,0.00026831231553528306,remove_low_df
rùng_rợn,1,0.00026831231553528306,remove_low_df
răn_dạy,1,0.00026831231553528306,remove_low_df
răng_cửa,1,0.00026831231553528306,remove_low_df
răng_hàm,1,0.00026831231553528306,remove_low_df
răng_nanh,1,0.00026831231553528306,remove_low_df
rượu_vang,1,0.00026831231553528306,remove_low_df
rạch,1,0.00026831231553528306,remove_low_df
rạn,1,0.00026831231553528306,remove_low_df
rạn_nứt,1,0.00026831231553528306,remove_low_df
rải,1,0.00026831231553528306,remove_low_df
rắn,1,0.00026831231553528306,remove_low_df
rắn_rỏi,1,0.00026831231553528306,remove_low_df
rẻ_mạt,1,0.00026831231553528306,remove_low_df
rối,1,0.00026831231553528306,remove_low_df
rối_tung,1,0.00026831231553528306,remove_low_df
rủ,1,0.00026831231553528306,remove_low_df
saf,1,0.00026831231553528306,remove_low_df
safari,1,0.00026831231553528306,remove_low_df
saidsabristi,1,0.00026831231553528306,remove_low_df
saki,1,0.00026831231553528306,remove_low_df
salah,1,0.00026831231553528306,remove_low_df
salon,1,0.00026831231553528306,remove_low_df
samh,1,0.00026831231553528306,remove_low_df
sandra,1,0.00026831231553528306,remove_low_df
sandwich,1,0.00026831231553528306,remove_low_df
sarah,1,0.00026831231553528306,remove_low_df
sardesai,1,0.00026831231553528306,remove_low_df
sat,1,0.00026831231553528306,remove_low_df
satan,1,0.00026831231553528306,remove_low_df
sathiyama,1,0.00026831231553528306,remove_low_df
sau_cùng,1,0.00026831231553528306,remove_low_df
sau_đại_học,1,0.00026831231553528306,remove_low_df
saucer,1,0.00026831231553528306,remove_low_df
saul,1,0.00026831231553528306,remove_low_df
saula,1,0.00026831231553528306,remove_low_df
sc,1,0.00026831231553528306,remove_low_df
scene,1,0.00026831231553528306,remove_low_df
schizo,1,0.00026831231553528306,remove_low_df
schizophrenia,1,0.00026831231553528306,remove_low_df
sci,1,0.00026831231553528306,remove_low_df
scombroid,1,0.00026831231553528306,remove_low_df
scorchers,1,0.00026831231553528306,remove_low_df
scrolls,1,0.00026831231553528306,remove_low_df
se,1,0.00026831231553528306,remove_low_df
sec,1,0.00026831231553528306,remove_low_df
secker,1,0.00026831231553528306,remove_low_df
selfie,1,0.00026831231553528306,remove_low_df
sendcrisis,1,0.00026831231553528306,remove_low_df
sense,1,0.00026831231553528306,remove_low_df
seokjeng,1,0.00026831231553528306,remove_low_df
seretse,1,0.00026831231553528306,remove_low_df
sertaline,1,0.00026831231553528306,remove_low_df
service,1,0.00026831231553528306,remove_low_df
setraline,1,0.00026831231553528306,remove_low_df
sexpert,1,0.00026831231553528306,remove_low_df
sf,1,0.00026831231553528306,remove_low_df
sh,1,0.00026831231553528306,remove_low_df
shaggi,1,0.00026831231553528306,remove_low_df
shake,1,0.00026831231553528306,remove_low_df
shakistagi,1,0.00026831231553528306,remove_low_df
shankiaustine,1,0.00026831231553528306,remove_low_df
shark,1,0.00026831231553528306,remove_low_df
shhh,1,0.00026831231553528306,remove_low_df
shikastagi,1,0.00026831231553528306,remove_low_df
shikista,1,0.00026831231553528306,remove_low_df
shinjini,1,0.00026831231553528306,remove_low_df
shopkick,1,0.00026831231553528306,remove_low_df
shyamalan,1,0.00026831231553528306,remove_low_df
shytheo,1,0.00026831231553528306,remove_low_df
si_mê,1,0.00026831231553528306,remove_low_df
sidhu,1,0.00026831231553528306,remove_low_df
sihlewasembo,1,0.00026831231553528306,remove_low_df
silverr,1,0.00026831231553528306,remove_low_df
simple,1,0.00026831231553528306,remove_low_df
simpsons,1,0.00026831231553528306,remove_low_df
since,1,0.00026831231553528306,remove_low_df
single,1,0.00026831231553528306,remove_low_df
sinh_hoá,1,0.00026831231553528306,remove_low_df
sinh_hoạt_phí,1,0.00026831231553528306,remove_low_df
sinh_sản,1,0.00026831231553528306,remove_low_df
sinh_thái,1,0.00026831231553528306,remove_low_df
sinh_tố,1,0.00026831231553528306,remove_low_df
siqks,1,0.00026831231553528306,remove_low_df
sirtagcr,1,0.00026831231553528306,remove_low_df
site,1,0.00026831231553528306,remove_low_df
sivan,1,0.00026831231553528306,remove_low_df
sixth,1,0.00026831231553528306,remove_low_df
siya,1,0.00026831231553528306,remove_low_df
sky,1,0.00026831231553528306,remove_low_df
skype,1,0.00026831231553528306,remove_low_df
sled,1,0.00026831231553528306,remove_low_df
slipknot,1,0.00026831231553528306,remove_low_df
slj,1,0.00026831231553528306,remove_low_df
smedian,1,0.00026831231553528306,remove_low_df
smeodisha,1,0.00026831231553528306,remove_low_df
smh,1,0.00026831231553528306,remove_low_df
smyuq,1,0.00026831231553528306,remove_low_df
snowey,1,0.00026831231553528306,remove_low_df
snri,1,0.00026831231553528306,remove_low_df
sobriety,1,0.00026831231553528306,remove_low_df
soenfu,1,0.00026831231553528306,remove_low_df
sol,1,0.00026831231553528306,remove_low_df
solanaplays,1,0.00026831231553528306,remove_low_df
solarishilton,1,0.00026831231553528306,remove_low_df
somatization,1,0.00026831231553528306,remove_low_df
source,1,0.00026831231553528306,remove_low_df
southern,1,0.00026831231553528306,remove_low_df
soạn_thảo,1,0.00026831231553528306,remove_low_df
spa,1,0.00026831231553528306,remove_low_df
spaceghostpurrp,1,0.00026831231553528306,remove_low_df
spaghetti,1,0.00026831231553528306,remove_low_df
spam,1,0.00026831231553528306,remove_low_df
spcialndsjungle,1,0.00026831231553528306,remove_low_df
spnyeolkd,1,0.00026831231553528306,remove_low_df
spoiler,1,0.00026831231553528306,remove_low_df
spongebob,1,0.00026831231553528306,remove_low_df
sprite,1,0.00026831231553528306,remove_low_df
squat,1,0.00026831231553528306,remove_low_df
ssr,1,0.00026831231553528306,remove_low_df
stacey,1,0.00026831231553528306,remove_low_df
stagflation,1,0.00026831231553528306,remove_low_df
starbucks,1,0.00026831231553528306,remove_low_df
startv,1,0.00026831231553528306,remove_low_df
status,1,0.00026831231553528306,remove_low_df
stede,1,0.00026831231553528306,remove_low_df
stem,1,0.00026831231553528306,remove_low_df
stephanie,1,0.00026831231553528306,remove_low_df
stereotype,1,0.00026831231553528306,remove_low_df
steroid,1,0.00026831231553528306,remove_low_df
stevebroach,1,0.00026831231553528306,remove_low_df
story,1,0.00026831231553528306,remove_low_df
strategywoman,1,0.00026831231553528306,remove_low_df
streamer,1,0.00026831231553528306,remove_low_df
streaming,1,0.00026831231553528306,remove_low_df
study,1,0.00026831231553528306,remove_low_df
subwoofer,1,0.00026831231553528306,remove_low_df
suicidal,1,0.00026831231553528306,remove_low_df
suicidewatch,1,0.00026831231553528306,remove_low_df
summa,1,0.00026831231553528306,remove_low_df
supermactoon,1,0.00026831231553528306,remove_low_df
suppurativa,1,0.00026831231553528306,remove_low_df
surrey,1,0.00026831231553528306,remove_low_df
surreyscorchers,1,0.00026831231553528306,remove_low_df
surveycircle,1,0.00026831231553528306,remove_low_df
susan,1,0.00026831231553528306,remove_low_df
susie,1,0.00026831231553528306,remove_low_df
suy,1,0.00026831231553528306,remove_low_df
suy_kiệt,1,0.00026831231553528306,remove_low_df
suy_nhược,1,0.00026831231553528306,remove_low_df
suông,1,0.00026831231553528306,remove_low_df
suối,1,0.00026831231553528306,remove_low_df
syayj,1,0.00026831231553528306,remove_low_df
sylvia,1,0.00026831231553528306,remove_low_df
sync,1,0.00026831231553528306,remove_low_df
syria,1,0.00026831231553528306,remove_low_df
sàng_lọc,1,0.00026831231553528306,remove_low_df
sách_giáo_khoa,1,0.00026831231553528306,remove_low_df
sáng_mắt,1,0.00026831231553528306,remove_low_df
sáng_sủa,1,0.00026831231553528306,remove_low_df
sáng_tỏ,1,0.00026831231553528306,remove_low_df
sáuthứ,1,0.00026831231553528306,remove_low_df
sân,1,0.00026831231553528306,remove_low_df
sân_vận_động,1,0.00026831231553528306,remove_low_df
sâu_bọ,1,0.00026831231553528306,remove_low_df
sâu_kín,1,0.00026831231553528306,remove_low_df
séc,1,0.00026831231553528306,remove_low_df
sò,1,0.00026831231553528306,remove_low_df
sô,1,0.00026831231553528306,remove_low_df
sôi_nổi,1,0.00026831231553528306,remove_low_df
sôi_sục,1,0.00026831231553528306,remove_low_df
súng_lục,1,0.00026831231553528306,remove_low_df
súp,1,0.00026831231553528306,remove_low_df
săn_bắn,1,0.00026831231553528306,remove_low_df
săn_đuổi,1,0.00026831231553528306,remove_low_df
sơ_suất,1,0.00026831231553528306,remove_low_df
sơ_sơ,1,0.00026831231553528306,remove_low_df
sơ_đồ,1,0.00026831231553528306,remove_low_df
sưng_húp,1,0.00026831231553528306,remove_low_df
sưu_tập,1,0.00026831231553528306,remove_low_df
sảng_khoái,1,0.00026831231553528306,remove_low_df
sảy,1,0.00026831231553528306,remove_low_df
sầm_uất,1,0.00026831231553528306,remove_low_df
sập,1,0.00026831231553528306,remove_low_df
sắc,1,0.00026831231553528306,remove_low_df
sắc_bén,1,0.00026831231553528306,remove_low_df
sặc,1,0.00026831231553528306,remove_low_df
số_chẵn,1,0.00026831231553528306,remove_low_df
sống_chết,1,0.00026831231553528306,remove_low_df
sống_động,1,0.00026831231553528306,remove_low_df
sốt_ruột,1,0.00026831231553528306,remove_low_df
sồi,1,0.00026831231553528306,remove_low_df
sờ_mó,1,0.00026831231553528306,remove_low_df
sụn,1,0.00026831231553528306,remove_low_df
sứ_mệnh,1,0.00026831231553528306,remove_low_df
sức_lao_động,1,0.00026831231553528306,remove_low_df
sức_ép,1,0.00026831231553528306,remove_low_df
sững,1,0.00026831231553528306,remove_low_df
sự_thân,1,0.00026831231553528306,remove_low_df
sự_tích,1,0.00026831231553528306,remove_low_df
sự_vật,1,0.00026831231553528306,remove_low_df
tabuteaus,1,0.00026831231553528306,remove_low_df
taekwondo,1,0.00026831231553528306,remove_low_df
tafe,1,0.00026831231553528306,remove_low_df
tagalog,1,0.00026831231553528306,remove_low_df
tairinonfir,1,0.00026831231553528306,remove_low_df
takeusbacktochina,1,0.00026831231553528306,remove_low_df
talk,1,0.00026831231553528306,remove_low_df
talkingtheparies,1,0.00026831231553528306,remove_low_df
talkspace,1,0.00026831231553528306,remove_low_df
tam,1,0.00026831231553528306,remove_low_df
tamil,1,0.00026831231553528306,remove_low_df
tanaganeva,1,0.00026831231553528306,remove_low_df
tanialt,1,0.00026831231553528306,remove_low_df
tar,1,0.00026831231553528306,remove_low_df
tastic,1,0.00026831231553528306,remove_low_df
tautona,1,0.00026831231553528306,remove_low_df
taw,1,0.00026831231553528306,remove_low_df
tay_phải,1,0.00026831231553528306,remove_low_df
tay_trong,1,0.00026831231553528306,remove_low_df
tazgezwitscher,1,0.00026831231553528306,remove_low_df
tbi,1,0.00026831231553528306,remove_low_df
tcp,1,0.00026831231553528306,remove_low_df
td,1,0.00026831231553528306,remove_low_df
team,1,0.00026831231553528306,remove_low_df
teamkhabib,1,0.00026831231553528306,remove_low_df
teamspeak,1,0.00026831231553528306,remove_low_df
teamsquarepeg,1,0.00026831231553528306,remove_low_df
tech,1,0.00026831231553528306,remove_low_df
ted,1,0.00026831231553528306,remove_low_df
tennis,1,0.00026831231553528306,remove_low_df
teo_tóp,1,0.00026831231553528306,remove_low_df
teqvxekg,1,0.00026831231553528306,remove_low_df
tessaamrtz,1,0.00026831231553528306,remove_low_df
texture,1,0.00026831231553528306,remove_low_df
tf,1,0.00026831231553528306,remove_low_df
tgalloway,1,0.00026831231553528306,remove_low_df
th,1,0.00026831231553528306,remove_low_df
thabiler,1,0.00026831231553528306,remove_low_df
thai_sản,1,0.00026831231553528306,remove_low_df
thaitôi,1,0.00026831231553528306,remove_low_df
tham_chiếu,1,0.00026831231553528306,remove_low_df
tham_quan,1,0.00026831231553528306,remove_low_df
thang_máy,1,0.00026831231553528306,remove_low_df
thanh_lọc,1,0.00026831231553528306,remove_low_df
thanh_niên,1,0.00026831231553528306,remove_low_df
tharani,1,0.00026831231553528306,remove_low_df
thasohtx,1,0.00026831231553528306,remove_low_df
that,1,0.00026831231553528306,remove_low_df
thay_mặt,1,0.00026831231553528306,remove_low_df
thay_thế_nào,1,0.00026831231553528306,remove_low_df
thcige,1,0.00026831231553528306,remove_low_df
thedeshbhakt,1,0.00026831231553528306,remove_low_df
then_chốt,1,0.00026831231553528306,remove_low_df
thepradeeprawat,1,0.00026831231553528306,remove_low_df
therealsir,1,0.00026831231553528306,remove_low_df
they,1,0.00026831231553528306,remove_low_df
thi_trắc_nghiệm,1,0.00026831231553528306,remove_low_df
thierry,1,0.00026831231553528306,remove_low_df
this,1,0.00026831231553528306,remove_low_df
thiên_thần,1,0.00026831231553528306,remove_low_df
thiên_tài,1,0.00026831231553528306,remove_low_df
thiên_đàng,1,0.00026831231553528306,remove_low_df
thiêng_liêng,1,0.00026831231553528306,remove_low_df
thiết_yếu,1,0.00026831231553528306,remove_low_df
thiếu_gì,1,0.00026831231553528306,remove_low_df
thiếu_nữ,1,0.00026831231553528306,remove_low_df
thiếuanh,1,0.00026831231553528306,remove_low_df
thiểu_năng,1,0.00026831231553528306,remove_low_df
thiệp,1,0.00026831231553528306,remove_low_df
thlolo,1,0.00026831231553528306,remove_low_df
thomas,1,0.00026831231553528306,remove_low_df
thon,1,0.00026831231553528306,remove_low_df
thorazine,1,0.00026831231553528306,remove_low_df
thorsten,1,0.00026831231553528306,remove_low_df
thoát_ly,1,0.00026831231553528306,remove_low_df
thoát_vị,1,0.00026831231553528306,remove_low_df
through,1,0.00026831231553528306,remove_low_df
thu_dọn,1,0.00026831231553528306,remove_low_df
thuyết,1,0.00026831231553528306,remove_low_df
thuyền,1,0.00026831231553528306,remove_low_df
thuần_khiết,1,0.00026831231553528306,remove_low_df
thuật_toán,1,0.00026831231553528306,remove_low_df
thuế_thu_nhập,1,0.00026831231553528306,remove_low_df
thuốc_mê,1,0.00026831231553528306,remove_low_df
thuốc_nhuộm,1,0.00026831231553528306,remove_low_df
thuốc_tẩy,1,0.00026831231553528306,remove_low_df
thuỵ_sĩ,1,0.00026831231553528306,remove_low_df
thuỵ_điển,1,0.00026831231553528306,remove_low_df
thuỷ_cung,1,0.00026831231553528306,remove_low_df
thuỷ_điện,1,0.00026831231553528306,remove_low_df
thành_phố_đông_đúc,1,0.00026831231553528306,remove_low_df
thành_thị,1,0.00026831231553528306,remove_low_df
thành_đạt,1,0.00026831231553528306,remove_low_df
thái_cực_quyền,1,0.00026831231553528306,remove_low_df
tháng_đủ,1,0.00026831231553528306,remove_low_df
tháp,1,0.00026831231553528306,remove_low_df
thâm,1,0.00026831231553528306,remove_low_df
thân_mến,1,0.00026831231553528306,remove_low_df
thân_từ,1,0.00026831231553528306,remove_low_df
thân_xác,1,0.00026831231553528306,remove_low_df
thèm_muốn,1,0.00026831231553528306,remove_low_df
thì_có,1,0.00026831231553528306,remove_low_df
thì_thôi,1,0.00026831231553528306,remove_low_df
thì_thầm,1,0.00026831231553528306,remove_low_df
thích_thú,1,0.00026831231553528306,remove_low_df
thôi_miên,1,0.00026831231553528306,remove_low_df
thông_số,1,0.00026831231553528306,remove_low_df
thù_lao,1,0.00026831231553528306,remove_low_df
thú_thật,1,0.00026831231553528306,remove_low_df
thú_tội,1,0.00026831231553528306,remove_low_df
thúc_giục,1,0.00026831231553528306,remove_low_df
thúc_ép,1,0.00026831231553528306,remove_low_df
thăm_quan,1,0.00026831231553528306,remove_low_df
thơ_mộng,1,0.00026831231553528306,remove_low_df
thơm,1,0.00026831231553528306,remove_low_df
thư_thái,1,0.00026831231553528306,remove_low_df
thư_từ,1,0.00026831231553528306,remove_low_df
thưa_thớt,1,0.00026831231553528306,remove_low_df
thương_hiệu,1,0.00026831231553528306,remove_low_df
thương_tâm,1,0.00026831231553528306,remove_low_df
thương_yêu,1,0.00026831231553528306,remove_low_df
thường_khi,1,0.00026831231553528306,remove_low_df
thường_sơn,1,0.00026831231553528306,remove_low_df
thường_trực,1,0.00026831231553528306,remove_low_df
thượng_nghị_sĩ,1,0.00026831231553528306,remove_low_df
thả_lỏng,1,0.00026831231553528306,remove_low_df
thảm,1,0.00026831231553528306,remove_low_df
thảm_khốc,1,0.00026831231553528306,remove_low_df
thảm_thiết,1,0.00026831231553528306,remove_low_df
thấm,1,0.00026831231553528306,remove_low_df
thấp_hèn,1,0.00026831231553528306,remove_low_df
thất_thường,1,0.00026831231553528306,remove_low_df
thầm,1,0.00026831231553528306,remove_low_df
thần_dược,1,0.00026831231553528306,remove_low_df
thần_thánh,1,0.00026831231553528306,remove_low_df
thần_tượng,1,0.00026831231553528306,remove_low_df
thập_niên,1,0.00026831231553528306,remove_low_df
thắntừ,1,0.00026831231553528306,remove_low_df
thắt_nút,1,0.00026831231553528306,remove_low_df
thẳng_tắp,1,0.00026831231553528306,remove_low_df
thế_chiến,1,0.00026831231553528306,remove_low_df
thế_giới_thứ,1,0.00026831231553528306,remove_low_df
thể_loại,1,0.00026831231553528306,remove_low_df
thể_thức,1,0.00026831231553528306,remove_low_df
thị_trường,1,0.00026831231553528306,remove_low_df
thịnh_vượng,1,0.00026831231553528306,remove_low_df
thổ_nhĩ_kỳ,1,0.00026831231553528306,remove_low_df
thổi_phồng,1,0.00026831231553528306,remove_low_df
thời_thượng,1,0.00026831231553528306,remove_low_df
thở_phào,1,0.00026831231553528306,remove_low_df
thợ_xây,1,0.00026831231553528306,remove_low_df
thợ_điện,1,0.00026831231553528306,remove_low_df
thủy,1,0.00026831231553528306,remove_low_df
thứ_ba,1,0.00026831231553528306,remove_low_df
thừa_hưởng,1,0.00026831231553528306,remove_low_df
thừa_kế,1,0.00026831231553528306,remove_low_df
thừa_thãi,1,0.00026831231553528306,remove_low_df
thực_chất,1,0.00026831231553528306,remove_low_df
thực_nghiệm,1,0.00026831231553528306,remove_low_df
thực_quản,1,0.00026831231553528306,remove_low_df
thực_vật,1,0.00026831231553528306,remove_low_df
tia_sáng,1,0.00026831231553528306,remove_low_df
timeline,1,0.00026831231553528306,remove_low_df
tin_vui,1,0.00026831231553528306,remove_low_df
tina,1,0.00026831231553528306,remove_low_df
tinh_trùng,1,0.00026831231553528306,remove_low_df
tinh_tế,1,0.00026831231553528306,remove_low_df
tinh_vi,1,0.00026831231553528306,remove_low_df
tiny,1,0.00026831231553528306,remove_low_df
tiwari,1,0.00026831231553528306,remove_low_df
tiêm_chủng,1,0.00026831231553528306,remove_low_df
tiên_tri,1,0.00026831231553528306,remove_low_df
tiêu_dùng,1,0.00026831231553528306,remove_low_df
tiêu_hao,1,0.00026831231553528306,remove_low_df
tiêu_xài,1,0.00026831231553528306,remove_low_df
tiến_hoá,1,0.00026831231553528306,remove_low_df
tiến_thoái_lưỡng_nan,1,0.00026831231553528306,remove_low_df
tiết,1,0.00026831231553528306,remove_low_df
tiết_niệu,1,0.00026831231553528306,remove_low_df
tiềm_thức,1,0.00026831231553528306,remove_low_df
tiền_lương,1,0.00026831231553528306,remove_low_df
tiền_lệ,1,0.00026831231553528306,remove_low_df
tiền_tệ,1,0.00026831231553528306,remove_low_df
tiền_đề,1,0.00026831231553528306,remove_low_df
tiền_đồ,1,0.00026831231553528306,remove_low_df
tiểu_tiện,1,0.00026831231553528306,remove_low_df
tiểu_đội,1,0.00026831231553528306,remove_low_df
tlaka,1,0.00026831231553528306,remove_low_df
tm,1,0.00026831231553528306,remove_low_df
tmi,1,0.00026831231553528306,remove_low_df
tmj,1,0.00026831231553528306,remove_low_df
to_chuyện,1,0.00026831231553528306,remove_low_df
to_con,1,0.00026831231553528306,remove_low_df
to_lớn,1,0.00026831231553528306,remove_low_df
to_đùng,1,0.00026831231553528306,remove_low_df
tobiloba,1,0.00026831231553528306,remove_low_df
today,1,0.00026831231553528306,remove_low_df
todd,1,0.00026831231553528306,remove_low_df
told,1,0.00026831231553528306,remove_low_df
tomahawk,1,0.00026831231553528306,remove_low_df
ton,1,0.00026831231553528306,remove_low_df
topamax,1,0.00026831231553528306,remove_low_df
tore,1,0.00026831231553528306,remove_low_df
torus,1,0.00026831231553528306,remove_low_df
totailm,1,0.00026831231553528306,remove_low_df
toutelaverit,1,0.00026831231553528306,remove_low_df
town,1,0.00026831231553528306,remove_low_df
toàn_cảnh,1,0.00026831231553528306,remove_low_df
toàn_diện,1,0.00026831231553528306,remove_low_df
tq,1,0.00026831231553528306,remove_low_df
tra_cứu,1,0.00026831231553528306,remove_low_df
trafford,1,0.00026831231553528306,remove_low_df
tramadol,1,0.00026831231553528306,remove_low_df
trang_chủ,1,0.00026831231553528306,remove_low_df
trang_phục,1,0.00026831231553528306,remove_low_df
trang_trại,1,0.00026831231553528306,remove_low_df
tranxen,1,0.00026831231553528306,remove_low_df
trau_dồi,1,0.00026831231553528306,remove_low_df
traumatized,1,0.00026831231553528306,remove_low_df
tree,1,0.00026831231553528306,remove_low_df
tri_kỷ,1,0.00026831231553528306,remove_low_df
tri_thức,1,0.00026831231553528306,remove_low_df
tri_ân,1,0.00026831231553528306,remove_low_df
trinh_trắng,1,0.00026831231553528306,remove_low_df
trintellix,1,0.00026831231553528306,remove_low_df
triviathursday,1,0.00026831231553528306,remove_low_df
triết_lý,1,0.00026831231553528306,remove_low_df
triển_lãm,1,0.00026831231553528306,remove_low_df
triệu_phú,1,0.00026831231553528306,remove_low_df
triệu_tập,1,0.00026831231553528306,remove_low_df
trong_suốt,1,0.00026831231553528306,remove_low_df
trong_sạch,1,0.00026831231553528306,remove_low_df
trong_vắt,1,0.00026831231553528306,remove_low_df
tropical,1,0.00026831231553528306,remove_low_df
troye,1,0.00026831231553528306,remove_low_df
trudumb,1,0.00026831231553528306,remove_low_df
trueoffmychest,1,0.00026831231553528306,remove_low_df
trump,1,0.00026831231553528306,remove_low_df
trung_học_cơ_sở,1,0.00026831231553528306,remove_low_df
trung_học_phổ_thông,1,0.00026831231553528306,remove_low_df
trung_thành,1,0.00026831231553528306,remove_low_df
trung_tính,1,0.00026831231553528306,remove_low_df
trung_ương,1,0.00026831231553528306,remove_low_df
truy_cứu,1,0.00026831231553528306,remove_low_df
truy_lùng,1,0.00026831231553528306,remove_low_df
truyền,1,0.00026831231553528306,remove_low_df
truyền_giáo,1,0.00026831231553528306,remove_low_df
truyền_thông,1,0.00026831231553528306,remove_low_df
truyền_đạt,1,0.00026831231553528306,remove_low_df
truyện,1,0.00026831231553528306,remove_low_df
tràng,1,0.00026831231553528306,remove_low_df
trách,1,0.00026831231553528306,remove_low_df
trám,1,0.00026831231553528306,remove_low_df
tráng_miệng,1,0.00026831231553528306,remove_low_df
tránh_mặt,1,0.00026831231553528306,remove_low_df
trên_tài,1,0.00026831231553528306,remove_low_df
trì_trệ,1,0.00026831231553528306,remove_low_df
trình_tự,1,0.00026831231553528306,remove_low_df
trí_tuệ_nhân_tạo,1,0.00026831231553528306,remove_low_df
tríkhi,1,0.00026831231553528306,remove_low_df
tròng,1,0.00026831231553528306,remove_low_df
tróc,1,0.00026831231553528306,remove_low_df
trói,1,0.00026831231553528306,remove_low_df
trôi_nổi,1,0.00026831231553528306,remove_low_df
trăng,1,0.00026831231553528306,remove_low_df
trơ,1,0.00026831231553528306,remove_low_df
trưởng,1,0.00026831231553528306,remove_low_df
trại_giam,1,0.00026831231553528306,remove_low_df
trại_mồ_côi,1,0.00026831231553528306,remove_low_df
trả_giá,1,0.00026831231553528306,remove_low_df
trả_đũa,1,0.00026831231553528306,remove_low_df
trải_qua_trauma_lại,1,0.00026831231553528306,remove_low_df
trần_trụi,1,0.00026831231553528306,remove_low_df
trầy,1,0.00026831231553528306,remove_low_df
trắng_tinh,1,0.00026831231553528306,remove_low_df
trẹo,1,0.00026831231553528306,remove_low_df
trẻ_trung,1,0.00026831231553528306,remove_low_df
trị,1,0.00026831231553528306,remove_low_df
trọ,1,0.00026831231553528306,remove_low_df
trọng_lực,1,0.00026831231553528306,remove_low_df
trời_đất,1,0.00026831231553528306,remove_low_df
trợ_giúp,1,0.00026831231553528306,remove_low_df
trợ_thính,1,0.00026831231553528306,remove_low_df
trụ_cột,1,0.00026831231553528306,remove_low_df
trục_trặc,1,0.00026831231553528306,remove_low_df
trừ_tà,1,0.00026831231553528306,remove_low_df
trực_quan,1,0.00026831231553528306,remove_low_df
tseding,1,0.00026831231553528306,remove_low_df
tszzl,1,0.00026831231553528306,remove_low_df
tufohfqg,1,0.00026831231553528306,remove_low_df
tulip,1,0.00026831231553528306,remove_low_df
tuna,1,0.00026831231553528306,remove_low_df
turbo,1,0.00026831231553528306,remove_low_df
turbulent,1,0.00026831231553528306,remove_low_df
turner,1,0.00026831231553528306,remove_low_df
tuyên_truyền,1,0.00026831231553528306,remove_low_df
tuyến,1,0.00026831231553528306,remove_low_df
tuyến_thượng_thận,1,0.00026831231553528306,remove_low_df
tuyết,1,0.00026831231553528306,remove_low_df
tuốt,1,0.00026831231553528306,remove_low_df
tuỳ_thích,1,0.00026831231553528306,remove_low_df
tuỳ_tiện,1,0.00026831231553528306,remove_low_df
twink,1,0.00026831231553528306,remove_low_df
twitch,1,0.00026831231553528306,remove_low_df
twitringmachine,1,0.00026831231553528306,remove_low_df
tydings,1,0.00026831231553528306,remove_low_df
tàn,1,0.00026831231553528306,remove_low_df
tàn_lụi,1,0.00026831231553528306,remove_low_df
tàn_tạ,1,0.00026831231553528306,remove_low_df
tàu_điện,1,0.00026831231553528306,remove_low_df
tác_giả,1,0.00026831231553528306,remove_low_df
tái_diễn,1,0.00026831231553528306,remove_low_df
tái_thiết,1,0.00026831231553528306,remove_low_df
táo,1,0.00026831231553528306,remove_low_df
táo_bạo,1,0.00026831231553528306,remove_low_df
tâm_lý_gia,1,0.00026831231553528306,remove_low_df
tân_tinh,1,0.00026831231553528306,remove_low_df
tây_y,1,0.00026831231553528306,remove_low_df
tê_dại,1,0.00026831231553528306,remove_low_df
tên_tuổi,1,0.00026831231553528306,remove_low_df
tình_thế,1,0.00026831231553528306,remove_low_df
tình_đầu,1,0.00026831231553528306,remove_low_df
tích_luỹ,1,0.00026831231553528306,remove_low_df
tín_dụng,1,0.00026831231553528306,remove_low_df
tín_đồ,1,0.00026831231553528306,remove_low_df
tính_dục,1,0.00026831231553528306,remove_low_df
típ,1,0.00026831231553528306,remove_low_df
tô,1,0.00026831231553528306,remove_low_df
tô_hồng,1,0.00026831231553528306,remove_low_df
tôi_con,1,0.00026831231553528306,remove_low_df
túm,1,0.00026831231553528306,remove_low_df
túng_quẫn,1,0.00026831231553528306,remove_low_df
túng_thiếu,1,0.00026831231553528306,remove_low_df
tĩnh_điện,1,0.00026831231553528306,remove_low_df
tư_bản,1,0.00026831231553528306,remove_low_df
tư_nhân,1,0.00026831231553528306,remove_low_df
tư_pháp,1,0.00026831231553528306,remove_low_df
tư_thục,1,0.00026831231553528306,remove_low_df
tươi_tắn,1,0.00026831231553528306,remove_low_df
tương_phản,1,0.00026831231553528306,remove_low_df
tương_quan,1,0.00026831231553528306,remove_low_df
tường_thuật,1,0.00026831231553528306,remove_low_df
tưởng_niệm,1,0.00026831231553528306,remove_low_df
tượng_trưng,1,0.00026831231553528306,remove_low_df
tạo_hình,1,0.00026831231553528306,remove_low_df
tấc,1,0.00026831231553528306,remove_low_df
tần_số,1,0.00026831231553528306,remove_low_df
tận_cùng,1,0.00026831231553528306,remove_low_df
tận_tuỵ,1,0.00026831231553528306,remove_low_df
tận_tâm,1,0.00026831231553528306,remove_low_df
tập_dượt,1,0.00026831231553528306,remove_low_df
tập_hợp,1,0.00026831231553528306,remove_low_df
tật_nguyền,1,0.00026831231553528306,remove_low_df
tắc_nghẽn,1,0.00026831231553528306,remove_low_df
tịch_thu,1,0.00026831231553528306,remove_low_df
tốc,1,0.00026831231553528306,remove_low_df
tối_cao,1,0.00026831231553528306,remove_low_df
tối_hậu_thư,1,0.00026831231553528306,remove_low_df
tối_qua_tôi_lại,1,0.00026831231553528306,remove_low_df
tối_ưu_hoá,1,0.00026831231553528306,remove_low_df
tổ,1,0.00026831231553528306,remove_low_df
tổ_tiên,1,0.00026831231553528306,remove_low_df
tổng_thống,1,0.00026831231553528306,remove_low_df
tổng_đài,1,0.00026831231553528306,remove_low_df
tụi,1,0.00026831231553528306,remove_low_df
tụt,1,0.00026831231553528306,remove_low_df
tủ_lạnh,1,0.00026831231553528306,remove_low_df
tủvà,1,0.00026831231553528306,remove_low_df
tức_thì,1,0.00026831231553528306,remove_low_df
từ_biệt,1,0.00026831231553528306,remove_low_df
từ_dịch,1,0.00026831231553528306,remove_low_df
từ_hoá,1,0.00026831231553528306,remove_low_df
từ_thiên,1,0.00026831231553528306,remove_low_df
từ_vựng,1,0.00026831231553528306,remove_low_df
tử_cung,1,0.00026831231553528306,remove_low_df
tử_thần,1,0.00026831231553528306,remove_low_df
tử_vi,1,0.00026831231553528306,remove_low_df
tửvà,1,0.00026831231553528306,remove_low_df
tự_cao_tự_đại,1,0.00026831231553528306,remove_low_df
tự_mãn,1,0.00026831231553528306,remove_low_df
tự_thân,1,0.00026831231553528306,remove_low_df
tự_động_hoá,1,0.00026831231553528306,remove_low_df
tỷ_phú,1,0.00026831231553528306,remove_low_df
uafykh,1,0.00026831231553528306,remove_low_df
ubc,1,0.00026831231553528306,remove_low_df
udqteja,1,0.00026831231553528306,remove_low_df
ufo,1,0.00026831231553528306,remove_low_df
ufvp,1,0.00026831231553528306,remove_low_df
ugandan,1,0.00026831231553528306,remove_low_df
ugurl,1,0.00026831231553528306,remove_low_df
uhhhhhhhhhhhh,1,0.00026831231553528306,remove_low_df
ukrainediscussion,1,0.00026831231553528306,remove_low_df
ul,1,0.00026831231553528306,remove_low_df
ultimatum,1,0.00026831231553528306,remove_low_df
um,1,0.00026831231553528306,remove_low_df
umpqwwmv,1,0.00026831231553528306,remove_low_df
una,1,0.00026831231553528306,remove_low_df
underground,1,0.00026831231553528306,remove_low_df
unfollow,1,0.00026831231553528306,remove_low_df
uni,1,0.00026831231553528306,remove_low_df
unix,1,0.00026831231553528306,remove_low_df
unkleayo,1,0.00026831231553528306,remove_low_df
unlock,1,0.00026831231553528306,remove_low_df
unnati,1,0.00026831231553528306,remove_low_df
uq,1,0.00026831231553528306,remove_low_df
urdu,1,0.00026831231553528306,remove_low_df
urti,1,0.00026831231553528306,remove_low_df
usxvnja,1,0.00026831231553528306,remove_low_df
utdcynical,1,0.00026831231553528306,remove_low_df
utm,1,0.00026831231553528306,remove_low_df
uyagower,1,0.00026831231553528306,remove_low_df
uyi,1,0.00026831231553528306,remove_low_df
uzeuquh,1,0.00026831231553528306,remove_low_df
uỷ_ban,1,0.00026831231553528306,remove_low_df
valium,1,0.00026831231553528306,remove_low_df
vamsi,1,0.00026831231553528306,remove_low_df
vanessa,1,0.00026831231553528306,remove_low_df
vaping,1,0.00026831231553528306,remove_low_df
vapor,1,0.00026831231553528306,remove_low_df
vay_mượn,1,0.00026831231553528306,remove_low_df
venezuela,1,0.00026831231553528306,remove_low_df
venom,1,0.00026831231553528306,remove_low_df
ver,1,0.00026831231553528306,remove_low_df
vesna,1,0.00026831231553528306,remove_low_df
vhic,1,0.00026831231553528306,remove_low_df
vi_mô,1,0.00026831231553528306,remove_low_df
vi_sinh_vật,1,0.00026831231553528306,remove_low_df
vicks,1,0.00026831231553528306,remove_low_df
vicodin,1,0.00026831231553528306,remove_low_df
victony,1,0.00026831231553528306,remove_low_df
victorahiwe,1,0.00026831231553528306,remove_low_df
vidz,1,0.00026831231553528306,remove_low_df
view,1,0.00026831231553528306,remove_low_df
vignette,1,0.00026831231553528306,remove_low_df
viibrid,1,0.00026831231553528306,remove_low_df
viking,1,0.00026831231553528306,remove_low_df
vine,1,0.00026831231553528306,remove_low_df
vinh_quang,1,0.00026831231553528306,remove_low_df
vinpocetine,1,0.00026831231553528306,remove_low_df
vitvitska,1,0.00026831231553528306,remove_low_df
viếng,1,0.00026831231553528306,remove_low_df
viễn_cảnh,1,0.00026831231553528306,remove_low_df
việnc,1,0.00026831231553528306,remove_low_df
việt_nam,1,0.00026831231553528306,remove_low_df
vkah,1,0.00026831231553528306,remove_low_df
vm,1,0.00026831231553528306,remove_low_df
voice_chat,1,0.00026831231553528306,remove_low_df
vol,1,0.00026831231553528306,remove_low_df
vrylar,1,0.00026831231553528306,remove_low_df
vtrepuij,1,0.00026831231553528306,remove_low_df
vu_vơ,1,0.00026831231553528306,remove_low_df
vvadmsoxsi,1,0.00026831231553528306,remove_low_df
vành,1,0.00026831231553528306,remove_low_df
vào_sổ,1,0.00026831231553528306,remove_low_df
vào_vai,1,0.00026831231553528306,remove_low_df
vá_víu,1,0.00026831231553528306,remove_low_df
vìsfw,1,0.00026831231553528306,remove_low_df
ví,1,0.00026831231553528306,remove_low_df
vò,1,0.00026831231553528306,remove_low_df
vòbởi,1,0.00026831231553528306,remove_low_df
vóc_dáng,1,0.00026831231553528306,remove_low_df
vô_lo,1,0.00026831231553528306,remove_low_df
vô_lực,1,0.00026831231553528306,remove_low_df
vô_sinh,1,0.00026831231553528306,remove_low_df
vô_sản,1,0.00026831231553528306,remove_low_df
vô_tài,1,0.00026831231553528306,remove_low_df
vô_vàn,1,0.00026831231553528306,remove_low_df
vô_ý,1,0.00026831231553528306,remove_low_df
văn_minh,1,0.00026831231553528306,remove_low_df
vĩnh_cửu,1,0.00026831231553528306,remove_low_df
vũ_hội,1,0.00026831231553528306,remove_low_df
vũ_khí,1,0.00026831231553528306,remove_low_df
vũ_lực,1,0.00026831231553528306,remove_low_df
vũ_trang,1,0.00026831231553528306,remove_low_df
vơi,1,0.00026831231553528306,remove_low_df
vườn_tược,1,0.00026831231553528306,remove_low_df
vạch_trần,1,0.00026831231553528306,remove_low_df
vải,1,0.00026831231553528306,remove_low_df
vảy,1,0.00026831231553528306,remove_low_df
vảy_nến,1,0.00026831231553528306,remove_low_df
vấp,1,0.00026831231553528306,remove_low_df
vẩn_vơ,1,0.00026831231553528306,remove_low_df
vẫy,1,0.00026831231553528306,remove_low_df
vận_chuyển,1,0.00026831231553528306,remove_low_df
vận_động,1,0.00026831231553528306,remove_low_df
vật_liệu,1,0.00026831231553528306,remove_low_df
vắt,1,0.00026831231553528306,remove_low_df
vết_xe_đổ,1,0.00026831231553528306,remove_low_df
vị_hôn_phu,1,0.00026831231553528306,remove_low_df
vịt,1,0.00026831231553528306,remove_low_df
vỗ,1,0.00026831231553528306,remove_low_df
vội,1,0.00026831231553528306,remove_low_df
vỡvà,1,0.00026831231553528306,remove_low_df
vụn_vặt,1,0.00026831231553528306,remove_low_df
waldodior,1,0.00026831231553528306,remove_low_df
wambold,1,0.00026831231553528306,remove_low_df
warning,1,0.00026831231553528306,remove_low_df
wars,1,0.00026831231553528306,remove_low_df
watch,1,0.00026831231553528306,remove_low_df
wawaeilicious,1,0.00026831231553528306,remove_low_df
wawu,1,0.00026831231553528306,remove_low_df
wbc,1,0.00026831231553528306,remove_low_df
wc,1,0.00026831231553528306,remove_low_df
wdf,1,0.00026831231553528306,remove_low_df
wearable,1,0.00026831231553528306,remove_low_df
webcomic,1,0.00026831231553528306,remove_low_df
webinar,1,0.00026831231553528306,remove_low_df
wegotalkam,1,0.00026831231553528306,remove_low_df
weimar,1,0.00026831231553528306,remove_low_df
weirdpeace,1,0.00026831231553528306,remove_low_df
wellbuttôi,1,0.00026831231553528306,remove_low_df
wellcome,1,0.00026831231553528306,remove_low_df
wemattertooinc,1,0.00026831231553528306,remove_low_df
were,1,0.00026831231553528306,remove_low_df
weren,1,0.00026831231553528306,remove_low_df
wf,1,0.00026831231553528306,remove_low_df
whiplash,1,0.00026831231553528306,remove_low_df
whippet,1,0.00026831231553528306,remove_low_df
widgetsworld,1,0.00026831231553528306,remove_low_df
wikipedia,1,0.00026831231553528306,remove_low_df
will,1,0.00026831231553528306,remove_low_df
william,1,0.00026831231553528306,remove_low_df
williamnhutton,1,0.00026831231553528306,remove_low_df
winclove,1,0.00026831231553528306,remove_low_df
winner,1,0.00026831231553528306,remove_low_df
witness,1,0.00026831231553528306,remove_low_df
wizarab,1,0.00026831231553528306,remove_low_df
wolfsburg,1,0.00026831231553528306,remove_low_df
wonderland,1,0.00026831231553528306,remove_low_df
world,1,0.00026831231553528306,remove_low_df
worldofnc,1,0.00026831231553528306,remove_low_df
wort,1,0.00026831231553528306,remove_low_df
writes,1,0.00026831231553528306,remove_low_df
wudtfgjf,1,0.00026831231553528306,remove_low_df
wwlg,1,0.00026831231553528306,remove_low_df
xa_gần,1,0.00026831231553528306,remove_low_df
xa_xa,1,0.00026831231553528306,remove_low_df
xa_xỉ,1,0.00026831231553528306,remove_low_df
xanh_xao,1,0.00026831231553528306,remove_low_df
xanor,1,0.00026831231553528306,remove_low_df
xay,1,0.00026831231553528306,remove_low_df
xchara,1,0.00026831231553528306,remove_low_df
xe_điện,1,0.00026831231553528306,remove_low_df
xen_kẽ,1,0.00026831231553528306,remove_low_df
xinh_xắn,1,0.00026831231553528306,remove_low_df
xiết,1,0.00026831231553528306,remove_low_df
xjuoh,1,0.00026831231553528306,remove_low_df
xo,1,0.00026831231553528306,remove_low_df
xoay_chuyển,1,0.00026831231553528306,remove_low_df
xoay_vần,1,0.00026831231553528306,remove_low_df
xoay_xở,1,0.00026831231553528306,remove_low_df
xong_đời,1,0.00026831231553528306,remove_low_df
xung_động,1,0.00026831231553528306,remove_low_df
xwedd,1,0.00026831231553528306,remove_low_df
xylanh,1,0.00026831231553528306,remove_low_df
xyz,1,0.00026831231553528306,remove_low_df
xâm_hại,1,0.00026831231553528306,remove_low_df
xã_hội_chủ_nghĩa,1,0.00026831231553528306,remove_low_df
xì,1,0.00026831231553528306,remove_low_df
xích_đu,1,0.00026831231553528306,remove_low_df
xăng_dầu,1,0.00026831231553528306,remove_low_df
xương_đòn,1,0.00026831231553528306,remove_low_df
xước,1,0.00026831231553528306,remove_low_df
xảo_quyệt,1,0.00026831231553528306,remove_low_df
xếp,1,0.00026831231553528306,remove_low_df
xếp_hàng,1,0.00026831231553528306,remove_low_df
xếp_hàng_hoá,1,0.00026831231553528306,remove_low_df
yangsfolder,1,0.00026831231553528306,remove_low_df
yare,1,0.00026831231553528306,remove_low_df
yasiat,1,0.00026831231553528306,remove_low_df
ybx,1,0.00026831231553528306,remove_low_df
yfiojfbwz,1,0.00026831231553528306,remove_low_df
yii,1,0.00026831231553528306,remove_low_df
yk,1,0.00026831231553528306,remove_low_df
ymfycmi,1,0.00026831231553528306,remove_low_df
yoh,1,0.00026831231553528306,remove_low_df
yongk,1,0.00026831231553528306,remove_low_df
you,1,0.00026831231553528306,remove_low_df
youbaviandecru,1,0.00026831231553528306,remove_low_df
your,1,0.00026831231553528306,remove_low_df
youtuber,1,0.00026831231553528306,remove_low_df
yukito,1,0.00026831231553528306,remove_low_df
yên_lặng,1,0.00026831231553528306,remove_low_df
yêu_sách,1,0.00026831231553528306,remove_low_df
yến_mạch,1,0.00026831231553528306,remove_low_df
zachradcliffphd,1,0.00026831231553528306,remove_low_df
zahidmunir,1,0.00026831231553528306,remove_low_df
zaleplon,1,0.00026831231553528306,remove_low_df
zap,1,0.00026831231553528306,remove_low_df
zdkxgqk,1,0.00026831231553528306,remove_low_df
zdxhkdqean,1,0.00026831231553528306,remove_low_df
zebragrun,1,0.00026831231553528306,remove_low_df
zeeshan,1,0.00026831231553528306,remove_low_df
zemmour,1,0.00026831231553528306,remove_low_df
zero,1,0.00026831231553528306,remove_low_df
zerohedge,1,0.00026831231553528306,remove_low_df
zg,1,0.00026831231553528306,remove_low_df
zghqebm,1,0.00026831231553528306,remove_low_df
zidane,1,0.00026831231553528306,remove_low_df
zino,1,0.00026831231553528306,remove_low_df
zjbnbowzjn,1,0.00026831231553528306,remove_low_df
znfy,1,0.00026831231553528306,remove_low_df
zoey,1,0.00026831231553528306,remove_low_df
zopiclone,1,0.00026831231553528306,remove_low_df
zpry,1,0.00026831231553528306,remove_low_df
zvkczsxmjx,1,0.00026831231553528306,remove_low_df
zxljdctvdp,1,0.00026831231553528306,remove_low_df
zxz,1,0.00026831231553528306,remove_low_df
zyprexa,1,0.00026831231553528306,remove_low_df
zzzzzz,1,0.00026831231553528306,remove_low_df
ào_ào,1,0.00026831231553528306,remove_low_df
ác,1,0.00026831231553528306,remove_low_df
ác_tính,1,0.00026831231553528306,remove_low_df
ác_độc,1,0.00026831231553528306,remove_low_df
án_treo,1,0.00026831231553528306,remove_low_df
áo_phông,1,0.00026831231553528306,remove_low_df
áp,1,0.00026831231553528306,remove_low_df
áp_đặt,1,0.00026831231553528306,remove_low_df
âm_mưu,1,0.00026831231553528306,remove_low_df
âm_thầm,1,0.00026831231553528306,remove_low_df
âm_tiết,1,0.00026831231553528306,remove_low_df
âm_đạo,1,0.00026831231553528306,remove_low_df
ân_huệ,1,0.00026831231553528306,remove_low_df
ít_ra,1,0.00026831231553528306,remove_low_df
ô_uế,1,0.00026831231553528306,remove_low_df
ôm_chầm,1,0.00026831231553528306,remove_low_df
ôn,1,0.00026831231553528306,remove_low_df
ông_già,1,0.00026831231553528306,remove_low_df
ý_niệm,1,0.00026831231553528306,remove_low_df
ý_đồ,1,0.00026831231553528306,remove_low_df
ăn_chay,1,0.00026831231553528306,remove_low_df
ăn_cắp,1,0.00026831231553528306,remove_low_df
ăn_lời,1,0.00026831231553528306,remove_low_df
ăn_mày,1,0.00026831231553528306,remove_low_df
ăn_xin,1,0.00026831231553528306,remove_low_df
ăn_ý,1,0.00026831231553528306,remove_low_df
ăn_đường,1,0.00026831231553528306,remove_low_df
ăn_đủ,1,0.00026831231553528306,remove_low_df
đa_khoa,1,0.00026831231553528306,remove_low_df
đa_năng,1,0.00026831231553528306,remove_low_df
đa_phương_tiện,1,0.00026831231553528306,remove_low_df
đa_phần,1,0.00026831231553528306,remove_low_df
đai,1,0.00026831231553528306,remove_low_df
đan_mạch,1,0.00026831231553528306,remove_low_df
đan_xen,1,0.00026831231553528306,remove_low_df
đau_thương,1,0.00026831231553528306,remove_low_df
đe,1,0.00026831231553528306,remove_low_df
đem,1,0.00026831231553528306,remove_low_df
đen_trắng,1,0.00026831231553528306,remove_low_df
đi_đêm,1,0.00026831231553528306,remove_low_df
đi_đại_tiện,1,0.00026831231553528306,remove_low_df
đinh_ghim,1,0.00026831231553528306,remove_low_df
điếc,1,0.00026831231553528306,remove_low_df
điếm,1,0.00026831231553528306,remove_low_df
điềm,1,0.00026831231553528306,remove_low_df
điều_hoà_không_khí,1,0.00026831231553528306,remove_low_df
điều_khiển_từ_xa,1,0.00026831231553528306,remove_low_df
điều_khoản,1,0.00026831231553528306,remove_low_df
điều_phối,1,0.00026831231553528306,remove_low_df
đun,1,0.00026831231553528306,remove_low_df
đuôi,1,0.00026831231553528306,remove_low_df
đuối,1,0.00026831231553528306,remove_low_df
đài,1,0.00026831231553528306,remove_low_df
đàm_phán,1,0.00026831231553528306,remove_low_df
đàng_hoàng,1,0.00026831231553528306,remove_low_df
đành,1,0.00026831231553528306,remove_low_df
đànord,1,0.00026831231553528306,remove_low_df
đào_bới,1,0.00026831231553528306,remove_low_df
đá_tảng,1,0.00026831231553528306,remove_low_df
đánh_bạc,1,0.00026831231553528306,remove_low_df
đánh_gần,1,0.00026831231553528306,remove_low_df
đáđó,1,0.00026831231553528306,remove_low_df
đêm_tối,1,0.00026831231553528306,remove_low_df
đình_công,1,0.00026831231553528306,remove_low_df
đích,1,0.00026831231553528306,remove_low_df
đích_thực,1,0.00026831231553528306,remove_low_df
đính,1,0.00026831231553528306,remove_low_df
đói_kém,1,0.00026831231553528306,remove_low_df
đóng_gói,1,0.00026831231553528306,remove_low_df
đô,1,0.00026831231553528306,remove_low_df
đôi_chút,1,0.00026831231553528306,remove_low_df
đôi_lúc,1,0.00026831231553528306,remove_low_df
đút,1,0.00026831231553528306,remove_low_df
đăng_kiểm_tra,1,0.00026831231553528306,remove_low_df
đăng_nhập,1,0.00026831231553528306,remove_low_df
đăng_đó,1,0.00026831231553528306,remove_low_df
đĩa_bay,1,0.00026831231553528306,remove_low_df
đĩa_đệm,1,0.00026831231553528306,remove_low_df
đĩachứa,1,0.00026831231553528306,remove_low_df
đưa_đón,1,0.00026831231553528306,remove_low_df
đường_cong,1,0.00026831231553528306,remove_low_df
đường_dây,1,0.00026831231553528306,remove_low_df
đường_dẫn,1,0.00026831231553528306,remove_low_df
đường_phố_đông_đúc,1,0.00026831231553528306,remove_low_df
đường_thẳng,1,0.00026831231553528306,remove_low_df
đường_ống,1,0.00026831231553528306,remove_low_df
đượccuộc,1,0.00026831231553528306,remove_low_df
đại,1,0.00026831231553528306,remove_low_df
đại_diện,1,0.00026831231553528306,remove_low_df
đại_loại,1,0.00026831231553528306,remove_low_df
đại_tiện,1,0.00026831231553528306,remove_low_df
đạo_diễn,1,0.00026831231553528306,remove_low_df
đạo_đức_giả,1,0.00026831231553528306,remove_low_df
đạo_đức_tốt,1,0.00026831231553528306,remove_low_df
đảng,1,0.00026831231553528306,remove_low_df
đất_đai,1,0.00026831231553528306,remove_low_df
đầm,1,0.00026831231553528306,remove_low_df
đầu_lòng,1,0.00026831231553528306,remove_low_df
đầu_ra,1,0.00026831231553528306,remove_low_df
đầy_năm,1,0.00026831231553528306,remove_low_df
đầy_ắp,1,0.00026831231553528306,remove_low_df
đẩy_lùi,1,0.00026831231553528306,remove_low_df
đậm,1,0.00026831231553528306,remove_low_df
đắm,1,0.00026831231553528306,remove_low_df
đắng,1,0.00026831231553528306,remove_low_df
đặc_trưng,1,0.00026831231553528306,remove_low_df
đặt_cược,1,0.00026831231553528306,remove_low_df
đếch,1,0.00026831231553528306,remove_low_df
đề_phòng,1,0.00026831231553528306,remove_low_df
đề_tài,1,0.00026831231553528306,remove_low_df
đền_đáp,1,0.00026831231553528306,remove_low_df
đều_đều,1,0.00026831231553528306,remove_low_df
để_phần,1,0.00026831231553528306,remove_low_df
để_tang,1,0.00026831231553528306,remove_low_df
để_tâm,1,0.00026831231553528306,remove_low_df
địa_chỉ,1,0.00026831231553528306,remove_low_df
địa_vị,1,0.00026831231553528306,remove_low_df
đỏ_ngầu,1,0.00026831231553528306,remove_low_df
đỏ_ửng,1,0.00026831231553528306,remove_low_df
đối_chất,1,0.00026831231553528306,remove_low_df
đối_diện,1,0.00026831231553528306,remove_low_df
đối_lập,1,0.00026831231553528306,remove_low_df
đồ_dùng,1,0.00026831231553528306,remove_low_df
đồ_hoạ,1,0.00026831231553528306,remove_low_df
đồi_bại,1,0.00026831231553528306,remove_low_df
đồn,1,0.00026831231553528306,remove_low_df
đồng_hoá,1,0.00026831231553528306,remove_low_df
đồng_hành,1,0.00026831231553528306,remove_low_df
đồng_loại,1,0.00026831231553528306,remove_low_df
đồng_minh,1,0.00026831231553528306,remove_low_df
đồng_thuận,1,0.00026831231553528306,remove_low_df
đồng_tính_luyến_ái,1,0.00026831231553528306,remove_low_df
đồng_điệu,1,0.00026831231553528306,remove_low_df
đồng_đẳng,1,0.00026831231553528306,remove_low_df
đổ_dồn,1,0.00026831231553528306,remove_low_df
đổ_nát,1,0.00026831231553528306,remove_low_df
độc_dược,1,0.00026831231553528306,remove_low_df
độc_giả,1,0.00026831231553528306,remove_low_df
độc_tài,1,0.00026831231553528306,remove_low_df
độc_tố,1,0.00026831231553528306,remove_low_df
đội_hình,1,0.00026831231553528306,remove_low_df
động_cơ,1,0.00026831231553528306,remove_low_df
đột_phá,1,0.00026831231553528306,remove_low_df
đớnđể,1,0.00026831231553528306,remove_low_df
đời_nào,1,0.00026831231553528306,remove_low_df
đời_sống,1,0.00026831231553528306,remove_low_df
đứa_ở,1,0.00026831231553528306,remove_low_df
đức_tin,1,0.00026831231553528306,remove_low_df
đức_tính,1,0.00026831231553528306,remove_low_df
đứng_tên,1,0.00026831231553528306,remove_low_df
đứng_đắn,1,0.00026831231553528306,remove_low_df
ơiii,1,0.00026831231553528306,remove_low_df
ưa,1,0.00026831231553528306,remove_low_df
ưa_nhìn,1,0.00026831231553528306,remove_low_df
ước_nguyện,1,0.00026831231553528306,remove_low_df
ả_rập,1,0.00026831231553528306,remove_low_df
ảo,1,0.00026831231553528306,remove_low_df
ảo_ảnh,1,0.00026831231553528306,remove_low_df
ấn,1,0.00026831231553528306,remove_low_df
ấp_úng,1,0.00026831231553528306,remove_low_df
ầm,1,0.00026831231553528306,remove_low_df
ầm_ĩ,1,0.00026831231553528306,remove_low_df
ẩm_thực,1,0.00026831231553528306,remove_low_df
ẩn_dụ,1,0.00026831231553528306,remove_low_df
ẩn_giấu,1,0.00026831231553528306,remove_low_df
ốc_đảo,1,0.00026831231553528306,remove_low_df
ống_chân,1,0.00026831231553528306,remove_low_df
ống_tiêm,1,0.00026831231553528306,remove_low_df
ống_xả,1,0.00026831231553528306,remove_low_df
ổ_bụng,1,0.00026831231553528306,remove_low_df
ủ_rũ,1,0.00026831231553528306,remove_low_df
ủng,1,0.00026831231553528306,remove_low_df
