dataset1_source_row_id,dataset2_source_row_id,text_sha256,near_duplicate_family_id,family_size,in_d1_frozen_test,in_d2_frozen_test,lda_dominant_topic,lda_dominant_probability,lda_top1_top2_margin,lda_normalized_entropy,lda_topic_01_prob,lda_topic_02_prob,lda_topic_03_prob,lda_topic_04_prob,lda_topic_05_prob,lda_topic_06_prob,lda_topic_07_prob
0,2500,7f75356452475a733e1cb9740af3c44e154fcba17c653435ab87e5fc0e5aeb8d,,1,False,True,3,0.460762,0.22503443,0.70800483,0.007991247,0.14944339,0.460762,0.006604923,0.123575106,0.01589581,0.23572756
1,295,d6c11f76c9f40ea176db25125d449b841a53bf0417c1b081593fa6bba626fcc3,,1,True,False,3,0.53065354,0.38464794,0.7123877,0.0046130423,0.11514728,0.53065354,0.0978105,0.09694587,0.008824201,0.1460056
2,231,4e02f9bbea739f51ed80faa01676ea57ac9de85cd561149a319583db2198978b,,1,False,False,7,0.6194919,0.37467694,0.563601,0.0057649394,0.027818473,0.24481492,0.060329624,0.030750945,0.011029204,0.6194919
3,1019,927fba1056f91128f1c0997d7543a45c2ce604a52ff6e7670cdf7221690e48cf,,1,False,False,3,0.42256308,0.20354377,0.8107703,0.060376972,0.104276314,0.42256308,0.008585522,0.115322836,0.06985599,0.21901931
4,208,5ea83fa3ba8f5c0583131b1487bb4a1ed2149f7a1e8140f38b069e630d825ea5,,1,False,True,1,0.29044485,0.092454016,0.89720726,0.29044485,0.07470554,0.19799083,0.012262092,0.14445727,0.09976157,0.18037789
5,1513,9c94f423651918c612c7471a341bef66e244a9a7b2ed04fecf3435619dea3190,,1,False,False,2,0.7189753,0.61678654,0.5065423,0.03480645,0.7189753,0.084410556,0.0015621309,0.054079518,0.0039772475,0.10218879
6,2451,3e453868880b9c93c97f1b1587baea1f6214edb6566ad0e0abb6652d0aa399e6,,1,False,False,2,0.44367176,0.21781152,0.75026774,0.0045246,0.44367176,0.22586024,0.0037337746,0.10359905,0.100268535,0.118342
9,977,fce0531e019ab2cf7c559b8c27c8a04f67189975b51cdeeb6c56821574b4f47b,,1,False,False,3,0.3714695,0.03143254,0.7338787,0.010429109,0.061256483,0.3714695,0.008666375,0.043656852,0.16448474,0.34003696
10,651,5b0d6473a8a7fd3979c1d6bef7cff7576d362205f39d712c6e23b31c8d48bcf7,,1,False,False,7,0.5820753,0.3172895,0.5689896,0.0045478567,0.039893202,0.2647858,0.003733577,0.0963318,0.008632498,0.5820753
11,1086,64c8c56eb010cdeb612cc8ca1e323cb658c3dfa7136c8078ff4a386f457c0735,,1,True,False,3,0.39743677,0.1086787,0.7351986,0.03394258,0.043459587,0.39743677,0.0025259275,0.19860964,0.03526744,0.28875807
12,668,109574d1fa7174fc17f947716ab70ac58c782e86b4287598311779567f8e15d7,,1,False,True,7,0.33277494,0.10436624,0.8551744,0.12043584,0.05719245,0.17863807,0.009036089,0.2284087,0.0735139,0.33277494
14,1648,d475855ccddf8bfb6081e6691084e1e984e5c317e18695907cd51e89e776a9dd,,1,True,False,5,0.37090406,0.080206364,0.7697201,0.009446592,0.059985023,0.09200754,0.0078041404,0.37090406,0.2906977,0.1691549
15,1681,e9f2ca4e2bf5257c11752725b5c775c60de0a1713c987f888cc3aaeb285c08cc,,1,False,False,2,0.29277107,0.028305322,0.81057656,0.23352075,0.29277107,0.07019508,0.005539063,0.12070163,0.012806637,0.26446575
16,2369,efe74ee59fd6a48f30ef3b61484de5d488c03b2689eae41225d9ce77762b36b2,,1,False,False,5,0.53380644,0.3361103,0.6984686,0.05344115,0.12451002,0.05767119,0.0033669856,0.53380644,0.029508088,0.19769613
17,2962,61a5140a6cd73854d22e80fb8da440afae64842a2261fa5a53b0abbd3c56f831,,1,False,False,7,0.4240982,0.095047325,0.6611166,0.029653845,0.040306963,0.32905087,0.0005238436,0.17385204,0.002514257,0.4240982
18,772,119ce82b31041dbb32b4b8e38b354e019ec239f5bfac4af77e485ac4ca36bee0,,1,False,False,3,0.54512686,0.28010416,0.6098172,0.0049592075,0.023562305,0.54512686,0.0037342792,0.2650227,0.030389205,0.12720539
19,596,ef54130d04eb9ed4452b560e57b9077182d2330101b8941199d49a6ea54b5705,,1,True,False,3,0.34140772,0.037984908,0.72732913,0.008652265,0.075276956,0.34140772,0.007154821,0.3034228,0.017259741,0.24682565
21,4789,a7837bef78ebd3cd98805c64246041e6658fd5c88497f11c25ef7de7952d9e10,,1,False,False,7,0.44059026,0.23749939,0.79221225,0.020736929,0.091729894,0.20309088,0.017162668,0.08706577,0.1396236,0.44059026
22,550,565f2551dc94dd648e18486a169f06ec46039ccef74f6e7c3afb9d83c8f8529a,,1,False,False,3,0.5108733,0.2647833,0.654716,0.007596134,0.047072873,0.5108733,0.017228562,0.16295667,0.008182457,0.24609002
23,1745,7e734fab44ca003d6175eab4256855911493d330e64f7fe448c3918cd39cd96e,,1,False,False,7,0.39633825,0.02046886,0.66380715,0.0019058284,0.10576371,0.3758694,0.0015799556,0.10376325,0.0147796115,0.39633825
25,1227,6bd0ac6354232ed16c7918eb73501d46e1ed657f60ad3019e1c9f36a57bf27f5,,1,False,False,7,0.73680216,0.5870715,0.45475346,0.002191429,0.14973068,0.060784552,0.012189433,0.03411099,0.004190773,0.73680216
27,3089,238bb4af323ea93ca35985c28d47f2ab02f5880bc54d57467ce115460c0d1bae,,1,False,False,7,0.3950834,0.15731081,0.78931135,0.008651047,0.12978014,0.23777258,0.058126554,0.15403545,0.016550774,0.3950834
28,944,3c0942479d379b7f64db40baa502cf20f89746f57d9d6668b7e1f19d7cbd343d,,1,True,False,7,0.47030014,0.28883934,0.76693237,0.014814565,0.08308948,0.18146081,0.012261097,0.1339948,0.104079135,0.47030014
31,1264,bb0d336e3d370296ed7e0e62b42395009d4a34ab77a22ab1bd84b84c68dfd883,,1,False,False,7,0.42454916,0.22355017,0.78514135,0.008412203,0.20099899,0.19506001,0.046851322,0.043179,0.0809493,0.42454916
32,159,bc2adcf60dfd180108641ba7b022ad998e4c92cdb83699ff4c26893e2e69275f,,1,False,False,3,0.44046086,0.002124846,0.566219,0.0034636185,0.07228345,0.44046086,0.002872265,0.035965186,0.006618604,0.438336
33,186,42af127f85436e2a065caf9e30d372f98d7df14d9da657683aaddbcfcfc1b922,,1,False,False,1,0.38685948,0.15538937,0.80935246,0.38685948,0.23147011,0.115722686,0.007154292,0.1278052,0.019283123,0.11170509
34,1120,4c6df2fc3624187566356abb523e40abfbcadec2876fa18e5e27f0f91be054d2,,1,False,False,7,0.63150924,0.3753622,0.53592193,0.018877106,0.017963441,0.25614706,0.0025655373,0.039487045,0.0334506,0.63150924
35,514,e7ece2820c9d4ad8461ec08fc6c08f51c1cfd88fe328b9ad06de6f7d700ead9a,,1,False,True,7,0.6730521,0.51790226,0.5489263,0.003992483,0.053355865,0.15514985,0.0033033865,0.07357675,0.037569594,0.6730521
36,4384,563f681a874668d4200cb33bd04292a5719658981b1c66cb89df908b86c35049,,1,False,False,3,0.35993165,0.12256743,0.80884737,0.017289964,0.0855718,0.35993165,0.014309743,0.07615777,0.20937487,0.23736422
37,877,0ada0641ff3a6e3ab98e6d587568b16f60bda5bfad65eea847430bc61f0fbc20,,1,False,False,1,0.4137197,0.25009596,0.79863757,0.4137197,0.16362377,0.15495671,0.001201723,0.14788145,0.02434812,0.09426849
39,3345,b440485905a9d032b0eb435275ab090d1c30db058383eb04c1706759841c4266,,1,False,False,7,0.37705752,0.07327077,0.74715763,0.006367075,0.030601555,0.1691875,0.100967914,0.30378675,0.012031669,0.37705752
43,2327,dffe232a73e78793760b078a3bf6341001978b85597d2de7ec105fbf1afa6f24,,1,False,True,7,0.40087885,0.16531074,0.80861217,0.020736378,0.09897473,0.2355681,0.017162219,0.08706313,0.13961664,0.40087885
44,1536,d04c1e7b1ced2034eb7ee61100293f34952e6e02261a845aff695422c59c945b,,1,False,False,3,0.42545646,0.01768455,0.6076716,0.002674552,0.09186812,0.42545646,0.0022021588,0.06493247,0.005094346,0.40777192
45,487,8f0ba99792186d4fe2c0301fb40d0bfb0365ce0f7f3843fbcba0273c294103d4,,1,False,False,3,0.4016396,0.011237919,0.69321716,0.015957214,0.077007554,0.4016396,0.013206758,0.07125131,0.03053586,0.3904017
46,1298,7ae3088f2b0b6f716c196ff4b1b309e26e6f05f6acf4415e784af7ec484067b3,,1,False,False,7,0.6933447,0.5398257,0.5363262,0.012201352,0.056056548,0.15351902,0.010098302,0.05143254,0.023347521,0.6933447
47,2310,d4400f851d84c6dcfe40716146810b7ec35c44d68b8241383340c9833c77edd6,,1,True,False,2,0.2992259,0.01270771,0.76317686,0.009878195,0.2992259,0.11977291,0.008175566,0.25658378,0.01984543,0.2865182
48,1224,8908b5df1a2581d7f7865e38d9c46026e44980167c14d48f88c98d212f432e13,,1,False,False,3,0.80329937,0.6860724,0.37750953,0.006374937,0.026691252,0.80329937,0.0008874789,0.022372324,0.023147658,0.11722694
50,1150,eb1295e9d50780573d8c9cf67ff4a80baa09fe46b6dd86c39aa2ebb54ffbbde5,,1,False,True,7,0.49514973,0.12941864,0.6021695,0.008644083,0.06461947,0.3657311,0.007154165,0.040918805,0.01778267,0.49514973
52,2079,61471854210f8b96dec0fb3f92d43ed4de39a7b30d2b1d5a117985d6c6b868d5,,1,True,False,2,0.33395082,0.05027175,0.8282147,0.0407009,0.33395082,0.1589408,0.009036403,0.098769315,0.07492268,0.28367907
54,1280,009d264804d93fcfe30851342448b2a70561099550476173b857949a0acc3787,,1,False,False,7,0.59119153,0.47201192,0.68376553,0.008644183,0.10104892,0.119179614,0.04877669,0.039031986,0.092127085,0.59119153
55,1563,5a75d58d332205ddfb3a4aaaf08aa4609dab8ea8ea8b201d38632f4c05586fea,,1,False,False,3,0.518474,0.12709251,0.5382011,0.004615387,0.023730846,0.518474,0.0038168505,0.024919031,0.033062432,0.39138147
56,1093,e248a2365b975812068108133209837faccded977f5ff44447d5323abbeed434,,1,True,False,7,0.31108046,0.067468524,0.86265874,0.025916208,0.114640005,0.24361193,0.021449246,0.10881094,0.17449129,0.31108046
57,830,0be0c8049d366befd8040a071a80b3b002c78d762eef6641866d92a23cb0e321,,1,True,False,7,0.5630978,0.39297527,0.64731,0.007414373,0.17012249,0.12970659,0.0061337235,0.10934285,0.014182235,0.5630978
58,282,4ca8edf9273eba14661f2832cb271d797be8c985bf9be991b01eff352ca5673b,,1,False,False,3,0.31340703,0.049708456,0.78136295,0.047914986,0.11912968,0.31340703,0.0037774043,0.24336489,0.008707419,0.26369858
59,2315,6ca53bcbf59b6f76072b2326154add5eedbbcc0ad4317f47c13c9a6753cf99db,,1,False,False,2,0.70429426,0.54416955,0.49271047,0.07376259,0.70429426,0.04204343,0.0017378958,0.014026256,0.00401087,0.16012469
61,88,73a4179e8c333b27e897abcf9545e4e0bacd10d182156288d27c66dd5e5ccc27,,1,False,False,7,0.5705856,0.27829847,0.569288,0.005194773,0.047756597,0.06981871,0.0042931605,0.29228714,0.010064013,0.5705856
62,1995,80a21c3a7f0f66404f04dde257793d2bdd196ca05da58327134d2e44a113faa0,,1,False,False,3,0.45961958,0.09224373,0.5859787,0.0026318375,0.1416717,0.45961958,0.0021798892,0.02142735,0.00509377,0.36737585
63,4014,c10f0e2fb2dfdb60d9964d410dd8d5379088c4c171e9dc68f85b9e1232c018f5,,1,False,False,7,0.45368204,0.047926158,0.5847088,0.0034029128,0.042949103,0.40575588,0.0028169209,0.08487678,0.006516352,0.45368204
64,428,01a9d1447de554dd6016a0652061f6f2c58bb2c97296ed8ea898abdff7c42458,,1,False,False,7,0.41029158,0.15027395,0.79259706,0.020588594,0.09147005,0.26001763,0.06163824,0.13241287,0.023581017,0.41029158
65,936,60d7ddd474f2f44417f1edbebe16adbb2ff0e72ad6b03a6c635c6a6ed971dce6,,1,True,False,7,0.6839946,0.4975521,0.5199635,0.009028704,0.056023393,0.1864425,0.0074648033,0.039787203,0.017258868,0.6839946
68,4360,e4d6e1548983e4306f45c361beece47341c7230d76b2ce6b7a48db7f0531f464,,1,False,False,7,0.34881374,0.109250784,0.8274991,0.020736964,0.09173006,0.19492762,0.017162697,0.08706589,0.23956296,0.34881374
69,1585,5e739476f19ffd37676cad794a742438e840e7ae1d879b179aa2bd84ab64e909,,1,False,False,2,0.38150892,0.13638112,0.724209,0.0045559932,0.38150892,0.20568423,0.0037332734,0.15075812,0.008631644,0.2451278
70,672,fde76b8b0cc81519d1d00b6c5e05a335971854a4c14d6b8ab82f6cb761d5692f,,1,False,False,1,0.43541563,0.06335601,0.64621687,0.43541563,0.3720596,0.1108655,0.001929647,0.036008757,0.004812578,0.03890832
72,502,3103ae45a591d5bf4d722a4900bfcd955facab61203d13d18a84ac14418db0c4,,1,False,False,3,0.34643692,0.08273691,0.81600976,0.00864458,0.04419774,0.34643692,0.1484094,0.036364444,0.2637,0.1522469
74,3040,e38c5d037292ac3085c57bc0fcb59430a041bc325cf507b331e8fd4b1781c444,,1,False,False,7,0.6520948,0.44733855,0.5588294,0.040186513,0.036796797,0.20475623,0.0057245097,0.045278363,0.015162806,0.6520948
75,1937,ce3d8f896efc668f65b80e76171a1af022f73207808adafd945a91263a350c6b,,1,False,False,7,0.5245748,0.21312419,0.61518174,0.0077630663,0.060470983,0.31145063,0.0063594705,0.074677594,0.014703465,0.5245748
76,1435,859b558f74caa75fa441678b2bcfcfbffa7e00e491ebfe2ab25657a37cfaa465,,1,False,False,3,0.39388037,0.10096103,0.7724791,0.0030217709,0.14068267,0.39388037,0.04620517,0.29291934,0.04924115,0.07404954
78,1063,4c97cce1369c96f433368cd5c01873fb722e0d3a24e6e249f577bb7f9231f20b,,1,True,False,7,0.41011128,0.07690567,0.6823249,0.0046157613,0.11654579,0.3332056,0.0038321665,0.122865126,0.008824239,0.41011128
79,1957,db3c6ae86b1db20c69b74695845a759066e76a64cecc32450ad9a7574c8e4705,,1,False,False,7,0.28063455,0.03427878,0.86897725,0.02303884,0.17223579,0.24635577,0.019067816,0.103548,0.15511918,0.28063455
81,56,57a2728cb7346db8dc6dfaea7e4027084ca3f67ce4cc56ce3f1b7ad419683da9,,1,True,False,3,0.30322,0.011365294,0.8028085,0.012222181,0.22050984,0.30322,0.010123641,0.07985794,0.08221171,0.2918547
83,3374,57e40f470c9623d498d27d9bab80eee76f8487218b9633601acac9f88452e739,,1,False,False,7,0.48446962,0.22523615,0.7272503,0.012494536,0.058792952,0.25923347,0.06888891,0.0926711,0.023449395,0.48446962
84,746,e148b600d8b4a05754d66ccbbf681e0db87b5434c8b8fbe4c7c9971b378e2bf9,,1,False,False,7,0.40557832,0.18014665,0.800656,0.07474137,0.22543167,0.15659848,0.0035056022,0.0930359,0.041108645,0.40557832
87,42,41cf8b4f73711de8899a569858ff22b9fdeced3de44d16c0182e5d174c94040c,,1,False,False,2,0.53155106,0.20887962,0.5689783,0.0025735097,0.53155106,0.09856791,0.0021206075,0.037591323,0.0049241865,0.32267144
88,409,3ef0bde89a1beedb2d2a9085591a1192f5167abb614036c4e5feb90445060d68,,1,False,False,2,0.25364998,0.047846198,0.96105003,0.08950689,0.25364998,0.093021885,0.11212933,0.20580378,0.11267645,0.13321166
92,2735,24ff11ea4d8754528c862206ac9718947ea920a76f010c83aa0d61ab59d84bc8,,1,False,False,7,0.40377545,0.034168392,0.68568844,0.009051422,0.10409822,0.36960706,0.0076968386,0.088511124,0.017259886,0.40377545
93,2093,b49689af8a8dcf9921b25a21acfa73848d546a01ed4466dae020b3da2a292af0,,1,False,False,7,0.31108046,0.067468524,0.86265874,0.025916208,0.114640005,0.24361193,0.021449246,0.10881094,0.17449129,0.31108046
97,89,7d36673831a8150fc00e429f61c1b0a686eb16fad188013d7eba8fe8025b48dd,,1,True,False,3,0.4439855,0.15675512,0.69748044,0.007413593,0.040163163,0.4439855,0.030503346,0.17652479,0.014179273,0.28723037
98,132,4bd88f93aa874a81736d5795063c3d6feea13a55d2341c21d61aa38bc532ad73,,1,False,False,3,0.41701153,0.052771747,0.6671411,0.006109399,0.10170061,0.41701153,0.00531245,0.09394155,0.011684632,0.36423978
103,1295,b58250d7cef5face5194abad3f85672650678c4079fb302da05729db1e9f8395,,1,False,False,3,0.29894158,0.020623893,0.8005919,0.08581671,0.24794123,0.29894158,0.003013473,0.03065499,0.055314377,0.2783177
104,1580,5babaac091401c160be9f4be8ece43d254d6673a8f2aba509d94d24a68d97c27,,1,False,False,5,0.31201974,0.08124691,0.8660097,0.07321307,0.058543995,0.1356066,0.010098968,0.31201974,0.1797448,0.23077282
106,1642,841ed44dce642ea5e55aadbd93e0089c267124dd2b369d6b850336ad976603a3,,1,False,False,2,0.48421285,0.21653438,0.69359446,0.07003206,0.48421285,0.12587382,0.005365921,0.03428907,0.012547772,0.26767847
108,3047,07f3b3e292465ac48c1bb777641752514c46bf6d76546d260d5f77ed4c10e7e3,,1,False,False,7,0.5821172,0.39677954,0.634742,0.011578028,0.053270932,0.18533768,0.009539888,0.1360985,0.022057785,0.5821172
109,369,3afb71619bf81805a2467448bb707a5052d11bf1302e282b6e49ae576efee7e6,,1,True,False,7,0.36229986,0.15743294,0.81981903,0.014819336,0.07278863,0.18179311,0.012264992,0.20486692,0.15116718,0.36229986
110,466,3c3f569b6161d8c0628da71eaaa50d1a4667507e2bc8431da98135e870f5d681,,1,False,False,7,0.3655456,0.1773598,0.87284684,0.014817775,0.13699406,0.1881858,0.08363075,0.11103903,0.099786974,0.3655456
111,3007,be7fda144b39e545ee7685ca181050ae868b3ef89b59a9abbed4507d8cb08c69,,1,True,False,7,0.29094782,0.08694151,0.90279245,0.018853111,0.08631164,0.20400631,0.106444895,0.100697175,0.19273908,0.29094782
112,690,abfb07f30f2fb0f5fb87f9c7c02b52e3aa12fd9206dec3620c2bc59595d566ca,,1,False,False,2,0.41088223,0.21557824,0.8150769,0.061058175,0.41088223,0.17728178,0.008584396,0.07708532,0.0698041,0.19530399
113,3098,298b729e692aa697eab318e88bd05ede154813e684c3419b3cdd0776357e4527,,1,False,False,7,0.38189122,0.12444705,0.77481616,0.009494876,0.048100423,0.25744417,0.007950494,0.12813902,0.16697982,0.38189122
114,1071,3f5f61022305eecd273afc1dbc982cab25e6458421f460124511b933e8f494e3,F0001,2,False,False,3,0.39961404,0.13454571,0.7369529,0.027087314,0.19027069,0.39961404,0.01029245,0.26506832,0.003378094,0.10428905
116,1431,72a8dd69e5e0bf8ec8b873ca8f37e610a81e440a258e5b33b82eb1d980e29676,,1,True,False,7,0.64469934,0.49678057,0.60287714,0.014814621,0.08697841,0.14791876,0.012281809,0.06495907,0.028348014,0.64469934
117,845,65fc6d200c91222cfddfd3e06dbf00d9853b0f4ac50f11cc8ef5c82e74dd1110,,1,False,False,7,0.2829722,0.00038158894,0.80682814,0.01595443,0.2825906,0.20459802,0.013204484,0.17015086,0.030529382,0.2829722
119,3743,d0ebb702131d64097b6c1ee84e9df8e061931902f2fd142015106243d6b9580c,,1,False,False,7,0.32029864,0.049248725,0.7883285,0.010375502,0.046074074,0.27104992,0.008587117,0.22951917,0.11409554,0.32029864
122,48,ece706547f216af38872b0d4acf715e31197f8f6cebb987079e0caf7e973adc5,,1,False,False,2,0.41751155,0.23496225,0.77804613,0.048293844,0.41751155,0.1825493,0.006868124,0.15046754,0.015879512,0.17843011
123,347,14e9d28cf8a017c30f4c52bd7b5b1d554646e7ad5fe86a8bc72a2a8e851f843a,,1,False,False,2,0.56974214,0.37620834,0.6185326,0.0012284981,0.56974214,0.10128748,0.0010167011,0.11685515,0.016336188,0.19353381
124,1877,31c42f1bcbbdfbe4dd6d528c2b22732fc29faa198caedc45b76d7c8ebd9946bf,,1,False,False,7,0.32008007,0.04334849,0.810541,0.060726896,0.11686573,0.1981749,0.008176883,0.27673158,0.019243963,0.32008007
126,4598,297806231b4a299dd3478038dbff55a0e458afb1d4575d315069cc5a85bcdfdc,,1,False,True,3,0.31197572,0.022889704,0.80982375,0.017282212,0.07967683,0.31197572,0.014303417,0.07287491,0.289086,0.2148009
129,151,9edf52e118ab081430befae4d14efb9ed193953467201d369d79e11a03752839,,1,False,False,3,0.39555484,0.1469723,0.76441664,0.026684016,0.15019463,0.39555484,0.00094088766,0.14890437,0.02913874,0.24858254
130,527,cbd9ab19e364654aba3268a609e33275a001483d5185178e5a369f8a8d3b9f60,,1,True,False,7,0.37280524,0.15623385,0.836589,0.023039501,0.10191538,0.21657139,0.019068362,0.11147253,0.15512763,0.37280524
134,2995,047c8fa310f58e7176b74cf0d5b38482ca9932d5e6b3b5b5b70a431ed0e35c00,,1,True,True,7,0.42603853,0.0368737,0.66729885,0.01382844,0.068443574,0.38916484,0.011444931,0.063819505,0.027260162,0.42603853
136,4507,9c6530b58b71641321fff277bd5551c007fed87cd58b3f6407b3fe15addd9e76,F0002,14,False,False,5,0.3258379,0.028670192,0.77096784,0.007175238,0.29716772,0.21446373,0.0060030837,0.3258379,0.048218563,0.10113377
138,621,e9461807dd04f0c561cafa1d6c8f795e421fe79e555c90ab8b1884b83da1f28d,,1,False,False,7,0.5768662,0.37080005,0.64793104,0.04154183,0.092365876,0.20606616,0.005921519,0.0625107,0.014727683,0.5768662
139,1475,f6e5559b79c7af7c966c19396d6ac67ffdeb4348e1b02f5da8b661692cb591e7,,1,False,False,7,0.42387486,0.053594172,0.65764976,0.0028150654,0.07125559,0.37028068,0.017970385,0.10772068,0.0060827206,0.42387486
140,195,6c37fe1ec88aab4eb1a3dae1efaa67c710eaffc10e64289f9d637a887391e701,,1,True,True,2,0.33156133,0.10977699,0.7841089,0.0053579174,0.33156133,0.18835689,0.0044044387,0.22178434,0.042312074,0.20622303
141,1805,db601799cb90a1520699796c8327665eaab8d49d4952c31c7a3fc4634383d358,,1,False,True,3,0.37332597,0.0595344,0.7800275,0.014838612,0.10575971,0.37332597,0.012785808,0.075704545,0.10379379,0.31379157
145,2761,77a41540cf29df4a7933db7b87e2c47c5c8781a91553efeddf0c86f8b647536c,,1,False,False,7,0.3210016,0.03238654,0.8175673,0.018852709,0.084191546,0.19099456,0.015603218,0.08074132,0.28861505,0.3210016
148,1419,6311b037fa0bbc7c202f2c373296446aeaf5af92cb75d84675714c3a7d0d1f18,,1,True,False,7,0.5675891,0.33411685,0.63258475,0.011539288,0.10231868,0.23347226,0.009538096,0.05348997,0.02205264,0.5675891
149,1947,23de048e67a1d0eee71c367878fc751f2316d0750e2dc9579d09807578fb0fcd,,1,False,False,7,0.36952275,0.07455194,0.7950393,0.023038954,0.12254493,0.2949708,0.019067917,0.12676933,0.044085328,0.36952275
151,1232,b0a0701ac72c59a2a3587ce7b27c2f6995c40df334f2259f50969170a14e169e,,1,False,False,3,0.64607865,0.403062,0.517692,0.005774854,0.031513404,0.64607865,0.0047716866,0.056134135,0.012710635,0.24301666
153,1730,22dfab675829f19e799ecf99acca3eb5328cf7f8e1d2f71edbf8ace031255e4a,,1,False,False,3,0.2959244,0.015749574,0.7869458,0.012201964,0.21407525,0.2959244,0.010098801,0.16417582,0.023348942,0.28017482
156,2131,9331e4af932736c5dc7791ce399c545d406f025be466d0ba2ead569f211c7fae,,1,False,False,3,0.5402171,0.18839908,0.5395738,0.004323165,0.072500624,0.5402171,0.003579584,0.019277897,0.008283599,0.35181803
157,2656,3259eae69ba2e993199ae3c7d18f85ae672574fe39958314314dc9e877730eb0,,1,False,False,7,0.3481628,0.050144523,0.78470373,0.018887756,0.18659618,0.29801828,0.015603968,0.0966539,0.036077134,0.3481628
158,1192,d8dee378ee429ac0f05777a18f7544b199f550ea89fc501dc59f0c4c18ebfb5c,,1,False,False,7,0.3110804,0.067468494,0.86265874,0.025916206,0.11463999,0.2436119,0.021449242,0.10881093,0.1744913,0.3110804
162,63,301d2c4ddb93c51a880878c1f394aa9b63f103090ded43b1ec8af0a4f04bb1f9,,1,False,True,7,0.4884089,0.2359162,0.6804983,0.009879401,0.159064,0.2524927,0.00817655,0.063073404,0.018905,0.4884089
163,2154,d8549cbe20c74f52ffb09b769a981c5dbc5b2ad490d10da189830922143bdccc,,1,False,False,7,0.64964265,0.3521391,0.44482893,0.0033123526,0.018223913,0.29750356,0.0027261705,0.022288173,0.0063032266,0.64964265
164,1104,f08f7baf1b25e156334f2895dd78b0479894c8b63fa95e25399adec3a7bf6007,,1,False,True,2,0.5699645,0.40944123,0.6557827,0.15671596,0.5699645,0.05565001,0.0038184633,0.03650687,0.01682085,0.16052331
165,2548,2dfde28381abecbb1b65b235012b116ece5ed2d074c0cd639a954157949c5d3e,,1,True,True,3,0.44621715,0.08293751,0.6493479,0.00483346,0.028595733,0.44621715,0.027251327,0.11553068,0.014292039,0.36327964
166,344,6c6737048d711ab66ef97a9a8e7ce720a298da611f8511d52442806ee85711e8,,1,True,True,7,0.40176108,0.077474564,0.720737,0.0069161807,0.03526343,0.32428652,0.15846062,0.059760306,0.013551862,0.40176108
167,488,19bb079bc3c5478a92272d6d374e4fafea0f690a018cc1e21ffb48686f81082f,,1,False,False,7,0.37917635,0.16139278,0.81013155,0.018852547,0.083394155,0.20214191,0.015603084,0.08304836,0.21778357,0.37917635
168,2859,649f06147d5d11b7e70b623be7092fdd9bcc852bc4449bb5204056249fc1d6e4,,1,False,True,7,0.49153814,0.32295024,0.7369613,0.011117278,0.079967536,0.16858788,0.009041834,0.1661443,0.07360301,0.49153814
169,111,f5b094ef5826ca2f396650a598848fdad8378a4385b9b1f652529486b25c443d,,1,False,False,2,0.53615373,0.2906092,0.6727208,0.029949931,0.53615373,0.24554452,0.045135703,0.031914473,0.008824956,0.10247667
173,1155,6438aaaa53c9b81874b65e924905e0440b82679dc1111b98526f8de7abb9648e,,1,False,False,7,0.4165212,0.0020933151,0.6410615,0.009887076,0.056811605,0.41442788,0.008176176,0.07527211,0.018903933,0.4165212
176,859,04364c58714c6b9e52d5633dd056c1274c7e4a4c4064262b9e7fa0d5e4f2e9a3,,1,False,False,7,0.29310194,0.056406304,0.8438801,0.01728408,0.23669563,0.1663579,0.014304942,0.072569385,0.19968614,0.29310194
177,148,3bef7b127b9f833c573c05f8078f221238667539b2b8448e5b6d94f7fc4cec68,,1,False,False,7,0.49658114,0.25435072,0.6290308,0.005320584,0.24223043,0.21084498,0.0044152145,0.030426282,0.010181414,0.49658114
178,2780,af25f388e3f7f7e8ed99df3c05d6ddfa78c2c7a990c8ca1538d8f08f5c3119a3,,1,False,False,7,0.5217514,0.36448473,0.7329357,0.020132786,0.037833873,0.15726668,0.13942575,0.09998782,0.023601692,0.5217514
179,1964,56765a7c78b69cf1dbcabb01b1d54b9a53ead9c3c20f7cf4c398536ec43036f3,,1,False,False,7,0.6914343,0.5478957,0.50826985,0.003773605,0.1036333,0.1435386,0.0031224447,0.046501353,0.007996371,0.6914343
181,836,6ad6f0ff20883e3ccc1d6c7b49c9cb6c3a4cd9d2bcd65ad5126d24a2c98b913d,,1,False,False,5,0.2775669,0.12206487,0.9418941,0.14439669,0.1071584,0.1256883,0.036511827,0.2775669,0.15317586,0.15550204
182,3840,6ae7f7dd2fa67a827199c0d443bbd4552f4d264cafb52cefba2826a371ca598b,,1,True,False,3,0.5724524,0.4086388,0.6660835,0.009455286,0.16381362,0.5724524,0.007836967,0.055899292,0.06349819,0.1270442
183,2269,b5eeea1123fc729723408230f18fe89cad2eaa6c513306d6044a6b1dc01fe534,,1,False,False,7,0.41520038,0.097534925,0.71725094,0.0070040636,0.07007194,0.31766546,0.0057236194,0.13776924,0.04656531,0.41520038
185,1922,264cdce0f45cd43102ff88136b5da401593d90ccbb4ac9fcfcc5c796bdeb621b,,1,False,False,7,0.5241389,0.28981006,0.69294745,0.017282257,0.104204446,0.23432885,0.014303455,0.07267214,0.03306994,0.5241389
186,2541,5df434289515a327946816ac219044dc0673e9f7ed8a9c6fbd29bc6c4b92166a,F0003,3,True,True,2,0.35355902,0.12726068,0.8308061,0.01885295,0.35355902,0.1772178,0.015603415,0.08152927,0.12693922,0.22629833
187,2963,a0ba82f1ac3c7c4f072134c1cccdefc682b32f26afc45f53b999914cdde08cf3,,1,False,False,7,0.41344288,0.22563365,0.8087147,0.01741556,0.1538447,0.18780923,0.014304163,0.091706745,0.12147673,0.41344288
189,1006,17bf27297bfdaa45588d34130d2484e39984c43df69b4106b05489590d8ff3eb,,1,False,True,7,0.4049877,0.15430439,0.78710806,0.01484787,0.07568819,0.2506833,0.012261792,0.1417741,0.09975707,0.4049877
191,3940,69a39233c41deaa9c768730ea8a3258980649e00f2b2bc8aeee45b06fc947fa3,,1,False,False,3,0.35764325,0.06383082,0.75309175,0.00988001,0.045315754,0.35764325,0.008183605,0.21864727,0.06651766,0.29381242
193,165,36184ec0b71260fd9e2a78e27d2e10aad9a40d2fe19607d11b10bb7b96262d65,,1,False,False,3,0.39534914,0.2156474,0.8454107,0.09553441,0.08216351,0.39534914,0.01144506,0.07603606,0.15977006,0.17970175
194,2255,a03b6a9924a02401970709c9c71924b720d7008fd0d5e1c464063d889433de1c,,1,True,False,7,0.6791746,0.5514987,0.5507987,0.010371912,0.1107991,0.1276759,0.0085841855,0.043547407,0.019846926,0.6791746
195,74,fe12e64aea8a8d261657d46c7b424da2af60a75a0d5578fd05d5c77c5ce70370,,1,False,True,7,0.5746847,0.22375116,0.5060222,0.02162396,0.018346174,0.35093352,0.0029624982,0.024544716,0.0069044293,0.5746847
197,2839,ebc8292762f93b98c742d3e48c7a5c8339ff24dc6715aa95f55a1dd9d1826881,,1,False,True,7,0.5372994,0.2942308,0.673524,0.015954496,0.08723344,0.2430686,0.013204538,0.07270998,0.030529546,0.5372994
198,2530,0f0cf153379787e2c569838bf9343f16077321ce67e01a1672d8ad1f78c2bc79,,1,False,False,7,0.6182087,0.41783908,0.57075953,0.005188542,0.025590865,0.20036963,0.004383001,0.023916053,0.1223432,0.6182087
199,976,fe231051bd14d03fffe7f4ec7c94e272055668fa180ff4e8023d342171fedfe3,,1,True,False,7,0.37975693,0.073581606,0.76743925,0.041533004,0.03951766,0.15951088,0.0052042315,0.30617532,0.06830195,0.37975693
201,1976,de27f4fd33865e005f898201a0daeb345f5077b8f6562fe0dca23f5806f1660d,,1,False,False,7,0.6575569,0.5010965,0.56361777,0.0039250227,0.094229355,0.15646039,0.022107486,0.058209483,0.007511323,0.6575569
203,1714,d657e46e10fc70818f556839bbbd8fcc3468b66e702bdd9cd2f73066aac642e8,,1,True,False,7,0.4471036,0.21569937,0.76624924,0.012966398,0.23140422,0.15139754,0.07314463,0.059171006,0.024812594,0.4471036
204,3692,e02377b5e9a9584c99ee11821ae6b9d117de87432dd8604ca7d59c7ee7268ac5,,1,False,True,7,0.54833335,0.34882268,0.6902353,0.01382889,0.07565445,0.19951066,0.011445295,0.058108218,0.09311916,0.54833335
205,1434,3cbb98d396ac7d2497cb66fec88baf075784e25c51ccae04aafeccd71330cbcb,,1,False,True,2,0.47968662,0.2663558,0.73544794,0.012411605,0.47968662,0.14602098,0.010098987,0.05638184,0.082069114,0.2133308
207,1138,a0a9d449e69408d8bb5da4368d94c1da73abf9269430f8aaaa4f1cb6daa9a4be,,1,False,False,3,0.6321092,0.50766695,0.6175006,0.016503865,0.12444231,0.6321092,0.006228424,0.07784931,0.032183584,0.11068327
208,1637,2a8033b2876a622811dbd6735e976ac54eafc3b5e390fd33a5e395fb2fb88761,,1,True,False,3,0.49915773,0.35897872,0.7407535,0.0054718563,0.1377115,0.49915773,0.112630635,0.14017901,0.011022617,0.09382667
209,581,c65566420be9481527892a550636cc912fa8b1799b6ae6a0ee82069d66ad5e83,,1,False,False,7,0.4912541,0.24617906,0.6588758,0.007683771,0.24507503,0.18876241,0.0063593755,0.04616217,0.014703196,0.4912541
210,107,89145b8ea15cc62c4a6f2a977bf41d83f8b90d06e0e3ea076dbc015a61160331,,1,False,False,2,0.3921212,0.18341783,0.7474665,0.021959608,0.3921212,0.19000995,0.0031512177,0.17655927,0.0074953493,0.20870337
212,1413,57e884bb46f84fb41517781f430efdbfefe4dfd860ca69785fddf199a43d6eb6,,1,False,False,7,0.4280906,0.033756852,0.61903167,0.003917105,0.025110867,0.39433375,0.003240292,0.021749137,0.12355823,0.4280906
213,419,4336fc00746a9373f86b643548809a10ea969cceac57d5523e190f699ecbdcdf,,1,True,False,5,0.42042467,0.121839315,0.73633665,0.008323328,0.055851236,0.29858536,0.0068694404,0.42042467,0.095903024,0.11404294
214,2209,d5fe29215baa32d2903d257c62f1e12fb7c014b7f06acd885d7ea6eb09e7cb24,,1,False,False,3,0.32129693,0.14954104,0.89315325,0.1345887,0.11963091,0.32129693,0.0073461705,0.1717559,0.09992794,0.14545342
215,2403,d29db9bec3f0443503ca96cb39508dca19e45890a400eb5a589489858b3557e8,,1,False,False,7,0.26869735,0.040683493,0.868437,0.09287176,0.14747685,0.22801386,0.01331002,0.21907327,0.030556845,0.26869735
216,606,c8123813b1172af1e1c7ef9172e4a4fec537f634771a62cc2db9e5aee39971c9,,1,True,False,3,0.6322901,0.38643295,0.525768,0.0031444952,0.023034114,0.6322901,0.0026024166,0.018823085,0.074248515,0.2458572
218,972,85c8085626f5aaa73516261758dbecca69cf9753367a02b891b9b7fa707eeb23,,1,False,False,3,0.46800932,0.15283501,0.67437583,0.010185097,0.09831887,0.46800932,0.008176672,0.08123033,0.018905351,0.3151743
219,1830,1d1f612604aef72a4a769491424f09cc8d9356fcf1b5dda65ce0f0d3c4edf6d5,,1,False,False,3,0.284858,0.0022584498,0.80092716,0.020736814,0.26779932,0.284858,0.017162573,0.0871635,0.039680272,0.28259954
220,3548,3d87fee7438e033ebde51c3db12d6cf2c69a7bc5232af13c4f4d5d4aa44803c7,,1,False,True,3,0.4605531,0.15291134,0.6997398,0.008704643,0.07007086,0.4605531,0.0071782554,0.087626055,0.058225263,0.30764177
221,1329,55a3dbad27923046838be539e56299c446740375ee7aefa5bd7fa7d878ea51f4,,1,False,False,3,0.44869953,0.15697867,0.67742515,0.014894204,0.17869037,0.44869953,0.0010310762,0.037799474,0.027164495,0.29172087
222,485,b5991850a3630a0fc1b241cf1e05de818d94d7f19fa38d5c7de6255956b5f909,,1,True,False,3,0.4661386,0.2228648,0.66703755,0.038575992,0.010651644,0.4661386,0.0012155564,0.218102,0.022042407,0.2432738
223,3553,25965c29bb424d89f773d50994fb973e7684e2e1de4ad29c37119ae47d3574c9,,1,False,True,7,0.36814052,0.13497767,0.8330728,0.023038767,0.10474188,0.23316285,0.019067764,0.09672986,0.15511836,0.36814052
224,1315,c96a976733fccbacbce3a5cb28bf0d26971c6a7d747e31da7a860fbf8683dc2d,,1,True,False,3,0.59380263,0.36244667,0.5561302,0.0020164396,0.038529985,0.59380263,0.0016683122,0.12877113,0.003855598,0.23135595
225,2602,59f077f3fd680f64005307d5636573f59f549f8c5f014e0034fac59110119b6d,,1,True,False,7,0.35539663,0.0568887,0.7652142,0.06178317,0.20466527,0.29850793,0.003180795,0.050612025,0.025854219,0.35539663
226,2660,f5f56f55cde0547adaddd3750f4492b37014a2ef9a0de0d38d2dc967ca1b1b81,,1,False,False,7,0.42031327,0.12579131,0.75664955,0.020736497,0.09737162,0.29452196,0.017162316,0.11021479,0.039679535,0.42031327
227,671,e7e03dfb0a11fccaf83d9c97e399f4b3336b524e604e4f32f973afb1f058fa62,,1,False,False,7,0.5955594,0.31000686,0.5377373,0.0016623347,0.0553917,0.28555256,0.0013763804,0.012082772,0.04837481,0.5955594
228,2120,a359d40716c28fc66efa016092ca5f78959a10c562347fe8d49989a02a074c52,,1,False,False,7,0.43068177,0.19096453,0.70643747,0.007686429,0.08222868,0.21861583,0.0063652415,0.23971723,0.014704862,0.43068177
229,390,a4bbabcc6e56e8de23b00a63d56ace9987c9fbb74d13bf54a734c4f17c8fd7cb,,1,False,False,7,0.4561328,0.22537118,0.7212207,0.006943946,0.23076162,0.18360971,0.005723676,0.06068899,0.05613927,0.4561328
230,738,dbcf9b39d5b5c4092a8734ef0521627c529bd6f1aea5512840478c2ea8733d68,,1,False,False,7,0.5542616,0.24701607,0.5868644,0.0020012318,0.06882463,0.30724555,0.020942153,0.027649531,0.01907533,0.5542616
231,1813,f3d21fbccb2e5dbfdb13b5104d4c9ccca0a6541290d95c0de68a4695d2bcc564,,1,False,False,2,0.72539854,0.5928503,0.47042853,0.0051193046,0.72539854,0.09822187,0.0042549376,0.024772028,0.009685126,0.13254823
232,1547,58d568c728a3a7c40178dbb7d74d3dcc4414a34fd39b6d8223efe2ca605e152e,,1,False,False,3,0.36078492,0.06572959,0.80362093,0.0604769,0.29505533,0.36078492,0.0028241414,0.059679814,0.085663825,0.13551503
233,3275,afbead67116cfad6adafd1cb0695e47db5f4d21bc7f3dc3aefbe3f57f2224139,,1,False,False,7,0.39941216,0.10450643,0.76227343,0.013212533,0.059196807,0.29490572,0.010732824,0.1351994,0.08734062,0.39941216
235,912,0d497ea1b4fcaa72df5cbcd30b461acc1b6ff52a7be8219f63fefb7d3b4d760f,,1,False,True,5,0.31056184,0.023541361,0.87165874,0.28702047,0.07385985,0.04750115,0.040933166,0.31056184,0.10364068,0.13648286
237,13,3b06a178009907ed43ce0d9dae756cc296ae6b3258a31731e72f00a8c0eaf1c6,,1,False,True,3,0.3959326,0.12014437,0.75591767,0.050179586,0.10257339,0.3959326,0.0016688937,0.15918861,0.014668608,0.27578825
239,31,0120042c20907675e8f5242f887408a75d9c5d624cd4750d29ac23c53899c8a2,,1,True,False,3,0.5149327,0.33943588,0.7280999,0.07859659,0.13936459,0.5149327,0.004110457,0.05121126,0.036287606,0.17549682
240,1465,55b26472ff56a72cd21d562ad590a369dd9803858593a6cf6d16f361824ff668,,1,True,False,7,0.46897504,0.15604639,0.6988412,0.040216308,0.03781935,0.31292865,0.044015888,0.0888238,0.007220967,0.46897504
241,1290,7be618d5aef40f093ea4b0a2188a43f08c434e42788e50fbb73e011f7a9469ed,,1,True,False,2,0.6134181,0.4580351,0.6076849,0.022384547,0.6134181,0.15538298,0.0025884681,0.078931965,0.008097516,0.11919644
242,2800,6e3d54f1834f53315bb89c9f598caa115b4167ecb37747aa1b51e3e1172f8b69,,1,False,True,7,0.7104283,0.5728348,0.5047299,0.007428457,0.08258702,0.1375935,0.006136739,0.041645132,0.014180836,0.7104283
243,2204,6413aef844651acc2f53a9da53a2c14761b047dbc8380e04686e8aaaaab54b76,,1,True,True,7,0.38317728,0.032812804,0.7116557,0.0042366832,0.055766467,0.35036448,0.044105917,0.15401652,0.008332685,0.38317728
244,818,5f58c4c7aa747e4835022a2b2937844d54b8b46f1711381ef5ef678ae725a325,,1,False,False,7,0.26978314,0.018867671,0.85930115,0.020736542,0.25091547,0.21027099,0.017162351,0.09151277,0.1396187,0.26978314
246,961,ddfb31d7a60ee58dfd86dcbc4ce5c70ac239d2697c3bb869d58701377a1c2326,,1,False,True,2,0.6388461,0.5287369,0.6020975,0.07765166,0.6388461,0.059991274,0.0019089015,0.10705343,0.0044394364,0.1101092
247,2071,3ef9c0ba403636aea64eff331567d923f46c844e3cf0d03383dd6682495f5f3b,,1,False,False,7,0.44911444,0.17600074,0.6906981,0.0017465121,0.1164617,0.2731137,0.019389298,0.13658912,0.003585206,0.44911444
249,638,f09014634dc3ad21dd4e2e5dcf4924cf3041d2e20e75f85ab9232f85c8ed8e48,,1,False,True,2,0.6196915,0.46759564,0.63756347,0.08895035,0.6196915,0.06518895,0.01409118,0.043146033,0.01683612,0.15209587
253,82,39a393cfbc34c51b3816540c80bc5395f7607bb6b4788309165dc025bb2a435f,,1,False,True,7,0.29675657,0.010508835,0.7624419,0.0030567634,0.13667838,0.28624773,0.0025270528,0.23946503,0.035268474,0.29675657
257,2141,6a3805be415bc5e2dcfecb5db703283c702a16d4b8fceb4b03b3c7e64418c3aa,,1,False,False,3,0.5378916,0.25842616,0.5734324,0.0020759292,0.027031057,0.5378916,0.0017182562,0.14782529,0.0039923363,0.27946547
259,1085,d1bca7aab4fdfd2f909cc88ef529f5d3ebc7fe43554dbf3f8077f9b488c850df,,1,False,False,5,0.59984785,0.3720269,0.5521868,0.004000833,0.020886177,0.13646498,0.003311695,0.59984785,0.007667522,0.22782096
261,2305,a965384e02349dd315e287285eb5ff0593d589d4b7a7ffab67f55955f1edc306,,1,False,False,3,0.31086385,0.078486174,0.799381,0.013832171,0.1973269,0.31086385,0.0114479745,0.2076814,0.02647004,0.23237768
262,1597,163c92d037dbc55127bb66dd53311115302fff577beda4ca926a6b649823f373,,1,True,False,3,0.2646962,0.030514076,0.82928354,0.017282696,0.19619817,0.2646962,0.014303813,0.23418213,0.041835736,0.2315012
264,1100,d93c31b9fc85a18889cc5d4088f659c3f478297f38964047d89e33a9aee10599,,1,False,True,7,0.38846546,0.103885114,0.7910027,0.018852908,0.084328495,0.28458035,0.01560338,0.08123076,0.1269387,0.38846546
265,1216,136a449f1b610fb616308112f5e4091964681950903fdb1e1afd4192f1870206,,1,False,False,7,0.31614134,0.053801447,0.8057624,0.008645355,0.060751744,0.17199904,0.007155204,0.2623399,0.17296748,0.31614134
267,3103,065c1a7b0f14f1879035783a4d49697436112cccdbb1bfbcc5d34b96ef3e7b43,,1,False,False,7,0.55972606,0.4027444,0.6858775,0.06688476,0.15698163,0.11267968,0.0052072764,0.08649085,0.012029795,0.55972606
268,2215,0be827df5f4cccc6fe9ac4d49fbfce447e644ad7e0def7057b49c85f32d9cbb0,,1,False,False,7,0.6504178,0.44765142,0.5405769,0.005486735,0.07117177,0.20276639,0.004519402,0.05518853,0.01044939,0.6504178
269,573,7f06250a1a4f49d53f1aa56bb01108d053d50fbc77f99af384a78fad82985105,,1,False,False,3,0.777973,0.64524317,0.40475124,0.0044175484,0.02849051,0.777973,0.0036678556,0.044269275,0.00845192,0.13272984
271,2688,273d67aafc6d7e0868ee8b84e6ff358480b12cfe469126f360287144b61ab598,,1,False,False,7,0.3901981,0.18182057,0.7825875,0.1648753,0.026646845,0.20837754,0.17878939,0.021478627,0.009634229,0.3901981
272,188,0829906a050ee67ff4a54925b7b4cee03edb38e0cef2d94446f91fcce1fb37b5,,1,False,True,4,0.3053018,0.019346982,0.78428555,0.011538591,0.06150877,0.2859548,0.3053018,0.04841875,0.022133084,0.26514423
273,2081,539adf578d668d584d6d6aa8c7b5c8cfd21f9831bc3e3f7377c3c23368fea338,,1,False,False,2,0.5627079,0.38152462,0.64406055,0.036594667,0.5627079,0.18118326,0.0053381044,0.03611272,0.012032195,0.16603118
274,304,baeac1e46a235d04e5e11e949ddc529ea330c9407d06d7ac4307b31a613ba9cf,,1,False,True,7,0.3884282,0.12985212,0.8299615,0.040251177,0.11648991,0.10516629,0.044565335,0.2585761,0.04652302,0.3884282
275,717,dad107a1eb056a1b70c234c28ea6d7b1deba559790e8542a387bce0534cdde72,,1,True,True,7,0.42453057,0.28636917,0.8252417,0.13816139,0.1373297,0.13734598,0.0068680537,0.052434076,0.10333023,0.42453057
277,19,7ee86ee7f3c8266e52d4cc94f3bb90ec97525e27ce69dc457ba242c40689849d,,1,False,False,7,0.3165336,0.024461627,0.7482527,0.0063091046,0.29207197,0.16073246,0.0052054017,0.20711121,0.012036248,0.3165336
278,1538,5fe3518a225289441c5b1475d9a14aa103eb58b092d383262f7070555cfe2ba9,,1,False,False,3,0.51639956,0.25753465,0.69495356,0.047587626,0.020110833,0.51639956,0.0249397,0.09517111,0.03692624,0.2588649
280,2730,6c97c3aa9dd5cd806f7baa9f5d523ee049031b8d3cd017d647cff81f58cc3c79,,1,False,False,7,0.40031612,0.10487762,0.6718516,0.0060118344,0.040498443,0.2954385,0.0049069906,0.24148238,0.011345719,0.40031612
281,467,74dbccf3543cec98b84c4fe41a19877dd57a8f457dfafb264447432bf7b191da,,1,False,False,7,0.3681469,0.13499013,0.83307105,0.023038767,0.10474161,0.23315677,0.019067764,0.09672986,0.15511836,0.3681469
282,1628,fdb5dfab11d8633d3ace770495d1e8467fd82d4cddd602c94bbf4b53d0ac5ad7,,1,True,False,3,0.36373967,0.10069507,0.7651884,0.007683678,0.21903686,0.36373967,0.0063592996,0.08839977,0.051736113,0.2630446
283,1464,e18ba456022d13659849920ed5bfe68aaffa87003b32e3e380729ee8a24175f5,,1,False,False,7,0.5853995,0.27660325,0.5318916,0.011899156,0.05328847,0.30879626,0.0016743339,0.035062738,0.0038795637,0.5853995
285,1742,e0b3a47c97b7c0eee9aa9e218b2bcf3f190db4383d2fb48bf0c14de4c448c900,,1,True,False,7,0.3875177,0.17093861,0.8267867,0.023040276,0.10191922,0.21657908,0.019068994,0.09673695,0.15513773,0.3875177
286,705,7f1b7f8bef51eacc664b8bc69faae28dcc7b24d843aa0587381578cf30c66ded,,1,False,False,3,0.5042579,0.14094472,0.5978974,0.009878555,0.04812333,0.5042579,0.00817586,0.04734813,0.018903045,0.3633132
288,2388,608d2facbeb310da0d561094a5b94a6e003925488181415843ac19794f4ff6d4,,1,False,True,7,0.45145434,0.10861769,0.65063703,0.007979623,0.04390976,0.34283665,0.0066042305,0.1319459,0.015269506,0.45145434
291,329,3f7a9d487e190de8dcdeae4678442471d2bdcb374443bb863366d5c1307f1ce0,,1,False,False,2,0.69229954,0.59504765,0.5451448,0.0037782295,0.69229954,0.07788083,0.0031229416,0.043470807,0.0821958,0.097251885
292,1924,2a78577db3909672defb7102184f429f707f5b7dfc14583b66c07511e614a264,,1,False,False,6,0.39485067,0.16853136,0.80213034,0.018854614,0.08340439,0.18180272,0.0156047745,0.079163566,0.39485067,0.22631931
294,2766,c72d460b90456534935702c3bdce55052bcbbba019ff1f9411635d223e138d33,,1,False,True,2,0.397669,0.09536156,0.7081619,0.010376658,0.397669,0.20732932,0.008585203,0.05388261,0.01984982,0.30230743
295,457,f9975a9f90c066f885ace6ac746d740e175780d9b144fda62fe8efbc8ce09f88,,1,False,False,7,0.3902657,0.0072487295,0.6824266,0.0031632718,0.070392646,0.38301697,0.0026449882,0.11024533,0.040271036,0.3902657
297,2340,51954b567dde7d0309c127c9549ffed523ec63e19d6417ced958b4dfae7a205f,,1,False,False,3,0.57041126,0.32673845,0.5984454,0.002658829,0.023149418,0.57041126,0.02940012,0.12358383,0.007123718,0.24367282
298,516,f6cef95ef6bfff33cfd904b8caf1783f96cf3a7cc7f8e9ea46b12c3e7ec5d8e8,,1,True,True,2,0.46048814,0.20843545,0.6921326,0.019082624,0.46048814,0.10723492,0.0020452377,0.15407959,0.0050167604,0.2520527
300,170,71623dc9945bbd4ebf8775677ee52f0451f47e8c701284fe0329e2a31a879943,,1,False,False,7,0.56688106,0.3014291,0.59841555,0.003348724,0.07647234,0.26545197,0.0027700358,0.022341633,0.062734224,0.56688106
303,749,b84a2c2022a9a99f342774789a2b9d4208f892fc43c93ab688cbf9078a46e6d9,,1,False,False,7,0.74344033,0.6049145,0.46679106,0.008645639,0.04501596,0.13852586,0.007155435,0.040672332,0.016544435,0.74344033
304,1799,da1039bfde9d63a43004376d5f00371eda3cc81609077ed178f45cb2329736b6,,1,False,False,7,0.46927077,0.27078885,0.72952425,0.037422497,0.19848192,0.10236349,0.0053715417,0.17467766,0.012412167,0.46927077
307,1206,5fe7d6875dd6552d1c4ba503e179b0e0e6deb1f67668e92142dd4979f298a5ea,,1,False,True,7,0.5115401,0.14219323,0.57939416,0.0064842594,0.031130102,0.3693469,0.00536611,0.03224962,0.043882925,0.5115401
309,495,433bd1f46a9341c9f5617eacb00b7d594f780233557af3bad93989ea425bf57b,,1,False,False,2,0.44490635,0.18816805,0.7220713,0.010372074,0.44490635,0.2567383,0.008601521,0.12267269,0.019847302,0.1368617
310,719,ce081a36e67dfb77ffb474d6affe0a51ea9503598c3b957ae8d3752ae79c8b18,,1,False,False,7,0.6556263,0.3861568,0.4767387,0.005607789,0.02773203,0.2694695,0.004668504,0.026146231,0.010749699,0.6556263
311,2063,c22fc9212af174282cd0ece4c08d0dd6674fec5cf6d92f1d9a00a30999125cb2,,1,False,False,7,0.346637,0.12605698,0.848075,0.22058003,0.09173372,0.1971342,0.017163299,0.087069355,0.03968237,0.346637
312,294,d0138a4b5ed2400960046c9801f2c55497690930aaf6d208d1ff2e32a8b35c08,,1,False,True,3,0.35228315,0.06808552,0.7514631,0.05497318,0.023298983,0.35228315,0.0021467567,0.28419763,0.04247176,0.24062857
313,1088,a52d73d987d43198cca654717a9a015aeef40ccae0476cbbef927b57db19582e,,1,False,False,3,0.43115455,0.2005154,0.6880054,0.0018387499,0.17155974,0.43115455,0.001527608,0.23063914,0.003766386,0.15951383
314,1510,36fbcc11c5f4c1259a93b6cabd64424169a6ac1032387b7529ccffea584f1c98,,1,True,False,7,0.30660063,0.012763649,0.8098424,0.008501525,0.03758499,0.21858159,0.046813946,0.08808033,0.29383698,0.30660063
315,391,0cc501d4e6a2ebf98046dc9a5d7a1c982d8448beec1513606eaf46acc147f9dd,,1,False,True,7,0.38173404,0.011119336,0.67028916,0.012115072,0.074322,0.3706147,0.0017007407,0.15555978,0.003953652,0.38173404
320,248,2cb652cc8e929a6027295be24693e68e9304543ec2bcac19a847ec2f4727c0d5,,1,False,False,7,0.31140292,0.04111436,0.81445444,0.018856468,0.16982351,0.1779385,0.015606287,0.27028856,0.03608377,0.31140292
321,1884,7885b72bc1f574252af9857bd9a62f59cbd33fa8a090e5a5b20db3649bb189ff,,1,False,True,7,0.6172991,0.43931377,0.59485406,0.008646155,0.12262996,0.1779853,0.0071558445,0.048164386,0.018119285,0.6172991
323,156,ae69206ee4690aa2cc15721ad18856df0b3071b1441e6b54ae4e3dac45e73562,,1,False,False,7,0.5816833,0.29964283,0.57157344,0.0069166315,0.06234332,0.28204045,0.0057244548,0.04805621,0.013235681,0.5816833
325,3437,01da5c461b3ad24ae4ffb870ddf82ba81b2a88bb3929709624d5a98a8c1bd396,,1,True,False,7,0.50612056,0.2254655,0.662339,0.005187599,0.0825392,0.28065506,0.09143224,0.024138365,0.009926951,0.50612056
326,1014,e945aef9c0a9110973196a63a1a76b586b1f04681392c07081f9b01fb6cc7a3b,,1,False,False,3,0.51075214,0.12998918,0.5622163,0.006693123,0.04300214,0.51075214,0.0055619776,0.040406033,0.012821656,0.38076296
327,989,b902863bcb89bb7bbd88477effc62567fa814a89e1ad3f18223f4a776ba9e0c2,,1,False,False,7,0.6837033,0.5019947,0.4903747,0.011610372,0.10021162,0.1817086,0.0016674406,0.017239146,0.003859528,0.6837033
329,1617,a9a2f7f0748e90c1f75e2b61a293ad5dbda38f25bde93b2638e8c5877709d1db,,1,False,False,3,0.33438703,0.0068529844,0.70143026,0.0019296422,0.19371141,0.33438703,0.0015655179,0.13725767,0.0036146517,0.32753405
330,1683,f51a3dc9f890db8636d8cf25ff62c2d608bc0da4b2a26b88d21c1cd4eae49927,,1,True,False,6,0.26122537,0.0208873,0.8450588,0.015955104,0.07482492,0.24033807,0.013205027,0.1617563,0.26122537,0.23269522
331,2303,cfc31f7a1d0c3fdaf33e3bf69678762c6ec8abf2e18307ed43c960bf420d6848,,1,False,False,7,0.40766442,0.22567458,0.8351842,0.06707758,0.13937037,0.18198983,0.009538786,0.11690977,0.077449255,0.40766442
332,1426,e1d64c8b5281bf2a8b56c69cdd289ebab2427305f23b4fba70165bad09a683fc,,1,False,False,7,0.47506666,0.26346886,0.72864974,0.015955353,0.079892114,0.17375131,0.01320524,0.2115978,0.03053153,0.47506666
333,852,d8b105bed64ba42aa5efaa097cb0d2164d696554859e6aac117551ce976c8ffa,,1,False,False,3,0.36607078,0.09525499,0.7227996,0.057837605,0.2708158,0.36607078,0.0028158913,0.03640875,0.006510853,0.25954035
334,1026,88d0805d34c113dd198e25f59f979972e7c098ef3c1993d7c2b8b358b4ae2f01,,1,False,False,5,0.25677106,0.031941563,0.8974647,0.0573283,0.08689367,0.19401456,0.2248295,0.25677106,0.018045751,0.1621171
337,1795,4e072d6c7d2bd934ecdeec0e26f2bbc21ac640ff02fc23a18af8c5a761cdfd5b,,1,False,False,1,0.27017075,0.00074371696,0.87947947,0.27017075,0.16172618,0.10327906,0.0059213913,0.26942703,0.08266537,0.1068102
338,1997,2fae7fc6ac044bd9a0be4843b9d118529ea8faaca13531f4d1e6fb4c47db66cf,,1,False,False,7,0.5808844,0.41420507,0.6689777,0.01728248,0.09871116,0.16667934,0.014303637,0.08906866,0.03307033,0.5808844
341,65,a9b9c5210d01087bb4f5aada2822eb2d131dbca8455dc1aadffdc69e8b31f6e6,,1,False,False,3,0.45911175,0.04712814,0.58050317,0.0042683952,0.059138875,0.45911175,0.0035047545,0.05383307,0.008159506,0.4119836
342,157,3a49ac1201e4cd0f5b224fec11fca5c6e71d33f7e4374c58b2e9d847bffc94d8,,1,False,True,2,0.4525698,0.08544487,0.6541013,0.033713575,0.4525698,0.067365065,0.004769885,0.063428424,0.011028249,0.36712494
344,3451,9f3093904dc0582f83a79d926d807c65b9ad363c268a50c5f45010f389afa6de,,1,False,False,7,0.3779861,0.031433046,0.74220693,0.012202275,0.07444102,0.12647837,0.010099054,0.052240066,0.34655306,0.3779861
345,2429,3c8140a83c3e12e099d5759035709d8e5bd8e2ed657e0a760342c2e414357621,,1,True,False,7,0.42105454,0.18904202,0.7675659,0.004944558,0.1511629,0.23201253,0.0994658,0.081900805,0.00945891,0.42105454
348,1575,018f74c75802fbaca5831962604c11f3fb822519700ab8fdfdd25539cf3243fc,,1,False,False,7,0.40809113,0.18246673,0.7672437,0.015954917,0.1083649,0.19822785,0.013206264,0.2256244,0.030530533,0.40809113
349,1802,5bdd8f772ee914d8064b7ffdb79d99e825e1f848334333c3961478794f1a143f,,1,False,True,3,0.3639269,0.12419382,0.81921315,0.09746454,0.090631135,0.3639269,0.004189786,0.1699572,0.0340974,0.23973307
350,950,5664fb62b4d9eba731dd623fde3fdec8de2c1d12e7b7b82921a99adb49bed7c2,,1,False,False,7,0.6717767,0.42067277,0.46734118,0.001996139,0.032474812,0.25110394,0.011903616,0.02686967,0.003875108,0.6717767
351,985,4ae86f7e565ffe4ca74be185b3814ec86c2695b3690327fe0031a25a4818d0ed,,1,False,False,7,0.43117294,0.009035379,0.62380105,0.0019345258,0.0327138,0.42213756,0.021953164,0.045677297,0.044410743,0.43117294
352,330,f14b250eb6ccf9adacfa01511c8fc292c3c00859fcbdf1c931f1619a41405531,,1,True,True,3,0.47804824,0.22806747,0.695534,0.0030045258,0.04444218,0.47804824,0.01949025,0.24998076,0.03686868,0.16816542
353,2282,052d33261dd03e14db0f52f1b74ff2b834f0478c818e0068321db96d61be57d5,,1,False,True,2,0.30788544,0.049040645,0.7964407,0.0074162977,0.30788544,0.2588448,0.006135421,0.1570691,0.049937878,0.21271113
355,1615,0c4814da042c69e5e36936ae4f11ddb055a3fb04c11996e348bd1953ffeeb34f,,1,False,False,3,0.6804723,0.42773125,0.45236656,0.004611539,0.027651604,0.6804723,0.0038363717,0.021862345,0.008824697,0.25274107
357,1020,3ce8aee0d70709f389d63305bfb7e7e581e1cae5404747b4e2522496291b669c,,1,True,False,7,0.41434658,0.12714198,0.74906087,0.017284224,0.15282376,0.2872046,0.01430506,0.08096138,0.033074383,0.41434658
358,4062,055c27db892e51cf6efaf1ec4d84e727610d73d7f63487eeeb096d89de44a652,,1,False,False,3,0.37829247,0.17859043,0.8250606,0.017975805,0.09861838,0.37829247,0.013205163,0.12253894,0.16966718,0.19970204
360,3581,28d10442c6c1c821915c77a40f328d0c38048c72d79533160ab1733485583a37,F0004,2,True,False,3,0.4692318,0.109425664,0.6027897,0.0020148146,0.019114053,0.4692318,0.020636633,0.1252901,0.0039064735,0.35980615
361,1254,10032c2f8a33fa1d674c7a74699f3626ea4c50aaaa37df7fdd9cbe7524ff1cda,,1,True,False,7,0.40747175,0.10196844,0.653365,0.0022098415,0.22327407,0.3055033,0.0018136663,0.055501383,0.004226013,0.40747175
362,2770,dca02fb86fc4f3871199d6f3a73dd59b20765f850d69ee519ae3ccfcd50fc033,,1,False,True,3,0.4750243,0.26502073,0.71456283,0.01581093,0.06692765,0.4750243,0.0014903838,0.21000358,0.045464355,0.1852788
364,4092,28fb8cd55e725647445761dc7b24c39fc3897379f4c69e5e98d7617614d6cb9b,,1,False,False,3,0.44066104,0.20473802,0.75169814,0.010842237,0.047501642,0.44066104,0.008589391,0.23592302,0.119964756,0.13651796
365,2328,856ecd7cb92c113a5cb6f1a96297f63148be729e7e5839c2cb2a55d0ed5d01ab,,1,False,False,5,0.4764722,0.2712984,0.66597784,0.0020391662,0.18547705,0.12525178,0.0016844958,0.4764722,0.0039014833,0.20517379
366,1391,097afacf4a2a326e108403f2e5df42e3741d567003a8c988bcd150d48f020733,,1,True,False,7,0.47860414,0.21830618,0.6659248,0.024151344,0.041824933,0.18345702,0.0034706872,0.26029795,0.008193873,0.47860414
367,1555,bd05f02cb1b331e9905922dc0d36ff02366dbf747d027b85a92c762954d4a3b2,,1,False,False,7,0.38871762,0.083709836,0.7039754,0.003848868,0.3050078,0.21267489,0.003193789,0.03928835,0.04726872,0.38871762
368,2006,08d331bf982c0218bf5861f3eb4f861261af15133dbee3d86db518ef53266592,,1,True,False,2,0.46961424,0.29017693,0.7464922,0.03182925,0.46961424,0.14030565,0.003578191,0.1794373,0.029087437,0.14614792
369,1007,15ffbe14d31120291841f3e5535738e6b3d6bdd28fa53c943a627715176daf8e,,1,False,False,7,0.49367306,0.33602864,0.732527,0.0074636987,0.14248478,0.15764442,0.042278603,0.14227502,0.01418043,0.49367306
370,1599,5875799bb25beb9f923788cb7ae4dc87f8dcb75a84064cea36454f2375c80a6d,,1,False,False,7,0.3465007,0.08810139,0.83178306,0.18135452,0.061347246,0.2583993,0.010098463,0.06014499,0.08215482,0.3465007
371,649,ef656f1c30f79ab8deb658210028d101114207af0834dd52c9c8318f9c29fc62,,1,False,False,7,0.4305829,0.120933086,0.7251703,0.009626634,0.06612948,0.30964983,0.007805678,0.06731926,0.10888623,0.4305829
372,4259,73560006c46402d548e4403f7f79fdf89a6f331a284fd87e37ed8d65b2af6b61,,1,False,False,7,0.5353943,0.3346814,0.7012951,0.012229564,0.088391125,0.20071293,0.010098487,0.071018286,0.082155265,0.5353943
373,2058,7c3e6b06648b31dc5ddcc307798921b4bf4c1cf8ea40aa37e3a999f26d9ed945,,1,False,False,3,0.3286036,0.121054694,0.8852846,0.10065477,0.07931842,0.3286036,0.014310217,0.15309772,0.116466396,0.2075489
375,3160,37392ac2ae98c13c8f62ea69447ff7a9a9186c426089f9d568960dc8be50d4cc,,1,False,False,7,0.5889651,0.38260618,0.63572764,0.009020281,0.058359507,0.20635894,0.0074655153,0.069090694,0.060739998,0.5889651
376,3018,78c6b92d0f2eb832c0ca5fde5b38a6b9ce8f50109b8ee1e01acc2a197aec8b31,,1,False,False,6,0.41676366,0.15771434,0.72890764,0.009880306,0.049526453,0.21044478,0.00817729,0.046158165,0.41676366,0.25904933
380,1107,6dc8239a3ff0a6115f3a17f5a56f31d565b39487af33391a9cab2b89b0b98bbc,,1,False,False,7,0.32675382,0.036845475,0.76161724,0.0037095665,0.24807218,0.28990835,0.026934747,0.079663746,0.024957616,0.32675382
381,1858,7f3cb65c004ec4588a2dd03c6a25d1e9c6cdc3b2fb8a59e273962e559636c9ce,,1,False,True,7,0.46750617,0.19872364,0.67544,0.008650619,0.051601265,0.26878253,0.0071546803,0.17976241,0.016542299,0.46750617
382,963,4f28693ed0c3bd6d2941e57bcd1fcbb8c6f23087b41c0847fd18d3d066ab96b5,,1,True,False,2,0.34967896,0.013741136,0.75895244,0.01955517,0.34967896,0.17379598,0.018890815,0.07959362,0.022547625,0.33593783
385,206,4d3c1aa6ff4c4fa1c8427bd0b71e03ce9aea940f6c53ebc8577a41e514dbd139,,1,True,False,2,0.25254327,0.024975419,0.8750922,0.019034525,0.25254327,0.17819516,0.0156031195,0.18012145,0.12693463,0.22756785
386,1667,f224d16891778c9da8428da4ff9a8ebbf7f057391eee0818e3cf1006b1873365,,1,False,True,5,0.3195881,0.03998059,0.7740321,0.012202338,0.2796075,0.12399848,0.010099106,0.3195881,0.023349816,0.23115467
387,1881,797c25305ba8060b2813b780c956d3a9f8d33db6498d789bb02bb8517a82de5d,,1,False,False,7,0.48044413,0.05051732,0.5132868,0.0021331233,0.011121027,0.4299268,0.0017551214,0.07056507,0.004054698,0.48044413
389,1655,b0046530ee6216ccedf58e451e1b678bd42f4f7be649e06ffb7b762c7f4e88e9,,1,False,True,7,0.7218503,0.595613,0.502224,0.009020198,0.046683267,0.12623729,0.0074652755,0.07148346,0.017260212,0.7218503
391,808,f89bb485d8c7349fc35228be36e8db40715303556406d6edb9bd7c21451a7c15,,1,False,True,7,0.37847635,0.04863119,0.74054116,0.0062942705,0.10270822,0.13541496,0.32984516,0.0352286,0.012032421,0.37847635
392,3473,e465089ec6287732918d1c2c855f113f938b8f869151f628e65afe971aaeb5aa,,1,False,False,7,0.52690136,0.23197278,0.62352586,0.0050669736,0.10431182,0.29492858,0.028582511,0.030510753,0.009698044,0.52690136
393,4469,6171adfc30df39b7ec6f7fe3e927c2b74f594b2d312bbdf4d8360c1c3e525081,,1,True,False,7,0.50488067,0.3254808,0.74037415,0.008299539,0.03935362,0.17939988,0.12075006,0.036906976,0.1104093,0.50488067
396,423,beb515f3499b6f951e6b7cafb5d7eb7db6ad0751a480719554dcac0721d93310,,1,True,False,3,0.42614758,0.15557265,0.74517435,0.017535962,0.114327885,0.42614758,0.03862135,0.27057493,0.0046731937,0.12811913
397,1506,bf4eb9442c4db59e3a05c9cd8ed9c521ca38d3260e16c61a64aaf72dadce144e,,1,False,False,7,0.4152275,0.17627448,0.8279557,0.09543469,0.056080673,0.23895302,0.048791725,0.045638964,0.09987341,0.4152275
399,2953,63e9f4d0eb65ba71afe60d782e90b4e6b23804c0607e66c3570626eff1d4e874,,1,False,False,3,0.38096377,0.13257228,0.7463269,0.037924834,0.2483915,0.38096377,0.0014941244,0.1987396,0.0034429228,0.12904327
400,4004,9cc449fd46268c01af91bf239422ec18d158c2ea085df80dce8e8ac24a5759f9,,1,True,True,3,0.37938344,0.18060102,0.849351,0.06903425,0.12201237,0.37938344,0.009561699,0.0795708,0.14165498,0.19878243
401,2194,988ff135df0848a774e7a426761ca09d11cc8c4592f580c23a07eb023b9fbd5e,,1,False,False,3,0.45304638,0.2152393,0.6712723,0.003465587,0.21485102,0.45304638,0.002874152,0.08059452,0.007361254,0.23780708
402,2767,d0d0d7af0d3187be86f14d29cfb5579f62817044872eb5204d9c7a57aa3ecb8e,,1,False,False,7,0.3110804,0.067468494,0.86265874,0.025916206,0.11463999,0.2436119,0.021449242,0.10881093,0.17449129,0.3110804
403,726,91ac0bd65450229975894f6ab10c1bee403b3eb28a783e5762b927ab8fd1b522,,1,False,True,3,0.5083252,0.28539577,0.6513746,0.00473602,0.22292945,0.5083252,0.0039036328,0.03360855,0.031634342,0.19486283
405,863,d409391ba687a5ed5c0f9472ac34943e414dffd5b40e2b5e03458979b0ea5c08,,1,False,False,7,0.6783615,0.5501201,0.53578573,0.0027177273,0.047687266,0.11919108,0.12824135,0.018764388,0.00503677,0.6783615
406,549,5efcfcf2473569ae002d9de66e585536ad158aecec2676cf68d4195906fb7712,,1,False,False,7,0.6760687,0.58687854,0.5878763,0.005186938,0.07324515,0.084291294,0.046158496,0.025859173,0.0891902,0.6760687
407,1788,58ee325b6fd1b97dfdd8e8a4be0d0cc366554b1e597e9e17d3eef4bb64f2d7a9,,1,False,False,3,0.32585388,0.029019624,0.7804922,0.024454536,0.06501293,0.32585388,0.002746752,0.29683426,0.06289651,0.22220112
408,1695,e46531f41bd82afd34f32117165cb0a3b20c577a9921288664ba4c866a074628,,1,False,False,3,0.41147944,0.21667938,0.72607636,0.0056105587,0.1921862,0.41147944,0.0046415194,0.180505,0.010777247,0.19480006
409,1700,6a63a2b67a7ed93139bf7e187a953646ba3f81e5d37901afd041465fedd6adef,,1,False,True,3,0.4662272,0.026747525,0.54176867,0.042451747,0.014410353,0.4662272,0.0016610972,0.03195053,0.0038194028,0.43947968
410,2510,e330959edfd0a7dd1167dff7ba25f56e0a571b248452468a9d0b3761ad1c8c1b,,1,False,False,7,0.73482984,0.5897481,0.45924094,0.004540472,0.035493415,0.14508177,0.003733386,0.067689195,0.008631955,0.73482984
411,1022,4c4453498686e9347fe3038417352d41cbbd0bffe8253dd88e4d41c5a37d61c5,,1,False,False,2,0.531976,0.32867193,0.65231574,0.00530397,0.531976,0.122663274,0.004088782,0.20330405,0.009453609,0.1232103
414,1974,a5bf5ae300b8662c4febf9824f101a21a3d0b8e832ddceea5d46ea0f1f5191fa,,1,False,False,3,0.47158393,0.3072092,0.77390337,0.006287294,0.1571133,0.47158393,0.06580701,0.0409623,0.09387138,0.16437475
416,3529,d925fbe6d225e83ee90fc2fc4ac5079ac4caa1f1cc1ac5cf6a1b0f2d32fb19b2,,1,False,True,7,0.34223765,0.060495406,0.79353434,0.010374329,0.28174224,0.18353832,0.008586159,0.103655435,0.06986587,0.34223765
423,69,e079be07f78f3cf5eebe252def0c7a1ffd2dbde363e066f59177bdf90ec0be9c,,1,False,False,3,0.5876234,0.3581286,0.59290195,0.0041522253,0.022215834,0.5876234,0.029824771,0.11874815,0.007940779,0.22949481
424,3343,cf30febb2a524f97afcaef5c25ab9fb095580378bf10cfeacd89c485f378e4cf,,1,False,False,3,0.4411916,0.17938554,0.760589,0.017284213,0.07645761,0.4411916,0.014305051,0.07257004,0.11638541,0.26180607
426,4098,cbc8c56fcfeb9090258a947c4e3c0ea12f3ae1c48be94a35735f913515dd91b3,,1,False,False,5,0.5265534,0.3695337,0.7089504,0.0075061093,0.13888453,0.07266739,0.00613707,0.5265534,0.1570197,0.09123181
427,2464,a17535cf87d541e436577fb30fe88c2bff6a14c1d7328054e3796748cd38a35d,,1,False,True,6,0.33407554,0.10000467,0.8048925,0.010918494,0.055495106,0.23407087,0.009036547,0.14304246,0.33407554,0.21336097
429,2618,ab8a01d249ad3bd3a137f0c7f58bc089b00aee718172126fedf2d78b5fad732a,,1,True,False,7,0.28182253,0.00028318167,0.8613746,0.05358886,0.140818,0.28153935,0.05387186,0.17109407,0.017265353,0.28182253
431,1210,fbdcbcf04c49b33252ce4e6591e46a03e3744d06521133b3eae1f02d54ee8038,,1,False,False,7,0.63836306,0.37445703,0.51277035,0.0069182795,0.031676903,0.26390603,0.005725795,0.040170416,0.013239505,0.63836306
432,1357,cae4ffc8c41288c3f97d8eb63b8c674c1aa2df5f2ec9a0d291cbcad803595d1f,,1,True,False,3,0.50510174,0.32974553,0.6722348,0.013421347,0.1753562,0.50510174,0.0017759221,0.12843595,0.0040967846,0.17181207
435,207,3efeeaf0bc0d25b29f5421338ced117508b06f35c754108632590aa1d1c33646,,1,False,True,7,0.58937156,0.46821237,0.6643567,0.0098799495,0.121159196,0.102090076,0.008176997,0.055159625,0.11416264,0.58937156
436,2225,1d8e127f3c312c182ee3e9932c28a78cf3e1f70cdc2c270364d2315850616b85,,1,False,False,7,0.32152522,0.019020855,0.76466703,0.029256234,0.17343229,0.1613676,0.003434465,0.30250436,0.008479884,0.32152522
437,103,c86798446e5747ffa6a9ac074fd42b21ee2b764ac6e5fdd625cd2b0cc7815821,,1,False,False,7,0.62114984,0.40241838,0.5920722,0.04863483,0.026976975,0.21873148,0.0036537058,0.04501684,0.03583638,0.62114984
438,2600,e5a4bfe1cf4bc2c93cf3c943e02bdfd4dd68b13b2ddc8def5eb7148b8eb51c6a,,1,False,False,3,0.28793642,0.026790977,0.81145924,0.009526723,0.23146813,0.28793642,0.007806137,0.13859627,0.06352092,0.26114544
439,134,1d1a070c114cb28654b0b7a6bacbd01527ef3527a6e30bfc3ef871a09641bc76,,1,False,False,7,0.7033636,0.5699427,0.50496405,0.0063263206,0.1334209,0.10378028,0.0050504,0.036381673,0.011676809,0.7033636
442,411,b2b1884bc0aa87d141bb65faaac8b4dae6e95f7529bce243fdd832becb42ec76,,1,False,True,3,0.5760474,0.3082616,0.5957381,0.00868808,0.065184236,0.5760474,0.0071564903,0.05856992,0.016568083,0.26778582
443,2341,f2e2bb214bd1e259789f405568332f7a979f1f786c8dee50548ac902af866fb1,,1,False,False,3,0.3646788,0.10824248,0.7711279,0.012202072,0.06518281,0.3646788,0.0100988895,0.058579218,0.2328219,0.25643632
446,2555,333fc87f83f602f1cc21ec626405ecb77881c551eed021df78ba26381b9c6cb3,,1,False,False,7,0.32742405,0.05077344,0.83830005,0.023041198,0.10192378,0.2766506,0.019069748,0.09674129,0.15514928,0.32742405
447,448,c117527b411a3771c1c88edb21291a7318f7b5afa5eb6dcc9271eaba091ae6c8,,1,False,False,3,0.53867656,0.37210912,0.6553305,0.005608286,0.11444383,0.53867656,0.004647139,0.16656744,0.010730574,0.15932617
448,1151,3bc3757fc9cd91f393ab908a1bed0e672a6cd95a215061e79eb95ba26dc863e4,,1,False,False,7,0.5290309,0.1274566,0.49875665,0.0015984618,0.025097875,0.4015743,0.0013232499,0.030349964,0.011025153,0.5290309
450,1416,224068655cad86cc9c5ea5c7d9f519c1a1ce7a9351a39da44e5da1197efadea7,,1,False,False,7,0.39220303,0.19292729,0.79908806,0.01092847,0.08692235,0.18623935,0.009036808,0.19927575,0.11539424,0.39220303
451,3569,013fe62969d14851e41402adf32954f4deafc8137117360049b2016dc3fae395,,1,False,False,5,0.4235487,0.24506597,0.783054,0.012965052,0.05735168,0.17848273,0.010730354,0.4235487,0.14979196,0.1671295
452,1709,3e17505fe3a812c3e0f6c3ad5ff4500bc6a96cc94ab829c4e0c1c16db7bc3c9e,,1,False,True,3,0.41699886,0.05385661,0.67720985,0.004418989,0.10615022,0.41699886,0.0036538707,0.032513335,0.073122494,0.36314225
454,1711,3c2d535460ac73f3fc0a0374e633e974f39dfdaf54092a9acb6bcecd5a0f2e4f,,1,False,True,3,0.43597156,0.036557496,0.6285951,0.008693596,0.09013372,0.43597156,0.0071542235,0.04209184,0.016540997,0.39941406
456,1462,0467914b3e74f97e5148e0b15c331fd6786f5b4718315ee6d8cdc9f31a948af3,,1,False,False,7,0.279573,0.026432544,0.832011,0.011619143,0.0744,0.1934646,0.009631395,0.1781714,0.25314045,0.279573
459,3173,2d114de449c9e127959514cbec0fbca3ffdd9fc4e51972aea9d39cc277619070,,1,True,False,7,0.44821823,0.25278002,0.7890765,0.020737957,0.091734976,0.19543819,0.017163508,0.08707058,0.13963659,0.44821823
460,4640,6b5a9f05adb831c9ceec24609cd56dd57cdd64c17b58b229c7e964afdffb64ac,,1,False,False,3,0.55727494,0.31410706,0.64777225,0.009429298,0.04985792,0.55727494,0.007804041,0.06897701,0.06348891,0.24316789
462,2052,b921af82e8b69d72a517ae87419697296ef9e4db30dd8a78df342a172a3843b4,,1,False,False,7,0.35793817,0.14739996,0.83345115,0.018853268,0.12438161,0.18308161,0.015603674,0.089603506,0.21053821,0.35793817
464,192,a5a1d3f7b9147787999eabf260e5c1ca2c5664ce08d8ebf2fd0b6f4be9502f18,,1,False,False,3,0.5272589,0.15408897,0.5129438,0.0018755336,0.0831799,0.5272589,0.0015478372,0.009180415,0.0037875704,0.3731699
465,2408,3601d782217c151ba1f6922cf2134fd33f2c7964f11dcd6309e91cff662d9d6a,,1,False,False,2,0.3889357,0.058335513,0.6974744,0.008645816,0.3889357,0.19103828,0.00715558,0.0570232,0.01660129,0.33060017
466,1485,bce7529390e0d3444e4eb9ec82b3e97ebc794b02ac00cb873d9a840a8199ff16,,1,False,False,7,0.61679786,0.38159508,0.57940626,0.011524354,0.055112034,0.23520277,0.009550889,0.04975973,0.022052329,0.61679786
467,1178,6e6b859a3981363f73f22efd63ea78d19aac9536d0c1eac11c028604e76465d4,,1,False,True,7,0.5513228,0.2857392,0.6278083,0.009436416,0.08016513,0.2655836,0.007804199,0.065706275,0.01998151,0.5513228
468,2828,edd23be1fe7b6e44764a5029dba865219107da3a9277628fc47f977a26b89f0f,,1,False,False,2,0.32463893,0.06368983,0.7670628,0.030711005,0.32463893,0.14714637,0.002961764,0.2609491,0.006859159,0.22673365
473,1729,e3148b65be92166198280de9f80b247b98a177147d2a85dc392e0d5ac9331281,,1,False,False,7,0.6125769,0.4163078,0.59577197,0.0076846844,0.08221411,0.1962691,0.006416867,0.08013302,0.014705312,0.6125769
474,3972,e44fd3cf19cfb5bb7b38cbbf2d9931c17ca47a1efa7d7ae62a5f4ff4443cebbb,,1,True,False,7,0.3091157,0.06269452,0.8524469,0.019181952,0.1389308,0.24642119,0.014308326,0.1556061,0.11643593,0.3091157
475,968,56ecd931672fbf5b4a03b8753ec82c579b46c12bc3362c16debdb1329cb02f0d,,1,False,False,2,0.40472013,0.21739739,0.7860337,0.0065436186,0.40472013,0.17865299,0.0053733843,0.18732274,0.121069886,0.09631723
476,3494,48400bce9c0fe88a816c26dca4a02bb1c2860e837f9572b997defe7d0fbb118b,,1,False,False,6,0.2611972,0.031269416,0.8903192,0.015954098,0.07057315,0.1499689,0.20539407,0.066984735,0.2611972,0.2299278
477,1908,e9a85f1d8575b690f8f449ba5bb5c0a4e0fc9bfba0410492b0f515241299274b,,1,True,False,2,0.3665965,0.028335452,0.7221488,0.008646006,0.3665965,0.1614405,0.007155735,0.10135494,0.016545283,0.33826104
478,1304,6dd73f1853c088d569a810b01cca96d6c983e6cba0de86a55d42f644db4bbfa9,,1,False,False,7,0.54160327,0.3100119,0.66136205,0.012964832,0.12105434,0.23159137,0.010730172,0.05724709,0.024808945,0.54160327
481,1674,d95ddd5ae431e12e0f8e15cf21c568aa3224e3c1b257032e92c58b9f4cb48878,,1,False,True,7,0.4178892,0.16649178,0.7805461,0.012968255,0.25139743,0.14732426,0.09094326,0.054660723,0.024816891,0.4178892
482,1367,cf929bbab164d507cc7884c8e6f7cb7e5b7fad30270da99122774e5fc31df206,,1,False,False,7,0.3204909,0.07784811,0.8486024,0.017282786,0.0841652,0.20476978,0.09757754,0.24264279,0.03307102,0.3204909
485,398,d3c9c30c526290df86e3232b885b28861c3b88f0cb56cb7a7ff3ca2e8c8a6ad3,,1,False,False,3,0.36807674,0.05781871,0.6917694,0.0034610603,0.045002002,0.36807674,0.0028764477,0.24435787,0.025967846,0.31025803
486,4235,4d02e91edb1b1ebfbf23b5eb693f4766554f6f8434ab7c585760e1c691b45a6f,,1,False,False,2,0.3511331,0.0052559376,0.75864995,0.009022682,0.3511331,0.34587717,0.007467473,0.10912647,0.060769748,0.11660331
488,1488,85a9c54addb8ebe0fd1423f4ec464d7540817e454c2957769b5e2695538fea3a,,1,False,False,6,0.37377134,0.122437835,0.8067721,0.018852666,0.08357361,0.1777113,0.015603182,0.07915445,0.37377134,0.2513335
489,1975,5260dedb3bfa1bd14d042e1c729d4685e30c12ed69b6a7ae869ade0d1b57225a,,1,False,False,7,0.3838783,0.047050387,0.7166619,0.0076329834,0.04589032,0.3368279,0.006133411,0.16972998,0.0499071,0.3838783
490,212,8a36ef46ab167d4a175d4580412553e525673282d34f274963bbdce9af4e1da2,,1,False,False,7,0.5879638,0.3549551,0.58991265,0.005193092,0.23300871,0.06242152,0.004293511,0.09718421,0.00993514,0.5879638
494,333,fd44e3d31262979ed81049ffc68c020530fd22a3bacd0c50b47d71b9cd9fa93c,,1,False,False,3,0.42348146,0.20993115,0.6977163,0.0026653493,0.20423163,0.42348146,0.0022202416,0.21355031,0.005091921,0.14875908
495,1385,697dab59e62d457a8e806434e92038fabebd7c6d39b6ca6f45d288ee60c2aef8,,1,True,False,7,0.34257078,0.057094574,0.8235634,0.021034876,0.10667907,0.2854762,0.017162384,0.08745745,0.13961922,0.34257078
497,2301,ffdd5624e83b319756bcf0d506210319d68a320081062a82e451a92dbaad77de,,1,False,False,7,0.27732837,0.060710296,0.89023226,0.11036905,0.1966846,0.21661808,0.008585012,0.07057196,0.119842954,0.27732837
498,679,3d10ed873df371bd79523adda02d38950b7a3f37ebf74bcda47455153444083a,,1,False,False,2,0.4203518,0.12418267,0.71070963,0.0041529657,0.4203518,0.29616913,0.0034364506,0.1089011,0.028099071,0.13888945
503,562,d7a40f6cc306d38c7726593c6bf054fcd2dff43259cd2017c0996afbdc5e9cbb,,1,False,False,7,0.6639246,0.49884754,0.5578099,0.005341399,0.050770815,0.16507705,0.0044036843,0.074650936,0.03583157,0.6639246
504,964,553d950fea5c8c94c6a4721ea07ad5f7dd1c84ea8672db942146ca0882c1b386,,1,False,False,7,0.4195249,0.0047858953,0.6421737,0.038770564,0.036726177,0.414739,0.005366991,0.07240187,0.012470492,0.4195249
505,57,22bc750ce5dec924edb0abb0f3c25bfcc585a39879cadd8b387a97649670b288,,1,False,False,7,0.2370223,0.047274143,0.9311941,0.1504337,0.07469672,0.18756415,0.13572344,0.18974815,0.024811566,0.2370223
507,1015,fe4f0a3808c57c0f80e97212d66d7f3d2ff21aa7bc386885973ea54bc099a696,,1,False,False,7,0.3183349,0.062377393,0.8058269,0.008035096,0.12436005,0.2559575,0.22403653,0.053804737,0.01547121,0.3183349
508,70,f8e1e145702d011687cdf48bee6a4c7222b3c45e4d90109fa9273621284e9a3f,F0006,2,False,False,7,0.68524283,0.58131903,0.5650114,0.009041533,0.085998096,0.10392379,0.007465112,0.047595,0.060733624,0.68524283
509,4752,d17afd4ff6e22794cc256184633ab20c34d3e561d280638a3d55b9c1da59bd5d,,1,False,False,4,0.5448972,0.38484907,0.6978976,0.008657986,0.11673867,0.11409048,0.5448972,0.039020155,0.016547399,0.16004814
510,62,2d5b1da3449e75fb1a9d729a50fb89305e60c5737f155dd3df62a14ac3458c46,,1,False,False,7,0.31109452,0.067471504,0.83322066,0.025917323,0.114645526,0.24362302,0.021450154,0.23367597,0.049593452,0.31109452
511,452,95117aed760a826cb7d36f41cc6a9460abdf2dbb2417ed24e3f5c030e46ef93f,,1,False,False,3,0.47068965,0.20954493,0.6530278,0.007279687,0.26114473,0.47068965,0.005921878,0.03360896,0.013692218,0.2076629
513,2626,49e6d7646167100f93881fbf981a3e305cfc5083f87598fff536fe166398ab7a,,1,False,False,2,0.65999854,0.5021308,0.5692732,0.02496141,0.65999854,0.086899295,0.0023869807,0.048444293,0.019441783,0.15786773
516,1276,7af458fb623a47784ee30740487128c4c68c83c622f5096a1398cfe622cfe2e1,,1,True,False,2,0.48700538,0.29759216,0.6914933,0.006512351,0.48700538,0.13148278,0.005203703,0.18941322,0.01203142,0.1683511
517,1418,09c44f23084d4f057252a1b2cc9175c27c858588a1c4d66be719a6876df3c7d4,,1,False,False,7,0.67718065,0.49223906,0.539896,0.007423928,0.03808427,0.1849416,0.04185046,0.036339734,0.014179345,0.67718065
518,4672,df6175c9af726cb868e8698322af5f76093166410113444a4952bf4ccd63eb7e,F0007,3,False,False,3,0.4399515,0.19046196,0.7519415,0.012965517,0.05954845,0.4399515,0.010730734,0.07750534,0.14980894,0.24948955
519,1600,2c4db4f8673e589dad01fddf4657bbba2ad454f8e12119a38793851de4f947a2,,1,False,False,2,0.54121304,0.3460278,0.6802254,0.014814651,0.54121304,0.14437859,0.012261167,0.06365341,0.02849395,0.19518523
520,4488,99bb6e9c7a2635cc2e35c2f812a55bc92547aa0e09c40eb3e303c4fd3af6df14,,1,False,False,7,0.37639117,0.15832348,0.84241545,0.009881567,0.14618608,0.104086444,0.055769727,0.21806769,0.08961731,0.37639117
521,1780,726db891bb7fd0765d11103b629907b2ab342ce1cf4131dbfbe0b3900322b7c3,,1,True,False,7,0.7421615,0.560587,0.42184284,0.003927271,0.023658935,0.18157454,0.003240241,0.03790535,0.007532132,0.7421615
524,29,ee736fa7701e4934cda8a1bd4bcb5d22bcc690e421f4c8ad5a5f0f762233f60d,,1,True,False,6,0.31042334,0.114705354,0.8697504,0.105157636,0.19571799,0.17810306,0.008177889,0.041947853,0.31042334,0.16047223
526,1064,5e922c9b7177f574c9231180da056dfef2a9495a9f2aad71929906fc9604531a,,1,False,False,7,0.30104733,0.08919342,0.8398101,0.0130168395,0.19306675,0.1867777,0.01102305,0.08321441,0.2118539,0.30104733
527,2796,f8a40fade28238506bbc1f330faf8e7833368f5c2e0fcf8b2aeeff39677b0ab2,,1,False,False,2,0.46342382,0.21938,0.71325874,0.0818668,0.46342382,0.1566226,0.0033726797,0.042881016,0.0077892817,0.24404381
529,2825,7f24910cf71b210cc6c7ae79d64cacde762497a5f9cec007c209638f0097d588,,1,False,False,7,0.36208686,0.099223256,0.83613396,0.012213335,0.2628636,0.13089089,0.09502416,0.05473823,0.082182914,0.36208686
530,1392,81540cef965c1b941a2fc4e80b3ac59cf813530cf0abace36ad2f43a646d2a16,,1,False,False,3,0.34843335,0.11879948,0.8091336,0.058607873,0.21063885,0.34843335,0.008189001,0.12559319,0.018903874,0.22963387
531,1794,fa48a357df8de43303b12d8fae1011445c524ccb195f5ca74f20c06a0c6305b2,F0008,2,False,False,7,0.3295401,0.069132954,0.82731366,0.07254904,0.0838025,0.26040715,0.011653572,0.20687336,0.03517424,0.3295401
533,4042,69d112d88a9eeafbab060260334f4a0abf55d8743092c132a1808e6affd09cfc,,1,True,True,3,0.2577765,0.07645401,0.91117805,0.15753739,0.1602391,0.2577765,0.012263787,0.064811714,0.16604906,0.18132249
537,1381,26021e672eccfc4a411005afef846393dbc5eb9120e0b0d0bfe63a9e9b45aeb7,,1,False,False,3,0.4981586,0.19060355,0.64496064,0.0040714894,0.02187966,0.4981586,0.0975061,0.06294973,0.007879361,0.30755505
546,1372,c23b7a79afadbb08dc955c4d0d1bf4ef660167e2cacd01eb30a3da11e30fa942,,1,True,False,7,0.46538186,0.10074583,0.6425926,0.010918097,0.061905067,0.36463603,0.009036223,0.06706049,0.02106222,0.46538186
547,2927,68582fd99d4811975810f4cdb414d183f7fb1d3c248f74363a8478891849c39f,,1,False,False,7,0.3681452,0.06083545,0.64908,0.0037502632,0.30730975,0.28356776,0.0030677663,0.023569731,0.010589531,0.3681452
550,1398,87762030d9a3730943022534e94a38c0a40c453513ea74376887e5653a6d917c,,1,False,True,3,0.6421438,0.533138,0.6055495,0.027202528,0.104433805,0.6421438,0.0069722906,0.096930414,0.013311422,0.10900579
551,3351,5e9622cf1921a4967021c56d0bfdee6edf1388321b8a601a767213a335f534e9,,1,True,False,7,0.42688066,0.14849302,0.7523391,0.06700259,0.14204256,0.27838764,0.0095388545,0.054092914,0.02205481,0.42688066
552,2960,c61d493757416e533523b57326dfba7876e1cefa07cf51bd9890e7aa088f74de,,1,False,False,7,0.42249003,0.14790064,0.76495284,0.0069178566,0.05052514,0.2745894,0.09832579,0.02993365,0.11721816,0.42249003
554,2174,a3b29b7c1df8a5e89240a3ae08a3ab90d6687b38ebfe5d27d59db6b0aa9fec85,,1,False,False,3,0.5493136,0.37141302,0.6589001,0.008298615,0.04152739,0.5493136,0.0068682386,0.04368069,0.17790058,0.17241089
555,692,c8d8849f328edf034c16c2f27a24f4ac2640be7074d18af897772ee1285045a9,,1,False,False,7,0.45777732,0.10139623,0.6200379,0.0028881284,0.015591593,0.3563811,0.0023858452,0.1280688,0.036907192,0.45777732
556,1658,d11f92c0970c745d8aabc16cde88f93636c78f1fe5d34e00e726b6f038101f42,,1,False,False,7,0.5286891,0.3193916,0.71535933,0.030961785,0.08596951,0.20929746,0.07666595,0.058235936,0.010180321,0.5286891
557,1898,40322c0a3f4fb8ca7e61e3fc351d90537127dcb1545d9584e6b87a2f57c4a120,,1,False,False,7,0.31517166,0.098605365,0.86187005,0.023038989,0.17430297,0.2165663,0.019067947,0.09673092,0.15512118,0.31517166
559,2569,72191b7820b501ea48f926d064f84824dd3dacf6ff60a0194fde14cca74f310c,,1,False,False,2,0.35679317,0.13961966,0.7563606,0.021102462,0.35679317,0.21353166,0.0030085356,0.1815435,0.006847208,0.2171735
561,3146,5926aeee2995f47f6b508174acae79b84ba5723c74454a13008b30a91c46c133,,1,True,True,7,0.31167746,0.072552934,0.8594756,0.023038793,0.1411483,0.23912452,0.019067785,0.09987402,0.16606914,0.31167746
562,1308,3aecd7c5bdb1a538dc314159d640ede23d2a1e4f195c422444c9f646b100b979,,1,False,False,7,0.31108046,0.067468524,0.86265874,0.025916208,0.114640005,0.24361193,0.021449246,0.10881094,0.17449129,0.31108046
563,1286,18bbed9cb6f8192280847b363c4c58a2fcc77d3b0d47c9d6c4ee4fc01fdacf26,,1,True,True,4,0.26837337,0.05986114,0.9077272,0.009066681,0.09298412,0.15871479,0.26837337,0.20851223,0.14771226,0.114636526
565,2173,c100effc4bc589a4ba00cef22e2b9aa8b1849000fb1bc5a707174734f3f94c75,,1,False,False,5,0.3653308,0.068849236,0.729802,0.006761343,0.18991707,0.12315854,0.0055422997,0.3653308,0.012808418,0.29648155
566,2471,a3d8e96b2cc326f76cf6a566b06b9ad1a65fb6a3a8305e14eb47650c1183ae95,,1,True,False,2,0.70782816,0.5261339,0.4638916,0.0019078492,0.70782816,0.045980386,0.001576806,0.057340037,0.0036725297,0.18169425
567,72,6ee77cb2b2b3d4a0c8e4ebfc38f5f0a6911ec898d99efd915f6e20100482ee47,,1,False,False,7,0.43537247,0.21452716,0.77321607,0.008665172,0.14799924,0.22084531,0.10163651,0.06857367,0.01690762,0.43537247
568,2090,11824f2cbd52b5b98d4917da7fc0700c7e572aa60251b10461c8c19eb8ffbc3e,,1,True,True,7,0.5837003,0.29377776,0.5632136,0.010463113,0.05811784,0.28992254,0.015520005,0.039095186,0.0031810058,0.5837003
569,1244,f7b8e94a1295fd1a143db1cbbf418de49e72b459b7e7a8f0fbbe1e658a0dd663,,1,False,False,3,0.5843569,0.3317614,0.60513157,0.008404681,0.04464225,0.5843569,0.04169845,0.061891902,0.0064103166,0.2525955
571,4151,620a90a6f9249d391ce470289829c916aff75b6813d352c9909a5ab61b230229,,1,False,True,7,0.64749646,0.40570605,0.5239187,0.007979195,0.03785028,0.24179041,0.0066038803,0.04301127,0.015268484,0.64749646
572,1657,fcf74d345d9f215911599518eb02512774b9d8bb666e7eba4218b779bc3340a5,,1,True,False,7,0.6024432,0.35818934,0.5666453,0.0066934545,0.096724,0.24425389,0.005539742,0.031536974,0.012808745,0.6024432
573,1190,6101878002740f4e6090e8804907d45a8f95a005d1be777f4060d6599ba2c5c2,,1,False,False,7,0.65019554,0.49771422,0.5985265,0.015959779,0.07060126,0.15248133,0.013208846,0.06701139,0.030541861,0.65019554
574,899,4426bde07c7660918eb88730f941e2f00e1f35dec2ead96fc2b12f8d83aaac59,,1,False,False,5,0.31834614,0.06655407,0.83223367,0.017397786,0.081353284,0.20044209,0.014303522,0.31834614,0.116365105,0.25179207
575,1868,499d225e2bde39b5808d73fd359122b783daf4830074f6e0a64857b240f82b5b,,1,True,True,7,0.42437363,0.070290536,0.7036412,0.0196056,0.06868205,0.3540831,0.018013855,0.09373826,0.021503529,0.42437363
576,114,f2f4bc905a67f1d1387f3e9bc2a8185441218dca1004db5918ef04d098b5c65e,,1,False,False,3,0.5316822,0.26238292,0.6629656,0.015955115,0.072108656,0.5316822,0.013280528,0.06714322,0.030530965,0.26929927
578,1487,5b86db5e2ed038e5ac944e47cc321790b4517b21bbbb51ed6e78bf8b204a9f86,,1,False,False,7,0.4207834,0.1715461,0.7898651,0.025916304,0.12421122,0.2492373,0.021449324,0.1088114,0.049591076,0.4207834
579,1872,6ca22a48e16ec31a4adf1a83953ef983e5e77936d0baffcb85335db3f228ccad,,1,False,False,3,0.41428912,0.102154285,0.6682243,0.003578725,0.06848162,0.41428912,0.0029612905,0.31213483,0.006851755,0.19170265
580,770,53ea7c1c8f142ea87146d4af6299650e9aa149cbcc33cd9e8b3b0c7c28c99a3c,,1,False,False,3,0.3474377,0.13898067,0.82514626,0.17123836,0.20845704,0.3474377,0.004018588,0.058401767,0.03412148,0.17632504
581,1986,31d94c834e484c7d01cf0d905567aa7b5f01484e80a3d3f35a317aa937130606,,1,True,True,7,0.41544604,0.119104534,0.71231765,0.18516862,0.031249471,0.2963415,0.0053660646,0.054021567,0.012406684,0.41544604
582,3315,482c41407382018c65cc3c21f0b4296a5d5206659b6b6516861edb76075b4ae8,,1,False,False,7,0.54092515,0.25102103,0.6219315,0.073721275,0.050339274,0.28990412,0.0037337274,0.030789478,0.010587016,0.54092515
583,1443,ed78b1edbc490e2c82cf0def88e3c1157940d0c8f18f6941694298ae4ebfd1c4,,1,False,False,5,0.52863765,0.31995082,0.63672024,0.0026003432,0.15041842,0.20868683,0.0021203805,0.52863765,0.0055146012,0.10202183
584,3505,6f7c40c3cc9dafa4d6c815f5d0d41edd9629af25c23e887e53d4d0884685fe53,,1,False,False,7,0.52085876,0.34862798,0.7401334,0.006916872,0.086254455,0.17223077,0.105727635,0.06143063,0.046580866,0.52085876
585,2265,b1a2638e07aaf550bcf854c751c44cef0473429dd2282ea3a02f14d325acb13f,,1,False,False,2,0.43430218,0.20799834,0.7580952,0.018853389,0.43430218,0.1886926,0.01566057,0.080110826,0.03607657,0.22630385
587,3574,567c9ce92454db8a09db400c7485a37b36f58a58db67048e8b887a2b0fc6901b,,1,False,False,7,0.6155301,0.40638137,0.5794142,0.0074141934,0.0454647,0.10211279,0.0061487984,0.20914869,0.014180779,0.6155301
590,3448,99ccfeaa5a90fa055f543a581bf922a6d2cc49d3d3dbca500bfa3e5ca9c18874,,1,False,True,3,0.27759144,0.07094562,0.92099667,0.20148073,0.05053907,0.27759144,0.10339909,0.09380148,0.066542365,0.20664582
593,2248,b3b80db20eead7adb69f626386ac5800fbf120bbcf1dbc1f66f1912cf1cbb0fe,,1,False,False,7,0.55374914,0.34602344,0.6707649,0.0148157,0.07334665,0.20772572,0.012262024,0.10975028,0.028350523,0.55374914
596,1542,a4fe4ff023135a959a483a16c661ddd2598b90da2bd9db52564937c8139bdcac,,1,True,False,7,0.41111735,0.027140915,0.6904733,0.005326451,0.026055008,0.38397643,0.06628314,0.071296595,0.035945065,0.41111735
597,924,313b8acc6fc518be0d6f1669096e5fe7d100723eb95dff00b14a2ba11c3a653b,,1,False,False,7,0.82959586,0.7509823,0.35950357,0.006692328,0.03721504,0.078613564,0.0055388217,0.02948692,0.012857463,0.82959586
599,1829,b0095df0f9d8719c41925424eb212f6d80ff17e2361fffdc9197edf82f01b2b0,,1,False,False,7,0.32111424,0.015378267,0.8011543,0.07541536,0.19828804,0.30573598,0.010729463,0.063909926,0.024807036,0.32111424
601,2306,d8429c678ed5c1618f0119171c5e6beeee7223400d15a47c361658b2d1d6bc1d,,1,False,False,3,0.46727,0.2517773,0.73327315,0.013600314,0.16831858,0.46727,0.007643434,0.08372243,0.043952566,0.2154927
602,4137,939acf9849ded7de4da15baaa132393ff7a01d3cbb8bc70c83fe106bfa932fe9,,1,True,False,7,0.4263518,0.2083779,0.7610255,0.008009024,0.05483588,0.21797389,0.0066071413,0.16051766,0.12570463,0.4263518
603,397,d35af8b87960b6b3727b402529fcde0ce49d36db2ad78a11d88acb7c49c4487e,,1,False,True,7,0.6543685,0.35435173,0.4321383,0.00305184,0.016284104,0.3000168,0.0025283645,0.017658668,0.0060916403,0.6543685
604,1166,dd65cc9ba3dbe2395a90c6893750a3437e02918442595156f782f9917df4283f,,1,False,False,7,0.42150566,0.2202588,0.8074999,0.020744046,0.0917651,0.20124686,0.017168477,0.10785548,0.13971443,0.42150566
606,1917,531bb4a699fed5975c939667549279cfb5198f499c9fb21bde9152b6b109b7c0,,1,True,False,7,0.6368069,0.41390002,0.550936,0.0049427697,0.029827643,0.22290689,0.00409776,0.0677288,0.033689264,0.6368069
607,1221,b35d54d565e63c8c44ba8408653871925d2550155987f3099fd7610ea1c8ebdb,,1,False,False,3,0.5233246,0.33810717,0.6982155,0.0021860409,0.08469371,0.5233246,0.102324955,0.18521744,0.004534813,0.097718455
611,1847,8f0123bea531906f7672df11efbf27df552070cd5a8d03465641a591fcef5591,,1,False,False,7,0.6712874,0.4669383,0.507762,0.02146734,0.030624466,0.20434913,0.0010273509,0.06852901,0.0027152395,0.6712874
612,1930,a029a637323eed51ee93cc9730d6973ffb21258bb7dc6884e23bad26d229edc1,,1,False,False,7,0.75965905,0.59851253,0.41665167,0.0054623936,0.02866245,0.1611465,0.0045191133,0.030101918,0.010448574,0.75965905
613,1596,64969525bda5dbb6431f5dade5543eee7aa1a82b4a66988a1fd1c102023ef799,,1,False,False,7,0.51177365,0.10129589,0.5158593,0.004210804,0.024948908,0.41047776,0.0034347614,0.037205998,0.007948091,0.51177365
614,1097,782036ea14e063df7ca972e3452c7df02201336c4ad98150596b68f802144283,,1,False,False,7,0.5207828,0.30749977,0.642648,0.0039155697,0.07993741,0.21328308,0.0032406633,0.17133602,0.007504418,0.5207828
616,3541,25175d4146b965ffc440ac5db10a21e05178932860454c6095e4c82d4184dd0b,,1,True,False,7,0.4222188,0.17167231,0.6866752,0.004736739,0.07499376,0.2505465,0.0039028,0.23411274,0.009488648,0.4222188
618,1857,ec6975dd39ad9dd7b7c26264e852bcd46351955736e6d531681015979fff7468,,1,True,True,7,0.34070376,0.101612896,0.8170247,0.02303926,0.11410939,0.23909086,0.01912951,0.21984126,0.04408602,0.34070376
619,518,e056859498034bfd10dd54bd747043e6b28894165b09f55bf42fd5665d825c64,,1,False,False,7,0.45198023,0.0884828,0.6492856,0.009020446,0.062059358,0.36349744,0.007534309,0.08864692,0.017261276,0.45198023
620,264,af54ce8b65e099554e424fff0ad19c114ebcf9613d35a146f0f575fa818466df,,1,False,False,7,0.28245816,0.011033624,0.84095645,0.019095827,0.12065561,0.27142453,0.015603328,0.079478525,0.21128403,0.28245816
621,1944,903471eb9ebb45f32bbe793f3e51f373b831bd5c53fc62d3ae7458d22d495205,,1,False,False,7,0.46499273,0.103518486,0.6247321,0.004071004,0.028395025,0.36147425,0.023296148,0.10995272,0.007818116,0.46499273
623,551,ae0cb2c4d3b030962eff480aac9590aeaca634680cf483775df1639249338aac,,1,False,False,2,0.42786634,0.24990708,0.8188492,0.17795926,0.42786634,0.12379055,0.0032406424,0.08702504,0.084961325,0.095156826
626,3481,59457ea88209dd2b42f585bed8c4c2ec629c7fcd92a5c86520aeb416ee7233ee,,1,False,False,7,0.46270546,0.04065278,0.5790885,0.008314746,0.03848956,0.42205268,0.00686877,0.045687415,0.015881348,0.46270546
629,1888,db8dbb45df37812a580024b64cf34efe3a45eed1a16e32348f6bf3ef843325a9,,1,True,True,7,0.26564035,0.049719453,0.8569802,0.01152478,0.2159209,0.18640324,0.009538333,0.17784476,0.13312763,0.26564035
630,1837,fc6275890d1bf2f7623993bb7d61c323f4cb54cddf5bc7ad234bc365d99a78f4,,1,False,False,7,0.44566923,0.21350823,0.7662712,0.013828038,0.078460924,0.232161,0.011444603,0.12351362,0.09492254,0.44566923
631,1141,f113fdce9aa0a9a1c048ca88431792343057de0d7f582c3286f61d4bfa2cccc5,,1,True,False,7,0.53775984,0.22923845,0.577155,0.004825992,0.11080443,0.3085214,0.0039958535,0.024849646,0.009242838,0.53775984
633,1546,9201b0b91ce79ef33eb44d4db6d1719bc4a3a5ac25a9aa5a74b6044f7e6de6fc,,1,False,False,7,0.5653875,0.3605752,0.6643624,0.007982679,0.04065628,0.2048123,0.08348318,0.08240798,0.015270107,0.5653875
634,2083,9a689005dd4c8bc9f094745c496932651222685a20f7c034978798624edb7baf,,1,False,False,7,0.38684273,0.16953045,0.8429422,0.13404153,0.10191527,0.21731228,0.019068345,0.09673323,0.044086564,0.38684273
635,3901,aba7366269cd2a2764013c7d0fcab6d9fedae687b025b55f133f550fb412b2e8,,1,False,True,7,0.31320497,0.032191277,0.819234,0.19280334,0.04525985,0.2810137,0.0063716336,0.03953885,0.121807694,0.31320497
636,2765,dfa014e55a25ff8926621e95e440277fca5f171cd3df78650e822dd7cb3b08ff,,1,False,False,5,0.324595,0.028215587,0.7118546,0.053685848,0.024281692,0.29008803,0.0011817736,0.324595,0.009788275,0.29637942
638,1409,97a3db18461e38fafd0adedf235f7829a59b033324fd1459b711150cbdd46a0d,,1,False,False,7,0.66797966,0.4782719,0.5453797,0.010917878,0.04920329,0.18970774,0.0090360455,0.050794013,0.022361366,0.66797966
639,1226,d3c8c5b2e5ce9035a38c6511bb17a9d01fbf9710bef94a3a52a94b5dc0d96d18,,1,False,True,7,0.6224787,0.32025626,0.4902687,0.0053203423,0.026281627,0.30222246,0.0044033094,0.02886807,0.010425445,0.6224787
640,1977,a0bcbdd01fec6b1341c67be58a65f1541c14fa72ba5ea6e8850b565cc69303c3,,1,False,False,7,0.6499015,0.50752234,0.5736785,0.0028511917,0.0681978,0.10122422,0.002354246,0.14237913,0.033091906,0.6499015
641,1978,9d61de6e3159cb73ca38c82238f184469157caaa66ea6a929bc8c93978622798,,1,False,True,7,0.41285306,0.11169776,0.70017487,0.010372915,0.04988508,0.19729936,0.008585004,0.3011553,0.019849252,0.41285306
642,1228,e01ddab538d1a95409e311b4b7b6e652f2ff23b37906064210509c29cba0ac8c,,1,False,False,2,0.5715903,0.4109748,0.66755587,0.0062876143,0.5715903,0.16061549,0.005203858,0.07549586,0.073215395,0.10759149
644,418,8720e8424493b13b116432f60f9fb22d01b16d9ebe0215eb369a1fe00ce4bbb0,,1,False,True,7,0.2708098,0.034752935,0.8912027,0.015954917,0.075898156,0.23605686,0.08684979,0.20699827,0.1074322,0.2708098
645,1984,1f62bdb69a86b4e97a9f3932b067782e5813f97bafdbed76a90a4c66a436b4ae,,1,False,False,7,0.40880558,0.04629776,0.6567916,0.0074099544,0.16566235,0.36250782,0.0061327503,0.0344654,0.015016146,0.40880558
646,942,f68d87cb28b943c82d8ac59c4c33e03d502a28fa9feb160a626951a59d8eb7b6,,1,True,False,3,0.37858787,0.15146238,0.7972443,0.00864618,0.07570172,0.37858787,0.2271255,0.092539996,0.016545685,0.20085306
647,1246,155a98661b8c58a115a3a751b651204a34b35af8c06796a790ad25146b8c66b3,,1,False,False,3,0.3027501,0.010125101,0.75726664,0.010929267,0.09771209,0.3027501,0.009036758,0.292625,0.020893779,0.26605296
648,167,5129e819ecce88c8704016d57eac2043b2fe181fa4122cee56bcc23671a5ccf0,,1,True,False,3,0.55318826,0.26211536,0.5958322,0.056972925,0.019587677,0.55318826,0.0023638483,0.07084629,0.005968083,0.2910729
649,1992,30d3352f9958da70b0a5be18db2ff50c85fdd90f92c41141cc5876f8199ac095,,1,False,False,7,0.5127508,0.1656856,0.6067221,0.010919429,0.051613603,0.3470652,0.009037312,0.047718342,0.020895358,0.5127508
650,171,be58892ea89b7641c2b7c33e6f02a828e4730c9190c14a56e4063d15c55aa26e,,1,False,False,7,0.2880024,0.036854297,0.84237224,0.06692884,0.2511481,0.24966647,0.0095395725,0.057092633,0.077622026,0.2880024
655,2886,dca45fce8937228a99a4524a8273237e79cbab02ea5bef0556e639090a00799f,,1,True,False,3,0.44807112,0.11178675,0.698838,0.017294155,0.078323,0.44807112,0.014313168,0.07261671,0.03309752,0.33628437
656,4026,214195fab96ec74a27d39bbf78e9a2e968aaa33482bbbbb40933348e6da2bcf1,,1,False,False,7,0.31108314,0.06746909,0.8626585,0.025916422,0.114641055,0.24361405,0.021449419,0.10881194,0.17448395,0.31108314
657,3219,1731fe8869c0e618fb0d50c67d6b7f70c366140e9bcaabc6caf42ce6d5346296,,1,False,False,2,0.31405008,0.08006351,0.8285695,0.013004904,0.31405008,0.21630281,0.01073263,0.124584906,0.08733804,0.23398657
659,1084,25621d576b83d395d15b5d42b6c2732f30739e2b1d9722c623aaf8d62893cbec,,1,False,False,7,0.5114801,0.2950071,0.7049049,0.014815044,0.09609092,0.21647297,0.0122614885,0.12053052,0.028349,0.5114801
660,3238,ec509b5dffc53f2f9a1e66ab79a07fb6c652f7b01f36383bb42a75d2c4980d14,,1,False,True,7,0.526378,0.3500753,0.72585857,0.017282255,0.076542825,0.17630267,0.014303452,0.07283002,0.11636086,0.526378
662,754,42dcfbda74b50db35a2917611d1faebdcfbe22d87f8e1e1bc5ab16c3f997d097,,1,False,True,2,0.39734876,0.13767856,0.77090985,0.02338825,0.39734876,0.2596702,0.003302491,0.16654703,0.04768826,0.10205497
663,1257,8aa7c2e78b207f73dbd909abfd6bce8916a8d6d408abe906bdc30d599d5a83bc,,1,True,True,7,0.4711763,0.22692448,0.6788843,0.009430473,0.24425182,0.20302069,0.007804992,0.043960024,0.020355698,0.4711763
664,1796,646c0e85bff11c092bc413aaf4f9f30a1d6a22908fb4160cb2560299e845abde,,1,False,False,7,0.41622758,0.14952672,0.74141717,0.009878922,0.26670086,0.18249494,0.00817616,0.0500006,0.06652097,0.41622758
666,202,32b04348ecc675113ffbbb8dd4c11995a4d74a0af9801938398a797d6ecdee46,,1,False,False,3,0.39199305,0.08550763,0.7412288,0.094222724,0.034507833,0.39199305,0.0007977012,0.1500674,0.021925854,0.3064854
667,3008,060d10c3da41a7b740b78e8c0fd4214c2deffb2bf5fedf6cfda4d45560ee8e41,,1,False,False,6,0.2852806,0.036639675,0.83723736,0.018854171,0.08340222,0.2457298,0.015604409,0.10248789,0.2852806,0.24864091
668,2068,2aa8d1a803e43585c8addbdf66e3ab28f676ee9f6e99c4da21c10898783ede84,,1,True,True,7,0.39841935,0.1933977,0.82502806,0.083335325,0.06682669,0.16839278,0.008584874,0.06941929,0.20502165,0.39841935
669,189,bdd71002d189574ea1a4869d17433167569488450e0418fedc8e1dcf7b77496d,,1,False,False,3,0.28037277,0.0029020607,0.75393087,0.007103768,0.2774707,0.28037277,0.005842927,0.27338254,0.013280896,0.14254639
671,2831,7b68ee9720b4aaed87b3ebea57fb4e4f906d316de25529d99b9c504198a41179,,1,False,True,5,0.3416161,0.0045253336,0.73136175,0.004430055,0.08628317,0.19218846,0.0036921105,0.3416161,0.034699395,0.33709076
674,2032,6a1adf3d65199fdb925eb354055dd6abc2aab6b7b49dd6f01b9c9c03034b77f1,,1,False,False,3,0.7224352,0.511441,0.42229977,0.0012746955,0.025160069,0.7224352,0.00723835,0.030155426,0.0027421075,0.2109942
675,3775,976c8953c08fc7ee7a6bb8053e57079905b50412294590aa26bb02ccd3e54457,,1,False,False,7,0.6251923,0.37259287,0.5449827,0.0048256107,0.023475377,0.25259942,0.027181553,0.057491567,0.00923419,0.6251923
677,2038,f5c91e6c1b4d155318f81158b1c8fcd66e108b436e5287df27265270d9147167,F0009,2,True,False,3,0.51697606,0.25556034,0.587395,0.002414198,0.021503612,0.51697606,0.001997384,0.19091238,0.00478065,0.26141572
680,3803,7e9dd8a0568a30b7fbac5755ec521102340847d083f6414c402326851580d791,,1,False,False,7,0.43686762,0.10888597,0.7021333,0.007154,0.11557596,0.32798165,0.040401943,0.05832937,0.013689466,0.43686762
681,979,37afa381cd5772857ca537ffb689e95b2dac65bd492981b73f6416a1944d3114,,1,False,False,7,0.37001064,0.09617275,0.7946605,0.014915964,0.068126135,0.16106024,0.012263484,0.2738379,0.09978561,0.37001064
683,2114,828941354c98d0ed926a6950f94872f1a6671ab09480de66257557bc64138947,,1,False,False,7,0.7292486,0.5350879,0.42824504,0.003351213,0.04233896,0.19416071,0.0027703007,0.021724852,0.0064053494,0.7292486
685,2047,56030797e9df795f79791f82e87b4d79935bbe6e763ce1a6ca3f312afd974736,F0010,2,True,True,3,0.3532277,0.019922704,0.6615839,0.02816448,0.012182508,0.3532277,0.0004518608,0.333305,0.009598154,0.26307026
687,1565,4fd6657a03d30a1d7e1f59708aff1fd38193e942f97dbbd514462ba855db7f4f,,1,False,True,3,0.450267,0.14685985,0.6716055,0.0057644336,0.14647211,0.450267,0.004775586,0.07828278,0.011030988,0.30340713
690,1318,10bfba21d53847e485841ff35948de1723aaabc752f47e3596268a4e7d285d30,,1,False,False,3,0.3917849,0.047839373,0.7193656,0.05744216,0.34394553,0.3917849,0.003240542,0.068313174,0.007504858,0.12776881
691,494,308962ef8a6976e825e1dea08a59517f78e078e0896d51c4367e25c6d6dd40b9,,1,False,True,3,0.32398868,0.010974944,0.8048599,0.011524635,0.10539439,0.32398868,0.009538214,0.11096241,0.125578,0.31301373
692,3688,57f7a2c03a029d3fdd754b9a969466363fac554e8d6a46a6f563c970a9a95b93,,1,True,False,7,0.3110804,0.067468494,0.86265874,0.025916206,0.11463999,0.2436119,0.021449242,0.10881093,0.17449129,0.3110804
696,1321,bc6c64c01ba9658953d972987384e3ba463878840f931afcc76e5ced4917283a,,1,False,True,2,0.41077825,0.13582805,0.7456032,0.0524917,0.41077825,0.2749502,0.0074651456,0.05440852,0.017321628,0.18258451
697,2694,79e2d7fc61c69c7e3abaaa885993e4f6963a2b9710b87484ef3e9c06ed372fff,,1,False,False,7,0.33948338,0.116441324,0.8676293,0.046614572,0.12366877,0.13167982,0.12024133,0.22304206,0.015270088,0.33948338
698,983,f1e188814f03b9cd7e7f4b95860b7405113138698b3a54d21702af528b3caa7b,,1,False,True,7,0.48290354,0.19472691,0.6743627,0.0026683265,0.059418008,0.28817663,0.1152511,0.04646216,0.0051202783,0.48290354
700,973,301151421c4ad590a70b8fa8e875b05a633832414572f7bd210b6141ea6a620e,,1,False,False,7,0.4963222,0.31495082,0.7180507,0.0033711616,0.13024981,0.10882065,0.0027704025,0.1813714,0.07709437,0.4963222
701,747,462f9f4a127010aa73ab5af127acbf242793d292ed5085828a2f4544cd998905,,1,False,False,7,0.7099045,0.5831624,0.52082616,0.00957351,0.06856279,0.12674205,0.0078040604,0.057388026,0.0200251,0.7099045
702,415,4d55a11ce2532fca88dcfaa62519e8f065cbe3894308e1b83f8fadd250129541,,1,False,True,2,0.52165616,0.2985421,0.6477086,0.0066781766,0.52165616,0.17113078,0.0053661065,0.059647825,0.012406916,0.22311404
703,1583,f5c3cbde204ab7f0ad08e32c19abc4804a44ff5e526ef2cf05f1a29561bbfd2d,,1,True,False,3,0.6552982,0.5010751,0.5217366,0.0036650652,0.024208635,0.6552982,0.0030155964,0.15251113,0.0070782914,0.15422307
709,2994,0a5f3338af9c07fde207a9cd597dc3b216bc4056a8cffb9ea200692e667dd0d8,,1,True,False,7,0.5568703,0.3057625,0.61970615,0.008650029,0.045769196,0.25110778,0.0071541695,0.113907695,0.01654084,0.5568703
710,4138,557359d66dca247652eda55c950081ea9d76430c16d2e1d0f7c65b7ed50b902d,,1,False,False,3,0.3748658,0.19718413,0.8597405,0.04111041,0.090389125,0.3748658,0.02317816,0.15048729,0.14228752,0.17768167
711,1804,11178d0d30dd3152f4d117de44ee17d7a2a030199058221cd78984964850547e,,1,False,False,2,0.34658086,0.08599219,0.79802275,0.15337767,0.34658086,0.12423489,0.0029610822,0.26058868,0.0068463306,0.10541051
713,2868,702591c4a95c4119e2e425613f32c9015d2b69b33cc6fca5c0eda0de9848ecc2,,1,True,True,3,0.34671146,0.112535715,0.8341398,0.018858029,0.08684971,0.34671146,0.015607561,0.17079413,0.12700337,0.23417574
714,2645,135c15cf8f85ce11932178a38f34e14c2284929e87d7ddcd444769383703217b,,1,False,False,1,0.40859613,0.17368422,0.788743,0.40859613,0.2349119,0.122332916,0.0074652783,0.07704984,0.017260218,0.13238373
715,235,6b00cc98b99e40642ce477342bec5d43f332b2de6276b07d6b9dfe65a208d90f,,1,True,False,1,0.3095447,0.058171898,0.80570483,0.3095447,0.2513728,0.07352288,0.004933394,0.11512522,0.011346644,0.23415433
716,645,3265ab00b0a6d0956ac5e4d3e555a68390ed219a164850f482cbb2835e34c06a,,1,False,False,7,0.6384438,0.49650213,0.59143054,0.010926725,0.12785037,0.1419417,0.009036803,0.050906695,0.02089391,0.6384438
719,1640,0ef567ff55c1e2e754475112d8a47eb82be5251a9af5507b8b27e6881c968052,,1,True,False,7,0.8141146,0.7343933,0.37279987,0.004334768,0.028610667,0.07972127,0.0035835172,0.06136108,0.0082740905,0.8141146
720,2734,7837ae03449d755b99239c67640fde3a3c6518680e88470572658c1104f5a11e,,1,False,False,7,0.30761752,0.11482766,0.855072,0.016859729,0.19278985,0.17173392,0.013206092,0.19054686,0.10724606,0.30761752
721,2031,59265e20e197823fb7e42a862535ed96cf65c11732297a7edab90669e86499c8,,1,False,False,2,0.5144347,0.27288133,0.63879514,0.0028115094,0.5144347,0.24155338,0.0022898617,0.10169424,0.0053207623,0.13189559
722,601,18f447048acbd1bb198c4a36b6635e86c81a386cb48fa3c73ea411af3687eeb1,,1,False,False,7,0.49737653,0.19573188,0.6550244,0.003917335,0.0659983,0.30164465,0.003251654,0.08257136,0.045240168,0.49737653
724,911,973fe4a3f0164bc577ed62a6bc5db615d52684acaa701302f431f0386d04ff64,,1,False,False,3,0.2893872,0.055105403,0.8236867,0.012964149,0.22061253,0.2893872,0.010729615,0.054604445,0.2342818,0.17742033
726,1300,501dff9c4cd275c451a8658d1328772fac37c2ce41f7a59f9f234d6200573996,,1,True,True,5,0.46194005,0.291426,0.7646155,0.100170955,0.17051405,0.13175319,0.0020452382,0.46194005,0.016730106,0.11684643
727,1840,8b085e7290458c48e396796e6261431c925df44f40180e5c97ac264cc3572010,,1,False,False,3,0.76165813,0.60107744,0.3914486,0.0018372751,0.011198038,0.76165813,0.0015200035,0.059398096,0.0038077661,0.1605807
728,2223,4864a941d36988ef568bbbbbfb7234e0547231ab2b8e895515b0b03ebfcb8386,,1,False,False,3,0.44951358,0.06541526,0.61066246,0.0047252732,0.10630746,0.44951358,0.0037336894,0.04261993,0.009001761,0.38409832
729,22,e3f1eb3e0e634ca4db1d78a18afdf51a45af8453251cb278aba1ad297b1ded7a,,1,False,False,7,0.4491099,0.15628988,0.6993222,0.0026319087,0.10433832,0.29282004,0.01659794,0.116811,0.017690863,0.4491099
730,216,f917b74777cc84e5d17c80c79fc2f28d70b9c84c9a2653bc722a0ba9667ddbe2,,1,False,False,3,0.60875463,0.4136615,0.5662941,0.002631143,0.13187903,0.60875463,0.0021511328,0.054526392,0.0049645305,0.19509313
731,914,406360199788a274dfd7a2778e21041b5ca641d51a91c2834f2a4e27a5dac55b,,1,False,False,3,0.42032585,0.009794086,0.60619754,0.0055153687,0.12479708,0.42032585,0.0045204936,0.02359953,0.010709961,0.41053176
732,2422,84159493a91a9c7a8a170ead2405522bdb36ca698779923bbf912466e3a3c8b8,,1,True,False,3,0.5068606,0.25783807,0.6721013,0.0061266655,0.24902256,0.5068606,0.0050536795,0.051453937,0.040955357,0.14052722
733,2095,2c9cb575892e0fb8590517d6267e16dbdee342e8b9c5eb4a7040f5a69c25c8e9,,1,False,True,3,0.55119103,0.30037567,0.6268162,0.009028082,0.04559911,0.55119103,0.007465653,0.11775644,0.018144349,0.25081536
734,2514,e715e76a388b364513640d726f76afede07852fc699f9373bd4227aa9d73f750,,1,False,False,7,0.5999022,0.4450274,0.6216428,0.005191318,0.061738588,0.15487482,0.0043189325,0.13904554,0.034928575,0.5999022
735,4387,9ba0ead160076bee5f202a8477ed953b09ff9dc164827ee5ae7cd95ff1d18fa4,,1,False,False,7,0.39277107,0.16152512,0.7865881,0.013890891,0.19390646,0.23124595,0.011444911,0.06362782,0.093112946,0.39277107
736,1931,b5240c559049cecd0e0abf36737384a073dc4a2cb63bb6941ee4bb99b3884e19,,1,False,False,7,0.34429306,0.070046574,0.8115812,0.017283075,0.09590605,0.17961124,0.014304121,0.07435595,0.27424648,0.34429306
737,677,4efd6bea61eb4b0cc961eb3b9e27ebecf98706f790ab39bbe3e00548e3f06064,,1,True,False,7,0.48286265,0.19870931,0.6366187,0.0025455537,0.07209958,0.28415334,0.002111346,0.15129632,0.004931221,0.48286265
738,1897,5a6c1a1e28880ed05c76b5901bb7e594792c49696fd68f0ecc65fb53c928e12d,,1,False,False,7,0.51373416,0.19661295,0.6196247,0.0035245994,0.100666024,0.3171212,0.023284987,0.017515881,0.024153152,0.51373416
739,1508,9fc1a21e3caeb9b818c78423392eea5b3f985d63b4d664a5440ef41412a2d7f8,,1,True,False,7,0.3488257,0.15389588,0.8429503,0.020737197,0.19165042,0.19492981,0.017162886,0.08706699,0.13962696,0.3488257
741,1042,970dd4c0d6986b91594a9b55c2a966bee0e6592cdbaf62743b490b2c1fd53ff0,,1,False,False,7,0.3108154,0.0093486905,0.78883284,0.008333515,0.06948152,0.3014667,0.0068684127,0.20717357,0.09586087,0.3108154
742,1289,b7cf3331f1c17d6be512ec2291804c6d86d434f0e2d95e31eaff74034bbc5709,,1,False,False,7,0.42916372,0.21933872,0.7652947,0.0059872423,0.20982501,0.12244361,0.0048935744,0.14741473,0.08027208,0.42916372
744,2312,950a3b0d9bbf010d700e745d30b2fdbd966d6bc7a374a8b35216b8926c5cec19,,1,False,False,7,0.37606597,0.051210165,0.66921157,0.0042479103,0.048518255,0.23466855,0.0035390146,0.3248558,0.00810446,0.37606597
745,1325,5a870648877ebcc2b5c5a439556babcfd6cca80c1e9e3614ea495f87e686930d,,1,False,False,3,0.4421887,0.14874685,0.699831,0.008810652,0.29344186,0.4421887,0.0071545546,0.09641349,0.016541934,0.13544875
747,2175,faaec473325f20a0cf4c6141d00731e0a5a311aa87709df1ada3188304be11eb,,1,True,False,3,0.30602857,0.015006632,0.85210407,0.11040426,0.29102194,0.30602857,0.05856821,0.052472804,0.019853182,0.16165105
748,1018,6282ea6d2fe94dd3e6fc19886eca73cd6aa3e88fd75d830f043f7f3c0d2fd454,,1,False,True,6,0.44594258,0.18493018,0.7139853,0.00902373,0.04114631,0.2610124,0.0074659376,0.05485493,0.44594258,0.1805541
749,2001,4be610706af4248097eda7aacc2477359124c8cdeaec91f507a7601e15ecb56a,,1,True,False,7,0.41944337,0.046135902,0.6458133,0.0015664942,0.04335797,0.37330747,0.010729656,0.13891405,0.0126809515,0.41944337
750,241,44526c67585feae0fb2d52874776efad3e7051ed8a7d9eec986e7ca8bec472e0,,1,False,False,7,0.6557655,0.4731053,0.55123156,0.006915811,0.06006624,0.18266016,0.005728049,0.07563043,0.013233799,0.6557655
751,617,e9cef060b0d799fd6c0075fb469aa8c1bba62e6ef19b2de26485f047b89019d0,,1,False,False,3,0.37939525,0.100815475,0.7435883,0.024360703,0.27857977,0.37939525,0.0038190326,0.12822852,0.008824504,0.17679219
752,1778,ee0c963f9b64727cdf0c4a8697fa5efdc81187e70c8a62369d86400e2062e589,,1,False,False,7,0.31109872,0.06747235,0.8408347,0.025917662,0.20621689,0.24362637,0.02145043,0.14209566,0.04959424,0.31109872
753,315,a97f380451d3a6a510f98bdef9524fd22be813434d2d951466b6037a01ddd343,,1,False,False,2,0.35307106,0.0676516,0.7717075,0.06804303,0.35307106,0.17984144,0.002772084,0.10438049,0.006472427,0.28541946
754,3455,cad872f4eb88de6982f6ac5eb23825be921773097f0183b87ec0619f65b3e109,,1,False,False,2,0.36461094,0.12118901,0.7965338,0.0118465,0.36461094,0.20011237,0.009537463,0.09149837,0.078972384,0.24342193
756,3657,9ddbfb2dc13b8ca540d9a589379411df22da447c244ff0d6dab801389dfa2c26,,1,False,False,7,0.35050878,0.092559636,0.81422,0.015954506,0.25794914,0.17798036,0.013204548,0.076975636,0.10742702,0.35050878
758,1260,d6951b39a1fdc3d197888e0f4efe4e3133275c92afb6a341b5f610e00f6fd6b5,,1,True,False,7,0.38756543,0.17100017,0.82676095,0.023038886,0.10191232,0.21656527,0.01906786,0.09673042,0.15511987,0.38756543
759,2115,29c4d6f32eae37c0ba9495c088aba4ff820066d262e29b16a8a17c2161b6d808,,1,False,True,3,0.27616814,0.0057365894,0.7927048,0.0034081782,0.18371591,0.27616814,0.002815379,0.27043155,0.054963414,0.2084974
760,623,f57063ffe49a88c3dda8404a870059f1fad1f2a3bbf7112e26dab7a6ebbd47f7,,1,False,False,7,0.34647465,0.14493161,0.872339,0.08951987,0.14135315,0.20154303,0.012261496,0.07085857,0.13798918,0.34647465
762,1490,9c738fe1c855363e87aa9f92c97ffccdd042628e707306ea7066157e3459f048,,1,True,False,7,0.5632037,0.3175854,0.629594,0.0028449656,0.065045506,0.24561828,0.08303787,0.014996748,0.025252996,0.5632037
763,589,e0df7521e706816b666126deb161d475fbb4242b7e8d375b28854505bb20cd3b,,1,False,False,7,0.5283071,0.29842013,0.69671345,0.01894779,0.08390847,0.22988693,0.015603341,0.087271035,0.036075346,0.5283071
764,767,a07ecf96198a0d2fe5e55a311bafb114e14a959dc06e20aefa1fae42091a8fb9,,1,False,False,7,0.49773324,0.27452216,0.70865023,0.006484196,0.089069344,0.22321108,0.0053665536,0.11855616,0.05957948,0.49773324
765,261,253eb1a80507f7a373edd115288e16b785fa5674b662c18430c96af87e7eb7b7,,1,False,False,7,0.6760136,0.532459,0.5364841,0.005770624,0.05639375,0.14355457,0.0047889357,0.10244706,0.011031487,0.6760136
767,803,4a7339924c241f25e373772005b0b28fbf314b96f9069fa1f3d0aba3f5895225,,1,False,False,2,0.3169343,0.10117103,0.84113854,0.012210774,0.3169343,0.11861862,0.010098996,0.1854017,0.14097236,0.21576326
768,1921,de7df86c52da4f9b9a28351d21aebda1609ff3501fe135b13c35f5acab8e0462,,1,False,False,7,0.39869604,0.03768313,0.67140007,0.008133289,0.16630222,0.3610129,0.0066044573,0.043824628,0.015426496,0.39869604
770,790,12933bdbed8eaae3b96bd3aa84273bc148cadb260f39704461e39eb4821b7e8a,,1,False,False,7,0.42220575,0.13700685,0.7446959,0.017282471,0.14997485,0.2851989,0.014303629,0.077775106,0.033259273,0.42220575
771,1532,fd7a59d7d533a020cde1946751572742051ef24a4a183a9e1f6bd4e544050349,,1,False,False,3,0.47509116,0.28034148,0.75477886,0.012220237,0.12548122,0.47509116,0.010099361,0.10018972,0.08216867,0.19474968
772,615,cbe7ef17da4a67bb0861ffa0d2f1c8954f11f39616a9dda5fcddef2b5550ad7d,,1,False,False,7,0.38771668,0.033212513,0.74506193,0.046453554,0.04193299,0.35450417,0.11511718,0.039000694,0.015274755,0.38771668
773,841,fbdfd98830af0e401c49d94ea1978aab1b65e06588f98a4d44f9ed3879226829,,1,False,False,3,0.48976207,0.24796541,0.6612025,0.0076893307,0.047800772,0.48976207,0.0063591776,0.24179666,0.014702631,0.19188938
774,458,853551692e2a2dd8dbb8b9245e20d4f7f762fe68ef8bf715a4eb18ec7437e018,,1,True,False,3,0.29080188,0.0013713539,0.7968019,0.0015514764,0.061621528,0.29080188,0.19785406,0.28943053,0.010250257,0.14849024
777,1241,cddd92bb3b99fd1c62fec8bac60c58f4b32b7f69b962fa9f953873a9e7356d0e,,1,False,True,7,0.5057219,0.3254654,0.74393594,0.0172822,0.07690456,0.18025652,0.014303407,0.08917126,0.11636014,0.5057219
778,539,8ed4c63e52db88a9f08b8b5b8a0cf5fb926539dbfd34364e58dffc17e0cfef66,,1,False,False,3,0.40908077,0.15659767,0.76073724,0.0064948625,0.13294841,0.40908077,0.0054334723,0.13336863,0.06019079,0.2524831
780,1207,6f470967254adcd516402d416e718e0c8dc24381361bd12bf612ca3350450960,,1,False,False,7,0.2765455,0.010409802,0.85313964,0.02303907,0.10191325,0.21656711,0.019068012,0.096731305,0.2661357,0.2765455
781,1572,569c5299a3a3d1849ded36e51e3ccbbd3d243701b25bdc74df509adb51fd045b,,1,False,False,3,0.64516515,0.51055944,0.61070985,0.005538698,0.041670166,0.64516515,0.07101809,0.07950136,0.022500869,0.13460572
783,357,169bb4a610e4c433ad2987158ca308a322301ab4831c9a41e669ab73154122fe,,1,True,False,7,0.35552824,0.028745264,0.74962837,0.011525263,0.053599883,0.32678297,0.00953873,0.054302916,0.18872198,0.35552824
785,1835,75fed901a432661024cac473dd8cba1e036d5e627ac3f3710badab49d93a3fe1,,1,False,False,3,0.4722774,0.1341416,0.6496404,0.006103286,0.030614581,0.4722774,0.0050540534,0.0955352,0.052279703,0.3381358
786,2258,191bf8953faa08c5d07757091f31072148c2046a76aeaf46c759cecffb712bde,,1,False,False,7,0.2765678,0.05998309,0.8703136,0.02304084,0.21285285,0.2165847,0.019069454,0.09673966,0.15514466,0.2765678
788,2700,1c889a81552a7a6091c997549da5394b2b6fdb23975a98493964147c0f3af083,,1,False,False,7,0.31108046,0.067468524,0.86265874,0.025916208,0.114640005,0.24361193,0.021449246,0.10881094,0.17449129,0.31108046
790,3891,06208f09cfd4ec0a6d889c0f78eebdc287c8c8ea7a3f05da32022cfdfbdab2a2,,1,False,True,3,0.3270416,0.050311655,0.83847404,0.023053715,0.10198579,0.3270416,0.019079968,0.09680008,0.15530892,0.27672994
791,283,7cd8828fdb1f8798eb0912c55b2269a23deeec2993cd632eeb4c608a71d0183e,,1,False,False,2,0.67495066,0.55017185,0.5551626,0.009429681,0.67495066,0.11186062,0.0078043547,0.05313174,0.018044118,0.12477882
792,190,2f1019fd020536803252ff8f89fded92ca35eff629a9ee766f7660b353823620,,1,True,False,3,0.5103976,0.3148288,0.6862503,0.011525086,0.06750373,0.5103976,0.009538583,0.1955688,0.022054028,0.1834122
793,577,cf0148cf8734b36c1b2322433accd5f63c65d876f6e0f966def1e8ad530c32b5,,1,True,False,2,0.43875822,0.18172505,0.6826085,0.03158853,0.43875822,0.23092902,0.0134485895,0.024327569,0.0039148987,0.25703317
796,1163,38ba622a2f3e488f4886c67d49e6e40307e8c81c068b4d0be020d0711ad823d1,,1,True,False,3,0.5822318,0.30098823,0.58356196,0.016295277,0.06580073,0.5822318,0.015565337,0.021476159,0.017387146,0.2812436
797,2000,14ff318d410757e4b39c55a4db3dd01441677b692c87768daf3eba5c6a3cfa45,,1,False,False,7,0.5281215,0.23879552,0.63195306,0.006105532,0.035956874,0.28932595,0.005054445,0.091237545,0.044198193,0.5281215
798,60,bede5b95d9e46d935f3d837cdf363f4189b89ea4bd0466adfeb671038d2e991a,,1,False,False,7,0.48543903,0.18219954,0.70428646,0.05231609,0.06259231,0.3032395,0.036072075,0.035857093,0.024483914,0.48543903
800,2349,36863845e0beb6af16a11ad75a776666d7636b7017a45700883fcaae7a0e07f6,,1,True,False,3,0.348114,0.0994754,0.8563517,0.009430079,0.08338039,0.348114,0.120225556,0.10072443,0.0894869,0.24863862
802,833,eb5f062e09d07abccc54b603cd98ad12126242d3b5fcc3abfdd58ebdc3ccb789,,1,False,False,3,0.49171093,0.1793052,0.6739498,0.054426275,0.044183314,0.49171093,0.0020991322,0.049723774,0.04545091,0.31240574
804,1070,8f7a9dccabefcfc1c4bc4def339c418c4343284386ec6cdc54ae32e925141795,,1,False,False,2,0.34557426,0.09778617,0.83587486,0.24778809,0.34557426,0.11704416,0.0057243295,0.076038495,0.046576012,0.16125464
805,2791,45b437ec848cdea481ae656a2c6db46304dc06ebf44aac6dc325ea8187d26dfd,,1,False,False,7,0.6796943,0.5559557,0.5698947,0.007684348,0.04676571,0.123738565,0.04236661,0.084031105,0.015719369,0.6796943
808,2153,dadbcdffb8aa943f01141d2c5ef1212e6c16a2386576643905374b7805caa603,,1,False,True,3,0.5092502,0.30802977,0.7175093,0.041357808,0.10188313,0.5092502,0.0020981275,0.114505544,0.02968474,0.20122047
810,1809,f8bbbde9f6863810632acb6b310029ee456e491615652dff48d7f90b52b59f14,,1,False,False,7,0.6025274,0.43146938,0.5994687,0.004361139,0.08910345,0.171058,0.0036029948,0.11933058,0.010016435,0.6025274
813,252,e2c0966d9c018de274302e9d592c7c98a055a8e8bf23a44d37c04c612552af23,,1,False,False,7,0.3004741,0.08493799,0.83141255,0.021049198,0.21517539,0.21553612,0.017162379,0.19092311,0.039679717,0.3004741
814,3497,629cd17a1a484edf2948a0cb7d42df5dfb5620ed6e43449f57c4b5bb058528b7,,1,False,False,7,0.3584608,0.06262335,0.80962324,0.08605456,0.091060095,0.29583746,0.012264787,0.12796387,0.028358398,0.3584608
815,3638,7751078a38da781517717c44645fa4fe205f79decdcf28af5dc82161d4faafc3,,1,False,False,7,0.33161956,0.0037585795,0.79999024,0.009429877,0.041747257,0.108836055,0.13838212,0.042124126,0.32786098,0.33161956
818,2243,96ffd0c03fabe04eba178dab96de7e4cdaa5edefb15b38e58d2ee8ce01253c93,,1,False,False,7,0.28475022,0.0632198,0.8801875,0.010926913,0.22153042,0.1778964,0.06163894,0.16973242,0.073524676,0.28475022
819,1743,949b999744cc1e9e4e866c136c16bbbe6750ba950a634ab6d173b093ad69c5a3,,1,True,False,7,0.63160676,0.4354537,0.5741111,0.0014998203,0.022227248,0.19615304,0.010480348,0.08493053,0.053102266,0.63160676
820,1892,abc749d9050f08ce67095c6ca3298af5e441df7b762bd753c49d7984c37d17e1,,1,False,False,7,0.48718417,0.22550347,0.667313,0.00391754,0.2616807,0.1583997,0.0031816014,0.029319653,0.056316663,0.48718417
821,580,8b2563f0747f6c0a51296a3455c99d8baaaa755cdccc528a2bb1dc55c7aa7ffb,,1,False,False,7,0.59440494,0.4565972,0.6660238,0.096122704,0.027697911,0.13780773,0.0024557959,0.07554745,0.065963425,0.59440494
822,866,f45595ea3c2d73dcc16f12b78dfae2a48354c024c3b9e746003f70de38866e88,,1,False,False,7,0.27655202,0.02564302,0.86077464,0.023039587,0.1019158,0.21657224,0.019660953,0.111350454,0.250909,0.27655202
823,2148,acad331bfb5a5f6cb7be706b736e9be084dcb837cae37c7778b6422ec6fde0eb,,1,False,True,1,0.52462405,0.33531755,0.70935273,0.52462405,0.060211107,0.10124633,0.0059214514,0.18930648,0.01369415,0.10499646
824,2642,78700dff84e10a0f828d38d2b3b096c681358dc441096ece779c9f52b9423929,,1,True,False,3,0.43382093,0.17125922,0.76599795,0.01595457,0.07802929,0.43382093,0.013204601,0.08899941,0.10742945,0.2625617
825,2649,65c1a85f4979ac7bf19ff6de2cfa7071c41959d23e34972f0b78d9dc136c824b,,1,True,False,7,0.70884097,0.6096815,0.5411094,0.00901962,0.040553503,0.09915946,0.086675525,0.03849154,0.017259357,0.70884097
826,2782,6a0d6eaf035dd201cc74517bd60382d8705b3fb4cdf6af8254bb38555c8e2120,,1,False,False,7,0.34225526,0.13162202,0.8389184,0.018853541,0.15432121,0.17868786,0.015603898,0.079645,0.21063325,0.34225526
827,785,99e2b82f1aee3abb0b34763a677041d0272662bba364e482fd38651d374bd41a,,1,False,False,2,0.5201168,0.38915044,0.7381823,0.1106556,0.5201168,0.10731399,0.0078039747,0.10510022,0.01804304,0.13096635
828,417,27213052652720d585693445bc696334484a4afecbd3a5a8d1384765da8941de,,1,True,False,7,0.54652905,0.27835438,0.6193767,0.0034600487,0.077164814,0.26817468,0.00287923,0.07795909,0.023833128,0.54652905
829,3578,aa8301dd265357e40a8b673421af0001045f6008e730f778c7468d01ecadc07d,,1,False,False,7,0.5653285,0.3877892,0.6581123,0.037698492,0.0751639,0.1775393,0.013832429,0.12891293,0.0015244207,0.5653285
830,949,fa35867e5b4b48a98a4df92ae0c4c175501d4e7890116242a7195876b227b5ba,,1,False,True,3,0.48166412,0.17684782,0.67446,0.0074336906,0.05156983,0.48166412,0.006139057,0.09848703,0.049889978,0.3048163
832,1651,a18558689791d4940411ce6a49969ef44fee8b12e66e8bd2632bed6a02308658,,1,False,True,7,0.5188344,0.31012285,0.71353495,0.010925017,0.20871156,0.12307677,0.061654966,0.055906106,0.02089119,0.5188344
833,2165,ea4d0b55abccb5157ed37fdcc026a90f917447270435e3bf1b4650c03418dde0,,1,False,False,3,0.44282374,0.07702008,0.67174214,0.02171695,0.09532268,0.44282374,0.026529066,0.032861263,0.014942637,0.36580366
834,2811,9ee78c4b721e0cd44c3c45c0faec92b97fa9cafec9adc08f48f04ee5940c95f4,,1,False,False,7,0.38932973,0.06913042,0.7653568,0.015962102,0.07970793,0.3201993,0.013204494,0.074170254,0.10742619,0.38932973
837,1960,3a108ca2499e774f810f431f9872a27c13ab78941fc2cb3bdc32ea6ee6100ab6,,1,False,False,7,0.74227846,0.5847682,0.43515337,0.003723719,0.022265336,0.15751025,0.0030685887,0.06406278,0.007090887,0.74227846
843,1972,60ae491207c721749eb55370a9094b17d2b7ca4058da1ff16a2da96725e331bd,,1,False,False,1,0.28840914,0.014426321,0.8211077,0.28840914,0.24587622,0.07200292,0.003654868,0.27398282,0.05103706,0.06503695
844,51,53123dca05c54999cba7844708bd794b09de18779d439634f19dd8a83f177955,,1,False,False,7,0.38736576,0.017062157,0.6809279,0.005613165,0.15752149,0.3703036,0.0046413653,0.03249514,0.04205949,0.38736576
845,205,2f8efe9c376190765f83992d0f1f53beeba019fa4ada2258deb08ec1174d8a39,,1,False,True,7,0.3806234,0.11900854,0.75725734,0.015954047,0.07185977,0.26161486,0.01320417,0.22621526,0.03052849,0.3806234
848,1812,a09fb333d56a6aa89ecfb8a10f4e73b9013750e8744c21d103025c3c743ac0cf,,1,False,True,7,0.50357157,0.23140502,0.6659446,0.01649443,0.118913464,0.27216655,0.0017386926,0.062726855,0.024388412,0.50357157
849,1051,4c57b300220765aea319fca765c56046dc09d2c646d515041e47e376414c5f0d,,1,False,False,2,0.40724978,0.11568433,0.74653685,0.29156545,0.40724978,0.046601467,0.0027699624,0.15393625,0.02251029,0.0753668
850,1735,0da7e36e42dff051f511931cc253ddf1dd1f8436efc481555fb327b7a29e8998,,1,False,False,7,0.54843867,0.25070173,0.573773,0.002501219,0.04997655,0.29773694,0.0020697974,0.09437575,0.0049010487,0.54843867
852,1920,e5c7ed96a455fda1b0eb187280f47d257431bdfade28d930c2d7258332ec98f2,,1,False,False,2,0.48851708,0.23352239,0.6541024,0.005609393,0.48851708,0.17775932,0.004642522,0.057742476,0.010734583,0.2549947
853,1886,b50c19d32e28da66153934459c87c7fbc5967b083d5fb6d6830c0f8005fd0a1b,,1,False,True,3,0.46382204,0.30259773,0.7611985,0.024704957,0.1612243,0.46382204,0.0035105944,0.13652422,0.053915963,0.15629795
855,3871,09f9287fb1bde42b8ba1b88c625e74ea8e856953ab3a3eef1d00bf88ea0da78b,,1,True,False,3,0.34612176,0.019975632,0.8000015,0.025916232,0.121329054,0.34612176,0.021449262,0.1094466,0.049590904,0.32614613
856,1437,e0b1060f6d6132821289865622676cc3eaebd200182e1fa20caaa7cf9517eca4,,1,False,False,2,0.30227765,0.027411044,0.767481,0.020373026,0.30227765,0.18703522,0.0012544253,0.2748666,0.011743382,0.20244968
859,3191,3789ddc58b43b397307e98c99f5a593bbd16480b85ed211bcd336a2a033ca970,,1,True,False,6,0.4918327,0.3003376,0.74072665,0.015953504,0.070570216,0.14996278,0.013203728,0.06698196,0.4918327,0.19149509
860,2930,aae6c8171a09655989883df2d35c1461be1c85e228a245286c6c71cf6d82e12a,,1,False,False,2,0.396978,0.18714358,0.83902174,0.04526029,0.396978,0.20983441,0.03879077,0.14657353,0.044412587,0.118150435
861,1169,3855e5f9ffea159099af900d6e732cd2ec71c44860684d61b46bca7a76e08789,,1,False,False,5,0.42779064,0.19400305,0.7188048,0.0067849485,0.2337876,0.18014139,0.0055401716,0.42779064,0.012809787,0.13314551
862,962,899fe59154f8e33bff9377b2e282fc185270976025d52645750819e3e6d42375,,1,False,False,7,0.41069743,0.12774128,0.72762376,0.011536342,0.080262676,0.28295615,0.009539021,0.18295307,0.022055285,0.41069743
863,4437,35abf3ac43399853da03aa7742d14b4c9c2b8700340099102879414e65bfe7fa,,1,False,True,7,0.46604273,0.22936757,0.75641304,0.0090220235,0.1272733,0.23667516,0.050805103,0.049420197,0.060761478,0.46604273
864,303,683b3498ea805949944bbb48c4625967eebae9a55838175d422ffb120a359906,,1,False,False,7,0.651634,0.47665924,0.57275516,0.010918356,0.050491802,0.17497475,0.009036435,0.08065601,0.022288632,0.651634
865,2184,a47b7ffb45382440a0b0de35d07cd721933c127947ac7c194ebd1e5cd1a6ddf8,,1,False,False,5,0.357284,0.09555757,0.7414344,0.02823272,0.08807908,0.26172644,0.003767748,0.357284,0.008634737,0.25227526
867,1082,f44a15dbbef79e62a454dde5fe340e22438515d635766853608d186f14fd25d4,,1,False,False,7,0.4002415,0.20150588,0.8216671,0.06702577,0.19797467,0.19873561,0.06506722,0.048898306,0.022056969,0.4002415
869,55,1f4c606f99c42d3886b5acd6084367baf1f302c1e7efc0270d2194c2f3e752e4,,1,False,False,7,0.52525324,0.23971155,0.6427611,0.005320707,0.041728064,0.28554168,0.03920063,0.09277399,0.010181695,0.52525324
870,1787,c71330ce3e9c876ee159106e4d3b0087ceea2ec7db5ea5dec61ae241161d9e99,,1,True,False,7,0.37528855,0.086732864,0.79869866,0.018855354,0.08815245,0.28855568,0.015605371,0.08657332,0.12696928,0.37528855
872,992,6fe2fb4fca5f76847662989f00880535cce267e61edb67510dfd1add283df36e,,1,False,True,7,0.37394214,0.050823927,0.69248617,0.00301519,0.3231182,0.110107966,0.0024610485,0.18161511,0.0057403706,0.37394214
875,3288,773e13ad79406a1c2648a98224fd6f0a997ece26d48e19b4ff716de06f5be7b3,,1,False,False,3,0.3761552,0.049325973,0.77160144,0.01728476,0.076460324,0.3761552,0.0143054975,0.072572604,0.11639237,0.32682922
877,511,80f6b1129098a900804f72e7a5368c236964c06fea41c15598e1888d466b08a5,,1,False,True,7,0.59799993,0.395506,0.6384403,0.06088755,0.07001632,0.20249394,0.016637022,0.017332675,0.034632593,0.59799993
879,2487,3afa62941ee9c71dd72e685b418965dc3fdc54a30ccb4ec4aa435bda034a748b,,1,False,False,2,0.38967103,0.014203221,0.6657783,0.007154941,0.38967103,0.16252683,0.0059209107,0.04556905,0.013689447,0.3754678
880,4443,3de7e09b964620e1a9b7ef47180cd02dd84cd01f47c440f575bfc9069235d769,,1,False,False,7,0.28072926,0.020339757,0.8533314,0.023038702,0.10232749,0.21771778,0.019067712,0.09672959,0.2603895,0.28072926
881,1734,c56c206093291e7969391048a9c760f36f9b31ed9a997e7eca2d12e19f5d779c,,1,False,False,7,0.5809315,0.3765877,0.61482304,0.008299459,0.13628529,0.20434378,0.007125352,0.047132835,0.0158818,0.5809315
884,898,2e0d662fbc7a25652c9ee5d35ecc52051ca2c41c2ed6dff82579cffac5d84f00,,1,False,False,3,0.603956,0.4430132,0.6053606,0.006506332,0.13012022,0.603956,0.004770144,0.1609428,0.011037603,0.082666904
885,1828,643453669c4731e30e64088bcd50edae5c89ac16cc287ccaf23a0ede5a5b286b,,1,False,False,7,0.701235,0.5601921,0.5136046,0.0029789063,0.038356036,0.14104289,0.0024544077,0.079674736,0.034258068,0.701235
887,1375,490cf33ff2003dd43278d6a16f890cec58519bd7c3996f99d1ce3406f269bede,,1,True,True,2,0.4580514,0.1938709,0.68287414,0.0048269993,0.4580514,0.11470558,0.004001878,0.14498456,0.00924906,0.2641805
889,1923,d20279fb2072d84d2397f40bb8b991f8aa0ef42d37350f564fc7ca5a8f0f7e49,,1,False,True,2,0.6919129,0.5522795,0.5215459,0.007686247,0.6919129,0.13963343,0.0063596736,0.03486261,0.01473531,0.10480987
890,2983,d606fa93b5691146e80f07f891a49461acaaae92b9a4fa4ed5718198d2c5f9cf,,1,False,True,2,0.53830415,0.34860092,0.67039895,0.01296473,0.53830415,0.18970323,0.01073009,0.054572217,0.024808709,0.16891682
892,2207,5d9020a5c9048e16ea4451efabeea689970595b4ea5716d6271c03e0ef7a30f0,,1,False,False,7,0.39434013,0.13889325,0.78216255,0.009442178,0.16960184,0.25544688,0.028391698,0.105029926,0.037747376,0.39434013
893,2290,1fb2af05b9cca8bde1d2df4f7e79df77d78e8017c1947033aa2796dcc8d26217,,1,False,False,7,0.5218613,0.17195243,0.5878319,0.030479971,0.054285366,0.3499089,0.004293752,0.029242905,0.009927811,0.5218613
894,213,3c473678628878fe9985ec58a1fb7e665b0e166b4b23cb4782f2edcd836df584,,1,False,False,5,0.24969918,0.013004571,0.90882415,0.13792811,0.2366946,0.122032054,0.010729904,0.24969918,0.08729576,0.15562041
896,400,430a10ffe2e0bcf943a72044e9f8ff8f27a63edcd72b3bd5fba1c394ead9a914,,1,False,True,7,0.54484534,0.27565387,0.58772147,0.004458613,0.0266004,0.14275052,0.0036537559,0.26919147,0.008499913,0.54484534
897,3096,fbb1215c1c02a56b0fd4583b120bfaf2e511e1fcd234abd7f923536d171d5240,,1,False,True,7,0.34571612,0.10717459,0.8448322,0.023038723,0.10296004,0.23854153,0.019067727,0.1155581,0.1551178,0.34571612
901,1352,846cd0a35ac8cd360e4126deeefa0d98c4f9e27fb884d4b12b5f940761bad6bf,,1,False,False,7,0.5454571,0.4086638,0.7065949,0.011524533,0.13597018,0.1367933,0.009538132,0.08311687,0.07759988,0.5454571
904,223,aacc1a92503d813673d4ecc3fe264470e501d0674cede160469083fc1c047fac,,1,False,False,7,0.4872737,0.13519633,0.63252074,0.011527889,0.054652702,0.35207736,0.0096537005,0.06275879,0.02205587,0.4872737
905,11,b4cd3738365b3e6f39b22bebdae0fb9d4e4654ee27e8fb777752350369021960,,1,False,False,2,0.3657732,0.12941258,0.84829634,0.012202072,0.3657732,0.14168018,0.072207704,0.089614846,0.08216143,0.23636062
906,229,0b16782153f780d376a5b10292ae49e4c067acbe18e0946823b2c321d55ba236,,1,False,False,5,0.39053154,0.06449264,0.7139839,0.008686948,0.15860894,0.09234276,0.0071541406,0.39053154,0.016636746,0.3260389
908,177,eeb68f50eee808ca4dd0ee6ba79e949e85f2437c98e98e78da884f433dfd8f2d,,1,False,False,2,0.4431953,0.22620012,0.7137515,0.0082986215,0.4431953,0.094297685,0.0068741944,0.21286406,0.017474968,0.2169952
911,1668,cc3eeb6ddfe08811464df039fb0eb3ea38fbd94789e9471092b58121a3936b29,,1,True,False,7,0.30940223,0.055259973,0.8135315,0.012971733,0.21611443,0.25414225,0.010735816,0.05446692,0.14216661,0.30940223
913,489,712a4a35dd1803d843a52f2de9df298dc8117a98a34968ba036397eb1cad29d5,,1,False,False,5,0.34906134,0.023347944,0.74785066,0.010374869,0.149984,0.13638134,0.008631324,0.34906134,0.019853694,0.3257134
915,1279,da1642d8962db13f372637f4dc86abd872a5961061999e982ea5b9875162f473,,1,False,False,7,0.5126603,0.27675357,0.62473357,0.003051821,0.02572432,0.19999628,0.016867112,0.23590675,0.0057934653,0.5126603
916,3758,eb5fab10527a24496160b29556beca93eb67c79b0bb8ee8b1a53557d0610420c,,1,False,False,3,0.31406885,0.048581332,0.8169279,0.010373681,0.26548752,0.31406885,0.008621333,0.074651256,0.16987196,0.1569254
917,1613,ab52b6ca65a9a99fb7753b9024714d7c269d3db6a4edb70fd54a5f2712be100c,,1,True,False,7,0.6393878,0.42885065,0.56778747,0.006355611,0.036519166,0.21053715,0.063103765,0.032064617,0.01203186,0.6393878
918,1691,e383a0224ba6f771d0494acfa0e8dd1c5b734243e895debe000599b76ea0d97c,,1,False,False,3,0.54916763,0.33131075,0.6331972,0.004951235,0.21785687,0.54916763,0.003993837,0.113209486,0.009428106,0.101392806
919,1620,3dec8ec0f807aa5992f03db15d0c61c2fb3b2c841927b17620cc06ad6b4eeadd,,1,False,True,3,0.30361181,0.011874944,0.74036926,0.009907192,0.28854004,0.30361181,0.008177786,0.07911773,0.01890858,0.29173687
921,878,78ffc0aa55e1334ffe12df6f7cd798f7f8d59546ddee4cc139590abd6d51e33e,,1,False,False,7,0.57689357,0.32078043,0.58432263,0.00249549,0.09578978,0.25611314,0.0020797802,0.04959466,0.017033564,0.57689357
922,839,87eb690c9b2bc4860b59d6aa502b98cc3f2cc81e64cf7e767688ad86cb3dd220,,1,True,True,3,0.4269375,0.17828007,0.7360264,0.00798088,0.1152034,0.4269375,0.00662652,0.16465949,0.02993479,0.24865742
923,727,c2be1ad6439f9610e47a7169c4b6d8b1bdac215660792d1808d765e8598c9795,,1,False,False,7,0.4458175,0.093217015,0.6355326,0.02440406,0.35260049,0.14504157,0.0034348818,0.020759648,0.007941853,0.4458175
925,1105,0d82549bf867be024725af9c1e4adfae3e605b8722395e0cb66bd7ba7e2e5556,,1,False,False,2,0.2707687,0.0050455034,0.84443617,0.01745041,0.2707687,0.2219704,0.014303994,0.093414076,0.116369195,0.2657232
926,1211,1ef54be051bc2ee88c44d03d64cd071975fcc70c116494aca9696d3ee800b407,,1,False,False,2,0.6917537,0.5538609,0.5331517,0.005332059,0.6917537,0.13789281,0.030055283,0.030758815,0.0101819355,0.09402542
927,3401,d9d8ca13287e3617fb193e248f03dc6977dced2a97415a3adccc04ec454b3663,,1,False,False,7,0.22065027,0.010122225,0.8716062,0.013887254,0.21052805,0.18553911,0.011444331,0.15111893,0.20683205,0.22065027
928,1238,bb2e48c4f15c8f5a485a9a23b0847bf2629b79a87b70b0b90783a9ae363b0a76,,1,False,False,3,0.6070069,0.43907598,0.6010717,0.0054777577,0.09812754,0.6070069,0.004519698,0.10644968,0.010487465,0.16793093
930,3086,0b7f4f1abab00005873509fc195fba308833e56120a1574952d190954933a811,,1,False,False,7,0.5804396,0.3874039,0.65807605,0.012967873,0.057595465,0.19303574,0.010741079,0.057882108,0.08733807,0.5804396
933,1358,2293d94f1a9535562e6e0505c38cd7195ddd2e70afdcc22e4afd38f1fedb9e03,,1,True,False,2,0.5164567,0.2934214,0.6465384,0.0031493704,0.5164567,0.1357577,0.002602427,0.112860285,0.006138142,0.22303534
934,1312,708c7496f4ce3411bbc6991e84f87a6b27ccd69c25d4571ef1ee2ba926f452e9,,1,False,True,2,0.5684438,0.32440916,0.5944977,0.02529712,0.5684438,0.12836196,0.0019331885,0.027437683,0.0044916226,0.24403462
935,3220,bf65b15e18f2653b57cbddf8f833c77e8421cfa1231f109d5e139ca576610f8b,,1,False,False,7,0.59400964,0.2760345,0.5124327,0.004825651,0.043813895,0.31797513,0.004002579,0.026115479,0.009257658,0.59400964
936,322,17f57078cf34f06c18139ee41a40b323b11ae23ce217b0f4e8a9fbc5ffba6fea,,1,False,False,2,0.6416112,0.48763263,0.5619942,0.004428286,0.6416112,0.065988585,0.0036539705,0.121880315,0.008459088,0.15397857
937,2235,57852195f1c1352726bc78133771bcde30270ee64f71758c7a3cdd6d341ea7f3,,1,False,False,7,0.4498836,0.21869764,0.71643573,0.0044162204,0.19508025,0.23118597,0.033903297,0.07671992,0.008810716,0.4498836
938,1722,88a66557567c1c2032e98010ac3b26a0ec86e797e910c1930b248fb81e650c46,,1,False,False,3,0.6775356,0.5205767,0.52999455,0.0067275045,0.1569589,0.6775356,0.005541692,0.039026715,0.012807603,0.101401955
939,1703,e8bdfb32bc8435995b8537ea0dc5e674d54ed39fa0d71f69d49eb55e93877418,,1,False,False,7,0.4822648,0.1503675,0.6235985,0.004240052,0.12472211,0.3318973,0.003504664,0.023879522,0.029491564,0.4822648
940,3376,a04cea0e35653db305f3f86bb6f30c3f76a2ad05e347094bb19243c26f7a1438,,1,False,False,3,0.4303472,0.17457065,0.79024005,0.09012573,0.065337636,0.4303472,0.010738424,0.060257692,0.087416776,0.25577655
941,2206,69a54b731be95d94f7046f81fd01d05c783b725ef4f819dd4cec8224d3f1e237,,1,False,False,3,0.5374248,0.307251,0.67620003,0.009880454,0.09514561,0.5374248,0.008177412,0.052297756,0.066900216,0.2301738
942,2237,01dc757feb1e7c6adbb7b9dfd6389d7f0b02e7552a25a8b0dc287c4f592be513,,1,False,False,7,0.32165647,0.09765242,0.8562414,0.0840294,0.09338972,0.22400405,0.0037348687,0.19741806,0.07576742,0.32165647
943,1044,c318fdffad51ac66300698bd869dcb97961e54d607a6c0b36faffb9d8ea37adb,,1,False,False,7,0.52893776,0.22120282,0.6294554,0.0050611016,0.028427938,0.30773494,0.03883063,0.024572331,0.066435285,0.52893776
946,565,800170019b67c0e3af4c8e201181a3e29139d88bff7886ed78d4628d327a068a,,1,False,False,7,0.462199,0.19998851,0.70057136,0.027479004,0.024574075,0.17911826,0.037421647,0.2622105,0.0069975136,0.462199
948,2239,7db0511ca1926dd78177b14b1ef3d04678d9cc8bb8641b721076b66e2bfb063f,,1,False,False,7,0.5106663,0.38211557,0.75001556,0.004251253,0.11030775,0.1277792,0.03355517,0.12855074,0.08488961,0.5106663
949,1660,5ea8df1de5e8c38a23138eaba3af1247b278998d74dbf8f40603005ec4c2203c,,1,False,False,2,0.39908162,0.11264822,0.7538249,0.017282529,0.39908162,0.17555207,0.014303677,0.07427623,0.033070445,0.2864334
953,2354,dd6e4913677ff22fac4c9ec956ef9e906758287d5b7faba8a26c30547d2469fc,,1,False,False,3,0.5221371,0.23622677,0.62007,0.005323286,0.055303704,0.5221371,0.004403451,0.11673232,0.010189758,0.28591034
954,1531,d32f32989ff2baa25d0981ea0b7cfe1f47664cc509916e3805540cc1a63e90a5,,1,True,False,7,0.29451472,0.057898983,0.868171,0.012205531,0.058014408,0.23661573,0.087870054,0.09644321,0.2143363,0.29451472
956,2078,21034320eccb6e66101d94f82a890711d77650e8a4f2b424e9f353dc11d3ec25,,1,False,False,3,0.45803452,0.0867883,0.6092372,0.0034606343,0.04778584,0.45803452,0.0028739814,0.109148175,0.0074506667,0.37124622
957,1396,841ac2a342434286ee9135b71403fb48bc0c3a4cb42d8ebe0bb02f4a39641c20,,1,False,False,7,0.4107743,0.11829463,0.6691978,0.0043404303,0.03015352,0.29247966,0.0035801781,0.23548834,0.023183566,0.4107743
960,779,60fa8bdc45e90b305afa015f708f4242cc7c53907ef76c70f3d18cd5bc3ff75e,,1,False,True,3,0.36833346,0.0571678,0.7949993,0.025922999,0.11467366,0.36833346,0.021454763,0.10884281,0.049606662,0.31116566
961,8,a6e0d3c396618284a9e9a236dd5108d5ecf829501ed2adf7fd02d2d968fa7d07,,1,False,False,5,0.3092929,0.017657101,0.7447347,0.0063139633,0.2358678,0.1401214,0.00505124,0.3092929,0.011716911,0.2916358
963,2247,5d6e57c7cbaf0af2eade99bdf11bb76dd22aa0a583bcb7907abc42a57f963ae1,,1,True,False,7,0.72843224,0.5950512,0.49357423,0.009878105,0.05773809,0.133381,0.008175491,0.043493066,0.018901987,0.72843224
964,776,fa15bb48a77fedfb015d2525597dcddfde63dfac8c7ede8a906c95ab3552b325,,1,True,True,2,0.59356076,0.41217393,0.6087874,0.00524596,0.59356076,0.14446053,0.0042968513,0.026733128,0.044316024,0.18138681
965,698,3dfe9ea2afebb8ed2db2f64392b63a8735b0bf03a1f0131281282f3c30179489,,1,True,False,1,0.24481684,0.006459117,0.839659,0.24481684,0.19622034,0.13642232,0.00074194523,0.23835772,0.010362981,0.17307785
966,4173,bffe045cc326b6b3d2922c598e0e100fa6e8b494568db1f45741b17f6ddbc063,,1,False,False,7,0.36291403,0.12172149,0.83303654,0.023039874,0.10191722,0.24119253,0.019068666,0.096735075,0.15513265,0.36291403
967,267,cae7c068d5579c1d294170b58e470cd253e37b4d7cfcf14fc4c063c7f32e8130,,1,True,False,7,0.32666233,0.10951519,0.8486001,0.020740312,0.19153604,0.21714714,0.017165428,0.08708169,0.13966705,0.32666233
968,1306,4faa787cd4947e943eeae36a5a002d8ba6d9d5042748a17621b7d095576aeabc,,1,False,False,7,0.7110089,0.53403944,0.4871725,0.006287361,0.027967917,0.17696945,0.0052694557,0.03016001,0.042336855,0.7110089
970,2251,d54719bdafeb621c89f06f1f3d30361b622496b53be56c209e2f3cdc66ed9e04,,1,False,False,7,0.625875,0.42487395,0.5736943,0.003057786,0.08162614,0.20100103,0.017231008,0.065357335,0.005851669,0.625875
973,2459,b74317375bcd801525aa6428bce78d3c742bf7fe2c8a5b1b7c5384335da5b98e,,1,False,False,7,0.42780447,0.257513,0.7983814,0.012997485,0.121704295,0.17029148,0.011013238,0.12649655,0.12969247,0.42780447
974,3118,f34d9eb3bd38f8bc5aeef7673cc6e9f1b502f8d1eeb02305b75dab619e45031d,,1,False,False,7,0.33124468,0.074168384,0.8617335,0.08182926,0.14895348,0.2570763,0.09689143,0.06929325,0.014711599,0.33124468
975,733,df23a01d9f855c2ec6e2fa70fcb04704735ea5df17470a0b037e66cb70854fb9,,1,False,False,7,0.4534851,0.30262136,0.8153549,0.11579654,0.1491441,0.15086372,0.040357806,0.04234302,0.048009716,0.4534851
976,124,3951096ae228622f37b4886d60747ac6fdc95fa5ddf09c9c389316bb84e528d7,,1,False,False,7,0.34914303,0.033854693,0.73028827,0.0034588852,0.088054754,0.31528834,0.0028688635,0.2081199,0.033066288,0.34914303
977,28,5f4269c5161e02a90fbd7950b64666f4c739e05bc3c36ec5c7a0d96489682345,,1,False,False,3,0.49240938,0.2566464,0.6796766,0.0018702059,0.137414,0.49240938,0.010672466,0.10778377,0.014087194,0.23576297
978,2674,e802c4d998a090bf9bbbadbcaab425d04287d04e595c9b2859e81bfed0c46712,,1,False,False,7,0.36232805,0.09788051,0.8195571,0.05289026,0.119785495,0.26444754,0.0071541723,0.05186168,0.14153282,0.36232805
979,702,11cf7a2ac26ac9af26b6e4cbef6bb1a96c5264cc814f02a52cc8e27c75c5b5b1,,1,True,False,7,0.49802715,0.2808986,0.7387147,0.023039587,0.1019158,0.21712855,0.019068433,0.09673372,0.044086803,0.49802715
981,1539,ffff810257732121eabb9c5c9bf4e7e728c3b0167f2c26f8539b5fac917a0bdc,,1,False,False,7,0.4266064,0.2207076,0.7534347,0.020323845,0.18836808,0.20589879,0.02866716,0.12653542,0.0036003157,0.4266064
982,1905,929cd41b70322d1904eca653526d6982a475f5e0fb04da0e9536625263890c60,,1,False,False,3,0.3421433,0.057272285,0.7347795,0.056610752,0.284871,0.3421433,0.0036538388,0.040692985,0.008447969,0.26358017
983,1441,3ddfbc568a8b182a071cc6e906c40b2beed8d56eee3efff90880e27100cffc57,,1,False,False,3,0.5714657,0.3299973,0.6280522,0.0014047327,0.0550814,0.5714657,0.026211755,0.07796547,0.026402658,0.24146836
984,680,abd8d02e4ed29a21582a128016593262e16bd12faa5a7573e32b1a5d4d625881,,1,False,True,3,0.40249586,0.10879627,0.7198669,0.022870826,0.055182252,0.40249586,0.0027725874,0.1983681,0.024610803,0.2936996
987,3132,085e0da8ad6ffc38288deafaa44720f0fbeb6656fce4ac231c14e0174fa0c721,,1,True,False,2,0.24638894,0.033119902,0.9129983,0.014815875,0.24638894,0.18993919,0.083675966,0.15214819,0.099762775,0.21326904
990,152,9607f6c31b659ff2d166b708c6dd163f5087a31cbc905b70ddada9d89c8c4c5e,,1,False,False,7,0.4610276,0.17568788,0.70871276,0.014816642,0.13221875,0.2853397,0.0122628,0.06598182,0.028352717,0.4610276
991,1481,f799477bd939f9c8b9fcc60caf3b8489b916e9bede370a7f2461e306249f968c,,1,False,False,3,0.5514626,0.3704008,0.6546388,0.0017790238,0.09036058,0.5514626,0.018193195,0.18106182,0.0126666725,0.14447613
994,2943,1814b691f44c7e5c869d182d1e4ced4971db52d984e996becac7e3f11bdcb0ce,,1,True,True,7,0.56205946,0.3103031,0.6466078,0.00768518,0.035389584,0.25175637,0.04339423,0.03645301,0.06326219,0.56205946
995,2188,994c1e58bf4d9ab25a65e768a24c6ecf7ec82f1cbefbf98b55492c2f916d9063,,1,False,False,7,0.4395539,0.1539672,0.74212104,0.009940258,0.06578617,0.28558668,0.05578712,0.121860705,0.02148515,0.4395539
997,1782,7fbf98461f021139a7b004d66b948d87ebd5c1bbe28a2f66fa8c9c178b6fd8e1,,1,True,True,7,0.4529212,0.027032614,0.56544065,0.0007626738,0.026335735,0.4258886,0.07383725,0.018736986,0.0015175928,0.4529212
998,2169,15815bda3bcc05420f52e7291bde2b01e77338889509de447eb1657f2c97092f,,1,False,True,7,0.49080375,0.09891218,0.58117306,0.00901997,0.04351407,0.39189157,0.0075460407,0.03996442,0.01726017,0.49080375
1002,2270,1324fd87f91b5708854e1b72e14304580a96a41c38bc1d2130b93fcebb9acfb5,,1,False,False,7,0.40879422,0.13244337,0.7472975,0.013169096,0.1450599,0.27635086,0.010729413,0.12108974,0.024806783,0.40879422
1004,1914,1bc07f67aee30fbbd621144c8428fcd95e5f7b1a356c2198b9cf22b6841c5179,,1,False,True,7,0.48591846,0.31184036,0.7591183,0.056447584,0.103009395,0.13131242,0.0028624816,0.17407812,0.04637151,0.48591846
1007,297,33103cc446df7aa13e90a8566818a52942b865838acac9ee0e9b4454f8f974a1,,1,True,False,3,0.59089804,0.40422896,0.60217553,0.0018256531,0.10534118,0.59089804,0.010287327,0.10149226,0.0034864848,0.18666908
1008,2219,90c0b23f2b8a3ea2adde02e925f4aea3feef3b8707c1e6638866d8fa24a5ce62,,1,False,False,3,0.52805364,0.20830041,0.60760653,0.0043743104,0.06976538,0.52805364,0.024979202,0.044749934,0.008324323,0.31975323
1011,1970,54f9d82f5e941400d2e05f8a943f9db44f796bfb6b2a113b0ddcb85192cdb24b,,1,False,False,3,0.5252708,0.330406,0.68076295,0.007981785,0.041037247,0.5252708,0.0066059916,0.1948648,0.059573773,0.16466556
1012,883,0fe751ec0ef6d5d2bf0517fe1166ff22077f4c78c7d2b57ade1179542949e961,,1,True,True,3,0.5252982,0.33043668,0.680748,0.00798179,0.041038837,0.5252982,0.006605996,0.1948615,0.05957352,0.16464019
1013,370,8bd137ab9fb154a1bc50d17450b87f31f1b5878aa8587b64f40d7b365e72e067,,1,False,False,2,0.5055479,0.2983842,0.68306625,0.02100311,0.5055479,0.047985,0.02068441,0.2071637,0.007139002,0.19047683
1015,998,0deea49d1b6c0e90054cf490b2a5e0ebdafd054b061ab500d5db9562add842f4,,1,True,False,7,0.69685036,0.5201331,0.5121714,0.0014953173,0.033501964,0.17671728,0.023282481,0.043580323,0.024572317,0.69685036
1016,648,50b65a6be8910be25e98af60a576d2d6b4d7d758f2112265dc45d06d8e51ec62,,1,True,False,3,0.39906263,0.01439333,0.70337945,0.017285874,0.07878946,0.39906263,0.014306409,0.072808035,0.033078235,0.3846693
1017,166,29ae9529556e1ec6c293c875970e60de3e462544ca256fa950d99488ce6e7191,,1,True,False,7,0.5705984,0.39366147,0.62126225,0.002971911,0.06484724,0.17693695,0.0024543852,0.1623734,0.019817693,0.5705984
1018,2275,8ed23e645ed700c6d48cca782237330d081bdb799ff2475519b9e93a59a6f33f,,1,False,False,3,0.5695705,0.40265644,0.6737388,0.002359111,0.0987413,0.5695705,0.070191674,0.07628711,0.015936263,0.16691405
1019,2276,818637a5e24448b3549c47f26ebe33e0804de10275c9c1d8c98d36ab275cea04,,1,False,False,7,0.3898528,0.026278168,0.71039325,0.013829242,0.06232425,0.36357462,0.011445585,0.13251032,0.026463235,0.3898528
1020,1053,c957cde213695b62bec0a78ad3eb4968711a00afc0d3f36e3b208cdb30094e1a,,1,False,False,3,0.5346524,0.17260605,0.55092394,0.006078474,0.033376355,0.5346524,0.005724816,0.045797184,0.012324369,0.36204636
1023,894,fe632040d83d16fda2a0a96b12bb4c8e1b1b6bcedbbc5bd3734268462344970b,,1,False,False,2,0.38469744,0.108594865,0.7620333,0.27610257,0.38469744,0.043172896,0.0018079665,0.14082287,0.015079406,0.13831685
1024,2279,479ca53350a3c3a2922f54b0659f109977dddd41004ca28e1019963da8cb7f73,,1,False,False,7,0.4410697,0.23888437,0.76847804,0.02073672,0.09172885,0.20218532,0.017162498,0.18743685,0.039680056,0.4410697
1028,4442,8db626cb1ba9fa89c8ad00c4ed4a5d42b32b5eb0262c5e2b221760e9a4e4fc70,,1,False,False,3,0.29018047,0.058691666,0.8546606,0.018920802,0.19141734,0.29018047,0.015635129,0.08512941,0.167228,0.23148881
1029,1876,5ee45d82a2c4cadbd26e4d7e8ebe08cbcf3b4e1966966984b21e81b507da4dea,,1,False,False,7,0.44041228,0.13992229,0.74182785,0.03768357,0.0822368,0.30049,0.05295741,0.07884695,0.007373031,0.44041228
1031,682,6c820cba5521bf673eb33ad8e1f5cb8c75ab4baf81cd5235a0f7fa38f32ba60d,,1,True,False,3,0.2943666,0.058191,0.86231154,0.0834455,0.13918884,0.2943666,0.032353804,0.19952002,0.014949661,0.2361756
1032,2293,6cd9e9e8bbf9e8a34e76e7014d3d009b6cde13eef46c87f080c1a1489f3ef687,,1,True,True,7,0.38001418,0.06059289,0.7077809,0.0030526659,0.19219376,0.3194213,0.079990484,0.017974893,0.007352752,0.38001418
1033,4368,b83848fd1acd93c0f2763abf0d6954a7272a7ba36ed8219c58e3be8cd2f9b882,,1,False,False,7,0.33987692,0.057969093,0.81059104,0.011593571,0.05172879,0.20026974,0.06510989,0.049513195,0.28190783,0.33987692
1034,104,167e2976aea1c8a11f60e69266a0ac7392f31d50602681cfe936df62293f00c6,,1,False,True,7,0.60610986,0.39305374,0.5263565,0.0020622557,0.16162944,0.21305612,0.0017009245,0.011493774,0.0039475965,0.60610986
1035,2250,c6721f12cda9a022f3ee98fc25b4f2359f31d6f4faa7c3d61e03de910d3c281e,,1,False,False,7,0.31108046,0.067468524,0.86265874,0.025916208,0.114640005,0.24361193,0.021449246,0.10881094,0.17449129,0.31108046
1036,1083,780a06403423cf7d9363dca9cd80a372aac013005fc1ba9e579305f70fbd3188,,1,False,False,3,0.52302486,0.39307448,0.73484284,0.10469421,0.12995037,0.52302486,0.001743438,0.078093804,0.034522012,0.12797137
1038,2244,3ee4f9fba16c3885722585ed1cff425620cc50c2b293e39aad80b000b0de332b,,1,False,False,3,0.50545156,0.25935096,0.6893101,0.0056424574,0.036065202,0.50545156,0.08568995,0.2461006,0.010731885,0.11031834
1039,3082,79c4983123fb3d9ed10d68ca3f1f762e1578f8eaab9d7be59ff9d5e34da9f3a9,,1,False,False,3,0.39301717,0.08139461,0.7650752,0.020738201,0.091736205,0.39301717,0.017163707,0.12603861,0.039683513,0.31162256
1040,332,5e291bf316e2012221089dfd6416fa006ded382318d3753bdc1f206396180813,,1,False,False,7,0.45570418,0.08936244,0.6256013,0.004513182,0.08820983,0.36634174,0.003750468,0.07284659,0.00863402,0.45570418
1042,274,3569c68773cd7d145d1bca1f90144a733f56df282ab2ff79bdbf7ea050ffb325,,1,False,False,3,0.3387892,0.038511723,0.817603,0.020736538,0.09594339,0.3387892,0.017162347,0.08747247,0.13961864,0.30027747
1046,2291,a4724bf4b808a38315c913f957aeac58ba161e430fa2cd592ddb7154e4ea7e65,,1,False,False,2,0.25980106,0.008365154,0.85825205,0.02073731,0.25980106,0.2241668,0.017162979,0.08706752,0.1396284,0.2514359
1047,4574,442d35f9a326249a154bfd1c7b805bdbcfbe994ba12b5ce6af924ba74680a446,,1,False,False,7,0.3567717,0.05291018,0.8011766,0.08666488,0.1440521,0.30386153,0.012517649,0.06778086,0.028351251,0.3567717
1049,3797,73cf2c103a59e74ef206b4f4e2c4a662eeb5093cc9df5413690b988da3c7fdc0,F0011,2,False,False,7,0.3519546,0.119116455,0.8258753,0.018853333,0.10722883,0.19224373,0.015603727,0.08127767,0.23283815,0.3519546
1051,2316,d44934b1780b23b79aa458422675d35d38939e7cef91ccd72e125ad3afb6826e,,1,False,False,7,0.42155623,0.017852753,0.6286252,0.005320718,0.06395536,0.40370348,0.004449937,0.090591826,0.010422428,0.42155623
1052,812,d82c306ddcad28feef23410a1928a808e937bf88075d18263ac68cb0ae39eb7b,,1,True,False,7,0.3373504,0.029784173,0.76312727,0.004159097,0.1612624,0.1383001,0.0034355128,0.30756623,0.047926262,0.3373504
1054,3685,2d79fa0b3364dfb8aea3406d29eba1b49d89ad191aa251fcbb09ff522f8d9390,,1,False,False,3,0.43537232,0.16068721,0.77296233,0.079623625,0.056239594,0.43537232,0.010101865,0.061768554,0.082208924,0.2746851
1055,1265,2cfd4d8afb90aa049d3ff5f18353a1e9af82270d313aa568325b2c8f386d97c8,,1,False,True,2,0.36548448,0.09170595,0.79395896,0.13118435,0.36548448,0.124729596,0.0055390056,0.08644037,0.012843666,0.27377853
1057,2107,3630ff220800599a0124c7c993170abecf7f298fc8c9d9511d40871c9898c619,,1,False,False,3,0.4991568,0.1965014,0.6533207,0.005158131,0.0772989,0.4991568,0.004089106,0.07531225,0.036329396,0.3026554
1058,2788,f5d805e0284c97b66ad5248d3b850ba6dcdc1798f1b369b6e79cd66187f4b693,,1,True,False,7,0.2845475,0.003032416,0.8030451,0.12002141,0.2815151,0.23893164,0.0063598678,0.05391985,0.014704589,0.2845475
1059,1518,dda2a4a780a55ac45cd937d92aae6b78e0e6dbd5c5a330394a2ffe725062037c,F0012,2,False,False,3,0.33784282,0.064641595,0.7803213,0.010508165,0.06473705,0.33784282,0.050181642,0.27320123,0.019945234,0.24358386
1061,2326,87dc91e5da854d293a2bbc805be8e69ea1f760f2f1a01388584e117c78270d8b,,1,False,False,7,0.55737966,0.39160037,0.67523503,0.052359663,0.042883817,0.15523396,0.007467995,0.16577928,0.018895648,0.55737966
1064,1606,3e9757bc82f9dbd2f72ef383ab0eaff9244558f0a13f43cdaeae7e3d112e77f7,,1,False,True,7,0.5301716,0.16258153,0.53685087,0.0026730213,0.044438332,0.36759004,0.0022089847,0.047661945,0.0052561113,0.5301716
1065,3509,ed9587c0b6b4d2faaa66c38b3cfbd7ca67272b44d60793bd633d436a9cb8a81a,,1,False,True,7,0.42246625,0.21647833,0.8202453,0.018852795,0.10371901,0.20598792,0.10646548,0.10643332,0.036075197,0.42246625
1067,1165,d70c4472559e7d6b3315cdd41d34ee0892c31ca774e8befafd7275179de8175e,,1,False,False,7,0.59003925,0.30459437,0.55965286,0.018700559,0.009203791,0.2854449,0.03830435,0.0553639,0.0029432056,0.59003925
1068,3359,096fc98eb70bf2afe38c6971bee1e7fd36644141332054dbc8d9d270b747e4fe,,1,False,True,7,0.49332806,0.2801776,0.73908174,0.0423695,0.05228825,0.21315049,0.0057271547,0.06709861,0.12603796,0.49332806
1069,4313,0522fe692798714f0ce0430a0e4b1dab8389f11e19278df58faa9b4dc5066e4f,,1,False,True,7,0.43729866,0.118594944,0.72126484,0.012966151,0.059200164,0.3187037,0.010731248,0.07267608,0.08842394,0.43729866
1072,3332,6c9d8c9f419ef00c6b2fed9f6b4aa08aff22a7e5e543e21e0cf560ae20f19ec9,F0013,2,True,True,7,0.48083958,0.30340096,0.6903294,0.002271586,0.15937576,0.17743862,0.0018779184,0.16000158,0.018194983,0.48083958
1073,353,7afb2c5c4a8e70ddbee0ae804c269611e0106f29fda2018f91cc894163ef2b02,,1,False,False,2,0.410702,0.1580253,0.7122915,0.004703081,0.410702,0.2526767,0.003816776,0.17253186,0.008824986,0.14674458
1074,2320,c571044ddf70757517b5108ef37b33441cb28108e26b878582b9a98533e44276,,1,True,False,3,0.5414843,0.33612162,0.67183936,0.004035171,0.07685967,0.5414843,0.11977119,0.044850547,0.007636459,0.20536268
1076,1143,bb368442ec81d468804844eda475366a492fc5e714299bdd7f96b81b30cac28e,,1,False,False,3,0.68562937,0.5107195,0.54120743,0.015278444,0.03206881,0.68562937,0.0341695,0.041228693,0.016715331,0.17490987
1077,1953,b4c1ba04af6726450cf88eb34dd7fe325d1bc68e15c41dcd0b8ab8633a392da3,,1,False,False,3,0.38771707,0.06242922,0.72837996,0.009879136,0.048966803,0.38771707,0.008277662,0.05062662,0.16924484,0.32528785
1081,1395,02af7bf8b5ec215729ef34d92b26fbb00486dee1dbc1c3b8f2e5097bcc8ee923,,1,True,False,7,0.4641786,0.31541148,0.778613,0.014815631,0.11570651,0.14876711,0.012261969,0.14451034,0.09975984,0.4641786
1083,2347,ce55b407c2edeeb30446bd2602ec7ee9ec6b4e5b34cf405fe6a439429e89d16f,,1,False,False,7,0.5837817,0.30835098,0.5757461,0.022297578,0.044807207,0.27543074,0.0029112021,0.06386645,0.0069050635,0.5837817
1085,2161,41f4183fa08c53deb4d5b7ba015ffb864aa6005dfff30f06296ffa96e2c5ae4a,,1,False,False,3,0.7232817,0.48933053,0.3924551,0.0013365736,0.012678621,0.7232817,0.0011013958,0.011001005,0.01664957,0.23395114
1086,2492,9c17f7a664b287073ceec47964c1fa5e29c946e17574f68dd2b9e22612af6f23,,1,False,True,7,0.4870412,0.35157472,0.75461733,0.009878674,0.11761343,0.13546649,0.008202024,0.12768275,0.11411542,0.4870412
1088,3416,8fb3e7a59ef731c472603a486beb31b896f389750fac9e09f9932546e9ffe2eb,,1,False,False,3,0.38336775,0.08250764,0.77885145,0.014815936,0.071865514,0.38336775,0.012262217,0.117064744,0.09976374,0.3008601
1089,105,016342f738d6ddfa0c05e1bcf945b7012ae1ecffb7ed509b631ba7fe40abe0ad,,1,True,False,2,0.42735752,0.18153384,0.7399361,0.003058639,0.42735752,0.19056766,0.018431956,0.07170129,0.0430592,0.24582368
1090,990,5bcf38c9aef1f8961159925f4d12358a2472d6cc5012c8d4125331879f15dde3,,1,False,False,7,0.65932685,0.5046043,0.5801742,0.015779898,0.04707021,0.15472257,0.04184818,0.075984314,0.005268025,0.65932685
1092,3056,5417f2ba276c4cd5b25e00cd16bef0cf6882d4c8c4f8f07d04cbc1f84a83d2e5,,1,False,False,3,0.34515387,0.080833495,0.8029608,0.011528043,0.06950723,0.34515387,0.009541,0.18139337,0.118556105,0.26432037
1093,2363,823cba12178ea632ae47c3d7721a371e2e4ff91c2292bed97b631b0008d0e802,,1,False,False,7,0.38618454,0.048495352,0.6606691,0.0045141173,0.04228903,0.3376892,0.0037335176,0.21695729,0.008632337,0.38618454
1094,3162,e7309561a877e5adff13904d0cf4c7d44fff742a6e8729545dee216739170cdb,,1,False,False,7,0.4359778,0.19236368,0.7819834,0.025916267,0.114640296,0.2436141,0.021449292,0.108811215,0.049590986,0.4359778
1095,1910,e7383754cb211ec46df3b2aa52b28f74f53f0f5ab740593f33c384c5f582ee06,,1,False,False,7,0.5394215,0.23976862,0.6214186,0.052294355,0.060340494,0.29965287,0.004909539,0.026052974,0.01732826,0.5394215
1098,2368,de00e31ab98121ecfdd611830619f9f8da5efbced5867839e5139286af53dc7f,,1,False,False,3,0.3849304,0.03233975,0.71437365,0.01982483,0.03941118,0.3849304,0.0148367565,0.16384156,0.024564618,0.35259065
1099,321,5106ceffb0ae19a0e035bbb10d7d26d201bef6a06bd6241191c9820f5b3ace64,,1,True,False,7,0.7118802,0.5130857,0.4596932,0.0056184786,0.042390984,0.19879445,0.0046413955,0.025943069,0.01073139,0.7118802
1100,2855,ba612c57545c9c01880b8b8c0543d54d56f074c9a30ee651a17f8ced923d7813,,1,False,True,3,0.31220016,0.09334779,0.8482516,0.012203729,0.20600908,0.31220016,0.14112781,0.08625379,0.023353051,0.21885237
1102,1091,7d3500e60999c54ca25ac2ac739cc6df97c2ee4fdfd3e2dcf0b28f7cbebbc7b1,,1,False,False,7,0.55585724,0.38840896,0.670361,0.004078194,0.1674483,0.12307552,0.0033678608,0.05818092,0.08799197,0.55585724
1104,1243,d698f17e64f8a7f109c70a1413f6ce8520d0587834f11265ab65b0da34510bf2,,1,False,False,7,0.6209765,0.4060117,0.5869482,0.07611561,0.03273565,0.21496479,0.0059209308,0.03559697,0.013689509,0.6209765
1107,1128,f92f85dfa6e70dca1a960bcd7364bcb85305c8c01e7ba1cf064a60b23ca5b303,,1,False,True,6,0.31768137,0.058658153,0.8212846,0.018852483,0.08339384,0.25902322,0.015603033,0.079153545,0.31768137,0.22629248
1108,532,63536e5f4224de2b731783a2a32ea7f05bea52e211f5144a83e40ba8139c79b2,,1,True,True,3,0.42593896,0.18879957,0.7179975,0.0032622614,0.12445077,0.42593896,0.0026851054,0.18325867,0.023264866,0.23713939
1109,4449,40f63ad7adec1eea12f3951223b838696e74d0addec50f2422771921fb60ee19,,1,False,False,5,0.28643414,0.0025119483,0.8518342,0.008673786,0.04315904,0.18180373,0.0961411,0.28643414,0.09986597,0.2839222
1111,2380,fea327ce310fb8ae6c8b643ff68a9dd60046b6c2f15bd4f26c29bc44516bd047,,1,False,False,7,0.60715055,0.37898928,0.5999356,0.012963614,0.05904569,0.22816128,0.010729179,0.057143506,0.02480612,0.60715055
1112,2382,6f1dc12de71cf7ff8ba2e4524ba9e7ded5c12bcd39cd691e6c5e7f9cb6e97d91,,1,False,False,7,0.40664136,0.04050505,0.6793597,0.0074169715,0.09847103,0.3661363,0.006271579,0.10088125,0.014181523,0.40664136
1113,2292,64914de56bfd2a3a00d51e729f8ad9b9d359486e4fe6758df24a489a0222f9cd,,1,False,False,3,0.49955514,0.16563737,0.5946918,0.0008488638,0.0573995,0.49955514,0.0007014012,0.099263884,0.008313441,0.33391777
1114,2384,92d0c30eb1680c4fb59bc21cbe2e949ec3810476eccad5e51ec763508511a8f7,,1,False,False,7,0.42322245,0.09538981,0.72344685,0.027988676,0.04156286,0.10313614,0.003903126,0.32783264,0.0723541,0.42322245
1115,528,71f5aae78e670717995ecb81dd71e2119bd1da4417269ede53fc5f5ef59a8019,,1,False,True,7,0.5345294,0.3484566,0.7171034,0.025621243,0.08292621,0.1860728,0.08901236,0.073386535,0.0084515,0.5345294
1118,2182,7288053029ab7ca34acc3adc7f14ec0bcb9b0c89d711aae4f9e1e0419c65cfbc,,1,False,False,7,0.51902544,0.27315703,0.6566866,0.0033491096,0.035272274,0.24586841,0.048100617,0.1419765,0.006407663,0.51902544
1123,658,9a03eee13a6aa6c43defb30f505e886298d2cd58beb9aa3985e245fe310bc007,,1,False,False,3,0.4930841,0.2749642,0.72119856,0.009431156,0.108380854,0.4930841,0.0078055467,0.10847303,0.054705452,0.21811989
1124,1603,cbc94745617df68e4488cb8321ffd89922f9b40d77a8f565f24ac75fb35e2f95,,1,False,False,3,0.43667194,0.102299064,0.7059809,0.016003262,0.071325324,0.43667194,0.013204375,0.097893134,0.03052907,0.33437288
1125,288,0eb3e8ee350bf89cb9b517a349bf7c3bcde6c4369607b125dad1f50018344dda,,1,False,True,7,0.5596007,0.26870623,0.6043955,0.01152515,0.05098226,0.29089448,0.009580338,0.055362903,0.022054184,0.5596007
1126,2189,23a7997602695997e387dfd8ee5c13eb939bb53fe8fbf466425b44548938501e,,1,False,False,3,0.65114117,0.48017648,0.5471667,0.0013151596,0.05624996,0.65114117,0.015513862,0.102332,0.0024832347,0.17096469
1128,2991,524aea76fc32328ea4dce226cf9057e7ac66377d30e7fba366d115df2325216e,,1,False,True,7,0.52889836,0.35157955,0.6955242,0.007159555,0.09989549,0.17731881,0.005922568,0.1327262,0.04807901,0.52889836
1131,2401,2a7337ebc1510d35dd394e48a0b41e87b423e10b9f9794fefcd5ad6f580a9a0f,,1,False,False,2,0.4651575,0.2231572,0.74856126,0.24200031,0.4651575,0.11847909,0.0024052428,0.05871818,0.047162563,0.06607708
1132,2229,a00e9ad1a5501148662bc72b7b4e1ef3350c01ee173af16a39ec7b18bc4b6301,,1,False,False,3,0.44523916,0.15447286,0.67488927,0.0038060164,0.1341148,0.44523916,0.0031246038,0.11572814,0.0072209444,0.2907663
1134,2686,22e232f72d8f0ce591e6aba0589b1c3ae75beaae1bc0650d610810748eb3786d,,1,False,True,7,0.47311455,0.305095,0.77257633,0.017283343,0.07960874,0.16801956,0.014462975,0.13113633,0.11637447,0.47311455
1135,1800,28abdc52f3016a06dcd2df0490dd547dd652ae457f7b2bf6c66fd048659ca378,,1,False,False,3,0.49052733,0.11483306,0.5992694,0.021912998,0.0568817,0.49052733,0.0047704703,0.039183285,0.011029914,0.37569427
1136,736,d41a50d6e512ebea6c9d3cd61c4a1a507fe44ea2e3c1d4148825cc9cbef775e5,,1,False,False,3,0.27110845,0.013254195,0.830331,0.012216853,0.099164926,0.27110845,0.010288289,0.25785425,0.10662214,0.2427451
1137,760,6cee308f7a0b113304a495f6ac42f17edec4f6d325b0c0ec0d2d3dad27479f07,,1,False,True,3,0.4391912,0.10648832,0.7098554,0.003148453,0.33270288,0.4391912,0.0323099,0.05826698,0.05142369,0.08295696
1143,20,896b1b041ca5a0911952640696dac7b75cb738001b08d89626467bffaaa95bae,,1,True,False,7,0.48191068,0.13632712,0.6238085,0.005941002,0.085805945,0.34558356,0.0049109557,0.064502105,0.011345793,0.48191068
1144,1832,a9846cc1a7cf4c4eac0a22149da418e9ebeae69f9b29ac8d1b55cad5ea0734b0,,1,False,False,7,0.6334378,0.49435294,0.59982026,0.011523787,0.12983553,0.13908489,0.009537521,0.054529477,0.022051005,0.6334378
1145,1110,3ea64cf110bf74a040f823d645b6be3d35bff43aa3925dc72fa1fd569b17c575,,1,True,False,2,0.5044494,0.3218639,0.70137775,0.008798075,0.5044494,0.13837036,0.02737858,0.18258555,0.0050249854,0.13339296
1148,800,0e187ce89c20f20b902178321346c828024d0ccda86b7e54d9e76fe8e997b575,,1,False,False,5,0.39837506,0.18081316,0.7817424,0.017283237,0.12674059,0.19266286,0.014304253,0.39837506,0.033072095,0.2175619
1149,1427,ac8bd19176a5cd2f13d99ef96f3e990fc75643d1edc778c1f73562f870150545,,1,True,False,3,0.34776983,0.0029255152,0.71787214,0.002471711,0.21022283,0.34776983,0.047746804,0.02959689,0.017347602,0.3448443
1152,447,566732b43c8ac12b8ba236d20d0c2bab484ea1aadaee6083a14fd08781cb7cc6,,1,False,False,2,0.34640458,0.13377592,0.83827966,0.015954286,0.34640458,0.1649512,0.013204366,0.1394326,0.10742428,0.21262866
1157,653,7015a9859ab0d434182d24bb5b08ffd9be70342434f9f2802deea580df5f9530,,1,False,False,3,0.2707285,0.06075336,0.903824,0.10056724,0.11929291,0.2707285,0.0143037485,0.08547756,0.19965494,0.20997514
1158,2430,63b6edc2ccc720e6c452748edb69dc09afef1790faf4840e51195a429b4a8970,,1,False,False,7,0.63299185,0.47466505,0.6074217,0.013828229,0.09858325,0.1583268,0.011459575,0.058349438,0.026460879,0.63299185
1159,508,6c073cd7f1d731c5cb36c596345924d285694ef26e296ca8039f06c98261ccd5,,1,False,False,7,0.43597674,0.19236311,0.78198457,0.025916379,0.11464085,0.24361363,0.021449383,0.10881175,0.04959125,0.43597674
1160,1422,248c498c5a2a3655754c011bbe44a6977890b535a5c1cf9a99e971909bcb7b44,,1,False,False,3,0.57769144,0.32463053,0.5871595,0.0048321392,0.092216045,0.57769144,0.0039950497,0.05896677,0.009237612,0.2530609
1161,2433,bce89512fdade6b3e9874c739efccfacb25d4376390c19bd66b9514fc5df35dc,,1,False,False,3,0.60458,0.35200357,0.5469902,0.0033549997,0.038382508,0.60458,0.0027702365,0.09182634,0.006509456,0.2525764
1162,1359,bf3e34025b892ed0c0d99c11ccd6625fc2c245d2379be5217dbfecf86f689b0b,F0015,2,False,False,5,0.46694845,0.30124915,0.77008367,0.013441074,0.10974362,0.14180991,0.010730575,0.46694845,0.09162701,0.1656993
1163,2877,ba973b37e73c53310ee119203c5328e0f8c09c618e230fe91156ae58fbd70a6d,,1,False,False,7,0.58312315,0.42519486,0.61687374,0.0023632066,0.08549402,0.15312725,0.013287664,0.1579283,0.00467646,0.58312315
1164,2436,fae437bd9822dfac6bfc7b25ad0050ab7b8cda38d33918ae69556098ddfd2e67,,1,False,True,7,0.5918911,0.3835777,0.6241219,0.01541899,0.08880139,0.20831342,0.0021475186,0.038409915,0.05501763,0.5918911
1165,2920,0125f4cd3f38a8dd1ee0e44d60aa3e9b643905de37fcb9fe58f563e377fe20a8,,1,False,False,7,0.3306866,0.13082148,0.83929896,0.01729169,0.076494634,0.17220564,0.014311156,0.18914513,0.19986512,0.3306866
1166,1504,52a77855428d8a39760cd7ff700e6d95d0f60ecd4cfeeeba7db2782482162236,,1,False,False,7,0.5774299,0.42180413,0.6550834,0.052085258,0.14609641,0.15562578,0.0021207065,0.04784236,0.018799538,0.5774299
1168,629,3c3cdb1b844a687c442c99b3b84af2a354af8001c6aa3456ff493cc05fb5bc8b,,1,False,True,7,0.29974762,0.09700289,0.86573094,0.020736685,0.11737666,0.20274472,0.017162468,0.20261136,0.13962053,0.29974762
1171,650,9e38dcd19b8c715361dff7bb8e8343cb386546e93ee9633c76b325d21e017ca2,,1,False,False,7,0.5377909,0.2881996,0.64578134,0.004527168,0.24959128,0.0897322,0.0037379086,0.08384226,0.030778356,0.5377909
1172,2442,9956fe0e2a492c4b9958e7cf4a8aaa74f36996123dfb73b2b44dfb9e99db430d,,1,False,False,7,0.42246488,0.22050838,0.7780177,0.007979233,0.2019565,0.14643541,0.0066039115,0.08392325,0.13063686,0.42246488
1175,2445,fce05915848970efde11c05acac35a96939c979777d3fb7dac0cda0bc5ea552d,,1,True,False,7,0.41153118,0.15107119,0.72371036,0.004731208,0.028752964,0.26046,0.003903577,0.19467084,0.09595019,0.41153118
1176,2446,23f28fcc5246c27d2456d419b491ff215a0cb170bc49aa2e5d5bcad0e1c41fb8,F0016,2,False,True,2,0.4208307,0.22040616,0.7706457,0.0032445113,0.4208307,0.16169024,0.09015538,0.20042454,0.0062049166,0.11744973
1178,249,c3f9de2b9a040616e729011672952c7dc3e16b453329c4f93d89bcfa294cc726,,1,False,False,3,0.5314961,0.31022793,0.64401317,0.0061866054,0.1558756,0.5314961,0.0050832573,0.06841258,0.01167767,0.22126818
1179,3771,1d960eff14579704e3affbbae8540573b1558f0a651f1b009a2b064bc33cad6a,,1,False,True,7,0.40614426,0.26500052,0.8433008,0.06036885,0.14114372,0.12471762,0.008584893,0.13919505,0.11984556,0.40614426
1181,3073,584f7c00615679de2c67ee0d608bf57071e77cacd355c20cdc9dd0299cdd633b,,1,False,True,7,0.78692144,0.6515175,0.39307573,0.0030980054,0.019305684,0.13540395,0.017720398,0.031384375,0.006166097,0.78692144
1183,1187,267e1df4e1c2e14dd7e23411dea7d407290d21e6934ce9b6af6cf1bdf8aa556d,,1,False,True,3,0.25226435,0.036156908,0.8902828,0.0083395345,0.19441171,0.25226435,0.046863336,0.13452451,0.21610744,0.14748912
1185,1665,fa2ef7dd306471bbb46d8b1cb8ea1f93fdbb4303527345a4a0a0a39cbc2f041c,,1,False,True,3,0.53528666,0.3111013,0.6336002,0.0013288547,0.055299163,0.53528666,0.023218205,0.22418538,0.002561403,0.15812036
1186,1303,c06e697cb9c76d763636586816f28c30fbd571a5c6b12408cc286950cd30b7d5,,1,False,False,7,0.32668874,0.022695303,0.8229248,0.020739201,0.104685344,0.30399343,0.017164523,0.087076455,0.13965227,0.32668874
1187,1389,d2d7a0706af2a3c2c9ec29a360f04969aa3915f11fff4c898e7607244977f10b,,1,False,False,7,0.41498092,0.041965336,0.66986334,0.020851212,0.04966004,0.37301558,0.0012777197,0.12052986,0.019684628,0.41498092
1189,2458,5e67b5a9b9405f6948edb8bcdd1e8dd173dcc834029702162f2cba7572882367,F0017,2,True,False,5,0.294848,0.0009817183,0.7601406,0.0038907393,0.21707836,0.29386628,0.003123323,0.294848,0.025403218,0.16179007
1190,365,15e4703c4d5c75715985d8b782a2452ec90d4e6581c117b188241899ae34efc9,,1,False,False,7,0.73726976,0.5997215,0.46517512,0.0064859847,0.029446227,0.13754828,0.00536726,0.071462184,0.012420329,0.73726976
1193,2750,42e1811046732e49acb1b72cb9a335de3fce360bbb05d17eec04b948aa15a3bc,,1,True,False,7,0.49631205,0.20930043,0.6892205,0.017282918,0.07942404,0.28701162,0.014303994,0.072593994,0.033071347,0.49631205
1194,1549,6cf69af9aa72aac5d060682908cc698060669bb370040f95a98f66405441ce0f,,1,False,False,7,0.60940224,0.35113278,0.5641388,0.0063452357,0.032748103,0.25826946,0.00520331,0.04569996,0.042331647,0.60940224
1195,2475,1e4a6024494f8d6bc9dfb26211b8846c342da8f8c02524906037d6c6690cdd82,,1,False,False,3,0.38575375,0.17330907,0.79833806,0.12726021,0.21244468,0.38575375,0.0037372464,0.12934686,0.008633627,0.13282363
1196,39,c500c95f2bb455c5feea7a995ebaf8b96c41183fdf0f6bb9dc62b5602d1fb7cf,,1,True,False,3,0.630967,0.48319155,0.62114805,0.0053327424,0.079524316,0.630967,0.02470136,0.07587217,0.035826933,0.14777549
1197,1205,635923b88bd63ad866be74717f7df6d0d93f12d59ed47d9ed5e6c55481ace228,,1,False,True,7,0.45546907,0.07552236,0.6338179,0.005804384,0.04492356,0.3799467,0.004770023,0.07027796,0.038808346,0.45546907
1198,599,a77717c1a21297bc1dfc63f65f634546340b8637f6ae5918bf281deddff4f589,,1,False,False,7,0.32400718,0.07158315,0.7447196,0.004766854,0.25242403,0.21217754,0.0039030486,0.1936971,0.009024222,0.32400718
1199,1702,047c81c478d12f2e096542f62fca2d53c231cc9e88496e87825120362e9fa353,,1,True,True,7,0.30946532,0.02670303,0.8152425,0.02303993,0.10266618,0.21891,0.01906871,0.2827623,0.0440876,0.30946532
1200,1393,87fd2811c7661959226d4c0e06a55e1f9693d9cede348f15abc2d73edf9365da,,1,False,False,7,0.38756096,0.17099355,0.8267631,0.023038981,0.1019128,0.21656741,0.019067938,0.09673088,0.15512107,0.38756096
1203,374,ba02ba646dc921335ec1697bd3b64c1bd78bd6ee680a82057c83cca2fe79351d,,1,False,True,3,0.3846399,0.13886309,0.789333,0.07688766,0.044589482,0.3846399,0.0032404352,0.2457768,0.05042453,0.19444124
1204,2522,171b043af3968f17f8c9ac5ac2dd67fa52cfbd797d7718f19b7b8bcacb9d1456,,1,False,False,7,0.38746056,0.17086478,0.82681745,0.023041952,0.10192751,0.21659578,0.019070372,0.09674492,0.15515886,0.38746056
1205,743,5879746d1eb1d852dbc195743a6eda2dcc6c83a6cf5697685186070c0fd58882,,1,True,True,2,0.35552323,0.007084191,0.78126395,0.054716665,0.35552323,0.107013896,0.007805536,0.06298996,0.06351166,0.34843904
1210,1611,11ce63805b717382485a2f3993398ecb98301f30923680d38ef0a45848dca5bd,,1,True,True,3,0.38626072,0.0069877207,0.6795519,0.00057625544,0.11476639,0.38626072,0.013486137,0.092868514,0.012768999,0.379273
1211,142,7db4c6b907eed6d4638f855c380bbe612161657707be9102e09bcdfc38b4f24f,,1,False,False,7,0.6107123,0.38805968,0.57802606,0.007979007,0.0983071,0.22265263,0.006603727,0.038217906,0.0155273015,0.6107123
1212,3232,fbfdb99d76b985f0b099578cd59e4d776594c7f4b15b66a6e465752e55289c0a,,1,True,True,1,0.23360905,0.0397837,0.9364327,0.23360905,0.05098566,0.16384472,0.12064452,0.048394274,0.18869643,0.19382535
1213,1322,73ea20c83574c984073d41dbdd8b85fcd6216c8aa476b56a2b0ea19f4e3544c5,,1,False,True,3,0.37944752,0.14283343,0.7503693,0.0050622616,0.2366141,0.37944752,0.0041895453,0.117888495,0.034092102,0.22270596
1214,2478,13be996f72fd26bf0d170602c36db42d9c68dc8a144643c61af6aaaea8d0cf20,,1,False,False,3,0.5097565,0.28355893,0.70218176,0.0362871,0.040119432,0.5097565,0.001887317,0.13079779,0.054954328,0.22619757
1215,3583,21b10b99d6cb6034daf646eb1c0949734878c88bef78cec6c70e72a8778fd171,,1,False,False,3,0.48466146,0.2340635,0.71281135,0.010781596,0.12151638,0.48466146,0.008176576,0.057738986,0.06652698,0.25059795
1223,3525,e5b97aca24fb01934a9516baf6b9e74287626efa29986ac7d581da7c631df427,,1,True,False,7,0.4880568,0.10871181,0.5577414,0.0028840955,0.01794466,0.379345,0.002437381,0.1038169,0.0055151405,0.4880568
1226,1438,95c1895b40a9f11bfd4aac9ee867eb68ca13424b12153cd444557e63d86fe14d,,1,False,True,7,0.6040977,0.41038707,0.633911,0.058779497,0.06726583,0.19371065,0.0045923544,0.034273002,0.03728094,0.6040977
1227,3534,d09ee5b3861a0c458da6e92e1f67232ff9ae34f919856804342a935586d15436,,1,True,False,7,0.33399314,0.04139775,0.80771774,0.012964267,0.11972391,0.2925954,0.01072971,0.08024324,0.14975034,0.33399314
1229,2625,8fa4cabadbab61002fe48ed15ad44d336ecda416c5c3a9fec28fc65ba375fb49,,1,False,False,7,0.5541723,0.393439,0.689428,0.113065906,0.060529117,0.1607333,0.005366985,0.09372311,0.012409307,0.5541723
1230,1011,7d7b4c62dd2e78e39d1e33c626ffc0c1d120e3ec619865a59b0d49f91bf493af,,1,False,False,7,0.4882105,0.17231408,0.6693666,0.008654999,0.08400606,0.31589642,0.048816647,0.03783283,0.016582549,0.4882105
1231,2144,88c16a7035f4a1cb2fda71d797a534021542644cbad53aef5d0e24ee2430a33d,,1,False,False,3,0.48141152,0.19785571,0.70910263,0.01885297,0.08518296,0.48141152,0.015603431,0.079192296,0.036200978,0.2835558
1232,2004,72bcbecf974325addcbf8f4593b6d2e64f7c2f482110ad4a7092071376c32391,,1,True,False,2,0.6404163,0.47455105,0.57897544,0.009878506,0.6404163,0.112984575,0.00817582,0.043776575,0.01890292,0.16586527
1234,3457,24758525a20ffb29521e0501e7aa61c3424c93376185304d0313200f7b579bd5,,1,False,False,3,0.4321639,0.060539603,0.6760374,0.014302422,0.08340157,0.4321639,0.011444037,0.06060493,0.026458826,0.3716243
1235,3181,3c0f4f2ec8f330f3e33454552f4d5f64d1def7dd97c06f756cdaee5228897f36,,1,False,False,2,0.2483665,0.005599439,0.85767215,0.018852714,0.2483665,0.17747985,0.015603221,0.079154626,0.21777603,0.24276707
1236,2392,a527fdca9f747c0d959eb4fc442efc4391e36fd2ae10813d549c85ffb0108779,,1,False,False,2,0.44745594,0.15058255,0.70523405,0.0040809135,0.44745594,0.2968734,0.042601973,0.07863866,0.0077875005,0.12256163
1237,4229,20f92ea9fbf42545bec206a0e190cd478477b97a1eefb4a986f99f5c6c71dbb1,,1,False,False,7,0.55748075,0.39162752,0.6986599,0.016340895,0.07059028,0.16585323,0.013206935,0.06906433,0.10746363,0.55748075
1239,301,92274a196ade493bd57940fde386039d7b81cbd7caae2476e34769f2af66760b,,1,False,False,7,0.5187989,0.3224235,0.69844055,0.0018794694,0.07709113,0.1963754,0.012139762,0.13584295,0.057872392,0.5187989
1240,2506,e614ffa1f9a9b42d6f778c77dcba75e3d2888d53e190265d80a45d71dc536780,,1,False,False,5,0.3520646,0.16696258,0.82387793,0.16488405,0.1340125,0.14856414,0.0046413634,0.3520646,0.010731299,0.18510203
1244,2512,efb368f652cbb09965af806035e4b3f31bc0117ea2c88e3ea07eec9e8f3cd75c,,1,True,False,3,0.47090057,0.04702279,0.5649124,0.007708431,0.042429395,0.47090057,0.006361162,0.0340144,0.014708262,0.42387778
1247,1661,6b9bf3163ae36a1dae608f145ff1e495ebcd66aeca6e48654ae79c57808d0fa5,,1,False,False,2,0.45945644,0.27641794,0.76178646,0.057502218,0.45945644,0.10379656,0.008176759,0.1830385,0.018905591,0.16912392
1249,3243,138a50f0ff2e03fd9cbaefa423921139c5f02a96164f4ac9c385faa415becbc5,,1,False,False,7,0.54568094,0.1616503,0.5067952,0.002015661,0.018999673,0.38403064,0.022507058,0.0106846895,0.016081313,0.54568094
1250,4529,f22079c4363c9200e2bc91b96e7df1b4d62f18bfb008955898a1bf4d4b0a6f6c,,1,False,False,7,0.49649975,0.18941727,0.66776943,0.0109219495,0.051443763,0.30708247,0.009084585,0.051403336,0.07356414,0.49649975
1251,1219,8f77c6e58ad9f981ab4e2816568eb667dc0216a4bcafea08c9a242ede0b422cb,,1,False,False,2,0.57297045,0.35615283,0.61805475,0.006137771,0.57297045,0.10525006,0.005051087,0.082094274,0.011678763,0.21681763
1253,1999,2d45853685f058d679856a5ee0149f2a955c697b7e3a4c0afb049cacbdccc187,,1,False,False,5,0.3548092,0.08825201,0.77128416,0.013386813,0.067409456,0.23827076,0.0464138,0.3548092,0.013152794,0.2665572
1254,703,67dba6b5bd40a9ff433e12c3e3d4c775f8f6f50575d450a940a24f033c52b9df,,1,False,False,2,0.35299408,0.09830949,0.7667632,0.008662163,0.35299408,0.19089553,0.0073668193,0.2546846,0.02338345,0.16201334
1256,3397,48d0007d6413ec46aab4c8d903a23d12990b08a16cb15a348cf52733080ebf82,,1,False,False,7,0.33795458,0.04309559,0.7260217,0.0048292666,0.121355094,0.294859,0.0039951387,0.227124,0.009882922,0.33795458
1259,1759,47a86fb6d494ee5012e9d98a471da2f0b0054801bff8ec27c7b49ba3dc8a197e,,1,False,False,2,0.35231885,0.04409623,0.69033283,0.007991286,0.35231885,0.30822262,0.0066043716,0.03749338,0.01532005,0.27204946
1260,2526,adae78855df5ee624da081a65f1ed17871f75dbaae51ed8a76e98193ca2bcd7d,,1,False,False,7,0.5435072,0.24700284,0.59205216,0.0039153197,0.10160318,0.29650438,0.0032415292,0.023946874,0.027281499,0.5435072
1261,3599,a4d6f611c50ae9452eaf5a7a22b70a7caf88cb23e6067f391b153146bbecadf3,,1,False,False,7,0.30302092,0.057782426,0.8288658,0.011529089,0.1814565,0.17155612,0.009541848,0.2452385,0.07765699,0.30302092
1262,515,f8ec0cb7ea31eacd4857c183bfd8bf3c9e5e92309827d11eff3c1f3ebef633d2,,1,False,False,7,0.4259911,0.07718432,0.7140837,0.010922095,0.052708127,0.34880677,0.072291374,0.06837901,0.020901546,0.4259911
1263,2,ce3f81189d1e0c0e902e26791e06a59e4ca3289bd90eeaca68e38d593667e8ad,,1,False,False,7,0.3652387,0.07366434,0.76945466,0.042718593,0.1835957,0.29157436,0.003014571,0.08936455,0.024493515,0.3652387
1265,1529,6c94c7702db86c3f4928e78b69f25e601348ff7747b8182b9362616ef377f532,,1,False,False,7,0.59001106,0.39560172,0.55947626,0.0017598481,0.19440934,0.17726295,0.0014586714,0.030272612,0.004825461,0.59001106
1266,2532,9f8daf4441cd59f61d0dada29f72cca5b88fc33d55d788e36b6e23d28417686e,,1,False,False,2,0.4160847,0.23827064,0.7650927,0.17781407,0.4160847,0.15945266,0.0017898914,0.0724757,0.0041367533,0.16824622
1267,988,ac8451c60862eba17f6177d7315fda4919ceb4c342cb6b31f0740f16748af124,,1,False,False,3,0.44372112,0.013324022,0.5949154,0.020883089,0.028405845,0.44372112,0.05630614,0.015362323,0.004924394,0.4303971
1269,829,159b1082a92307ad9689deede2e6ab2c0ef8f4d4b7a60ec639a3cbae5363c88a,,1,False,True,7,0.40827072,0.136955,0.7890308,0.025916666,0.11464227,0.27131572,0.021449618,0.10881309,0.049591918,0.40827072
1270,1727,5cdc6201363507b457880aa760cbe3ea0d2b51a5b4e4044e371d4e3b4270355e,,1,False,False,5,0.32872424,0.025290757,0.7598913,0.0036434366,0.11516916,0.19954915,0.0030130662,0.32872424,0.046467483,0.30343348
1273,2018,1d866d310594112f7ff7d04088c52d118e39f02755be6d633bed471d40716a55,,1,True,False,5,0.31870094,0.0798108,0.8400455,0.015091659,0.1080657,0.23889014,0.012262278,0.31870094,0.12629776,0.18069156
1274,2298,37558900eb2a8f975212cd4adeb432ae222e86082293dfbb1b19ccfa0513d575,,1,False,False,7,0.47816592,0.21364248,0.6792774,0.009878066,0.055206798,0.26452345,0.00817546,0.16514845,0.018901898,0.47816592
1275,644,a56c21d6eb2abdfacd345b51bfc4fb10a8c84692668c21774dec08e5a7177603,,1,True,True,3,0.3275798,0.0115196705,0.8152414,0.020738637,0.09173835,0.3275798,0.017164063,0.08707375,0.13964531,0.31606013
1277,1394,ff981c4e2234667a4d671a9a6732dc4500beeb4afc5d7bdcea14d083c31e1c99,,1,False,False,7,0.69848907,0.4692576,0.44802043,0.0044415165,0.031994674,0.22923149,0.003577565,0.023994189,0.008271533,0.69848907
1278,281,c623fbbf5cd7e1c02f530ab13cf1f99a7da59bf8d28122fca23941f182932d87,,1,False,True,3,0.3645955,0.12617928,0.83390087,0.051560946,0.15230156,0.3645955,0.009540902,0.06280039,0.120784484,0.23841622
1279,2216,ebaebc2d781c61b2a9c681476fac74b41ced6906b791bfb89f71e6f81530724d,,1,False,False,7,0.3670925,0.1396594,0.8211819,0.017282369,0.083337,0.17270966,0.014303545,0.11784181,0.22743309,0.3670925
1282,1612,fa7ef672ef7609f99f479b692533ad23d068f66c17477650ea01430a8e46d95a,,1,False,False,7,0.45704713,0.2224742,0.7446599,0.0066944403,0.09326668,0.23457293,0.060891878,0.13471605,0.012810857,0.45704713
1283,2241,6e2e499c011a03f2731275c6222cf918abd45b9224e1c3dad917a26d1a48f64a,,1,False,False,7,0.49942145,0.0745962,0.51566,0.0029656254,0.030395197,0.42482525,0.0024644495,0.014481936,0.025446046,0.49942145
1286,2554,74ea1c208dfcf7a3a8cea59742cb1bf5db31cd706abaf10a6a4fd47737c9ad8f,,1,False,False,3,0.37150043,0.00853312,0.7493113,0.049103357,0.08872509,0.37150043,0.008159852,0.090460636,0.029083299,0.3629673
1287,4187,90989d3443b29633de70be34301bc7492500c3dcc89d3124983e9865b33cbc51,,1,False,False,3,0.32141763,0.08448532,0.8202725,0.015954606,0.070717745,0.32141763,0.013204628,0.23434484,0.10742826,0.23693231
1289,2111,1426f60156085263e38f92c220963484ad823561916477276b3bd7afe1767255,,1,False,False,3,0.18204352,0.014764875,0.97690934,0.14301854,0.16327372,0.18204352,0.16391926,0.056649983,0.16727865,0.12381629
1290,2008,6ad2c3dae425596a626ed76653e42dd86f29c139b2bfeac300d6c7a86b6f9b1f,,1,True,True,7,0.5601389,0.36086354,0.65456325,0.0122027015,0.19927534,0.13411258,0.010099403,0.060820475,0.023350652,0.5601389
1291,2777,c97aaa9bc392e4b1686f2a6ed9024e0e0baf355a6dba2e220b7f6c68b9c26764,,1,False,False,3,0.36556217,0.110587984,0.79118955,0.011524748,0.08532563,0.36556217,0.009538308,0.19547223,0.077602796,0.2549742
1295,2560,9b4d67e89b56bfcdeb1cf997a4bc24faab541826b475853333f12567e4264dab,,1,False,False,7,0.29627672,0.0071483552,0.8121907,0.018852433,0.14605857,0.19800654,0.015602991,0.28912836,0.036074348,0.29627672
1296,1217,2dc918a8e60056ac7f57f652714a24aaf82d4301ee3fb94161119b5c0899e5b7,,1,False,False,7,0.5607203,0.35379106,0.64585125,0.011526038,0.20692928,0.1370808,0.00953936,0.052147936,0.022056263,0.5607203
1297,2564,421678edd64573940f9dfbbf347e5ecc79d8ca9e712a1fc6eb3dc6cbf764a643,,1,True,False,7,0.57224905,0.29820105,0.5834478,0.004947497,0.089837365,0.274048,0.004090713,0.021539614,0.033287797,0.57224905
1299,1689,2b6fc3148eedabbd3952f4f28b3be7df5702210aa0aa82965e54257c3673b671,,1,False,False,7,0.42989203,0.2172865,0.76184374,0.008300567,0.16253613,0.21260554,0.006924454,0.12260311,0.05713818,0.42989203
1300,54,485ec39678e24b1a565c50ef9cd5eb01b4ccd22b2534f350468d4a00ae3edd51,,1,True,False,3,0.37003165,0.18173231,0.87824804,0.086759046,0.10205893,0.37003165,0.04724246,0.15715693,0.048451625,0.18829934
1302,18,7b3eec6e63c7ba3c4797530f8485413ccaea2ed7a444aefa55c2be2714ff7c82,,1,False,True,7,0.31109452,0.067471504,0.83322066,0.025917323,0.114645526,0.24362302,0.021450154,0.23367597,0.049593452,0.31109452
1304,2479,5407813f4a16080477333512cdc9facf6b10d39793eead94b558dd5413723bb9,,1,False,True,7,0.5796071,0.35996485,0.6238529,0.0064601838,0.21964228,0.092745565,0.0050514746,0.029572759,0.06692057,0.5796071
1307,179,7bcc98f99924d59fc9f26d92ccd8854f0591063b7ff1552f4fe98ff10771adeb,,1,False,False,7,0.44315356,0.21276698,0.77435213,0.023085518,0.13246989,0.23038658,0.019067772,0.10775175,0.044084914,0.44315356
1308,3256,98fb7da2140fe2951d1638180fcefb11920026b97ec2b9aba39dc541cd3083f0,,1,False,False,3,0.49477458,0.31048673,0.76460755,0.008646265,0.083293855,0.49477458,0.06321629,0.10755004,0.058231138,0.18428783
1309,585,41401ec3731cec9f7f26431a340cdcbaf80b63d8f20fa0fad6f4d593ec7b8cb3,,1,False,True,7,0.51269746,0.2314572,0.58958435,0.0027940734,0.17303789,0.28124025,0.0022904107,0.022243896,0.005696051,0.51269746
1310,146,d582b8b62b612f6ae2670887730643cfdb369640d1e67a5acd1f76245990f6d0,,1,False,True,5,0.32486126,0.02343887,0.71090966,0.014682391,0.08104037,0.3014224,0.0019791678,0.32486126,0.004595755,0.2714187
1312,2059,bb620c88ddeb97e6324c1e50c2c39d54cd9c120038c05b6d2f74f96ae014380e,,1,False,False,7,0.34282106,0.0836834,0.80795693,0.0077092648,0.15272251,0.25913766,0.0063633663,0.121537484,0.10970864,0.34282106
1314,1010,b7ac87efcda931912df5cc533cdd54936f1523828c3a68ea25ce9d31bff32762,,1,True,False,5,0.43624997,0.2469237,0.79050905,0.13073854,0.14449257,0.18932627,0.040800843,0.43624997,0.00601702,0.05237472
1316,24,aaaadfb42d81bb00272c8d5d0e1b06625da84d20468bef6f5f00b3aaa05097c5,,1,True,False,7,0.50022054,0.27930972,0.68411857,0.041731145,0.024520976,0.22091082,0.0065048123,0.18439908,0.021712642,0.50022054
1317,1856,7cb0a714df80a6664ee1fec66ccaf4d409ba371dce37dc2866a4a692c43d795c,,1,False,False,3,0.33437827,0.06688145,0.8028474,0.010117099,0.26749682,0.33437827,0.008177069,0.18045188,0.06653462,0.13284421
1320,2582,9b312ca7f4c077a8328549f1eae05b37be59ec578564b785f9d7e839c38692ae,,1,False,False,7,0.37332433,0.1226711,0.752111,0.013829781,0.07653527,0.24774683,0.011446024,0.25065324,0.026464488,0.37332433
1321,2432,1267ad7c565cebe875a6340c1159c2d2d25cae7a38983ae35aca974e4218e6f3,,1,False,False,3,0.48405224,0.27600238,0.73607045,0.01483737,0.20804986,0.48405224,0.013812662,0.037442375,0.109834544,0.13197094
1322,2022,bf825c5f5f62cab7e5a1eff5cf2fb590bd1ccb31be6bf322801d58753c9c0d80,,1,False,False,7,0.47730425,0.1781705,0.68044597,0.008644894,0.04518951,0.29913375,0.007154827,0.047673937,0.11489887,0.47730425
1324,3009,27fc5f88bbf2e05b7a41de78e645806d5c25858f58a3b4765364d0a9cf54cbbf,,1,False,True,7,0.23679961,0.0012347102,0.87571627,0.018859193,0.168547,0.2355649,0.015602975,0.19769393,0.12693238,0.23679961
1332,619,41ee73058e442b98000b9f5a4d3eecc22350a5ef25c1d3b92ace4df52aef967e,,1,False,False,7,0.6408491,0.539688,0.62862897,0.0054617994,0.025446061,0.10116112,0.08346524,0.080511935,0.06310477,0.6408491
1333,3413,a2166ae42b5f755087fba3a64f3470a4f5ee32d6a80862faa1df355c71e3d7aa,,1,False,False,7,0.39716983,0.20133536,0.81347483,0.014815369,0.19583447,0.14341906,0.012261754,0.13674308,0.09975647,0.39716983
1335,536,281434e372ae5c9eb8ad27e80c970d69e07cbefe0a33d058946396e27fa47541,,1,False,False,3,0.49465382,0.29115805,0.6801616,0.0061033415,0.17276397,0.49465382,0.005051344,0.10625225,0.011679471,0.20349577
1337,2246,0fab698866f2aa77304b2c8cd6a6587855f95e86ee90c6911226d93205a136ab,,1,False,False,2,0.5216925,0.35507983,0.7049959,0.069033675,0.5216925,0.123699985,0.0027271209,0.109928094,0.006305939,0.16661268
1338,1255,0d62ed9c8d3b9e702374ef88e3a04c778c1b14f3d6f572e7e9f971d913f6e443,,1,True,True,7,0.5531187,0.35762087,0.6126653,0.006917841,0.19549784,0.19548355,0.0057301647,0.030013377,0.013238477,0.5531187
1339,1472,ddbcddfa71cd1a33914af5eb9c2f1cc8be151c695c2e24fd5ce535115958197c,,1,False,False,7,0.51417667,0.14841157,0.56273997,0.004342314,0.03413984,0.3657651,0.0035784843,0.06938824,0.008609386,0.51417667
1342,1156,70c486672ab9b3bf9842b318a02231ecea05d5bf0f3b607614a680584a1e9e0e,,1,False,False,7,0.46162826,0.22715946,0.68037623,0.0076912916,0.05400451,0.2196125,0.0063600536,0.2344688,0.016234575,0.46162826
1343,2747,936ba99ab6760807b590667f2627d1d7dbc21dd64c65a5030d72cd0522076b84,,1,True,False,7,0.28955638,0.05541089,0.843761,0.013861509,0.21015614,0.23414549,0.011445898,0.14492553,0.09590906,0.28955638
1345,3230,885b13b3f1abb4146731b5dcedaca14821e5b77826707c7b3c14383329cec8c5,,1,False,True,3,0.38397154,0.027000636,0.6873928,0.009429495,0.04350951,0.38397154,0.0078042033,0.1790303,0.019284002,0.3569709
1346,2604,ff2541af4e97af6f9ed3d37be0dd8f025968806f8ab7c952c451e83b88b93c9d,,1,False,True,7,0.61275446,0.43836325,0.60582507,0.008316699,0.124520056,0.17439121,0.0068753907,0.04339159,0.029750578,0.61275446
1347,2605,d3f80cbc7eba4c6f5951278980f57af53f6f894f390cc934f3bcae357fd70529,,1,False,False,7,0.70330745,0.56643486,0.50162375,0.0023058457,0.022807391,0.10330392,0.026870927,0.13687257,0.0045319353,0.70330745
1348,2912,6b187b77e4af91f0855fe365c0094c49948f078282712a73cee26b888097a497,,1,False,False,3,0.4130625,0.012487739,0.6265525,0.0061955587,0.13109419,0.4130625,0.0050508636,0.032329686,0.011692381,0.40057477
1352,821,c93a99b21da641ea2424dad7b96df2625a95681dd402589fc4ef229b23b73ca0,,1,False,False,7,0.41541627,0.1634638,0.77250624,0.013827929,0.0806541,0.25195247,0.011444513,0.071235366,0.15546933,0.41541627
1353,2610,f34f5b64759448048c0600d555d9afdf115b775e30519a558aea43d62233c8df,,1,False,False,7,0.495196,0.19245315,0.67608744,0.015953891,0.072997496,0.30274287,0.013204043,0.069377504,0.030528126,0.495196
1355,2611,433962a4957d3f4ede7aea40d544736ecface4fd923b070e0722aa9b016557b7,,1,False,False,2,0.58859366,0.46100652,0.6481375,0.003995818,0.58859366,0.101459965,0.0033081218,0.12758714,0.054276146,0.12077915
1356,1188,fcd01c853b40033ba18feab63c82b6caa11cdf80d93c94635ba484322089f3eb,,1,False,False,2,0.53162915,0.35514086,0.7467986,0.080258586,0.53162915,0.17648827,0.025965696,0.049382873,0.061363887,0.07491155
1357,2612,364cc90340f914b76802d48f517c5c74693b78aae5dffcba3791e975592005e2,,1,True,False,3,0.6066791,0.4095399,0.5563674,0.0023588287,0.19713917,0.6066791,0.0019539949,0.037495464,0.0047817593,0.14959174
1359,2613,ac0e9e875db16fa7eed436654764070ce4e54b28535385f61b8f3f20bd582f6c,,1,False,False,7,0.47703162,0.13361019,0.6509029,0.004940911,0.043994684,0.34342143,0.0529224,0.06823396,0.009455,0.47703162
1361,2256,545d28ce0e5d1b7a3cfaf7cb23953a67b4ced2b850441ca2040a1ab7c384c5bf,,1,False,False,7,0.27570125,0.038646027,0.8486714,0.1725357,0.23705523,0.1442005,0.008317365,0.15213265,0.010057296,0.27570125
1362,2537,159350f5e9cd4321c506c39c57f2bc4173b65493f3601e80bc09982672e2ae6f,,1,True,False,3,0.2891893,0.09100211,0.9002398,0.07558357,0.117448114,0.2891893,0.010731811,0.1981872,0.14980666,0.1590533
1363,1870,1d2bed390db567579a1da856c971bd1825dfef1aab8c2b872b46225679f47f38,,1,False,False,2,0.42512536,0.1597533,0.7233956,0.004947217,0.42512536,0.16104917,0.0039037198,0.10764102,0.031961482,0.26537207
1366,2238,361a9254fd1e2223861b9e6f7604661a429055a51910d864ae35ae2e237a85d8,,1,False,True,3,0.5716777,0.416188,0.68842083,0.021454146,0.1554897,0.5716777,0.06468488,0.120723076,0.01588241,0.05008812
1368,2623,b4e5e73ba9587c5db8decac4c3edf9bd42c6949e83f27ce953b7bbe92f3cf908,,1,True,False,3,0.6956164,0.59669876,0.5580061,0.0042360863,0.082511246,0.6956164,0.029608155,0.06062147,0.028488927,0.098917685
1369,2624,9f232e22f752933f3e0ef24e2d3e28e57ccd2338ef1cccd25f05d87adb4008dd,,1,False,False,7,0.7810087,0.6266502,0.38210806,0.00415027,0.020743394,0.15435854,0.0034346245,0.028363332,0.007941121,0.7810087
1371,1162,f603c1266606c303d1f52dd81ec1d209d7e239b4f24a79ac2be767ce86e301b8,,1,False,False,3,0.443624,0.17318109,0.7257673,0.05683565,0.2704429,0.443624,0.040603116,0.027337745,0.0023835555,0.15877305
1372,2627,a596fddb3edf7bded75ee4af6a53554d95810240eafb49a71e74b9bddb3e84d0,,1,False,True,3,0.42224747,0.1479396,0.7251596,0.009888727,0.107879214,0.42224747,0.008176822,0.1585941,0.018905776,0.27430788
1377,1848,7716248a9b4c3554718884bddb7964bffde85dedc588e85a9b47e47681afed52,,1,False,False,7,0.38525784,0.05126238,0.7415629,0.012201943,0.055999506,0.33399546,0.0101174945,0.06145597,0.14097182,0.38525784
1378,2632,2a30cfdb306db091215ce634ad24c359eec08045da3c988f4ef24103f7b627ca,,1,False,False,3,0.43058938,0.19863707,0.7303437,0.0090216445,0.23195231,0.43058938,0.0074666287,0.13392252,0.017264057,0.16978352
1379,2508,e27013b796d632e398dc6b141163185fce6939eed63a69fe7b56c0c80accea56,,1,False,False,7,0.328576,0.080288514,0.8316404,0.025916824,0.121215485,0.24828748,0.021449748,0.20496213,0.04959229,0.328576
1380,255,9c905b546ec2cd2755e3274f8b0b01f58e999f9453a313545e5d3e753be80f86,,1,False,False,2,0.39801002,0.085626334,0.68390095,0.005321004,0.39801002,0.20483863,0.0044038477,0.06486043,0.010182379,0.31238368
1381,3913,e19686e064140500e6f9260e06925e7e16499d68b20c866740521b12089aa440,,1,False,False,3,0.38003677,0.10006437,0.7882363,0.007684666,0.03771102,0.38003677,0.044928327,0.16025104,0.089415774,0.2799724
1382,1430,6a539b888da57aa77183280d827cc544a89be65b2be292579379dfa5059962da,,1,True,False,7,0.8038132,0.6784301,0.3700399,0.0023863344,0.016991382,0.12538315,0.023310404,0.023535782,0.004579697,0.8038132
1383,858,79b8b7636436df25308c2aed145ee724a012381849c720cdfbeec1062b43dd59,,1,False,False,7,0.6061929,0.42637876,0.6387825,0.017282316,0.07677559,0.17981413,0.014303504,0.072561614,0.03306995,0.6061929
1384,3658,11656eae6ad4945b7e93b193c537bd339ec7e2b8526a15591aa01fd76c8ae2e6,,1,False,False,7,0.35199517,0.09344524,0.8284577,0.08285332,0.12770504,0.25854993,0.01144598,0.13966537,0.027785208,0.35199517
1385,233,943af31867d49ab64802d0ae10c5895985be553f1acce5ba2dd350b491b67484,,1,False,False,7,0.5772314,0.3271205,0.61953956,0.012963804,0.0629951,0.2501109,0.010729333,0.06116286,0.024806557,0.5772314
1388,1112,ae4323cdb76b55d32cc83d39d017bbfa9c04befc93000ec0ea6205052db6f49a,,1,False,False,7,0.3347215,0.059282124,0.8153542,0.018854193,0.083402306,0.19281659,0.015604429,0.07916158,0.27543938,0.3347215
1389,862,2eb08638829bb9f4178911d68950f903ae370f516360af8bdb0c845bd8332ca5,,1,False,False,7,0.32760394,0.063347936,0.8140343,0.057502255,0.264256,0.17539407,0.008176771,0.14816137,0.01890565,0.32760394
1391,1174,70a9c032ccae8cc7bd2427749c154d433a3b5ce99af5d9d63e7740feb480f3ae,,1,False,False,5,0.3485795,0.11515708,0.7807637,0.0039163046,0.20776194,0.23342241,0.044982783,0.3485795,0.0074925376,0.15384449
1393,1752,67387140e0126009b9a88b20b138a7717b52fd6f9ad93b49e5ee4e8f19d307f8,,1,False,False,7,0.35592777,0.12929925,0.83702576,0.020737948,0.15283537,0.22662851,0.017163498,0.08707052,0.13963644,0.35592777
1394,984,8910bd9411c644574e4661331244930538e3faa3b67810d975a6221a2d1d5085,,1,False,False,2,0.29767644,0.072191045,0.8474539,0.017304165,0.29767644,0.16548741,0.0143041145,0.08007655,0.19966589,0.2254854
1395,823,9f8ba4c671f6705fc9384366e327976e5df11b27045d0096914a550c7e863bf6,,1,False,False,7,0.46689555,0.1271263,0.6406367,0.0040774276,0.022323387,0.33976924,0.0033676939,0.11243208,0.051134612,0.46689555
1396,2434,4ec84e6131d4bd61bd743fed8ad1f36ff3c0065c55dc3b1c4bd18df1d39c8ea2,,1,False,False,7,0.42034554,0.032322258,0.6674367,0.005201748,0.07891079,0.3880233,0.056239992,0.04135122,0.009927387,0.42034554
1397,180,ed46cf13826266f9f9fac8ec884df0ff120238df58dac74488449bd63d467340,,1,False,False,3,0.48338765,0.18101043,0.6708584,0.00915094,0.11066344,0.48338765,0.022827635,0.060564518,0.011028559,0.30237722
1398,1080,140e86fed25db4b2d3e86abf0f8bae89949e167ee91beb8a7f877cbb97c45372,,1,False,False,7,0.62101173,0.37630874,0.5596772,0.00902128,0.05732513,0.244703,0.007466329,0.04320926,0.01726321,0.62101173
1400,326,598d3def550791c6010ccaa8cf193b6e59e57ca6256bde90a1f8b95ad41bd8c7,,1,False,False,7,0.60096693,0.28339955,0.50525934,0.0033515657,0.024072947,0.31756738,0.0027699294,0.026985632,0.024285603,0.60096693
1401,3370,6f76f4dc11a403a4786af53b6e2001bfc538c05873c684f5bfe67858a0f4ff1f,,1,False,True,3,0.44613034,0.0993675,0.63931006,0.0019801348,0.13133241,0.44613034,0.01092515,0.059024487,0.0038446551,0.34676284
1402,201,9267923933f0bd73d95b7d6c4408e66cb733467ca57f5028cf7b61779dba825a,,1,False,False,1,0.24740934,0.016068801,0.86309355,0.24740934,0.09271646,0.23134054,0.010098173,0.19342943,0.023347156,0.20165889
1403,693,8e727ba4826a8cf3f48f5febe5f06e33a989f79d25971dae648f1ac74614dd2d,,1,False,True,7,0.5562867,0.21068075,0.5392497,0.0061035124,0.031993423,0.34560594,0.0050783027,0.043252286,0.011679871,0.5562867
1404,2657,0450b08925044684318ae21a4808c5e396786f69222fa33ec2be545a00ca6287,,1,False,False,3,0.51956946,0.18144056,0.56303287,0.0024516678,0.027482212,0.51956946,0.0020280902,0.105624504,0.004715163,0.3381289
1405,4172,9bbdcf8538d7503ff82f6b4d2a02588cd85afb1bb860d06b5858406a3e5de315,,1,True,False,3,0.39550447,0.03398171,0.72065157,0.010505247,0.06043293,0.39550447,0.008643201,0.08502851,0.078362904,0.36152276
1406,1319,dbd796cec38739c709a5ad6f348fc186c2078b4ebb4d4388475712553bc9da40,,1,False,False,1,0.4702691,0.2602707,0.72278243,0.4702691,0.15488239,0.20999838,0.004430386,0.033382513,0.010180498,0.11685669
1407,1593,684700b469e2d28e41f1b9563fadf6845a360b222bf8a49b189732e83ecb3c28,,1,False,False,2,0.34136388,0.0767917,0.80991274,0.00948768,0.34136388,0.1590376,0.007805304,0.10877097,0.10896239,0.26457217
1409,1973,7c4a24f79cb3fd14714f0744fc70e8203d41e6ba8588276030ae616f43f097d7,,1,False,False,7,0.3321423,0.04857886,0.79849076,0.009889445,0.12608531,0.1736228,0.008176085,0.28356344,0.066520594,0.3321423
1410,2576,e18110efa2f1b5f3b3852540ceaf6220f0903f2976ee2e77dd7e8893a101c29a,,1,False,True,5,0.31230903,0.03422281,0.8459377,0.06965306,0.07569426,0.182211,0.07203385,0.31230903,0.010012569,0.27808622
1411,1704,4c5b9c18f3a2ef4ecb434e1f083f0729ac932d5a8be2a40657fa34042c8be394,,1,False,True,3,0.46893945,0.1272243,0.6460379,0.0049410653,0.109987155,0.46893945,0.027888793,0.037064854,0.00946353,0.34171516
1413,2011,b584f50edb6042a61db971e26ec4f0ed56d7c78f595985b438257538aa10543e,,1,False,False,3,0.6434963,0.4246982,0.517564,0.0021840113,0.09087901,0.6434963,0.0017632712,0.03882631,0.004053055,0.21879807
1415,3733,750ce163371084e5ef784b977199083828786a18971b2e41d6261726179d16da,,1,False,False,2,0.45590696,0.24200259,0.72804475,0.009446863,0.45590696,0.19913027,0.0078063244,0.050281383,0.06352388,0.21390437
1416,2581,0300acabc71e4f36301467d42feb3b97f6fc4b7fc97020db91e5be6427bd4e0e,,1,False,False,3,0.398416,0.013180882,0.6550828,0.0016899868,0.035892434,0.398416,0.03393036,0.14153293,0.0033031653,0.38523513
1417,2667,6ff6e9d9f1fb99d3226f1d6fb3f8353e911d26f3f819d0b897a624360fe3bb11,,1,False,False,2,0.6255284,0.49700123,0.6384364,0.062261924,0.6255284,0.06842681,0.0004896178,0.07031364,0.04445248,0.12852718
1418,1754,39af2617d9076853f7ad18d4484c7b422633d774dbd2bf671e4f1a98000bb2c3,,1,False,False,5,0.39182872,0.17259979,0.76862913,0.012204693,0.21922892,0.16841802,0.010101029,0.39182872,0.02487357,0.17334506
1421,3035,0e7491c17ab99a10c09650e119b5861203962ae68a4cf570294f6e38333aa0a7,,1,False,True,7,0.31173772,0.08573982,0.89374244,0.12063848,0.09777267,0.2259979,0.017162718,0.08706601,0.13962445,0.31173772
1422,2671,60cd1dddeaf1d980a0354948e46eac79186dbc6b49c134dcb0989735873f1e42,,1,False,False,7,0.38869193,0.05380714,0.7132077,0.004333887,0.040477645,0.3348848,0.0036484236,0.15455349,0.07340983,0.38869193
1423,2672,fda4b24f2bba7b9dcde5c3e8ad58dcb6b9264a50df4158c23adb2ddc9d460ff4,,1,False,False,7,0.54318845,0.23783356,0.60592544,0.0011758954,0.06926931,0.3053549,0.026074028,0.029148692,0.025788713,0.54318845
1425,1320,5a56c3d3da4bca0d7f97c1a9ed89b44113b72698d0404a998a2fa7031cb0fef6,,1,True,False,7,0.5970576,0.44169813,0.6536218,0.08051844,0.15535945,0.08118473,0.0023857404,0.063242495,0.020251542,0.5970576
1426,3931,9b83a5f57bd6c9c6d6253b4eba45b159f2730c47696f953365cd912b0499f2d2,,1,False,False,7,0.4922351,0.30845568,0.7554298,0.018854521,0.08340392,0.18377942,0.015604696,0.07916315,0.12695923,0.4922351
1428,2677,d486c6fdeaa55779f85632d1693174ca45c045928a55597ad779496fed242446,,1,False,False,7,0.5017395,0.3301527,0.75075346,0.14000821,0.07063987,0.17158681,0.012268781,0.07538707,0.02836976,0.5017395
1429,350,f11c19a67adedb77513068985328d7b65b9e3b5344beaf588cff01884f494f72,,1,False,False,2,0.50595784,0.30333033,0.678058,0.011546386,0.50595784,0.20262751,0.009539303,0.05045594,0.022056147,0.19781683
1430,2332,06503b7b35a2a70686260a884f32795c3dfd56ed15f25d0f26578f5494d6ee5e,,1,False,False,7,0.43659893,0.19505867,0.7440759,0.0090206005,0.056832377,0.24154025,0.0074760113,0.17021962,0.078312196,0.43659893
1431,3551,abcdc15865fcff551e8a14e26b04509c1d6bf402c1372159b91661939e42388b,,1,False,False,3,0.34944415,0.12233505,0.8338068,0.015994875,0.104271576,0.34944415,0.013205871,0.13613582,0.15383859,0.2271091
1432,1096,c921cf0baeab11ba131b72c1fca5b9c31bfb9765b44ec20849eb6c2efe7a9191,,1,True,False,2,0.33137962,0.013812035,0.69554037,0.008386261,0.33137962,0.3175676,0.006926262,0.03883229,0.015881531,0.28102645
1433,1001,fecec13353b760e39c7d9a6d723eb90bcc2534d21fea3c8f6596e1e935c8ad54,,1,False,True,7,0.35757485,0.04641658,0.76465595,0.0148148695,0.31115827,0.16861294,0.012261346,0.10722917,0.02834859,0.35757485
1434,1296,a76205544f046df8c416a3b20ca93078bc3b008670dd0281430f1aee00250ff2,,1,True,True,7,0.3583234,0.053378314,0.8105034,0.06707074,0.1261277,0.30494508,0.009540675,0.056353133,0.07763926,0.3583234
1436,1008,370e2ab8f60f93441e03a65a98fc83f361b034d299dc63363bd327556f8cfb7f,,1,False,True,3,0.45118603,0.16749305,0.72079396,0.07071771,0.06247768,0.45118603,0.0047714515,0.116008475,0.011145628,0.283693
1437,1864,d8147012d1f133d4ac32a6f333927a0ad80cacfafdbe839d5c36c845872e64d5,,1,False,False,7,0.64729655,0.42330074,0.5433078,0.009435161,0.045125384,0.2239958,0.0078040073,0.04823206,0.01811105,0.64729655
1438,2815,1fb3f895bec5b3601c9aeeceea8f8580ef253bee38339152b4231d42f221c558,,1,False,False,7,0.4367565,0.17906427,0.69514656,0.007709952,0.039650746,0.21949634,0.006360255,0.25769222,0.032333996,0.4367565
1442,991,6ef8a6cbc96cfbaa70b0cc7fb097f7db76f9c98e7bd32c7e55057624500118c8,,1,False,False,7,0.47705653,0.26648945,0.7275884,0.09803327,0.15410347,0.21056707,0.015196143,0.040113673,0.004929822,0.47705653
1444,141,c01ac47c836b573032c09b9fec95af654e94309ad5b46400f0728d8c64d70e74,,1,False,False,2,0.29577538,0.069442466,0.87437224,0.109741084,0.29577538,0.18985969,0.015848974,0.12635998,0.036081944,0.22633292
1445,2914,185755504b89827bc2096291f68f6731ad3e759a5f8f187060ab767c5dedade5,,1,False,False,7,0.53218025,0.19856456,0.5825058,0.007264717,0.03416445,0.3336157,0.005922303,0.07315918,0.0136934,0.53218025
1447,257,b10bfa5913100a84475f40042fdc0ef9afd3f90b035ce994ad108c93097cef27,,1,False,False,3,0.3612016,0.07645485,0.69203085,0.008002946,0.2845886,0.3612016,0.006603789,0.03958802,0.015268227,0.28474677
1452,1181,cf714347870b5158899ec0cca525be1fba2007a925f95775cc97f57eca124b65,,1,False,True,7,0.33979085,0.092705086,0.8122824,0.021170931,0.24708577,0.18053775,0.0156034,0.15973578,0.036075518,0.33979085
1453,2701,a2e33e0115cd0c3a048e0e67e1f557f61e102901943f0290381ca7428e2c8da7,,1,False,True,3,0.41760868,0.07418728,0.66638714,0.0045292834,0.14435117,0.41760868,0.0037340827,0.3434214,0.0089698415,0.077385545
1454,853,f112a49c4a3ade0844812e164bb63f07269c42209260030a248b92035a198921,,1,False,False,2,0.35155675,0.08239582,0.7781575,0.006636127,0.35155675,0.18955478,0.03659334,0.26916093,0.012406914,0.13409114
1456,1114,796a4e9404af4f00aa72059aa8e0e097955142567534280ecd1296bf2b453aff,,1,False,False,7,0.4284413,0.14362523,0.718678,0.0053237616,0.28481606,0.1422312,0.004403624,0.09865097,0.036133107,0.4284413
1458,1371,14374bd6cfc6fa7e993e36965f2c8d8fff18ae85f5e835cec8c33a2757ccb4d5,F0019,2,True,False,7,0.4301092,0.18062885,0.78368366,0.025916442,0.114641175,0.24948035,0.021449437,0.10881205,0.0495914,0.4301092
1459,2707,7cea99192fd892fa9946feb00926d340a6c69c79fac3fe01968d8f6cee5e411a,,1,False,False,2,0.35805628,0.072440356,0.7249822,0.002630744,0.35805628,0.23148498,0.002174135,0.09386825,0.026169715,0.28561592
1460,2708,f40f0be02d58e6b6abe31642c652f694e7133da05d80d0c4056eae49b895242e,,1,False,False,7,0.5293647,0.2674683,0.65028614,0.0031978993,0.07770346,0.2618964,0.002644515,0.07293231,0.052260667,0.5293647
1461,2802,a23654db855844835ac13f03f8eed2ee9896bced1b8207b7dde0646ee36ce0cd,,1,False,False,7,0.26638183,0.012628943,0.85666406,0.020739459,0.13610262,0.2537529,0.017164735,0.08707764,0.21878086,0.26638183
1462,2155,496c99e9fea23a9a81407cbf7b4d12ed19630a57c0ff5ef7ac6dba6253d643d1,,1,False,False,3,0.33639127,0.060255766,0.8300552,0.033203986,0.07551712,0.33639127,0.13160695,0.13721803,0.009927153,0.2761355
1463,4301,20b2bde16a07693f499004c1038d805c82c25b6562c5485ad6acee75154ac9b8,,1,True,True,3,0.39472002,0.16154876,0.82721955,0.010930161,0.12987979,0.39472002,0.061640177,0.09613882,0.073519826,0.23317125
1464,3968,7b589486f258b0ab0645f5cbced7c2938998b85f32985be2dcd3b3517e4d0077,,1,False,False,5,0.5043687,0.3466006,0.72749305,0.009429329,0.056786355,0.1352757,0.0078040687,0.5043687,0.15776815,0.12856765
1467,1979,37d15b301b5d7840aefd17241e3292037aa7982d38068ba8ec768af2456786e2,,1,False,False,3,0.39996755,0.10800469,0.7230773,0.0057921144,0.29196286,0.39996755,0.004771787,0.026192231,0.09619877,0.1751147
1468,2713,e31b9026d857c1b59b3cd789139808d0baf80609edf9843f2cc5ec475a7319d0,,1,False,False,7,0.52860564,0.28786048,0.6697096,0.012978269,0.061485033,0.24074516,0.010729254,0.12065035,0.02480633,0.52860564
1470,2715,d935a305b481ae30e841696b96b9f1766ae36b33db4eab387cd8022fd188d5a3,,1,False,True,7,0.34082147,0.0038470328,0.76887906,0.017285602,0.095346525,0.33697444,0.014306188,0.1621882,0.033077598,0.34082147
1473,2718,b31fc9dcb3032fe125f298ae0c19aa51bfc730dd17be1b2c44a618f1281b6e61,,1,False,False,7,0.45947134,0.12555501,0.6679241,0.005773756,0.058662623,0.33391634,0.00477007,0.098596826,0.038809057,0.45947134
1474,2719,1f3c5949b85abb1844979bdf863f8275e5b9fa519d3bf538b1c7c7add49cc83e,,1,False,False,7,0.538224,0.1761123,0.54897904,0.003995849,0.040242866,0.3621117,0.023102375,0.02468637,0.007636886,0.538224
1477,1746,a90b7e63d9968565c20081f41f3a85e2a08873c1b8b7c02070f14d3aee846903,,1,True,False,3,0.44525525,0.026920408,0.584691,0.003463688,0.055609718,0.44525525,0.0028928642,0.06782482,0.006618828,0.41833484
1479,955,144ad9ac82a50f085498df59ce70623684c581e68821833dc53893c64995a927,,1,False,False,3,0.3629082,0.11832605,0.7979416,0.010930131,0.24458216,0.3629082,0.061598375,0.08399671,0.020893814,0.2150906
1481,2727,3387cef80a1d31290297c760a655c52bc616323c553a5107307472e60946f161,,1,False,False,5,0.29665673,0.040751994,0.75317156,0.00519678,0.21869555,0.20932178,0.0042945044,0.29665673,0.009929949,0.25590473
1482,3537,d6fbc343af7c62a1eaf21fc122baf994598cf0286ba21ac3e82dadffa7fcd4b2,,1,False,False,7,0.3191935,0.057996213,0.82622206,0.015953952,0.1494683,0.17399882,0.013204093,0.06698406,0.2611973,0.3191935
1484,2350,65cc6e5125fc41f06eb7bbae7da11584ceb9b1cc196b33cb2acf449685bc08db,,1,True,False,7,0.2796398,0.022640884,0.8190484,0.01885899,0.15077518,0.25699893,0.015603427,0.24204807,0.036075592,0.2796398
1485,4656,46c43c314f3925ef0d4a7c2ae180a0790eb74272b04e4860cc0784392de3d1e8,,1,False,False,7,0.43484014,0.15350366,0.7508278,0.013831012,0.09420198,0.2813365,0.011447028,0.071197756,0.093145564,0.43484014
1486,713,7cb5526f33d73dd1d15aeb3fb99ea1355eb7773518f9aa552934455640df7c02,,1,False,False,3,0.3688488,0.13023119,0.7811391,0.0022806406,0.17542122,0.3688488,0.13257739,0.07767411,0.004580203,0.23861761
1489,593,0026c9fafc92b7c81711cc1b4b96e08878f5b3337c177e581d625f8ca4c0b7b2,,1,False,False,5,0.4267688,0.1966,0.69759554,0.0028364433,0.2301688,0.17001261,0.0023218244,0.4267688,0.0055562053,0.1623353
1490,2706,f2afae08ab2a866a2e2135dd378b55068a9b4dd982acf2139fafcd7dcfcbc7e1,,1,True,False,7,0.3361197,0.042178214,0.7966465,0.011526079,0.0950986,0.17615362,0.009539391,0.2939415,0.07762106,0.3361197
1491,2737,0e5f0bf6194a7ce137fdea409650c777fa07304f6e86f286c8cf51117bbd8f82,,1,False,False,7,0.42928082,0.14031309,0.7622534,0.0860842,0.08680983,0.28896773,0.012282935,0.06821719,0.0283573,0.42928082
1493,3554,9d6779894362f11f50c41d5f17eeb87c2e9a9e8dc06aaf98dbbb8401bfb0d8a7,,1,False,False,7,0.50738055,0.26519185,0.68929124,0.00797964,0.038773865,0.2421887,0.006604242,0.107347585,0.08972542,0.50738055
1495,250,fb9729ea8e9d826a3605b6270dc26e945989e5321ed7f3d6c273d5e09238303e,,1,False,True,7,0.4019771,0.16759177,0.7928121,0.13754296,0.07258452,0.12765914,0.0078050145,0.23438533,0.018045979,0.4019771
1496,3334,631aa0c1a30c6d05ef4b1dcbec330cd1a95f599c191d5454e6a78254cc43f540,,1,False,False,6,0.2825641,0.071987465,0.887724,0.0138284275,0.067399934,0.21057664,0.07802999,0.14158049,0.2825641,0.20602043
1499,822,17789982db935390691b288d78289404810ad41cebeb59e63f08ee69ac87942f,,1,True,True,7,0.436164,0.21028511,0.721347,0.0033474155,0.11045498,0.22587888,0.0027778887,0.18842652,0.0329503,0.436164
1502,1701,19cf84606a92daa3439b9e3536bce19d46abb3983fdb8e4768385b9649362da6,,1,True,False,7,0.59622973,0.42726547,0.6104407,0.0035202566,0.05649738,0.14338098,0.0029111241,0.16896428,0.028496196,0.59622973
1504,906,7116bbd4f9d66179702b4151d0b0aae4797682971ae3e173336c492377dab541,,1,False,False,7,0.2489086,0.009353504,0.86668384,0.020736633,0.19164866,0.19492422,0.017162427,0.08706434,0.23955509,0.2489086
1505,2748,75283d658cca2340e0d8c9f58734bb79670bf8d24c1ca090df01e6616ed02b82,,1,False,False,3,0.3460216,0.07413182,0.8039194,0.005773603,0.18111488,0.3460216,0.032535076,0.04609465,0.116570465,0.27188978
1506,1423,32bb426796721a4252f0f6302232a269c028de5dc54eb2bda334c594e4e4d430,,1,False,False,3,0.7727276,0.66707814,0.4445272,0.003643474,0.01973753,0.7727276,0.038034994,0.018159889,0.04204698,0.105649486
1507,2749,c633c3ea96381f8ecf1ea65a42cab409542e764c9c2b030f451e9cb357b04dbb,,1,False,True,7,0.67045027,0.5052426,0.56133026,0.013152787,0.06110882,0.16520765,0.010729304,0.054544736,0.024806475,0.67045027
1509,1875,76d80725a66af80b77e5dd490c2d1b570cf2a38ab9f94e6a5926459807ad28ce,,1,True,False,7,0.38587913,0.041174054,0.70438415,0.010307893,0.054891538,0.34470508,0.0007328315,0.16384183,0.039641708,0.38587913
1510,3536,e346fec84daefdd288afa63dd8998e72b61e121d97ab63ac7a376d9dad0bd649,,1,False,False,3,0.65862864,0.43680698,0.5252565,0.0048339055,0.03912252,0.65862864,0.0040042796,0.037026335,0.034562673,0.22182165
1511,3033,6f5d29a35b25dc42458cb8809df218be5b16958bf44631a362d9e4aa42e7d0b5,,1,True,False,6,0.33948284,0.09057702,0.829139,0.020736413,0.09172733,0.19492203,0.017162247,0.0870633,0.33948284,0.24890582
1512,367,c10b5e18c6fcc092919eefa9e56deec13528ad3f919ae2431991e78a5f7195f6,,1,False,False,5,0.35340708,0.09332338,0.76261044,0.0015680662,0.2600837,0.11201587,0.011656052,0.35340708,0.037913762,0.2233555
1514,2023,87df5b406548e7f986170def778612665ded0b3a5f23008373a03c34338cf73e,,1,True,False,3,0.6075956,0.37419695,0.5721138,0.0074117817,0.035319395,0.6075956,0.006134241,0.09595661,0.01418369,0.23339869
1515,2755,7fa2a7ecfc23823dc8bc3c1a7716d9629b94fba288e7cd47a97cdb42919af0c2,,1,False,False,3,0.31401974,0.024268776,0.80795157,0.0023750162,0.13710058,0.31401974,0.17411906,0.055409465,0.027225222,0.28975096
1516,81,eebba46ad68fb4e58f717662781116000e927878bdde18883f93ec584fa72a5b,,1,False,False,7,0.38523474,0.04943773,0.71247584,0.008299333,0.335797,0.09948523,0.0068676616,0.14843781,0.015878199,0.38523474
1517,1027,3982b7d284af60ba7e874a60ad14cfd13f37ce7da416ee9c9f5bea60fd4e8ed7,,1,False,True,2,0.5651306,0.34410462,0.63205016,0.00829882,0.5651306,0.108834684,0.006868408,0.07396122,0.015880318,0.22102597
1518,1785,e7a8ffd61cfdc94f91d9f1f880002f07cbb9b9b711e3454dead88f4ef932e1e8,,1,False,False,7,0.3399643,0.036337495,0.8147958,0.020740598,0.091748044,0.3036268,0.017165663,0.08708297,0.1396716,0.3399643
1519,2724,192c37aa1fc241aabcd901f35752b51e790d9e4b707b95cbdfa2f6fe2290c9e4,,1,False,False,7,0.31168395,0.07255392,0.8594714,0.023038793,0.14113362,0.23913004,0.019067785,0.0998745,0.16607131,0.31168395
1520,4113,38bd91e6af6dd37cb25759f8d045f1483a7ad0d950684d34035086eeb5e074fa,,1,False,False,7,0.2592479,0.02503623,0.8596262,0.018852657,0.16805075,0.23421167,0.01560548,0.08624706,0.21778445,0.2592479
1521,3461,a7213188be1fceb9be78fb2a42758cead05e55bdc48c234d7815644221544d67,,1,False,False,3,0.46167535,0.15745309,0.6879006,0.009888606,0.11330859,0.46167535,0.008176802,0.08001459,0.022713777,0.30422226
1522,2762,452ecd449778c31892ffd14a93c5082ef96c887d36728df0802023f353b02194,,1,False,False,7,0.46736634,0.050561607,0.55824625,0.0039688516,0.02540356,0.41680473,0.0032503067,0.075671114,0.0075351177,0.46736634
1523,2509,a8c69d610bd8dd645a1f2a0d17d3fdca04b0bc46b6f85b395a30d98dd895f4f7,,1,False,False,7,0.53997684,0.37640297,0.6919207,0.13502225,0.105380744,0.16357386,0.0032410824,0.022952428,0.029852822,0.53997684
1524,1525,f756279ce0d46a8c050e500540068022a67f368fb4fe445c5d83232b8a9b4b73,,1,True,False,3,0.2983665,0.0006429851,0.86587304,0.10058384,0.09832032,0.2983665,0.0143044265,0.07432553,0.11637588,0.2977235
1525,2764,4b98e058282834810f3c4b608b8726807e9d4f5237762f090abd350cc21958da,,1,True,True,3,0.55013293,0.36215878,0.6711344,0.005071294,0.18797417,0.55013293,0.004215015,0.050422285,0.0920653,0.11011907
1527,625,263431c6f434d0ae9aa4efd82d38dc55aa5f66768c83ddd55f3602f262b22a84,,1,False,False,7,0.48356685,0.15446857,0.6593767,0.012964776,0.07802667,0.32909828,0.010730128,0.06080448,0.024808891,0.48356685
1528,1065,8ab848f1dda5ddd804d2ea09e213fc6d3af6299440a70112bf72e1bce0611003,,1,False,True,2,0.23249651,0.006090075,0.90239865,0.12263,0.23249651,0.13738944,0.00953864,0.06731323,0.22640644,0.20422576
1529,1708,f06f4dd4067b5799294897568d0b049ec01fdbe4c37f149024e4aad3bfe2e466,,1,False,False,2,0.31856826,0.09756729,0.8682836,0.22100097,0.31856826,0.10133515,0.045033347,0.191359,0.015268478,0.107434765
1532,3226,392f89f769eb2c8086a4c0aed5648d9e7fecf164f4af7e5660837e8b45e76893,,1,True,True,7,0.42129558,0.0674386,0.70547324,0.015955362,0.089529745,0.35385698,0.013205246,0.07562555,0.030531548,0.42129558
1533,2681,d18bab7c79a2db068736deca91e106dfafd06e735358647d85a731cb422bdab0,,1,False,True,7,0.2969389,0.0033299625,0.76553226,0.008447554,0.17120217,0.29360893,0.0068688504,0.2067643,0.016169278,0.2969389
1535,3302,53231a0bb675be0fe3f31726cb1c45e6493029a7935b36a450a972735c1efa8d,,1,False,False,3,0.52205455,0.1904042,0.5901545,0.005071913,0.076099224,0.52205455,0.0042310655,0.05120851,0.00968439,0.33165035
1538,1859,0cb704905014c2c068ef789d0daef2db8be492a7eeaddcd3abae5eef27798040,,1,False,False,7,0.4934925,0.19399723,0.67733467,0.07851812,0.05660949,0.29949528,0.0502981,0.015440911,0.0061455457,0.4934925
1541,2603,faf852a681631761afaf5f94c772369fa38ef38d560d76a50f04b946567e2f3f,,1,True,False,7,0.5079106,0.32211345,0.73702997,0.0148165515,0.07780693,0.18579717,0.012262718,0.10163468,0.09977136,0.5079106
1544,23,e3f26e0ab484674eea2410ab3d92b06a352419e628c16fe521c811dbf80b296e,,1,False,False,3,0.56993926,0.39439034,0.6282076,0.008324109,0.052534405,0.56993926,0.006869201,0.17554891,0.015881961,0.17090215
1545,1807,1540f495233df6c57d25788d8e401da662d268639715072835305b017a90ec46,,1,False,False,7,0.5336795,0.21491745,0.588889,0.006484292,0.08883137,0.31876203,0.005366633,0.03444661,0.01242958,0.5336795
1546,3000,212ac83447d06204b153c4d05b29e25ce9e7aa6f2cbabab9af376e6df3680d57,,1,False,False,7,0.5921158,0.41823804,0.6173313,0.007419898,0.0708433,0.17387779,0.0061323643,0.13520482,0.014406059,0.5921158
1547,2640,62c9464cffa2fe8bbc50ee65f05f5478b13182361fb03f52fdb22c162e28aa4a,,1,False,False,7,0.34817186,0.10862197,0.82768816,0.020736411,0.091727324,0.19558899,0.017162245,0.08706329,0.23954989,0.34817186
1548,1005,1a678b7927104bcb0478e0d47c331ca556d0848d13b6a3e1c3c8cc9ec8c59100,,1,False,False,7,0.5602238,0.2880536,0.6064012,0.009022985,0.04153977,0.27217022,0.0074677197,0.09230837,0.017267162,0.5602238
1549,1699,21148f9de494bfbcb80995e60e441535c9a1c9803b19c5efa2a547fa764ab79b,,1,True,True,2,0.46273944,0.30552745,0.7831493,0.15721199,0.46273944,0.09266267,0.006360004,0.035481356,0.088704504,0.15684006
1550,2785,5b704f3ce9943183330d3d3979308bd6c1bc2b5d65feb97b24102720d70cb54d,,1,True,False,2,0.41843274,0.23495854,0.79364586,0.0029356552,0.41843274,0.1834742,0.11797405,0.10174741,0.019672427,0.15576358
1551,482,09a36c292f357cf3dba6faf87bcdafe018870a583b2a8811fdb8a2a32d0e94d0,,1,False,True,3,0.4946103,0.09637642,0.55118746,0.0040725614,0.060757577,0.4946103,0.0033785638,0.031160163,0.0077869524,0.3982339
1552,405,af44c991339949ea6edc7e5508409b0a639adc23cd8d2f57e4b4a5e311bfda62,,1,False,False,7,0.41868058,0.19640602,0.79149437,0.04829838,0.043615513,0.15919302,0.006873062,0.10106491,0.22227456,0.41868058
1553,285,e9de35e1effe7f7e465624c08d66366a4effcf6a63b600beb28f20dcc4d94785,,1,False,False,7,0.36643094,0.108234644,0.75984585,0.11717298,0.2581963,0.20972045,0.0038178428,0.0358335,0.008828018,0.36643094
1554,2026,f7f01cdd46cc94bd3b86ffae4ac1d86c5def8e7d05c0a37823a6f47b04fa84f2,,1,False,True,7,0.5640156,0.29065424,0.5897186,0.006924361,0.10272221,0.27336138,0.0057243556,0.034016646,0.013235409,0.5640156
1555,732,eabfd66a3391cd1429653934543e63172d66364ac31300e3cc22a1f9d888ed59,,1,False,False,7,0.47568056,0.061546683,0.56992036,0.0045114034,0.051065303,0.41413388,0.025483964,0.020476302,0.008648607,0.47568056
1558,4399,f66bf97de7121a03376ffbcb413d0c5bd7e058a57d4906cd6637868b6ae72cf5,,1,False,False,7,0.34683418,0.10341042,0.84768915,0.012964493,0.062805966,0.1734572,0.07321872,0.24342376,0.08729567,0.34683418
1560,2790,f6a053e0b4af33d50f1060a78226823e96d53a1a02b5ef37f3399b3223a00e44,,1,True,False,3,0.5862287,0.42641664,0.62003547,0.0057099108,0.13659625,0.5862287,0.0046412176,0.15981208,0.010750444,0.09626134
1561,2792,7c87cb26b3ea2b30fa3384deda57976f4ce3d1f8693d0e0f576f18f8416d1f1f,,1,False,False,3,0.560887,0.2563858,0.5766998,0.025776781,0.075630896,0.560887,0.013562099,0.015020277,0.0046218145,0.30450118
1562,1339,2236b89ddc345bbe9436f4560ac9e138b6af8a9c835335b109ff022fd2020826,,1,False,False,3,0.36149266,0.021892518,0.7335426,0.0010233129,0.10767591,0.36149266,0.014971299,0.33960015,0.028438268,0.1467984
1563,2794,06eb5a9e06fe57e8d002f570b39c572c6efafd0fd6b8505b39f28aa4bd6699a5,,1,False,False,7,0.4382164,0.10592249,0.6189061,0.0026985505,0.029497638,0.3322939,0.0022307576,0.18975745,0.0053053517,0.4382164
1564,722,fafc2f5012d377fc8f4702a21c2ffdea9d499b70efd003f9e992df6bccdafd39,,1,False,False,7,0.3448045,0.030387282,0.76972455,0.06423195,0.05616858,0.3144172,0.0078062946,0.19452184,0.01804962,0.3448045
1565,2797,aea37f94878407f229daf0bdf999822a8c90e849cb379982f95b29daa5a8fffb,,1,False,False,2,0.37175217,0.0567469,0.7961433,0.06089186,0.37175217,0.31500527,0.020925596,0.1048387,0.028955651,0.097630724
1567,1442,c22ff5952b0b2c4d357ce081c8c1263b9bf0635afce7b2ecf0e91e17af5de0c0,,1,False,False,7,0.34044257,0.019245267,0.77630043,0.073677056,0.18139426,0.3211973,0.0040893895,0.04597471,0.03322472,0.34044257
1571,1034,b18feac3250591d437fd25d079590eff1a8d2a64b7222e60278d40de8950ddff,,1,True,False,2,0.46924993,0.24134573,0.7746534,0.046670496,0.46924993,0.052195873,0.02402428,0.2279042,0.06936212,0.11059313
1572,2805,98f47c5bd32f5254bfaad185d08decd2851bb5ddb9722d48b66ec592bb8f819d,,1,True,False,3,0.45974866,0.15187389,0.6698504,0.009930591,0.15127364,0.45974866,0.008207837,0.044055745,0.018908793,0.30787477
1575,1157,a4c63c457a22780923f4b9312d4f81aed8b136ebebd47b67da2f2ef5a568fa34,,1,True,False,2,0.3171653,0.016395628,0.7847813,0.109490745,0.3171653,0.30076966,0.004906669,0.055197008,0.0113447895,0.2011258
1576,1428,7b6451d5708aa5ba9d627a1ac80575c36d563fed7f87f309d653f1952e443ea7,,1,False,False,7,0.36585236,0.091489464,0.7753161,0.0051930086,0.2743629,0.114748694,0.054331575,0.17532313,0.010188404,0.36585236
1577,2809,db6b5f675bceac4abd0d876e996729882324f2474f384c8b7353ae6f85016418,,1,True,False,3,0.3559851,0.07942954,0.80690366,0.023517195,0.11249474,0.3559851,0.019068662,0.16829129,0.044087462,0.27655557
1578,3586,9986860dee822acf447cd46160e896412044296a84aac237b93877bc9986a13f,,1,False,True,3,0.35014424,0.07895401,0.81954753,0.017343001,0.14183411,0.35014424,0.014303506,0.08882322,0.11636166,0.27119023
1579,2062,6662966e6a930f06bf13453ef7f3894fa1a796b6a37bd56aa8d7827001fa724d,,1,False,True,2,0.29914194,0.072422,0.85692924,0.015954167,0.29914194,0.15221834,0.22671995,0.06970006,0.03052877,0.20573677
1580,1123,6466bf2c1236cceda8eb61b3100f82fba909bd7c812f1cc7838485c6e6195278,,1,True,False,6,0.41631553,0.1849796,0.7861266,0.017282462,0.08185558,0.16413705,0.014303621,0.07476984,0.41631553,0.23133592
1581,2813,6eb735431074bab04df573ce9578ebee9a54c3ff0d4148917e34a6472b5ee3dd,,1,False,False,7,0.36128148,0.039054304,0.7022471,0.0012955705,0.018754415,0.32222718,0.0010544097,0.20348719,0.09189975,0.36128148
1583,1040,1ba01212bb3d3e12caccd2b8d6c665ff49bc688cbad44313f9f6bce6bddb86b5,,1,False,False,7,0.44626236,0.20611055,0.6838878,0.00902801,0.044524353,0.24015181,0.0074666804,0.23530257,0.01726422,0.44626236
1584,137,5fe515e05f0bb8c1d6984ce45f0fb1c376cd40de0dba493e5c4b59f59df0adce,,1,False,False,3,0.34568876,0.048525155,0.78551745,0.053527795,0.18009238,0.34568876,0.0074649896,0.09880307,0.017259398,0.2971636
1588,1556,9f4bf428352f311f6b1520c2ad36a70a32f23ca7ac0d3403a83e28081b67659b,,1,False,False,7,0.58294415,0.26959395,0.5407527,0.0071547683,0.044899154,0.3133502,0.0059208786,0.03204146,0.013689361,0.58294415
1590,2822,22dc6c7d5a5e6384666c1e73ac09eb7d262f630ea983a62be68613ce0f93c312,,1,False,False,7,0.6792129,0.53907865,0.56611294,0.013831827,0.06402325,0.14013426,0.011447697,0.060334753,0.031015333,0.6792129
1594,324,e784a612fdfdea7b426fb380cef7ada7f7d029df54bc42cb7aeb4c264666f58e,,1,False,False,3,0.41295683,0.16321263,0.7100161,0.0021636672,0.18924104,0.41295683,0.012200592,0.12944363,0.0042500435,0.2497442
1596,2827,45e363c766f60870873534d1aa37b31ad9e632e9dad18db9a61078d64467158d,,1,False,False,7,0.5564779,0.36923647,0.6981411,0.06307757,0.048214402,0.18724142,0.0047703995,0.0701382,0.070080064,0.5564779
1598,4390,dd9f6449ae3b088bbfe65e5b6fb7aad100763672df474a14b27b18f7d9feb0cc,,1,False,True,7,0.28918415,0.08679238,0.8997282,0.20239177,0.0773205,0.14203516,0.012262407,0.10562252,0.17118347,0.28918415
1601,310,1e1bf626950e986a07fea4a4687e45be616e910af62641c1b73833619b0e0a91,,1,False,False,2,0.42524117,0.14956993,0.7398034,0.008321803,0.42524117,0.14409122,0.006605741,0.08631409,0.05375472,0.27567124
1602,2567,b8d47b91a67e96ef0b6481ed8a316cdc0478f5cc46d72b94c868cf964a520eb8,,1,False,False,2,0.337488,0.08553243,0.81818837,0.25195557,0.337488,0.15666614,0.00953832,0.055602703,0.022053272,0.16669603
1603,1470,05c8676d019665df7612181a489852f748d65db3d847e7df27beae0f3be8dc0f,,1,False,False,7,0.4952936,0.33213687,0.7417139,0.012963723,0.106591605,0.16315672,0.010729265,0.061519567,0.14974546,0.4952936
1605,1058,4bc2573065e40a4c45372d3ab5937fa25c059b702c549583dcd5712418828b1a,,1,True,False,7,0.31717727,0.049135268,0.81336004,0.018854372,0.174137,0.268042,0.015717776,0.16999272,0.03607887,0.31717727
1608,2834,cd2488b70ee8bae788eb19c0903e510aceabc2237635e90a95adbc2e9eff4e52,,1,False,False,7,0.7001426,0.5357191,0.49946812,0.005927973,0.16442353,0.07786443,0.004914059,0.034298014,0.012429411,0.7001426
1609,1024,b46c943d149e6996e80adce99e40cc2979e62c3bfc1ea42e49cc302c23390f2d,F0020,2,False,False,7,0.34956005,0.06660724,0.83998394,0.088907085,0.08493236,0.28295282,0.011445117,0.0763859,0.10581667,0.34956005
1610,2057,b2ef7e6e11bf08a724f68addc6555ff430db77c98b7c7188f6bf4b8990f8ec8e,,1,False,False,7,0.5785953,0.37406403,0.582538,0.0036366743,0.16656537,0.20453127,0.0030586391,0.03668314,0.006929643,0.5785953
1614,1779,95f5a62c4f12fc36f0f67e4fb0d0041dd0d4ca60c10c05963cd2b543b5cdb826,,1,False,False,7,0.48178595,0.095736325,0.59746265,0.009030713,0.059576392,0.38604963,0.0074653416,0.038797334,0.01729464,0.48178595
1615,537,fac9995986f9f1fde841e001e4e90d8a548ad991a94da6c026284cbcb72eea6c,,1,True,False,7,0.40520278,0.18844828,0.75085133,0.010935023,0.12900896,0.2167545,0.009036434,0.20816945,0.02089285,0.40520278
1616,2840,49249866e2dc1ecabc144b84194ab1add171199aabdfb9bf0869070ba969a282,,1,True,False,3,0.5241804,0.34122518,0.6816652,0.0023064858,0.17728208,0.5241804,0.019188741,0.06500137,0.029085703,0.18295524
1617,1855,48defb9ffe20bbc68c4fd4faa316b7b0b79920034242eae48ac85803203e9002,,1,False,False,2,0.31304353,0.049910903,0.7500641,0.0061111017,0.31304353,0.24403103,0.0050512217,0.26313263,0.011679152,0.1569513
1620,3680,144702833fca8112dfa6b2a427b2790cbb107bd4ba92e7e2295140b6f24c073b,,1,False,True,7,0.42588624,0.064247996,0.69058913,0.014307053,0.08260218,0.36163825,0.011444129,0.07766306,0.026459089,0.42588624
1621,3596,2b0598eae47d0fc645f80b103ad919d9a0850dbbf83ca49d3f4118453bf5fe03,,1,False,False,3,0.2696092,0.0696165,0.91172576,0.011190762,0.11432096,0.2696092,0.11438507,0.19999272,0.11168842,0.17881285
1622,2807,702fb3c915566dae29997cebc30f18398bb6195896a4599af3940474304fd880,,1,False,False,2,0.33302486,0.048660308,0.84544593,0.011532493,0.33302486,0.12287145,0.0628203,0.10777993,0.07760641,0.28436455
1623,2846,663aeaf027bc4c3814fb5c8d96afeadd6a876534644b66271a0ad3c43e4064fb,,1,False,False,7,0.48816413,0.21795788,0.7078871,0.017293317,0.09470827,0.27020624,0.014303738,0.08055269,0.0347716,0.48816413
1624,1826,7bef53066c3e3da4ed89f603e41234c817e23f95bfe22813c616ae927b8505b7,F0021,2,True,False,7,0.2765416,0.0103952885,0.85313714,0.023038762,0.1019117,0.21656403,0.019067757,0.09672984,0.2661463,0.2765416
1625,2849,dc1ecc5c35b58cbb402ebd5ed2cd5ecaf89e908bb4cbcfa4493ab7e06323c06e,,1,False,False,2,0.41849592,0.12668106,0.71424675,0.009039843,0.41849592,0.093146436,0.0074651833,0.29181486,0.017323812,0.16271393
1626,1528,f5af1a2f4d1ae0f6a430551984ce0c1ac764ce832ce04003c16ee94f64d9668a,,1,False,True,7,0.33562425,0.030494183,0.77512324,0.010380815,0.06744948,0.20298864,0.008584609,0.30513006,0.06984218,0.33562425
1627,1362,cf16a75b8d7ad9ffd00a930fe537db88d0134710e0c991ad78bf463364df7af7,,1,False,False,3,0.32083738,0.07192698,0.83755076,0.020750007,0.09598795,0.32083738,0.017162543,0.09173045,0.20462127,0.2489104
1628,1113,4f47ddea88f7ea6be55856246756e30466ee7187a8f4a1004629a6054f631eb0,,1,False,False,3,0.32036725,0.00926891,0.81859905,0.025917629,0.11464709,0.32036725,0.021450404,0.15692511,0.04959419,0.31109834
1630,566,b6d4a22afdcf41960b165c7f3e209f46af01da585cf8bf59a24e17251516245e,,1,True,False,7,0.25118634,0.054507703,0.8835872,0.02073778,0.18766963,0.19667864,0.017163362,0.18692999,0.13963427,0.25118634
1631,783,15318a771fac00e5b2413567d1774a038d3d70debb4f78f30236561f7dec3fb4,,1,False,False,7,0.39691177,0.08534786,0.76217175,0.014833845,0.06747786,0.3115639,0.012261582,0.08501791,0.11193312,0.39691177
1632,1311,0986cfe3540302f3f3960c324ef27184899e7cc8127634f0eed1722a4d6c34c8,,1,False,False,5,0.49154142,0.19000426,0.6548209,0.0123266615,0.108639725,0.064704664,0.01788399,0.49154142,0.0033663749,0.30153716
1633,2854,d00239728e2f9718237cc7f91985a1ab337a7e2d5abcb0c74aa3497545c718c8,,1,False,False,7,0.5975473,0.33229005,0.5584787,0.00576362,0.037237126,0.26525724,0.004770183,0.07839549,0.011029093,0.5975473
1634,3384,32a123a0071e22ff4e81bc58c53783fe5ba13f4bb47c2a6afe9fadfac0b4cfbc,,1,False,False,7,0.4343886,0.23473446,0.78260875,0.01728255,0.07644939,0.17489123,0.014303693,0.08303036,0.19965415,0.4343886
1635,1012,f68a950c1defc0723949155f25fc44fb1d54511625e7c2588944d0b68132aa48,,1,True,False,7,0.5983724,0.32591733,0.5534409,0.0061255447,0.034644924,0.27245507,0.005051508,0.071619436,0.011731088,0.5983724
1636,1499,e693486c5eeca132bd406840febeddfa09301fd62600660caf797af9a8a363b4,,1,False,False,2,0.66473556,0.5144719,0.5597033,0.006287402,0.66473556,0.09881189,0.0052036834,0.032497972,0.042199843,0.15026365
1638,2860,f875cd6715c32855fe56c83db4dc90e12d6cd88446983aa94342a94eded64bcd,,1,False,False,2,0.46422234,0.17937583,0.6926114,0.012228803,0.46422234,0.14873755,0.010099366,0.056514934,0.023350552,0.2848465
1641,3910,4c2c570796691ac5a1b20a21a718bf8372859c2a01276c47be4b9ef95557484d,,1,False,False,7,0.5447381,0.30993092,0.65890014,0.008645056,0.10427119,0.23480718,0.0071837506,0.04147727,0.05887744,0.5447381
1642,1258,b23e76a9376bf4c89bb448b15f86d4eb490d14b16dc3587de1a0ff51350080a0,,1,False,False,7,0.6408571,0.49437284,0.6033106,0.0138274,0.09944732,0.14648424,0.0114440825,0.0614809,0.026458954,0.6408571
1643,2753,7ea29e7fc833f1384ba3c92844c60dc01c4c0df78573145cfff601f21260cfb7,,1,False,False,7,0.31109452,0.067471504,0.83322066,0.025917323,0.114645526,0.24362302,0.021450154,0.23367597,0.049593452,0.31109452
1644,127,2004ba41a184ec6660949d9f27c432576171db8e4df64f80ce1ab73b233e0bd1,,1,False,True,3,0.4572315,0.24452284,0.74009925,0.011524978,0.057915688,0.4572315,0.009550478,0.06664152,0.18442714,0.21270865
1645,3880,ae4bf9b4f23804c21e803fef144c982c05ce556c83c2d2dd4234bc7788593295,,1,False,False,7,0.323492,0.0057352483,0.8168046,0.020739349,0.094116025,0.31775674,0.017164646,0.08707709,0.13965413,0.323492
1646,2867,11525101e1da7a81750c02bb5aa9fadf99e11f4d0c38a2c859d14125bca7f25b,,1,False,False,7,0.61076266,0.31218705,0.51453,0.0040736417,0.032279715,0.2985756,0.0033734776,0.023221623,0.027713278,0.61076266
1647,2869,e2aaa852f7db3595c4df2dae8d87b7515239732f80fb34de9b0442fa777905ac,,1,True,True,3,0.47559258,0.20749569,0.7114317,0.009903184,0.059361972,0.47559258,0.008176831,0.06550484,0.1133637,0.2680969
1648,769,ee4d9db82b33e628ed8fcc70fbff0e00425c02785ec475f31172db3e4ea11967,,1,False,False,2,0.27954298,0.065980285,0.8839817,0.0055562994,0.27954298,0.2135627,0.060246494,0.12989503,0.12034417,0.19085228
1649,2783,11c1f87fe55bf0c876e1705ddc7dae206786fdb67417f83edc7a61c37bf66109,,1,False,True,7,0.5184387,0.20348051,0.5992895,0.0023922096,0.024580587,0.31495818,0.0019764449,0.10862946,0.029024422,0.5184387
1650,1568,5188984e41e89b520f3b0ef537249e55f1bf2b029d047b5c8b8e009b038b9e4a,,1,False,True,7,0.4339427,0.18829411,0.78258574,0.02591632,0.11464054,0.2456486,0.021449333,0.10881146,0.049591105,0.4339427
1654,459,104294a016dfa73d810674c84155ef2b0da4118ede5e28db5ad96b86b0352533,,1,False,True,5,0.54868245,0.32159558,0.5874919,0.004247671,0.021059528,0.18727015,0.003515169,0.54868245,0.0081381425,0.22708687
1656,578,0d3d0b039ca438b6a637ed2ba57868e808dbab7ced13b06f30afe9144c78182a,,1,True,False,7,0.40817466,0.11191571,0.67966884,0.006694097,0.04681634,0.29625896,0.005539302,0.2237093,0.012807313,0.40817466
1657,2879,967575e3fdfbb40be18dd33d30f1c832e99ee1723a1529e674aaeafe79201ef0,,1,False,False,7,0.61353123,0.48724985,0.6302127,0.005816814,0.114987284,0.12628138,0.0047702305,0.055462766,0.07915026,0.61353123
1660,2882,2b121792a7b8f311c7fd2107efab6226e19fd75abf1e836e7e6251518aa136ab,,1,False,False,3,0.31036147,0.024286658,0.7542908,0.0064847735,0.1801176,0.31036147,0.005366081,0.19871406,0.012881238,0.28607482
1661,2884,d3223d3eed2186b54d8135f32a98b73b869e9675c7c5882953d745317aa65872,,1,True,True,2,0.5691556,0.34928346,0.6441867,0.009117668,0.5691556,0.0941072,0.0074669244,0.039613962,0.060666576,0.2198721
1662,3454,f9320de3ebcc3fd8c9d130d37dd3a5b28d868e2dfbc106f58c96fb19b7415e76,,1,False,True,7,0.6901924,0.5873108,0.5446515,0.090705715,0.027693536,0.07816476,0.0031222694,0.10288161,0.0072397147,0.6901924
1663,279,dc73c1fcb18f0d6e195859f704a32ca76063a0fd3581446dcb43e645b5ab0d1c,,1,True,True,7,0.38334325,0.10164091,0.8079536,0.10933203,0.080492936,0.28170234,0.0081781,0.052940577,0.08401081,0.38334325
1665,182,c4aa92449bff6032459a318b0de272875850b1199a92e846c05d48ad0d584136,,1,False,False,7,0.47820157,0.3051017,0.74195105,0.1190505,0.040917367,0.16382906,0.0071554906,0.17309989,0.01774614,0.47820157
1666,729,780c46cdde7bc8b0342cb8b5efe855e7a89181b05c0f37a1bbf5306ef9fc9f0f,,1,False,False,3,0.28736666,0.012044996,0.8474209,0.09324828,0.14302747,0.28736666,0.0027264487,0.15865976,0.03964969,0.27532166
1668,2702,cc383fc2d5f766fb6bc496af8c5451284cb5c795be55e5dcd5466f848db2b4a3,,1,False,True,6,0.22841069,0.00801371,0.90978956,0.13150157,0.16026202,0.08669582,0.0054643424,0.22039698,0.22841069,0.16726857
1669,4734,fb47db653e45495fa8595e02e0be77859965f7136bf2bb7897ef9e1c0af7b66e,,1,False,False,7,0.35228541,0.049903423,0.7755301,0.0122085605,0.055534724,0.302382,0.010577533,0.1847692,0.08224258,0.35228541
1670,2892,27e1d1d3fc234ab93fad06569ed6928b0f3b417d77dc02cd4e68820d3e2e57b2,,1,False,False,7,0.31757945,0.06865759,0.83555216,0.09736019,0.0962649,0.24892186,0.0025678317,0.19788153,0.03942427,0.31757945
1673,2437,d9ea4c941fb0a69ba676ef933aad6218d45dcdb6a237bf74acb284b33d3d17f1,,1,True,False,3,0.45330516,0.15799409,0.6578141,0.030145146,0.018677488,0.45330516,0.0016026918,0.18782984,0.013128574,0.29531106
1674,2646,c7a07595d1c15c4487ee1c15844a24d8588c344f8e1772d461962206339cafff,,1,True,False,2,0.55833685,0.26106483,0.5639185,0.0045112935,0.55833685,0.10298398,0.0037337055,0.024529262,0.008632861,0.29727203
1676,2534,085d9bdd7664e3aa9398ffdc0affef745b9db7538d631780f03b57cecce553e2,,1,True,False,3,0.37983254,0.020338178,0.74990076,0.08044513,0.08421461,0.37983254,0.011468116,0.058080103,0.026465194,0.35949436
1677,2899,94d2dd5843867b7aef0c9457a4598ea0d859a83f3ea56417e5a634215bd553d6,,1,False,False,7,0.5448909,0.31268102,0.6330052,0.00610226,0.12549281,0.23220986,0.004776132,0.07549726,0.011030782,0.5448909
1679,153,5e613bac069b20f43f46e9d1d8c1bbcb4b4347539ef1a4315367b5888f5085f6,,1,False,True,3,0.35801902,0.14086668,0.7462176,0.0059288084,0.19874781,0.35801902,0.0049069105,0.21715234,0.011361082,0.20388398
1681,2959,f814e780f7c6f9de9941b32f55def7027b364a8374f5962c1cff7cefdb504ef7,,1,True,False,7,0.68337035,0.50479907,0.5165695,0.007154515,0.0772042,0.17857127,0.0059257178,0.0340833,0.013690672,0.68337035
1683,4716,d8e33bf01b421fe7b3f9a10536b645f2a6c92105887858cb938969512cda96de,,1,False,True,7,0.34727472,0.09935768,0.81525207,0.014818267,0.06555046,0.14096,0.012264118,0.24791704,0.1712154,0.34727472
1686,2909,93ba472452386cc878106c3df965a5d5a5c22afdd73cb06bde982e7d08acf5bb,,1,False,False,7,0.39900222,0.111690074,0.6892566,0.0029854083,0.05598011,0.28731215,0.0024534212,0.2299665,0.0223002,0.39900222
1687,774,a5fc6afe0f3a467ef00cc26170d6ae5d6c959e000d345567aa7857aa60d8832a,,1,False,False,3,0.364979,0.013009399,0.73868716,0.015956545,0.15506184,0.364979,0.013206215,0.06829248,0.030534301,0.3519696
1688,2580,601cf56f45c5e2c80040cf7c68040b828ac0dd8033b6c6111b08f2ee40fa0d75,,1,False,False,7,0.36751825,0.14972594,0.82606596,0.018853884,0.083400786,0.17722708,0.0156041775,0.119603515,0.2177923,0.36751825
1691,135,f71bf6c60364e87db2ec5509e7007337fdfc5450b432fd4f46180639939193ad,,1,False,False,7,0.7659706,0.66319984,0.44052976,0.0032119253,0.10277074,0.0675662,0.0026422928,0.03637045,0.021467827,0.7659706
1692,246,2fcf8f993297b87c6b59b331c26029e57f507c39b7a4a8145c32a7123742157b,,1,False,True,3,0.6134988,0.44212925,0.6043463,0.003407736,0.04700436,0.6134988,0.0027266268,0.11220945,0.049783457,0.17136955
1693,1068,e485d77c42a61677313640ae2321b455d2e24e0e23cd39ba57d49378ddd1f70d,,1,False,False,7,0.56003714,0.41293144,0.6995951,0.14710571,0.06139178,0.13543548,0.011444054,0.058126967,0.026458872,0.56003714
1694,1316,6144e3150e04d17bba2ac0fc43e48571c40e6f608d5d47835dd14dc06f91c90c,,1,False,False,7,0.3857738,0.07665685,0.778728,0.08575439,0.12950288,0.30911696,0.02184613,0.045348886,0.022656966,0.3857738
1695,2365,3d928e6f5a3f46ebed900ed08262ce46cf24308bf18698b18ef3fea750e8f5e8,,1,False,True,7,0.3488485,0.05403453,0.8141139,0.020737695,0.09173369,0.29481396,0.017163293,0.08706933,0.13963357,0.3488485
1696,2919,c89ec741369e47294a121693a8af63a305ee28c37267a5d5ba925b08d6b78877,,1,True,False,3,0.4248796,0.0071097314,0.6343798,0.008644001,0.0469484,0.4248796,0.0071540973,0.036401063,0.058202937,0.41776988
1700,873,4de01eb6385506dbbe5bdebe4beae82e1ccdb852fd19f3a759ccb4d4d23c12f2,,1,False,False,1,0.36918184,0.18317384,0.83581424,0.36918184,0.12670062,0.186008,0.010729639,0.10501652,0.024807425,0.17755593
1702,3830,167d8f8dd0f79b239b27ad7bd6e88ef7c21af72c2bc1eaf90d515f1efd48a115,,1,False,False,7,0.49804893,0.3574296,0.7772546,0.012964729,0.07120696,0.1366897,0.07322165,0.06724868,0.14061934,0.49804893
1703,2339,1ea535e3e4dc3e01f43c3fb0ed50679ae2ade8ec1868febeffef8646a9fc6af3,,1,False,False,2,0.37198317,0.113696545,0.76996624,0.045342825,0.37198317,0.25828663,0.0028258648,0.15586674,0.009493945,0.15620083
1704,1032,8297484c507d47dd2eb48c7bda70b8f085398d514b91b8dd166d83f5ab575aeb,,1,False,False,7,0.6264113,0.39687693,0.5691483,0.0014738701,0.054775357,0.22953437,0.020685654,0.032134287,0.034985192,0.6264113
1705,2925,327319ec3f3121a41e25aae081e784d497a8823686ca5f4dea1bfff2bc807789,,1,False,False,2,0.3920097,0.10039598,0.7342468,0.010372267,0.3920097,0.29161373,0.008584476,0.09848717,0.019847753,0.17908488
1706,2466,ad655548508914b10db6e9ff832f867f351bf63a243f4e68ee05c74b6cc5e742,,1,True,False,7,0.46490434,0.1002419,0.5862111,0.0033712657,0.018632414,0.36466244,0.0027745722,0.13920018,0.006454811,0.46490434
1708,2088,45497548322da2892bb973ebb5b58a63c51faca5e035fa5c0aa3858c32f8c59b,,1,True,False,7,0.4385562,0.29506236,0.82288307,0.012966752,0.059614595,0.1320636,0.13575457,0.07755045,0.14349383,0.4385562
1709,3955,ded5ebf36def184c097633198588133410d0d7ab3b0a7cd38a0c2e2b5dd43bbb,,1,False,False,7,0.38138646,0.12312469,0.79752237,0.017282918,0.08043054,0.25826177,0.014303989,0.07873553,0.16959883,0.38138646
1713,2932,fbcb251a37720ce8a4dd6a73109496657bfc16cf5faae2dd5cd14d52d818f87c,,1,False,False,3,0.47947946,0.24711876,0.68098027,0.002504604,0.12623657,0.47947946,0.0020692048,0.14051424,0.016835203,0.2323607
1714,1482,9d8ee31d2b89d659c4f7deee6fed9e3f5a53c7ca97ec22e30e0c73d4dd7ef401,,1,False,False,7,0.48923475,0.2633025,0.74232846,0.023038767,0.10191173,0.22593223,0.019067764,0.09672986,0.044084888,0.48923475
1715,2934,f08656ac9def44a139083c83d8c9324e46664e7e9ff44f2c7353013520cfa514,,1,False,False,3,0.5474045,0.28938058,0.64347434,0.0042376583,0.04280411,0.5474045,0.051473923,0.083646625,0.0124092875,0.25802395
1716,2935,d980d93f84d9cb14bbbc9310a117dc54dfb833791d06d0097d0966297a5b6471,,1,False,False,7,0.37820917,0.14566933,0.76565224,0.0022086012,0.19783893,0.23253985,0.0018354141,0.11790607,0.06946199,0.37820917
1718,654,46cb5caa09d5432f83ed9689b1785e77a646be9ed23bcc2501e0a582b76b69f6,,1,False,False,7,0.64798325,0.44789386,0.55209893,0.0044157873,0.073028184,0.20008941,0.0036539414,0.041154973,0.029674478,0.64798325
1719,464,0a0da1e012420e0b9ddc9528f36f6a4d6ad14c822c6ba08a0ebb178391ce5f5f,,1,True,False,7,0.4549929,0.2403844,0.73191446,0.010434711,0.046379417,0.19512986,0.008586184,0.21460849,0.06986846,0.4549929
1720,1399,26f1b62f7e523df2092e43d22fed60195db8a8931d15c6dd2ee03e16ea810624,,1,False,False,7,0.6133572,0.46653038,0.6323274,0.013828384,0.108229205,0.14682682,0.0114448825,0.07985233,0.026461251,0.6133572
1721,2297,a9b182753d0518ee87c0f86b26dfbe83d9f4342e3910370c1fb3ff7009f79e8d,,1,False,False,7,0.6007571,0.4040507,0.56991583,0.0028435558,0.19670641,0.14513114,0.0023951484,0.04659787,0.0055687046,0.6007571
1722,2687,50bebff29052c405ee0ca57762bce7915a7bba7492b89f8c0ab901e457cc136e,,1,False,False,5,0.28402093,0.030528665,0.7902554,0.01220221,0.25208926,0.16474687,0.010099,0.28402093,0.023349509,0.25349227
1726,2878,95f5d107426bd03662e1a0c520b7c298ee279fd3df20ea223cd13186833f2cac,,1,False,False,5,0.4484824,0.22649857,0.7089302,0.0041298824,0.22198382,0.20584866,0.0033042054,0.4484824,0.03228288,0.08396814
1728,563,e15b8b70a24502e140724d248a36faf355b38f8e7d85ae81c8dd9559a767f8fb,,1,False,False,3,0.40461415,0.10765275,0.72799176,0.013830735,0.061181996,0.40461415,0.011446806,0.2969614,0.026466887,0.18549804
1729,2942,d6671ea90fd066aeb305e8d47c90cb8f09f33d054d54244940e0f3a93e60a3d1,,1,False,False,2,0.31292063,0.012009442,0.77552325,0.010373211,0.31292063,0.3009112,0.008585246,0.059899077,0.06985188,0.23745875
1731,2944,7f855785347dd98477dc840963d3118ef34e840a3c951ce74d4b836a973cca93,,1,False,False,3,0.6763248,0.5501901,0.53000927,0.0027033598,0.014113165,0.6763248,0.0022387807,0.12573251,0.052752685,0.12613466
1733,2946,23e234f5d50f1367ad38283579fe430f77433b4d8d327e54623bc51011785608,,1,False,True,3,0.67859083,0.53181934,0.5244122,0.0037784148,0.024803083,0.67859083,0.0031227958,0.11754284,0.025390586,0.14677146
1734,2947,e09e326e1a48949d429e1717b30e9118a2c952acf99c4b7b75cbb8da8a72089f,,1,False,True,3,0.5150861,0.2268953,0.67622113,0.03988978,0.023536993,0.5150861,0.02439268,0.2881908,0.032987814,0.0759158
1735,1684,c6eac39152dc8747264de3f2d5bf74e8ab7919c5f402100fa9054f23cb633239,,1,False,False,7,0.6658191,0.3925038,0.45149297,0.0030120607,0.01627902,0.2733153,0.0024890837,0.018833485,0.020251948,0.6658191
1736,633,be174058bce4ec0c5388e2c6e6b1631a835341b7d67ba234e8a01e90c9b8ca0d,,1,False,False,7,0.45124608,0.18438,0.7064539,0.012965991,0.17893021,0.2668661,0.010731118,0.05444878,0.024811687,0.45124608
1738,3462,4679904c4c3a0c9c7fe8d3e95624e8e4f1032783c20b6c533c40bb325c1435d6,,1,False,False,7,0.40612954,0.24689667,0.84793276,0.1488654,0.07385775,0.15923287,0.013294623,0.0911504,0.10746943,0.40612954
1740,1581,203c2151c05fdbe8fc24f8c681426616346a5375f9f83e53f7552596e681fc8e,,1,True,False,7,0.27210835,0.010609537,0.81346613,0.029777374,0.2614988,0.1850851,0.0022902002,0.2143393,0.03490088,0.27210835
1741,1990,c75af79aaa0a4e0199f9a91ea89cee12d942f8101de7f4537eb4e58a42c5e0eb,,1,False,False,7,0.37533724,0.14158186,0.7821969,0.014816478,0.1502855,0.23375538,0.012262658,0.18519036,0.028352333,0.37533724
1743,546,79b2db90e7af4acffbed70d976d78df67d43c482b0b37ec36a0fcdcd560185f3,,1,True,False,7,0.3609307,0.01018849,0.7491846,0.01728426,0.076925576,0.35074222,0.014305088,0.14673765,0.03307448,0.3609307
1744,2260,110d24f167c629975c94213f2a015c96bb0dee9743a3737e3aa33e7f1454e5a5,F0022,2,False,False,2,0.3320396,0.10170969,0.84137577,0.01728279,0.3320396,0.17851003,0.014303891,0.11116616,0.11636762,0.2303299
1745,595,4d0262b25f123d2ad532eeec5b73e998b116953a255cca444f7e09008eef74b4,,1,True,True,3,0.65672225,0.40251455,0.48783532,0.0024710635,0.02912963,0.65672225,0.002128788,0.03866259,0.016677966,0.2542077
1747,856,c3e1f88233d2fda40ba2aff45889d5f0bb36e93a4ad4f351885a0ab40aa600b9,,1,True,True,7,0.61529666,0.42305118,0.622074,0.060364973,0.048252616,0.19224547,0.008584709,0.055407554,0.019848032,0.61529666
1748,3485,dec60103403b0eced8f1b8cdf08d579a0cf027b2d67c7477ad3fece07c816cfc,,1,False,False,7,0.35933205,0.15968873,0.827142,0.017282411,0.15433832,0.18253879,0.014303581,0.07256155,0.19964333,0.35933205
1749,2272,efb40a8ee0154c7a86ea1b712062a2ff44aef1a4d6703abb2a49dccc0dd98692,,1,False,False,7,0.27237487,0.008323669,0.81947744,0.014917278,0.072689794,0.26395527,0.01226118,0.2640512,0.099750444,0.27237487
1751,3604,c3459294945cb61eb3a343bc92e28932116b4825a5c17ee5e264c5a964c18f3d,,1,False,False,7,0.6772047,0.52705383,0.5328689,0.016755383,0.020914951,0.15015091,0.0023852393,0.11240694,0.020181846,0.6772047
1754,1803,64085b84b4663187091df2e0de737990073810ad88b2f11a76e9a8fa6e34b834,,1,False,False,7,0.50658536,0.24863559,0.6003234,0.0037141629,0.019246597,0.25794977,0.0030668653,0.20198956,0.007447697,0.50658536
1755,2517,37626f170bd614d0c34f02a2394e1abbc2b19a03ff9e31066b85b57f9062b5c9,,1,False,False,7,0.6046105,0.40336972,0.586575,0.0039996644,0.1317172,0.20124078,0.022869403,0.026277637,0.00928477,0.6046105
1757,2968,9a3d31c499f52c4272b01ff52faf24bbc625204dcb86ab1cf83375ff64c125e8,,1,True,True,7,0.5657876,0.33871925,0.64379466,0.05651885,0.088537134,0.22706838,0.0044098543,0.04647162,0.011206538,0.5657876
1759,2970,33e2d4af2da89c919c6ab7064f422b57acabf2df1f79a244e58ae05765c8baa2,,1,True,False,7,0.4683723,0.30877757,0.79650164,0.01092102,0.09207299,0.15959471,0.06163268,0.13390453,0.07350175,0.4683723
1760,817,06cc6008aeb5df07916a8896403a04625c219aca8a7499258cc34e783617e661,,1,True,False,7,0.27654338,0.010401905,0.85313827,0.023038903,0.10191241,0.21656545,0.019067874,0.09673051,0.26614147,0.27654338
1762,712,4821c0cb76f045224477e0e5213e4180a2e72c67f24ca8348408de026dae9563,,1,False,False,1,0.3243109,0.09257491,0.8316677,0.3243109,0.06793265,0.15065642,0.0095377015,0.23173599,0.022051517,0.19377482
1765,1594,c5bace3b92754fdc81932d4c5ff8b1dfbb4ffda686c91c32f9a4c3534687c9d3,,1,True,False,2,0.37365717,0.09458116,0.7213844,0.0026027712,0.37365717,0.279076,0.0020955587,0.20094825,0.017036775,0.12458349
1767,2976,811d82e2d2c853347a0e3812c6d740c0a701b3c533560ef9c5dbc9e904aa7acd,,1,False,True,2,0.43983543,0.24852033,0.717584,0.006289604,0.43983543,0.16558212,0.0052054822,0.1797358,0.012036457,0.1913151
1769,4115,b1a6353d93246c4bee2817f734d6610b89a0a830af49d1a6804ae95e35ff1b72,,1,False,False,3,0.32750782,0.050937474,0.8382912,0.023041043,0.101923026,0.32750782,0.019069621,0.09674058,0.15514752,0.27657035
1771,2979,00b4b1e39e79ffacbfc700bef37610925047d6e28a01a0473a86e089bf134de6,,1,False,True,7,0.30777043,0.0428845,0.80244416,0.020737147,0.09177631,0.2579863,0.017162845,0.26488593,0.039681055,0.30777043
1772,2924,72fd7c8ee7ba8e266da24a6b6b2cc54ce90beefb5dc2100994fdedd407bbee5f,,1,True,False,7,0.38976336,0.09086725,0.73039526,0.02493209,0.20283498,0.2988961,0.0035052416,0.04122253,0.03884569,0.38976336
1773,3580,316f447d678b5680cfb29f1d8e161a7b0c6f87a5ba1d9c77388e3a2a3a53b05d,,1,True,False,7,0.66287214,0.50266165,0.573037,0.00990336,0.048187662,0.16021048,0.00817661,0.04412222,0.06652755,0.66287214
1774,1331,7f2af109219fbb9a4c5b331373d2fc9ae45c6b9f349dc87c6184235283caa178,,1,False,False,7,0.32795545,0.15212783,0.87993586,0.10437693,0.17247495,0.17582762,0.010100264,0.06332045,0.14594433,0.32795545
1775,2982,44f8b57893aff9cc214eb2e2eec00623016d90ae313be32e9a6cfe19e25a4285,,1,False,False,3,0.32532558,0.026696146,0.778857,0.014937842,0.11116003,0.32532558,0.012264555,0.2093248,0.028357744,0.29862943
1777,1016,02bf898c1061723ac8c6b70f6c6237cd522ecce3e5c16612566a540e72f50e4d,,1,False,False,3,0.37203637,0.04227197,0.72244215,0.007685665,0.046315916,0.37203637,0.006381114,0.047264382,0.1905522,0.3297644
1778,2984,d01096a10822349ee7ef9850ed20eea73230cda9cd526163516d04b64cb3569e,,1,False,False,7,0.37152132,0.054495394,0.75295293,0.009880789,0.083322495,0.31702593,0.008177685,0.048381384,0.16169037,0.37152132
1780,277,4d4f73db90fd4532f18b3b6ffe7722efe2cbfa6bdd268340600aa71d917621f7,,1,False,False,7,0.7846234,0.66334796,0.40782556,0.0061022285,0.036219694,0.121275425,0.005050431,0.035051946,0.011676897,0.7846234
1781,2542,4bae83803044af2c2cc050d37ddb48ca655ee92912acd661d8ae1077991899f2,,1,False,False,7,0.49683458,0.14476961,0.5960158,0.0026039171,0.08922182,0.35206497,0.0021212758,0.037187867,0.019965645,0.49683458
1783,2989,c7fa42627dbe7ec3b70d3fef7dc0969bc97261622a8fb4ff1df6f1b2aa768222,,1,False,False,2,0.39135206,0.10339111,0.73830694,0.0065451893,0.39135206,0.17182456,0.0052038087,0.03302297,0.1040905,0.28796095
1784,2990,dfb069a1303589193b37d92453501a61809a60029e8247e4d70e3c7588047c87,,1,False,False,3,0.37110108,0.09596521,0.7815286,0.0924729,0.18261594,0.37110108,0.0053667403,0.047479864,0.025827559,0.27513587
1790,624,0f055b6b174ea01ce2d260ed0cde31dc43a0b05e8e0a3e537431b6aaacb08fb3,,1,False,False,3,0.6699086,0.5620018,0.571308,0.0048296996,0.044120632,0.6699086,0.0039934926,0.10790674,0.0790011,0.09023973
1791,272,d60b24524a743d2f5154c1e4c3f4a7d03eb5bbaa477fbe871d1dffd560b4402a,,1,False,False,7,0.3556352,0.12745073,0.84311295,0.023038695,0.109729156,0.22818446,0.019067695,0.109227516,0.1551173,0.3556352
1792,837,44b59244d339f79dcade8200b466c03b378731a917d42309f1106630d8ba15eb,,1,False,False,3,0.32759035,0.09858599,0.8239028,0.1470708,0.09722225,0.32759035,0.0017127853,0.22900435,0.018055778,0.1793437
1794,3470,c1364f4e4e9bcdf75846f35b5ff69fbc33208fe228120be3dee5501f6d05fdc0,,1,True,True,5,0.37481532,0.1749795,0.8087115,0.009446556,0.0923948,0.14725022,0.007804283,0.37481532,0.19983582,0.16845298
1795,3459,82027b64c418f75349b9589ba04a09dfd72dd10b2cbf102e7d5d9e2cea611ee7,,1,False,False,3,0.25921726,0.014378086,0.928727,0.13985224,0.07888657,0.25921726,0.24483918,0.06548251,0.0643885,0.14733374
1796,3001,8549dea518c18d7f0359a2685c1b4d49561767375057c6dbf76d5682a25bb0dc,,1,True,True,3,0.53057027,0.19342256,0.56961846,0.0048299865,0.030912194,0.53057027,0.0039940206,0.08331137,0.009234461,0.3371477
1797,561,2b6268ecba992a975ff83e87f95814b08fde4abbe07dcfeecea1cf0acb06ae47,,1,False,False,3,0.53290504,0.32399315,0.63854325,0.002028405,0.039442886,0.53290504,0.021137446,0.2089119,0.009924792,0.18564956
1798,1797,9cd3a3ba91236b409e722ec559603b7da1885a926967c1694324c6cc47ac71b1,,1,False,False,7,0.40181893,0.0828481,0.73521835,0.043931395,0.080687754,0.31897083,0.00592201,0.13497649,0.013692575,0.40181893
1799,1125,f97da18bb1ac198126d61b2b978fcc62e1c56817b95206ddce73b4b5031d6685,,1,False,False,7,0.3012796,0.08467665,0.83971316,0.023038946,0.19507709,0.21660295,0.01906791,0.20084813,0.04408531,0.3012796
1800,3305,281af3f367296b00778936c02114a6859d449a4d8bf7e0e48d4cb7294f198096,,1,False,False,7,0.472651,0.19569716,0.6938557,0.010918168,0.081965886,0.27695385,0.009036282,0.12758237,0.020892425,0.472651
1801,1602,f072668bb1f726f4b3013c25e95334331e6dc92c247aefc8a86d5a3014afe371,,1,False,False,7,0.53269583,0.26042396,0.66484904,0.00722668,0.035289116,0.27227187,0.03906548,0.066895686,0.046555296,0.53269583
1803,2399,ef6ab6e66f18a24b69c81fbe36ada6fbb787be9e6fcf361348d6bca7980a4611,,1,False,False,2,0.32572564,0.059657156,0.8609275,0.014831999,0.32572564,0.14558494,0.0810828,0.066909574,0.09979652,0.2660685
1804,3006,8af4a8b6b062f3d11624294721bd5d6e75044c73a1c75b4d756c2c11b789271c,,1,False,False,3,0.397616,0.09375003,0.7786791,0.055859875,0.1314008,0.397616,0.019476015,0.05188445,0.039896913,0.30386597
1805,3108,06666278bcef974cb700bc215c812b2d32b081eb73f7dea2d7bc7f8b2e9a3b8f,,1,False,False,7,0.59954286,0.45460856,0.6608766,0.014814853,0.0655336,0.14493428,0.012261332,0.06316304,0.09975002,0.59954286
1806,734,0dbcbdf872e1cc1a1e6954d7497c7d8ab108e8ccabc6b0015071480803cd078c,,1,False,False,7,0.77199274,0.6417043,0.40429714,0.003401799,0.017506069,0.13028842,0.0028154517,0.06747133,0.006524154,0.77199274
1807,2168,7ce531e3a2d25f23addb42cec39afb4466517ef7218a1a109b8b0305be8ae61f,,1,False,False,7,0.4305742,0.17812318,0.71477276,0.009936596,0.07630833,0.25245103,0.008176176,0.20364967,0.018903935,0.4305742
1811,583,c3fc72ed239e3ba39522115569c55adf403a9323aa2772d19749f75e5f2836d3,,1,False,False,3,0.5271844,0.3201314,0.6517204,0.0028543842,0.17487442,0.5271844,0.002352746,0.20705304,0.035725832,0.049955092
1812,3012,d03d622a538e6849d5f9a1c00687efe04031faba3f8c282c389cb63e75276e18,,1,False,False,3,0.5146597,0.14176154,0.562167,0.006315644,0.03888015,0.5146597,0.00090414454,0.0474217,0.01892048,0.37289816
1813,373,0ce9665407e5c5bab6ebbe4f1e5161c9d606601aae7d123608391151bbd4649e,,1,False,False,7,0.41840592,0.06788382,0.68363744,0.004306223,0.099239126,0.3505221,0.003504613,0.09550945,0.028512612,0.41840592
1814,1966,24ba5c7942e2c64bcb4fb682be5e22c12c222e0deba368bf04da7c8c99a12810,,1,True,True,7,0.3110804,0.067468494,0.86265874,0.025916206,0.11463999,0.2436119,0.021449242,0.10881093,0.1744913,0.3110804
1815,1936,ddc763c190ddd5209890b1d151c79cc59996c8b8cf571e32fe830fb7b93483ca,,1,False,False,7,0.46149373,0.17248464,0.6929581,0.009437318,0.104841344,0.2890091,0.0078050788,0.109367274,0.018046165,0.46149373
1817,4377,4f261a1dc1616ec6404875c54f03182c474f1aa46952f004fabc2fa9c69b3fb7,,1,False,False,7,0.31108046,0.067468524,0.86265874,0.025916208,0.114640005,0.24361193,0.021449246,0.10881094,0.17449129,0.31108046
1818,402,79f07aef566102567c1abdb4c0f7a90c0950a8cb57e7d0cc872ffeaca132c512,,1,False,False,3,0.45719057,0.17182112,0.7177401,0.04521769,0.039752666,0.45719057,0.0014568112,0.12328805,0.047724746,0.28536946
1819,2757,51672bcd425cddac4fd2d31014300b6a75c732417b8fa6d3fcb3c2bd767294b5,,1,False,False,5,0.32418534,0.0369958,0.87158793,0.055984616,0.05693819,0.12059182,0.09437662,0.32418534,0.060733825,0.28718954
1821,3021,52502a9e5c539c81ec1cc7dd781493ba8607ebedeb1e920c28e4ab74ad8e5cd0,,1,False,False,3,0.39455038,0.04114768,0.73067635,0.017268147,0.039340366,0.39455038,0.01622712,0.11816323,0.061048046,0.3534027
1823,3209,4eef1223fbe652e6e732fb283b41e90a79763fa9fb45fbe44a09f045523c8735,,1,False,False,5,0.29317582,0.11534347,0.86370015,0.015021661,0.1726894,0.15786389,0.012261635,0.29317582,0.17115529,0.17783235
1824,2704,eb1c33d0dc1d0974aed38b60b87658d35c2b77aabf9a5effd1adfa5dc81a5cf4,,1,False,False,7,0.39965528,0.21089067,0.809517,0.013828594,0.18876462,0.13917275,0.011445056,0.15401854,0.09311512,0.39965528
1825,1522,252701cebcd0b85573ed2c93a9f627ee8bff1a934fd27382a73ea7e1785c5bc2,,1,False,True,5,0.38328663,0.13082373,0.7868505,0.02073762,0.091733314,0.19493409,0.017163232,0.38328663,0.039682187,0.2524629
1826,2438,47ddf6d957068db3e76a7048db7603235f87e3ae9f645b7f141906b70e557a9c,,1,False,False,3,0.57791096,0.3767568,0.59513444,0.0023082134,0.20115417,0.57791096,0.0019083786,0.13448994,0.0044786897,0.07774967
1828,3027,5105ccd9037fb52f48e928608afa2960631eee038a2cf13f669c20b66cd1e2ac,,1,True,False,3,0.4644018,0.26836592,0.73985887,0.019131074,0.08474165,0.4644018,0.019137654,0.1960359,0.02248521,0.19406666
1830,3383,02a230583cd2d075d0faa35cd0bd05c4e5b8d8d1de9ad210eba6aa2acca9e541,,1,False,False,7,0.37380874,0.17997202,0.87069523,0.018854225,0.08340247,0.19383672,0.106433965,0.0967087,0.12695517,0.37380874
1831,147,24c085ecd4b9d7e5f39be85db16d1ced8001586e1921c9013a393b1d71a3cc67,,1,False,False,3,0.3270865,0.045244396,0.7800283,0.005690045,0.17104247,0.3270865,0.004641255,0.046905156,0.1627924,0.2818421
1832,2218,7890a28ee9a7d86fa41c8f2abf01d933e6a5236143d137082838a7daa9ebc671,,1,False,False,3,0.39772853,0.08680162,0.7084157,0.0014676467,0.06277446,0.39772853,0.020385763,0.18918972,0.017527003,0.3109269
1833,1284,a66752e9647e0042dfddce2b7a9af3eb8c8d20433b479298328cbd373199ca50,,1,False,False,3,0.30068916,0.042954236,0.8465982,0.018853702,0.09341445,0.30068916,0.0156040285,0.186755,0.12694871,0.25773492
1834,3032,a99bc39d742bb4483b158a31d9f038065817502c47051838a44457912e8e8949,,1,True,False,7,0.2917153,0.08891988,0.8498772,0.12046266,0.18720396,0.17238611,0.0015200486,0.20279542,0.023916505,0.2917153
1835,2553,d746ad13653722792155dae49c40bd7c529937cda6784d8e4a558795a3de8a46,,1,False,False,7,0.399652,0.14039746,0.73588794,0.0044149584,0.15038352,0.25925454,0.018335508,0.15946466,0.008494806,0.399652
1837,2858,c311b0b27860e4eead500fcf77020e3f509b7abf43b98a30f14323048a75bbfd,,1,False,True,7,0.30166662,0.048798084,0.79973304,0.0035814003,0.25286853,0.22871663,0.0029655814,0.117149144,0.093052104,0.30166662
1838,130,b586d19f48ebc01435a659c96eafe26f1e7f24c13459c833ad066ecd1813c553,,1,False,False,7,0.33393437,0.102160186,0.8248156,0.023041515,0.2128596,0.23177418,0.019070007,0.13522898,0.04409131,0.33393437
1839,1009,2f58e5278650a052fae87d1901c8b096c84df6325e0ab9c770256c93c86aeb6a,F0005,3,False,False,7,0.3442095,0.045003206,0.8023917,0.01595474,0.2992063,0.15079825,0.013406645,0.06899456,0.10743,0.3442095
1841,752,a65fd70b1ea6a92769ac7afe8b8d01cdce58fbe053175f430dd8916ec81354f0,,1,False,False,2,0.3918507,0.066373765,0.69932884,0.0230066,0.3918507,0.18342629,0.0026425696,0.066736944,0.0068598795,0.32547694
1842,314,84adb33cf7a197887c44b923f53c56e55588df3edfe0c6368caa6d33784cd5e4,,1,True,False,3,0.32056984,0.023312747,0.7143095,0.00560861,0.08256775,0.32056984,0.004641882,0.27862206,0.010732781,0.2972571
1845,1235,7bbc8a885ca658075b3b845cd05a872c16c9577739951b2dffa9ad1994ecc304,,1,False,True,7,0.35391384,0.0197573,0.7641785,0.023269208,0.07481808,0.33415654,0.02083767,0.16848727,0.02451741,0.35391384
1848,133,bc2c8c62a0a16c1c0d82040a8e653a198e496d050fd15a2e36a2605fe28d801f,,1,False,False,5,0.33207542,0.0723263,0.7820416,0.03281612,0.13463764,0.21887688,0.002321169,0.33207542,0.01952361,0.2597491
1851,813,e8243a18fb0049892d9eec651bbbfb22eef1d85d8edca1314c30db074721a6a2,,1,False,False,3,0.33970365,0.04572469,0.74728125,0.0075890175,0.18941256,0.33970365,0.006134359,0.29397896,0.014184133,0.14899734
1852,1231,d9124a76233c5c49737f9dbc61333f9f69c56962c6ae3f0ec246d98c5f7fe1fe,,1,False,False,3,0.30939567,0.026687443,0.78704727,0.071766526,0.22717638,0.30939567,0.003509464,0.0973209,0.008122811,0.28270823
1853,3045,9d0e7401f35f4551634a20b53f2444bafb1d7a0a4b07a87c685f01852a596012,,1,True,False,3,0.33572596,0.040233254,0.71495897,0.0048388527,0.2954927,0.33572596,0.0039942246,0.2545712,0.009235264,0.09614178
1854,1292,eee51a986d7ff98d486ee344396562ce84c05b036e669412bfe6ae2d9be80d68,,1,False,False,7,0.51390225,0.20051137,0.5727745,0.0019548526,0.023644045,0.31339088,0.0016090797,0.14178757,0.0037113342,0.51390225
1855,1845,64d7387d693bb038374c4ec8ab2309257e4ca773d52689e08ee6ec2a1f8511ee,,1,False,False,3,0.28585708,0.05819094,0.7945869,0.03372198,0.22766614,0.28585708,0.0045195217,0.22429049,0.01044973,0.21349506
1856,3140,d9dd97184f2290b496aaa27a9c7199b72f7d007e8d93800c8e66fefb8d2f9a07,,1,False,False,7,0.27654618,0.021606863,0.8668872,0.023039125,0.17299744,0.25493932,0.019068055,0.09828699,0.1551229,0.27654618
1857,3020,7085377c8a26ccf3ee5482f95d04f64ee380ca9fe5bbc63a619ea9d9b061c2e4,,1,False,False,3,0.43655768,0.111521214,0.6703236,0.018129408,0.14120992,0.43655768,0.0020734824,0.07220804,0.0047849547,0.32503647
1858,3050,7fce90c32192ea61748373513a7abccf81e452c653b83cacaefc0fbd138a5371,,1,False,False,3,0.40668222,0.06637445,0.67104393,0.0048483326,0.16663517,0.40668222,0.003995837,0.068295166,0.009235553,0.34030777
1859,2128,3230b3525390205fbeaa3c94d524550fa776922e2a916610589a3b1214c0a4d0,,1,False,False,7,0.43972072,0.21200949,0.74699295,0.012203898,0.055726454,0.18823472,0.0101003805,0.06630257,0.22771123,0.43972072
1861,183,9efdffb813487d8cf208cc0019340e5c497189dc6947de04c7227c629f04929a,,1,False,False,3,0.29000172,0.037465394,0.838429,0.02073637,0.092088,0.29000172,0.017162211,0.08706313,0.24041222,0.25253633
1862,3053,52a6291d7605fb9a180b8be45314bab92860a66663fbd9f48ffbdb0f8921592d,,1,True,False,7,0.5091354,0.23025838,0.6696105,0.009430865,0.09589292,0.27887705,0.00781906,0.05572615,0.043118525,0.5091354
1866,424,7197849aa085d99e27ca516df3a89570af7edd442b706ad9b3a08180489e46ba,,1,False,False,2,0.38814947,0.1792501,0.8268547,0.10684492,0.38814947,0.15135156,0.0029139204,0.0842831,0.057557713,0.20889936
1867,1798,b57db8cab88b8bc060519dea2ee89f6fe7080eb1b1f25f2295a1f7e5b52b4114,,1,False,True,3,0.37813103,0.013802081,0.6876117,0.0017319408,0.1400746,0.37813103,0.0014321967,0.09025635,0.024044981,0.36432895
1869,1786,5a9373b5b5de467e0598013617db489148a5d5afc548af508cc9cbf6532e5880,,1,True,False,7,0.43530765,0.038493454,0.64056736,0.003528382,0.021746159,0.3968142,0.036166884,0.0830903,0.023346458,0.43530765
1870,886,e6dda99f65c7e1d1c40eda0f05b90fb412c0d6042e1cb0c4d9bd674240ea34c9,,1,False,False,7,0.42068064,0.06714642,0.678576,0.008131348,0.107121,0.35353422,0.0063596815,0.08946904,0.014704064,0.42068064
1871,3058,4175c83bf8cad3d829cce58901b4d7415d1123d9551ba631506eee9418eef029,,1,False,False,3,0.5398091,0.25148603,0.610719,0.0100237215,0.057362445,0.5398091,0.00086162635,0.08682099,0.01679902,0.28832307
1875,3061,3e14d52d4e9c11c9691dbf144dff3763626bb65cc1f94d82e9497978ebbd2c85,,1,False,False,7,0.7531537,0.6364828,0.4675811,0.009877908,0.047554787,0.11667089,0.008175329,0.04566586,0.018901527,0.7531537
1876,3291,9c70dd1ff9071be7df26cac686ee9723204c7cb4381067c69fe149430190e09f,,1,False,False,7,0.3705086,0.16393757,0.8389573,0.020736523,0.11163306,0.20657104,0.017162336,0.13376996,0.13961847,0.3705086
1877,443,e61a05ed4ec4b51b9b3a115b48dc309994b02f75fd6139abe171e152c149a60e,,1,False,False,3,0.4136997,0.1552307,0.71018535,0.0027678143,0.106487386,0.4136997,0.0022901976,0.258469,0.020245658,0.19604027
1878,2709,48e52c0cc5d23622c053db2693b4187dace1f3726fa96112e7feb4a3cc39856a,,1,False,False,3,0.2721787,0.023171276,0.88626754,0.012275504,0.13984704,0.2721787,0.06885682,0.24900743,0.08217991,0.17565463
1879,3062,a9cb6eb7e8e77a8b5c49f490f98ff023c1d73c26bb6c0b7abb509da4167080e6,,1,False,True,3,0.31801265,0.0381352,0.83345884,0.00669908,0.13818493,0.31801265,0.037721295,0.14927284,0.07023171,0.27987745
1882,941,35f7a08f1ae39a9835bc95da07aa38874e040200e12e17671a5ecf0a236d0457,F0023,3,False,False,3,0.45616788,0.10357094,0.62530917,0.0022639618,0.037829377,0.45616788,0.0018976792,0.12980044,0.01944371,0.35259694
1884,891,6f50f13f34be5fb76a8c06ff556778d2fd7e34ab277e07f2850f6eaadf40b1fd,,1,False,False,7,0.41093245,0.1306332,0.7458992,0.046107702,0.06522274,0.16990805,0.0030131475,0.28029925,0.024516687,0.41093245
1886,169,80528da54df00b9e37b50b4495ad677405b1fd135c0f3100f6260210cb8ad7ea,,1,False,False,7,0.39204755,0.11716479,0.77880687,0.010373063,0.050252117,0.27488276,0.10193358,0.15066132,0.019849598,0.39204755
1887,761,d519ca28554fed761e9d98b2e8245256460dca64d4b9fb4643278c2c341e9e4c,,1,False,True,7,0.5526125,0.3519695,0.63905454,0.049278025,0.20064297,0.16168772,0.0033676124,0.022140019,0.010271152,0.5526125
1888,2918,a6ff4400743e143a8397883552f64bcc104841fe9ce58147a6f2e002e446a326,,1,False,True,7,0.2887434,0.028119981,0.8447576,0.017282324,0.0920806,0.26062343,0.0143492175,0.12726697,0.19965406,0.2887434
1889,96,cfca4a05bff13ebba84ea79930e729857788b6167259637f72c2fd2a2ddd6341,,1,False,False,2,0.6462176,0.5352386,0.6246615,0.00519969,0.6462176,0.06991426,0.05423522,0.110978946,0.03624214,0.07721217
1890,2898,855fe581b506263c5b16631ddf4b945c13344d704edc9110c4eb227b0e69bdc0,,1,False,False,7,0.50993127,0.32864693,0.77255034,0.052666042,0.07488281,0.18128434,0.06107807,0.08102367,0.039133787,0.50993127
1891,3070,7808aa8b27d920a581c36306cf323f6974296eb6d5200cf055a0c343e460ceb3,,1,False,False,7,0.40024117,0.12940136,0.79428184,0.025916228,0.12315161,0.2708398,0.02144926,0.108811036,0.049590897,0.40024117
1893,3620,c60cc4c853a386ce3fa074ac84a0c2d34ae6b1e03e3e82c4538c3f3ff97173ba,,1,False,True,7,0.3327691,0.106323466,0.84197384,0.014862417,0.14285357,0.22644563,0.0122620985,0.13265663,0.13815053,0.3327691
1894,2346,2ed2d78560a5c2f4dcf29ae1cd4d07833d21dfa3c9717d25d174917d89c92ad9,,1,False,False,5,0.35179538,0.09415746,0.81102026,0.016868617,0.080514185,0.2115042,0.04407323,0.35179538,0.03760648,0.25763792
1896,1762,2c7f1306e3dedc7f6ceb14517dbc7b9cb45ba11727e343aa80413e4d3372ed26,,1,False,False,3,0.27500808,0.03339526,0.80499667,0.013827506,0.24161282,0.27500808,0.011444168,0.21207565,0.026459252,0.21957254
1898,695,e6de5875a206014f439cff06b0545dbbb96be600d037a02dbf4461ed3a6509cb,,1,False,True,3,0.5874784,0.41234255,0.601095,0.0050086505,0.17513585,0.5874784,0.0040956996,0.05790862,0.009454888,0.16091791
1901,2714,7b499eee892db63bd2b7ba861c1ec0f675c7ecdf0bcb21f0dd6658d3a0dd5829,,1,False,False,3,0.33057308,0.13309842,0.8793354,0.19747466,0.12901925,0.33057308,0.008586078,0.11961923,0.069867425,0.14486027
1902,2850,3f500d7c22ebfccf220d165a96e7367f92f9194031af62fbc5600f709c579df8,,1,False,False,7,0.6334043,0.4578322,0.60523355,0.03819522,0.07840125,0.17557213,0.005051249,0.028317256,0.041058626,0.6334043
1903,797,30b4f87321ab239c99e2686eaa93fb1cc22a73e8643aa87add2a53bc216a9d75,,1,False,False,3,0.57984823,0.44811586,0.68683416,0.0087119,0.09640903,0.57984823,0.06522737,0.09636934,0.021701736,0.13173237
1905,3078,7427326a2a09cfb4dd69f28587861676462b83516aa25c013adedc87d1f8ebbf,,1,False,False,7,0.3560988,0.102865815,0.77199185,0.046362143,0.24090807,0.253233,0.00662803,0.08149265,0.015277324,0.3560988
1907,2587,82fcdd4b13c8b7934038626e16beecd1728a3cd9f61b1fdb1e358b0c1ee6e337,,1,False,False,5,0.29716277,0.02649942,0.809382,0.27066335,0.18743874,0.13501908,0.002419289,0.29716277,0.0057429457,0.10155387
1908,1099,b2a29a7389c4baf696ea2f6727123346a7bfc57a7b0d80eab47ca0d387da53d3,,1,False,False,7,0.7933837,0.69917744,0.41447118,0.008298372,0.043027446,0.09420629,0.0068680416,0.038096223,0.016119912,0.7933837
1909,3081,f37bd8c7be80918676564d5063596cdbc35bcbb46875994667b066eacb51e309,,1,True,True,7,0.3686881,0.0003013909,0.6784377,0.008402425,0.36838672,0.19185986,0.0066037453,0.040791087,0.015268103,0.3686881
1910,2699,427f20822a480c6489a47201c090a948a92e00a7b6bfca405208bba82f2e0062,,1,False,False,7,0.75408775,0.66775745,0.46499732,0.0066942405,0.08633028,0.08070376,0.00553935,0.052378822,0.014265755,0.75408775
1914,1127,f6c1f411886e6f2bf96416ca15e63fbf2a2de73c2358b70a0e7b6ab899ca1c32,,1,True,False,7,0.30495504,0.087164834,0.8501284,0.018853677,0.17425457,0.1893833,0.01560401,0.07915916,0.2177902,0.30495504
1916,2644,177d15eb7e5b30f89960ffdbe3c13ef943cb6a63be11ad72eae9e6fe2dcd58f2,,1,False,False,3,0.5377852,0.3723336,0.706769,0.1654516,0.13288987,0.5377852,0.0026461168,0.06987157,0.027173981,0.06418168
1918,2489,8f10c44b249c1c94eec83831772e869482e48195b7b185dedafe73faf857a5ec,,1,False,False,5,0.32018912,0.0699693,0.816527,0.25021982,0.23769943,0.05369335,0.00220173,0.32018912,0.069203116,0.066793434
1919,3241,bb87fd18ce8f48cf71de21cee19999e7fffa3d7232162abd326f8b2a03b96fc6,,1,False,False,7,0.29853797,0.036008775,0.8787987,0.08031071,0.11635363,0.13768165,0.011446691,0.2625292,0.09314015,0.29853797
1920,4836,1d5d15e170b7dd76ddf6ee465b34c7b710b8474c05c7ac674ae4757908abecc1,,1,False,False,3,0.2779407,0.020170212,0.8501919,0.01728851,0.076478854,0.2779407,0.097605936,0.23983109,0.03308441,0.25777048
1923,3094,20ae9c7fc7c3ca7f9bf8f7380422632ef9f96e56e675f083cebb353c7623452b,,1,False,False,2,0.517647,0.324126,0.66633826,0.005860822,0.517647,0.16046555,0.004769985,0.106597394,0.0111381505,0.19352102
1927,3038,08e2d93ebdb410a57e78bc06c402bbbd17cdb519b6c57698c53ca265fbaf17f0,,1,False,False,7,0.24891515,0.0034436733,0.86041003,0.020737154,0.091731,0.24547148,0.01716285,0.13641515,0.2395672,0.24891515
1929,3099,73cd395542e90e8c8fd5e183297d1f24f33390d2c5a6ec2f4ef198572638a6e1,,1,True,True,3,0.5552678,0.24620122,0.57456964,0.025088718,0.021206733,0.5552678,0.0034738125,0.079085365,0.0068109524,0.3090666
1932,3102,cc2451f16ca94aa246a3e0cde4a7ffb5b516b16d8548cce4c6914a2efa55b136,,1,False,False,3,0.3042881,0.010707587,0.7879412,0.03616766,0.2352708,0.3042881,0.0022600454,0.09508525,0.0333477,0.2935805
1934,3104,9f8bdc9be61e69229fa69c0f18a5215deda92c0719f227852df097190d262fea,,1,True,False,7,0.33716905,0.012673765,0.7899103,0.040661708,0.040168237,0.14116901,0.11175096,0.3244953,0.004585767,0.33716905
1936,227,d5c9463885425baae2424d54a993f0d9708789791eb8b53458725e6607931dce,,1,False,False,7,0.4487667,0.25384325,0.78883046,0.020736557,0.09172805,0.19492346,0.017162366,0.087063976,0.13961889,0.4487667
1937,327,749b48745c7fe1ec449e20a278069db39cf2cd174778f61bd5a78a15709e44ae,,1,True,True,7,0.5450865,0.19939661,0.5599943,0.002216651,0.03693079,0.3456899,0.014754882,0.038448896,0.01687234,0.5450865
1939,742,3a4d97ad20efb161b315fd92b2c00795c37564b13e7b6130eeabb7f3b46b7efe,,1,True,False,3,0.39067966,0.13242173,0.7845823,0.012202703,0.25825793,0.39067966,0.010099405,0.08552128,0.082169406,0.16106954
1941,99,59fa4205d2b2eb29086aa83d4274d9665e72061172cfe1210b2c41f97cf86431,,1,True,True,2,0.39622322,0.12631232,0.80076694,0.08728569,0.39622322,0.092256665,0.0057242555,0.2699109,0.046493933,0.102105364
1943,3110,6b083015a719abead78f73233817bd34d133ba8fb43dec31c0bd3d5f784881d3,,1,False,False,7,0.6518771,0.54635596,0.6175385,0.031232474,0.0599041,0.09113719,0.006603749,0.10552111,0.053724278,0.6518771
1944,2561,67ff55da725e10d6d2e00f37f4a233138016de5b79b82ce60c668057ce4b5eff,,1,True,False,7,0.5492541,0.27580377,0.62774414,0.046008192,0.06478441,0.27345034,0.0036606465,0.054568905,0.008273368,0.5492541
1945,2262,cb616f531d7d3531700335078047a561061f49a74ac03911dc17fcf3533d5a5a,,1,False,False,3,0.4261133,0.19126481,0.7217153,0.017311187,0.2125134,0.4261133,0.013454957,0.09108147,0.004677143,0.2348485
1946,3113,029b7b97f4b72f12134f65b0f3e26bd3b44722ba549f75ba91b441e33cb61fb6,,1,False,False,7,0.65874106,0.45669016,0.5000277,0.0033288407,0.2020509,0.111920126,0.0027268985,0.014919419,0.006312729,0.65874106
1947,1541,9ddc5ef448780dca525cd2db17cb67a2f089c0150c44a7b7da8d89b386e89235,,1,False,False,2,0.3912182,0.20232828,0.8312589,0.009024189,0.3912182,0.11723259,0.17343536,0.059467714,0.06073207,0.1888899
1948,3484,5f03bcf322d63c8ab82fed2e9433cbf8c23a42a5915fd4e3bd01b585f11c56a8,,1,False,False,7,0.3110804,0.067468494,0.86265874,0.025916206,0.11463999,0.2436119,0.021449242,0.10881093,0.17449129,0.3110804
1950,2903,20c3f71c17ae60863ff6f4bb3871d47e3274cdcb420b5fd0a635f8b4b46b3181,,1,False,True,7,0.3550046,0.066811115,0.79114205,0.074560896,0.2881935,0.15318587,0.008873593,0.10961909,0.010562507,0.3550046
1951,1991,36bf00420f34e573ab6c141589138e62d44ba4ddd6dff87eeb9f504fc65b2c2b,,1,False,True,5,0.28467602,0.047115713,0.85405576,0.046380233,0.14119717,0.21464872,0.005052205,0.28467602,0.070485376,0.2375603
1953,2351,1d0553d645f352fe29237091d0fc6cb49830315b520ca57c2a53b7348dc04857,,1,True,True,7,0.5178608,0.2472907,0.64979404,0.008645044,0.0653561,0.27057007,0.0071568405,0.11386803,0.016543087,0.5178608
1958,3123,be3bbd0e021cb5ec8ea55a560b090b71740251f26482cc03997ca9a18c1578db,,1,False,False,7,0.25937018,0.010684967,0.83178526,0.010412104,0.21786672,0.24868521,0.036289092,0.19886348,0.028513186,0.25937018
1959,2356,82b74b00f2159778751294a16be35fc03677d5d762ba00cf076dacee200f0b18,,1,False,False,3,0.41027555,0.16870178,0.7865152,0.014815132,0.06738397,0.41027555,0.01226156,0.12239039,0.13129963,0.24157377
1960,792,1f75c8b67c0d0e3c2921a1ea7b2c457fe22d4ef59c9ac91f883f4f425a8d52a5,,1,False,False,3,0.49990776,0.11203599,0.5590987,0.0028068775,0.06657938,0.49990776,0.017859513,0.019537821,0.005436834,0.38787177
1964,1256,06863e459cdf3eafe904b8150a3f0963391dd5d3d28042364cc5cd2df2f9135e,,1,False,True,5,0.2731337,0.0025750995,0.7632926,0.0066969353,0.23939593,0.19186686,0.0055396464,0.2731337,0.012808306,0.2705586
1965,3066,1b14e234babc09117bd45424aea84498877ff1af282a5bc97546df57b4560435,,1,False,False,7,0.2999477,0.0024595857,0.7489575,0.016865954,0.02655676,0.29748812,0.002430056,0.27819678,0.078514606,0.2999477
1966,3129,b8dc4acb6f64c5f3a2858dc82daf3a38d6d33db211270004fcc093e7f77768da,,1,False,False,7,0.29655862,0.032546878,0.8064141,0.017282918,0.13634749,0.23842388,0.014303994,0.26401174,0.03307135,0.29655862
1967,3130,495bc2978afc0f278aa0dd2dda431e31f5412941e994bd5c4390acce406e260b,,1,False,False,7,0.73528355,0.5660341,0.44615698,0.0027678418,0.021244215,0.16924945,0.0023117866,0.023856573,0.04528661,0.73528355
1968,3131,411c3209c864092567fdb6f71068a793400b5ac59073bbc469803b160d6718e5,,1,False,False,3,0.41341358,0.17089058,0.70985955,0.003915365,0.1513946,0.41341358,0.0032544255,0.17719409,0.008304908,0.242523
1971,1891,89a5b8d5ec80ca82d716fb9932d8630fa1ac3f44319fc37c27b6fdd6ef367a50,,1,False,True,7,0.64270425,0.5387845,0.6435683,0.03774678,0.03387542,0.09634168,0.03971557,0.10391976,0.04569652,0.64270425
1972,199,f699dde42d53eb208a9eec136cec7489c5a829fbe3d3a90ce329ba9be4c5ef32,,1,False,True,2,0.46249643,0.1505116,0.6642934,0.009557574,0.46249643,0.14667305,0.007839227,0.043405518,0.018043393,0.31198484
1973,191,0a756487e84bbed49309bed88d430e7dc659ae5160fcb7c2c5d17f19503202be,,1,False,False,2,0.257833,0.07603289,0.90328455,0.1814245,0.257833,0.15771575,0.0049062795,0.18180011,0.075697266,0.1406231
1976,1882,9174d868793e047260f6f75918cdada8734e512460d16bcdbcf108237f4904fb,,1,False,False,2,0.4611263,0.15546727,0.71097004,0.036603283,0.4611263,0.30565903,0.0052095675,0.04382138,0.05298336,0.094597116
1978,3137,8e2ef59b71bdd8f900a0a3c4ab2a091053756dd37b16a35cceaac3fdb350bdbd,,1,False,False,3,0.5247342,0.17692584,0.56105787,0.0026655693,0.044755746,0.5247342,0.0022057528,0.07265817,0.005172179,0.34780836
1982,1942,ae79c2c8b71927a7669138fdfa47ff573f97dbe8a6162ce13f3e6f0236183c72,,1,False,False,3,0.4471978,0.12534812,0.66779774,0.017457262,0.033399664,0.4471978,0.0024896786,0.15450095,0.023105038,0.32184967
1983,794,f8e200fb5af592c3e29c068cf6c01dff349c193561936de2820cfff69e8e9d96,,1,True,False,7,0.5312365,0.1999988,0.5770479,0.005764155,0.027732762,0.33123773,0.0048962464,0.08715111,0.011981398,0.5312365
1985,2040,44f392a3b830e2284f780ddc788c4ad051c625655c5e2f47af6c0a36b85b75a5,,1,False,False,3,0.34718594,0.018954605,0.75611573,0.033345003,0.022746583,0.34718594,0.030840192,0.20763424,0.030016717,0.32823133
1986,3143,051a4675aa5496031b0a39b74cd532491d960fa2f65e5af698e9a1ea6831d225,,1,False,True,3,0.35814196,0.12734406,0.7916679,0.0066940705,0.21857813,0.35814196,0.05632413,0.116653845,0.012809985,0.2307979
1988,2449,85d0adf3bbc3a59263316b539a90f04ca3b0eb9e1f1ad79368af835ae004e528,,1,False,False,7,0.635104,0.4186195,0.557249,0.007980772,0.04085763,0.21648449,0.0066215927,0.077682234,0.015269284,0.635104
1990,3165,abdf48bf88143b8f5c5607d502576d4cf4c3d54c562b67df0518c3c955422d6a,,1,False,True,3,0.26805896,0.041699454,0.90948325,0.018857807,0.1740607,0.26805896,0.10648404,0.07917855,0.12700045,0.2263595
1991,1242,a88d454fc90e6c94e96c7fdb95ad62fd9d40dccc59a0670b2a0fd66b59b79c32,,1,True,False,7,0.69834644,0.50699985,0.47693658,0.0035992286,0.06186256,0.19134659,0.0028647573,0.035155285,0.0068251127,0.69834644
1993,3149,08369e122d7bfe2a40b3e4770466d2ae8a06266517c56290d1371c67c7fe65c7,,1,False,False,5,0.30665457,0.0074532926,0.75455743,0.004736812,0.073757626,0.25873074,0.003903705,0.30665457,0.053015236,0.29920128
1994,3150,28d42046d219dbb14bd896cc353be66a49ee376c59be00acc54994a3fe7ebb66,,1,False,True,7,0.590019,0.36019236,0.6257276,0.009021758,0.04489721,0.22982663,0.06218351,0.04628625,0.017765708,0.590019
1995,1168,57c7f9398a3ae4faf673024da919a07d8fdcc7c1c1be7597e9981b78e88ab34f,,1,False,False,3,0.36734354,0.08773875,0.8018654,0.016007392,0.13757409,0.36734354,0.013204541,0.07883767,0.10742794,0.2796048
1997,3153,d3aaf4a44c6f14e28cab9feeeee5192f6625d03e54c2a2efcf04255dbdeb91e8,,1,False,False,3,0.44912216,0.22706948,0.73584384,0.05067594,0.14805402,0.44912216,0.0010467109,0.11996199,0.009086512,0.22205268
1998,1961,592e3369e285d8873bb9e6f6e5c899304f134491f1017d3daeb2590a4377a8e8,,1,False,False,3,0.29651305,0.061007455,0.8295039,0.10558229,0.22406869,0.29651305,0.0053668413,0.11919104,0.013772517,0.2355056
2000,3868,1d87123532d4d02d9c527ebdd823322e975362b873b51234f59dae3641e3e39d,,1,False,True,7,0.4011692,0.026472658,0.70282495,0.014817123,0.06801128,0.37469655,0.0122631835,0.09904609,0.029996581,0.4011692
2001,3041,2e3616ffa62d0fb4b968dc5bb443d97fc2eaf1294ae079b90da015b0a78f0656,,1,True,False,5,0.3512666,0.09616166,0.7514567,0.002187712,0.13536474,0.25510493,0.0018007957,0.3512666,0.035397366,0.21887787
2003,2907,8fc7f689d8a4ef3a700dc4d0e5bc5b0a4e0cec9046ef71f2cb78a95434e4d73f,,1,True,False,3,0.4311008,0.22351767,0.73487467,0.009434706,0.13492836,0.4311008,0.007820514,0.20758311,0.018044211,0.19108836
2005,3452,39dc9b4fcbf75755ca81dea25dad7225f883a86f1d1cfe1934e5e59e4864e5a1,,1,False,False,3,0.49093455,0.09153181,0.56777227,0.0033532383,0.036395706,0.49093455,0.040170576,0.02324531,0.0064978967,0.39940274
2007,2986,8cdf002a4a7fb11c86e26530b704111c1db2ae526d47e9abd8c905b7c8ac2f1a,,1,True,False,7,0.4860891,0.1188384,0.628947,0.02200811,0.026356537,0.3672507,0.016689245,0.05322519,0.028381094,0.4860891
2009,306,9b526234688ee65134b6ce9dfe7a5189d4d094c3d217230fb4fba9b81c04f158,,1,False,False,7,0.4557584,0.22034076,0.7633992,0.023039129,0.12588412,0.23541763,0.019083483,0.09673156,0.04408573,0.4557584
2010,3825,be5e74a4a83a238d8fad2d6e021e956f2cac58c04ef40684fc2b7191003cda64,,1,False,False,7,0.38793406,0.22097062,0.8771328,0.11462229,0.03279263,0.07921585,0.16696344,0.08752091,0.1309508,0.38793406
2011,570,a919b6003a21dee5eb8c7f5d5d849a84d014e9821064c4414a7f67154816a2f2,,1,False,False,3,0.73754334,0.60093033,0.48325256,0.04173601,0.032729834,0.73754334,0.005747936,0.030648174,0.014981682,0.13661304
2012,1893,ab3efbece27eea5c1d5e727cc5af8d2829ae49ca20748e01c2170b58dbce8931,,1,False,False,3,0.44412777,0.2672599,0.7468745,0.036185212,0.15028863,0.44412777,0.0047806487,0.17671828,0.011031583,0.17686786
2013,1030,b8398698db5c48ce8c5b8ea99acd1044e9bd13f7fafa81e8527cbe18577e6392,,1,False,True,7,0.79612255,0.71684766,0.38977957,0.0024415408,0.038140714,0.07927488,0.0020237193,0.076895736,0.005100877,0.79612255
2014,3166,e88ac73addb1d273df7de71937494ea965fe22c0dddf65f260d7649c13b7d3db,,1,False,False,2,0.52681094,0.31000894,0.60891914,0.0023975319,0.52681094,0.20998229,0.0019798945,0.025643447,0.016383924,0.21680199
2015,2014,01d65e62c0e70e9ad4364f09635125a3e8f90144e0593f6f533b309f0416dd90,,1,False,False,3,0.38422614,0.1833532,0.86240464,0.12027836,0.047985338,0.38422614,0.11805325,0.09692093,0.031663034,0.20087294
2017,804,6852b37ebc9826275ff0b67e8eecde93124ae0e2aa1cc44d518e94a56a89a417,,1,False,False,7,0.3773896,0.04240176,0.7416962,0.030395322,0.025543882,0.33498785,0.026001366,0.17355469,0.032127306,0.3773896
2019,150,0a0224b4ad3deadef20287b819c12a9f0041a0f4ade89be5dc4ea2c8c02fa304,,1,False,False,7,0.6559886,0.44218618,0.5325403,0.026020704,0.02538304,0.21380241,0.0035784212,0.066554576,0.008672258,0.6559886
2020,3171,9a66a06e8892196737e55ed37f56b64f943cfef2b945ce604155b5654ce7e241,,1,False,True,7,0.44920897,0.05559367,0.6106554,0.004825493,0.062554196,0.3936153,0.0039937533,0.076278776,0.00952348,0.44920897
2022,3398,ca0fbd1c7cff1c2fe472d358c50d341bfde5246db6f32dea966d6c43133dca3a,,1,False,True,7,0.60693437,0.4473958,0.6174849,0.040254615,0.15953858,0.14099811,0.005735107,0.033304106,0.0132350605,0.60693437
2023,67,599293a98e442e5c9a907488e36f212d932bc179b6a7353aec85223ed914008a,,1,False,False,7,0.5161635,0.2110407,0.6213103,0.008231315,0.039091855,0.30512282,0.006604503,0.10951573,0.015270253,0.5161635
2024,3876,84c8280133200252e87894c643e5cb68818ee8db0ea8e782d29869e18428ae53,,1,False,True,7,0.4672797,0.2990567,0.76008683,0.012964225,0.14730729,0.13478972,0.010729678,0.058706407,0.16822301,0.4672797
2025,2664,75a8220782d10fc6650de3a01dcc73f9e9c6da32f8e402db417dd982bea5a0a9,,1,True,False,7,0.36411598,0.12381899,0.8302086,0.009044208,0.24029699,0.17876674,0.07088,0.0669139,0.06998216,0.36411598
2027,2370,cf4d8d83a0823dde0728d07137f7252174cf3f522070ab0c5ea09d13067d829a,,1,False,True,7,0.7306302,0.5584444,0.45218882,0.0051898845,0.046054956,0.17218582,0.0042937696,0.03171749,0.0099278595,0.7306302
2028,2041,94d2172807ae9e2849b15e92b3ad95c26b95b4cc31bc97f4eadcbeb62ebceb13,,1,False,False,3,0.49159715,0.18933529,0.6702551,0.00741062,0.076629296,0.49159715,0.0061327764,0.06607127,0.04989705,0.30226186
2029,2021,c1fab5d52d8a73203522b7f9c45012717c76acc4a8a2f4199b3918c686486e47,,1,False,False,3,0.37691367,0.05074963,0.7552297,0.0036133465,0.049750112,0.37691367,0.034134082,0.15085311,0.058571648,0.32616404
2030,3177,bd163a8480342b8cb0c4c63fc6c26e534256e7c07f47a987b42ea258cc4147ad,,1,True,False,3,0.6506237,0.5303579,0.6249244,0.01635304,0.050359547,0.6506237,0.029910501,0.05942787,0.07305956,0.12026578
2031,1913,94d1b18723fa47aa646faffd355ae8686d516d5d52741b1022eefaa4b845ff5c,,1,False,False,2,0.4383587,0.25365773,0.7674387,0.043328706,0.4383587,0.18470097,0.0020213746,0.17627273,0.029933406,0.1253841
2033,3178,1e5650854b1ab51987b32527020fdf8e7b84653f3889020c8563db967cae8506,,1,False,True,3,0.4982697,0.19054416,0.6083035,0.005193585,0.30772555,0.4982697,0.0043004467,0.025550842,0.009926092,0.14903376
2034,427,233fc62d7c283d970ae0da0fa32c23cd74d390eca3e93f3e134ef9e959ec35f2,,1,False,True,7,0.4827761,0.30191708,0.74974513,0.013829107,0.11756264,0.18085903,0.011445476,0.058063455,0.1354642,0.4827761
2035,3179,2c5a7a0fc35cc4c569dea32487134ab47e60ec10702c02d0109adc1ce858bc9d,,1,False,False,3,0.55253124,0.35509035,0.6664645,0.0038460211,0.13164268,0.55253124,0.06508367,0.02190639,0.027549114,0.19744089
2036,3180,abb37191e88ee3c0a44f14dea4fc460da2cb07acfa65c48ab311f1212090449d,,1,False,False,3,0.38524127,0.07420468,0.72662514,0.05706494,0.3110366,0.38524127,0.002209465,0.062257674,0.005091912,0.17709816
2037,4179,bb0ac2a38cab8fceb78cca7a93098e90be0d02781c1e26fa1da5e309ff94b95e,,1,False,False,7,0.40535894,0.16224052,0.74014807,0.010917793,0.052453946,0.24311842,0.009035975,0.047768988,0.23134595,0.40535894
2038,3182,c65b90dbb037336fcba3664f155b9702870a36fc31e1e15ad355a7cb7ebe1439,,1,True,False,3,0.38072604,0.1306616,0.76166856,0.010532644,0.053529266,0.38072604,0.008593324,0.25006443,0.06983852,0.22671582
2039,1074,7a1e45af2cac4284a29ea7f7ffffd3bc4d6634e744f52b326241295581dc71fc,,1,True,False,3,0.54228085,0.2917317,0.6469015,0.0052055893,0.035257902,0.54228085,0.1062232,0.05055723,0.009926108,0.25054917
2040,465,6d67010b2becb6ef80ad5964e28dcd011543b6349a530aa1dea0fd802667c5b8,,1,False,False,7,0.3110804,0.067468494,0.86265874,0.025916206,0.11463999,0.2436119,0.021449242,0.10881093,0.17449129,0.3110804
2041,3184,a4b636ee6739c0e56936e833e38210c3ca5591269c7da47c9949f306295e7481,,1,False,False,7,0.608921,0.41010004,0.6099289,0.0076844054,0.040491953,0.19882096,0.00636561,0.08597097,0.05174515,0.608921
2042,3185,6cb28bb106c55927868a8adf76a5c3cf120d1cab841089d695a42662e52f2c19,,1,False,False,5,0.28958097,0.03954923,0.7719973,0.007986259,0.21132275,0.21919979,0.00660548,0.28958097,0.01527303,0.25003174
2044,3514,8e4c155d40a98c87ad31505046a93cd5600dec81b14826842e6439e8d0a20107,,1,True,False,7,0.36735404,0.09225193,0.7812688,0.0109558,0.049684245,0.2751021,0.009036935,0.1278841,0.1599828,0.36735404
2045,3187,694f9bddac364b49fcc04b775a9e8f219cbdaffbac9339b8018b62ff8e2f54dc,,1,False,False,3,0.44021523,0.0060471296,0.59329784,0.008673792,0.044818755,0.44021523,0.007153986,0.04755281,0.017417368,0.4341681
2046,1345,29a60232536115ae27b4322996fc8b9847ff1d27c32dde543d54e75dd30bc9d9,,1,False,False,1,0.2947343,0.10967587,0.9083637,0.2947343,0.1387361,0.17324035,0.06507322,0.12110196,0.022055618,0.18505843
2048,2711,6d3b49ac55f07a83a9b5e83fea09056baaa8d9adf94b9e360c14c4b8d5f7507b,,1,False,False,7,0.43901882,0.068596065,0.6445886,0.021578148,0.018563952,0.37042275,0.018652854,0.12491053,0.006852956,0.43901882
2049,3190,d54630cc92f1cb613262ea2d39a2af067340e1823a74e988ddc7e7a021fd3de1,,1,False,False,2,0.24587092,0.010615274,0.9024876,0.14790234,0.24587092,0.18568157,0.012263408,0.073470496,0.0995556,0.23525564
2050,3192,d3a100839f921589fdf445ff9011348ee647cc73b15311b3e91763e9ed223d46,,1,False,False,7,0.6419736,0.39336005,0.5223843,0.007154836,0.05006807,0.24861357,0.0059306775,0.032570593,0.013688644,0.6419736
2051,3193,425c6dd1dfc80f8d7bacd85d7ca610a2b152f6e5c4540b2d40380c7c1af083bc,,1,False,False,7,0.6261764,0.3211523,0.47237542,0.0029311639,0.03872676,0.30502412,0.0024399417,0.017623968,0.0070776753,0.6261764
2052,3874,d7bb88838aa119d22a44980830b18eedede4b2791f3492175e25ae622b4ddc67,,1,False,False,7,0.5615868,0.3220439,0.64791673,0.011524949,0.051594734,0.23954289,0.009743555,0.04840175,0.077605285,0.5615868
2053,940,359ea1037069b5c802534777ff0f4012b1199e6800efbabace38c488a7a0922e,,1,False,True,7,0.30478266,0.02670613,0.8452906,0.02073809,0.091735646,0.27807653,0.017163616,0.14786507,0.1396384,0.30478266
2054,185,23c6a6afd50282ab398d627645f1ea94b7a120ad77a7f5893529aa2058a635b9,,1,False,False,7,0.49740332,0.20267189,0.6757799,0.052434918,0.09090987,0.29473144,0.007505546,0.039754547,0.017260341,0.49740332
2056,3198,dd4a39c4411d48beab3c71c6e69fa1279e164bc6a7bd9d8f063cad6b52c7a82f,,1,False,False,7,0.4025945,0.13236293,0.72253656,0.019903976,0.2176939,0.27023157,0.0012917124,0.06245437,0.025829945,0.4025945
2057,3199,a9675fb6803492f137a824f9c2c3ae6490c6ae54ce0d6b74d8b8ee82ed4120a9,,1,False,True,3,0.30430666,0.062270164,0.8313235,0.04170808,0.13303801,0.30430666,0.0014203426,0.24203649,0.06116683,0.2163236
2058,3201,48161dee648b04d0be052284201a465c4b66ec06f3df38c7cf96fa7d71165b5b,,1,False,False,3,0.35652915,0.018473297,0.7030936,0.024536993,0.03933195,0.35652915,0.0034347975,0.22369626,0.014414999,0.33805585
2060,2322,3dc1722bfbd8096e0b0419d97499fc7e9fd161b47cb714d84558c34e171486c1,,1,False,False,7,0.70401436,0.5009397,0.47231576,0.0053216033,0.025000583,0.20307462,0.0044158585,0.022400426,0.035772562,0.70401436
2063,2938,df4ccd7d6574b42820c74ee8b5c441c33fd4d5b22ea2cfc66d742f09e753653f,,1,False,False,7,0.42573923,0.12714714,0.6858387,0.0049974145,0.16481976,0.2985921,0.004090229,0.09230787,0.009453376,0.42573923
2065,3211,4cc05b3a8a10f5dc628a9de71321773574aaa46cf66d43054eba391a3bfdd558,,1,False,False,5,0.26699957,0.088846296,0.9365689,0.13870059,0.15223713,0.17815328,0.053522334,0.26699957,0.05175058,0.15863647
2066,3212,7edc6251a899eb0660b5a3027b130e89385c4b3b577ac2729f0e604eb23082f1,,1,False,False,7,0.6578281,0.5469935,0.6060117,0.11083458,0.083748385,0.06979202,0.0044033723,0.037566785,0.035826784,0.6578281
2067,2844,cf24125196e835689dbe32c8e8494631ca4e65d7c7c34cf8368dd297675c417a,,1,False,False,7,0.49795362,0.18351531,0.6451813,0.010376564,0.04990043,0.3144383,0.008587984,0.09888529,0.019857744,0.49795362
2069,3469,91c128a6be2681bcab54a84d17943e20013ce218e8e6178e9cd296937b628a81,,1,False,False,7,0.24891976,0.004936725,0.85944396,0.020737518,0.24214521,0.24398303,0.01751504,0.08706849,0.139631,0.24891976
2070,3217,730b758e1ec7616cda84b6dbafd4d33edf099fa39e84e592a078a563c5e0945a,,1,False,False,7,0.53568566,0.22054616,0.60589004,0.0021630125,0.034274492,0.3151395,0.030210638,0.06677255,0.015754139,0.53568566
2071,3221,070b077dd87a4cf12c774cd4d02cbaadc9a12466fb3f748b30e7d63c47de8bda,,1,True,False,3,0.34970146,0.00019866228,0.68117356,0.0032235368,0.0412379,0.34970146,0.0026429573,0.23073873,0.022952588,0.3495028
2073,3225,65d4686035925d86f26118986e82b3038f4dccdaeedafcb97517c695c372ec37,,1,False,False,7,0.4453854,0.23762962,0.73475385,0.0023066544,0.07833365,0.20354113,0.012960936,0.20775577,0.04971645,0.4453854
2075,918,48e3fb883270be1235b9e3e43641166899f8c2b109d8d1d82fa426b93f3b94ae,,1,True,False,7,0.2903125,0.0035032928,0.8240074,0.013831257,0.20459263,0.2868092,0.011447231,0.099869095,0.09313808,0.2903125
2078,3233,a4cdc3b1bbc76f42b0c605789eac1e4aaea4c739a3f41788ccc887e49d513756,,1,False,False,3,0.41379356,0.051318675,0.69502443,0.010486658,0.04594826,0.41379356,0.032528836,0.119004555,0.015763268,0.3624749
2079,2668,86b487fd1111495984bd260192510a57f8c27850686a242299fe046f780ab676,,1,False,False,7,0.48493445,0.14585865,0.6438299,0.0034726728,0.052085567,0.3390758,0.019406943,0.078598894,0.022425713,0.48493445
2081,2808,5716525eca8905f15478da016337e6c31c99c3b8af487a237986fec28e2b63c6,,1,False,False,7,0.6763343,0.49376452,0.5362044,0.006917434,0.039780296,0.1825698,0.005725105,0.042230092,0.046442896,0.6763343
2083,3240,031f13d77ba46ab21ea7081179e98fe415a6b5638823d331f262e13bb86e0e1b,,1,True,True,7,0.6031523,0.461649,0.6292843,0.009882315,0.10032231,0.14150327,0.008178931,0.11804916,0.018911753,0.6031523
2084,3242,be5d791a4f84d577fb8c75bd55d602b6ab59412aa682bc8e00f88cbbc8310dfa,,1,False,False,2,0.3784546,0.076853335,0.7601329,0.056621034,0.3784546,0.13918245,0.004404097,0.30160126,0.010183081,0.10955343
2085,3244,9e96323c4c4edfc460d4a3f158c4fa9d18afa21d602843100aca55f7754ee8ff,F0024,2,False,False,7,0.4457214,0.16239765,0.7041121,0.048244353,0.060190294,0.28332373,0.0028659455,0.15303636,0.006617915,0.4457214
2086,757,68e4bb65b67e83d64685809517e1b75f336d0d1a07c9b4e11efdef0db3c08d96,,1,False,False,3,0.3749483,0.16984424,0.8174801,0.20510405,0.13332005,0.3749483,0.011450124,0.058747895,0.026476236,0.18995334
2087,3249,ef3c9fb7537a9a1de33b35b91a1a46c1451918b8e63ca9e5a9469d174d1f36c2,,1,False,False,7,0.40162557,0.052144498,0.67638314,0.0034628618,0.042363018,0.16692221,0.0028623843,0.34948108,0.0332829,0.40162557
2089,3253,c76631be6076c59b734e6f920a8716c1b7de8ce3cb750e551250e602a128c9ca,,1,False,False,7,0.6699145,0.42786276,0.48406923,0.005763799,0.039709337,0.2420517,0.0047703288,0.026445366,0.011344979,0.6699145
2091,3255,cbc98b40858be7fe3331ff1d10a403c17a4fc3f32816bc3ef0e6053faff8861a,,1,False,False,7,0.5336283,0.39193824,0.6994796,0.0048462967,0.11491957,0.14169005,0.004041576,0.13074453,0.07012973,0.5336283
2094,2933,c2246c8630e669dbcbd2ad21d79b3a79643034da143ea5d43b6e4bfd58a01f29,,1,False,False,7,0.5208242,0.32685673,0.7243706,0.051896833,0.0934039,0.19396748,0.024388708,0.10430429,0.011214607,0.5208242
2096,553,b6c8741315fb111407cefa23ffea9aaee8a7a3cb47ef3a94948d4d6c041939c1,,1,False,False,7,0.51851964,0.33440965,0.7301866,0.017282944,0.076832056,0.18410997,0.01432124,0.07256464,0.11636955,0.51851964
2097,3269,e5472cf2e2c810d0d1b865865cdd3aed93b5d2f7a94b88011331306d6f4cee5a,,1,False,True,7,0.49364984,0.14285761,0.6104032,0.007410099,0.0858364,0.35079223,0.0061328663,0.041998744,0.014179791,0.49364984
2098,3270,7566297e79f52d260c1664a858d9ed12b4c54442e8183eb52809bb080a0287ee,,1,False,True,7,0.59673595,0.36607373,0.57460785,0.004069343,0.054020084,0.23066223,0.0033674494,0.1033162,0.007828694,0.59673595
2099,720,b0046c4db5fab970fd106195e8360ce4cd8b7273c69e9ba6ca921fa6f325cb95,,1,False,False,7,0.35115865,0.08678934,0.8284741,0.020736406,0.11615653,0.2643693,0.01716224,0.09079989,0.139617,0.35115865
2102,3277,c73f0ae8beaec2499e2e36b14067d5881f770b6e16ea7f9175f3639c0389c1cc,,1,True,False,7,0.39755496,0.08487636,0.7596008,0.0150373215,0.09065088,0.119159356,0.015890045,0.3126786,0.049028836,0.39755496
2103,3278,8cb1aca027e87808409a5af6255ef48fb36672ef9ec78a71c130359b7c4b852b,,1,False,False,7,0.3807912,0.05661744,0.7187726,0.023192547,0.16654097,0.32417375,0.0032602926,0.09387602,0.008165209,0.3807912
2105,3280,015e6b173ef89177c569b9bcd355d7ac264be6839d232c38e0194d99aa3a0090,,1,False,False,3,0.42229977,0.012521416,0.6030007,0.0089897085,0.014693209,0.42229977,0.0011933942,0.12551945,0.017526148,0.40977836
2107,3025,a8b46c4f99866927348394f31ed4c6a9b52d11d7a634b356b58a5341f935c18f,,1,False,False,5,0.29132968,0.04009345,0.81629425,0.012201949,0.057819508,0.23634203,0.010098786,0.29132968,0.14097185,0.25123623
2108,3283,4d4b119dc242ea5d1c7202a028d83f89375001dc0118309b6f1ec7e7eae5fdf9,,1,False,True,7,0.63549215,0.4215632,0.55791104,0.003998793,0.04294999,0.21392895,0.0033036184,0.07078416,0.029542377,0.63549215
2110,3285,7a9004baefff4eb9b33d181c6dd2b8c86a492f9b89f16c5b86e4f1b6d61a640f,,1,False,False,7,0.3738683,0.07549915,0.7126695,0.0040342854,0.16582234,0.14696756,0.0033025676,0.29836914,0.007635841,0.3738683
2111,4217,df3f31f64b2983ebeba001e65c6c481f8e489acf57238508190ae796fe4e4f10,,1,False,False,3,0.40817124,0.15826157,0.7945574,0.01738255,0.099712744,0.40817124,0.014303654,0.09415626,0.11636393,0.24990967
2113,3856,b9e55ddab51314cce1fc2434f9ced4b1f136acf8f3979adcc3f5cd152eaeb5c6,,1,False,False,7,0.6332534,0.33122557,0.47231463,0.005060838,0.023110002,0.30202782,0.0041885353,0.021869091,0.010490311,0.6332534
2116,3933,aa6181ed6e2bbe7b84f0441f50ae980098101613e2a7fc37c771aa2e9f0a0f7c,,1,False,False,3,0.56278384,0.35155565,0.669937,0.010920776,0.05029072,0.56278384,0.09498773,0.04889029,0.020898478,0.21122818
2119,3299,d45c5eb5d1c2762371473500acabd02c74e3cf52d7fcfbb552da5fcfdbc4019f,,1,False,False,3,0.3961759,0.13525203,0.76690274,0.005766951,0.07899621,0.3961759,0.004772368,0.103455365,0.14990936,0.26092386
2121,3265,bb9683da5a342b78b796c0c2e4aa8d838bf3d3bd909fce6ce7d81d3b69d4f450,,1,False,False,7,0.3725885,0.04762712,0.7214557,0.040417247,0.017789612,0.32496136,0.002865312,0.20065784,0.04072012,0.3725885
2123,869,be6d699c7acbc14cfc429c6cf40764e68311a0fe3e18aa290c8e4bf123110663,,1,True,True,7,0.6340835,0.38490227,0.51715475,0.0040787035,0.027597614,0.24918124,0.0033715598,0.073821254,0.007866144,0.6340835
2124,3307,8fc1d88c049fd59749d211c22f5be32040b5279aaed7d1c268d3b88edd0ed28e,,1,False,True,3,0.32753703,0.035841674,0.8094647,0.023040818,0.102171354,0.32753703,0.019069435,0.19239636,0.044089667,0.29169536
2126,1433,8c54c43944e0cfa32d44a4cba33e0c90fb4ebbc8990f958240eb8f467b3194af,,1,False,False,7,0.47857106,0.044924855,0.5364888,0.005766133,0.04093132,0.4336462,0.0047715395,0.025022987,0.011290799,0.47857106
2130,3722,6e4985dabdf26e898685cecdb6b9f67b07cc4be5e13ebf33b7635a09bf93c458,,1,False,False,7,0.37226757,0.07868749,0.7735899,0.008302308,0.038954254,0.29358009,0.1270376,0.14185522,0.018002946,0.37226757
2131,1608,4f0fd43826cae02304a463f5e97b4d62e6c34e51d9de06dd928381c00b65219f,,1,False,False,7,0.49637216,0.27881303,0.74040794,0.023041362,0.1019246,0.21755913,0.019069882,0.096742116,0.045290757,0.49637216
2132,3319,e7872bc04c190d5c431ed7b52be00971d4ca3635a1dcd6e1e74f1c3acc452d23,,1,True,False,3,0.47242782,0.1222375,0.6470573,0.011526429,0.08575349,0.47242782,0.009564136,0.04848065,0.022057163,0.3501903
2133,3324,669e8734a3c7f35d349541bc0dbebecc018616d141f1286c5ff4c12377df334c,,1,False,False,3,0.5228899,0.3516262,0.6825787,0.0045735175,0.15201111,0.5228899,0.0037676832,0.11513777,0.030356262,0.17126372
2134,657,4fcabea9a43e8074af7cf1be4405794858c269458a12f290db00a8a9a2d74da1,,1,False,False,5,0.44499415,0.25437278,0.761331,0.010571793,0.058978166,0.19062136,0.008176819,0.44499415,0.114148594,0.17250907
2135,3328,4b10ed96e7ab91773c1639f42b96e6cc10421f5fce56be068e46dd24c31256a3,,1,True,True,7,0.40624112,0.16347775,0.7193171,0.005068261,0.15460134,0.17744492,0.0041966,0.24276337,0.009684402,0.40624112
2137,872,66dbcf3f09091f88c3a3d87b8cc23de2406dc5681464a238552e3103c9c82cdb,,1,False,False,7,0.5601868,0.36397088,0.6828877,0.010918289,0.09615209,0.19621594,0.061635036,0.05399914,0.020892708,0.5601868
2139,3336,f76d978096165234b9aab8de25c81676c2a122150689b2e88b8abf808c8eb4bb,,1,False,False,7,0.31787622,0.08121361,0.8600511,0.23666261,0.16718006,0.11442992,0.0078285,0.11149799,0.04452467,0.31787622
2140,739,09382c09fda1d63159cf175c5817dca285f4836cb9ffff562c46c3798ffce059,,1,False,True,3,0.40179592,0.20598866,0.8124573,0.05743274,0.104226045,0.40179592,0.008178399,0.04698714,0.19580726,0.1855725
2141,3340,fba7019a87e872496f114d8a43e698ae0e9e351e21022cda9ab6a4ef166a663b,,1,False,False,7,0.42866993,0.17355773,0.7702213,0.028083881,0.02521798,0.2551122,0.07376137,0.15666129,0.032493368,0.42866993
2142,1945,8b167efa15161e093769c3503b4b736c2d15d371bcf64b5bd2a39ba26a855d4b,,1,False,True,7,0.5802396,0.2744042,0.5619024,0.0340059,0.023485893,0.3058354,0.016789313,0.03434767,0.0052961945,0.5802396
2143,3342,09bfe799439730f39f389e0ba9fe8bc87cc3df61f92b85bd14390ba598bc548f,,1,True,False,3,0.55040985,0.39537513,0.672686,0.0011216925,0.065149784,0.55040985,0.15503472,0.1079449,0.0021243396,0.11821465
2146,2410,1071841a4a4d1de0205f9d4e3334195eb9caa34b40d8e316ad73264f68f74e54,,1,False,False,7,0.47603244,0.21598783,0.7141406,0.007156428,0.11405234,0.2600446,0.040301286,0.0887178,0.013695095,0.47603244
2148,938,af8e031c9c90683c07cfd83ad92f319b1d03b9a7f214d8dfb616df89d7528002,,1,True,False,7,0.62834275,0.4605313,0.6127104,0.010381677,0.06788808,0.16781145,0.008584164,0.04715644,0.069835454,0.62834275
2150,2033,29f6f4af01f2c33bcad7a50ff1b29000483883ae2f3e0de3141ddf17f9c6bd59,,1,False,True,7,0.61045945,0.3176856,0.52214754,0.0030980245,0.018610729,0.29277384,0.032361336,0.036649656,0.006047032,0.61045945
2151,3356,c1fc16a661cc5b7dfe1e1b94b4484e94d19246cc40edcc19f2a30c6d893048fe,,1,False,False,7,0.47186843,0.20442998,0.6672742,0.0043413136,0.26743844,0.15180056,0.0035777385,0.092173375,0.008800161,0.47186843
2152,2857,d90aa38103b76c84253a975161c910aec6e0fb3db77509dae2f119ea2cfe352d,,1,False,False,7,0.6105921,0.4005761,0.5979195,0.028292902,0.07433461,0.21001601,0.0039979173,0.06352733,0.009239049,0.6105921
2153,2597,9f693ed86febdaca57e7791302383a57fa486e9a474d0424ff0f41e492928309,,1,False,False,7,0.64685655,0.40758282,0.52853525,0.019435748,0.019647442,0.23927374,0.0027705,0.049270943,0.022745073,0.64685655
2155,3362,14667d9322e7d3a086aa2af7f086a40d172f9b4ee2cfc64e3eadddb7aa46cf70,,1,False,False,7,0.54042983,0.3377573,0.66613114,0.010917677,0.20267256,0.14554414,0.009035878,0.07050858,0.020891279,0.54042983
2158,3635,f45c0eafb78a549f01a7bf0a94231245a510074b10733b4d4140995f845ec7db,,1,False,False,3,0.3530869,0.051861912,0.7617924,0.010373628,0.30122498,0.3530869,0.008585585,0.052495033,0.069857135,0.20437676
2160,1287,1562fa9c91ecf19b911a1d48f3cc17fa40383e640386543626130456cab079f0,,1,False,True,7,0.28220895,0.03537917,0.8809312,0.080496036,0.06982294,0.18429832,0.011665146,0.24682978,0.12467884,0.28220895
2161,3369,333d4948b03a97b09cd96a91b8117fa2aad1b0108443457b97d2817573a1d467,,1,False,False,2,0.4198631,0.1082986,0.7350169,0.06398445,0.4198631,0.12199239,0.018192593,0.3115645,0.0062458385,0.058157098
2164,3373,5c17a3917fdc55533195a34497863f1501db8a849e959952e50664e603af142d,,1,False,False,3,0.73847014,0.53089464,0.39878166,0.0018368808,0.010118441,0.73847014,0.0015247437,0.01919754,0.021276778,0.2075755
2165,3375,800fd6c9e5294a6181ac37ae7b55ca583df641572d1d4753c2fd77f9e163a868,,1,False,False,7,0.523658,0.29797846,0.70134825,0.013830704,0.072825134,0.2256795,0.011446779,0.059544742,0.093015164,0.523658
2167,3379,d9236ba01912aed51cb867aadaa46eda06ae1a0b7fc75cbd283a2fa9abe0a83f,,1,False,False,3,0.4621284,0.07676649,0.63589126,0.0064862203,0.03101226,0.4621284,0.03659655,0.029897405,0.04851729,0.3853619
2168,3380,cd55de5a7fa191624b7df20c7d3874173699f98030ae18db921d9735f09be170,,1,False,True,2,0.46649197,0.26413205,0.72811544,0.0050048176,0.46649197,0.12349006,0.034945797,0.20235991,0.009454299,0.15825318
2170,414,646e21bd4f51648eaceeec851bfb149406fd9e605c708642364d0e4708f7afca,,1,False,False,7,0.53027654,0.39606035,0.71569294,0.009905814,0.13102213,0.11837998,0.0081753805,0.1342162,0.06802398,0.53027654
2172,3389,f6998e4e01fed6fa67169cf1498aa8cb18f6bbca37e93b3bdec32454c18badf3,,1,True,True,7,0.6132286,0.44982907,0.57878584,0.006164725,0.03774922,0.16228123,0.0050505563,0.16339955,0.012126109,0.6132286
2173,3390,d28c5148b413247950881f1d31c5cfb9376751b83e8c7a0cea79c2a2110c30f5,,1,False,True,7,0.32949385,0.088388935,0.8523337,0.082822494,0.24110492,0.1819692,0.00635939,0.07521211,0.08303805,0.32949385
2174,3728,7ba853bd617d75f073f67a0f6a2d43f3afd36d73bef1c134f74b1f9a7a7406f7,,1,False,False,7,0.27751908,0.0055481195,0.8420918,0.018852659,0.12406031,0.27197096,0.015603176,0.079160504,0.21283333,0.27751908
2175,3393,927d658fcdfcec1b7f1eed2f94fa71c3f59b5e4b257da428c60afa4062eaae6b,,1,False,False,7,0.31984168,0.02150032,0.7962781,0.052290022,0.29834136,0.15621024,0.015619027,0.15231228,0.0053854208,0.31984168
2176,3394,a8e92c8acafa92a9bc0fa5347d371534709bdad044668d16acefdc0e4691b4fb,,1,True,False,7,0.42347524,0.13980973,0.7404538,0.0061204284,0.09582695,0.2836655,0.005051515,0.113632016,0.07222835,0.42347524
2181,3404,e793f8604f6f1ef611fd022d25b8adf7e2fee5f1731092a4120d675b6fdc73a2,,1,True,True,5,0.3056434,0.01895678,0.8258935,0.28668663,0.05980103,0.13806704,0.010729423,0.3056434,0.024806816,0.17426564
2182,3405,7729668474ef6e3ca6c5e3551ea871b9c7eaeb1170dbe67dd5bbf12e36e92cf4,,1,False,False,2,0.45502105,0.22384988,0.6972028,0.010087954,0.45502105,0.23117118,0.0013524666,0.18984927,0.014524178,0.097993925
2183,426,ab131c30ed6fb51e2d1a8b4e8fc1239d3608b83c6142016ec6292b0a93ff9f62,,1,False,False,3,0.5172562,0.121755004,0.5343218,0.00630008,0.03424363,0.5172562,0.0052050743,0.029434329,0.012059506,0.3955012
2186,3155,683d5f5eb0631f7873ea7b162bc131cbad5b4b1bbcb197989e19e6b74d4a3bc1,,1,False,False,7,0.5116446,0.29519314,0.69306326,0.0036026302,0.03250697,0.21645147,0.044323307,0.15831497,0.03315609,0.5116446
2190,1204,b48632925c157319b5497709a090c0605a9fb6023de40ce2d02ca4e2da962b90,,1,True,True,7,0.60408354,0.4170802,0.6011925,0.007683933,0.05506692,0.18700334,0.006359508,0.124845594,0.014957146,0.60408354
2192,965,97569c01cbf983e88e00e9a3c2db25b97b2ab0bea045e6b438364225edf6e0e6,,1,False,True,3,0.47804782,0.166183,0.66083467,0.010372588,0.1235697,0.47804782,0.008671331,0.047625225,0.019848498,0.31186482
2194,3432,dcec23a45e402a953cfbb18f4d01e0f95a3fd0925a419e5d08655b284553f579,,1,False,False,7,0.51694286,0.290363,0.7130231,0.020736469,0.09180051,0.22657983,0.017162291,0.08709858,0.03967947,0.51694286
2195,3433,b7a6c9fa7ee9297118c4749d4ac8b533cf3bd7df5da7777e9e32ba9ffe5cd8b4,,1,False,False,7,0.3805936,0.059275,0.65413105,0.0049574575,0.028003221,0.2515082,0.004089942,0.3213186,0.009528995,0.3805936
2196,2116,2ace377e94b9405b6a938a69e92ba872444a173d511d36140d3b0c3a9dd1fdba,,1,False,False,3,0.37788665,0.1756035,0.86152065,0.01487276,0.10383889,0.37788665,0.12205511,0.07931447,0.099748984,0.20228316
2198,3440,f3577a7d548c7d6bee997469746425eb4db3d586db67386d6a9c85d5da0275dc,,1,False,False,2,0.40636933,0.0625374,0.6728689,0.0024482543,0.40636933,0.16432041,0.013757056,0.063038215,0.0062347823,0.34383193
2199,3441,527b9e797953dfa9f91c2b26f46d74081095d91a040581125bbff64f2662ae1b,,1,True,False,7,0.4498075,0.21316943,0.70502865,0.0069165593,0.11051187,0.23663807,0.0057281335,0.17706093,0.013336937,0.4498075
2202,3446,28d58cffc3dbf8497ea5211b7a73d8364b437d2c39f1c0dfecc2a8d11548f15d,,1,False,False,3,0.5190146,0.32113552,0.70648605,0.0069430326,0.1005855,0.5190146,0.0057238373,0.08837766,0.08147634,0.19787908
2204,3449,eb292c69a25fe89bfde37d243dceb329c6ae49ae4eab7e82be71898766aa4a8b,,1,True,False,2,0.4810926,0.21102545,0.6786923,0.009902809,0.4810926,0.14977539,0.0078057894,0.063308045,0.018048188,0.27006716
2207,3458,25d62e76e6d2dc0663c8493a7a801b566989453f2e433b9ad3a6aa295805fcbb,,1,False,False,3,0.33548462,0.024392307,0.81248796,0.025917148,0.11464466,0.33548462,0.021450011,0.14181826,0.049593046,0.31109232
2208,3460,3ae1def6eea2a7d143f4f6a76f2533fd0c56fb0032eaba9e898aed1bcdf7392a,,1,False,False,3,0.4145308,0.00931716,0.63503855,0.00091746985,0.039048128,0.4145308,0.00075881736,0.089003384,0.050527714,0.40521365
2209,3463,b3fd530c1a411598c19ef6ceef1b659eb4f01638245e312bb0e497051684202e,,1,False,False,3,0.44177443,0.20935634,0.71423054,0.0139872795,0.23241809,0.44177443,0.04985886,0.037296996,0.0045958147,0.22006854
2211,3465,7bddd4d5f2813fccc2a02629ed35911a50f8d1094c6b7bf037609aa8a8ada6ad,,1,False,False,7,0.4299119,0.117604345,0.6834826,0.005461641,0.15780565,0.31230757,0.004528365,0.073627226,0.016357573,0.4299119
2214,3471,94e2b0ddf6527fc787d1e4628e699b338245aa6b5ec82d71e049298ba5fc68be,,1,False,False,7,0.48250952,0.15450802,0.6424558,0.0069726333,0.07031413,0.3280015,0.00092370494,0.085011885,0.026266664,0.48250952
2215,2210,0dc9f4560806eb7955e0c19fce0a5a02c333d058d4d8e795c4f5cbfe082a415e,,1,True,True,5,0.28282532,0.006388873,0.8388528,0.017452033,0.087385975,0.20523186,0.0143034775,0.28282532,0.116364874,0.27643645
2218,2424,1ef3d325b79e53458a56a33ece664d56354f302c06e1befbb197e9d9839fee3b,,1,False,False,6,0.39949512,0.17320403,0.8002245,0.018852374,0.0833933,0.17721209,0.015602944,0.07915303,0.39949512,0.22629109
2219,3629,39884fef08eccc1f064d8c3ec391872cb9feef3e4ffda011099ce4eacc662956,,1,False,False,7,0.3256841,0.01724255,0.82220256,0.008299229,0.054391425,0.10017355,0.14712356,0.30844155,0.055886615,0.3256841
2220,1929,1ad82cb90683bc70bbc3d8ede160d69197ec7c53e4e61ed5447b9ad7a33c99ab,,1,False,False,7,0.32301593,0.0048665404,0.7381733,0.008332545,0.038509466,0.3181494,0.0068700663,0.24921566,0.055906944,0.32301593
2222,2482,efe5f1bf95dc295881c4029de3c27a23e3ee43002e6b9903506c9bc0602660d4,,1,False,False,3,0.28242177,0.027222395,0.8332853,0.009028863,0.25519937,0.28242177,0.0074652135,0.14985926,0.10420917,0.19181637
2224,3483,be24c8e0f3192f103c84f5cd8b5ff95e0da486fd15b3a94a65205a5f7cd3a644,,1,True,False,3,0.29539832,0.040975094,0.8238364,0.010374773,0.09133032,0.29539832,0.0087169185,0.25442323,0.11987105,0.2198854
2225,3747,c9ab1fef6e9ab33d134f32dbe12ff03272f57a9aee9c94424035a398f0bb04a1,,1,False,False,7,0.40562704,0.16732664,0.8137375,0.011531441,0.06306836,0.2383004,0.06507711,0.07704751,0.13934813,0.40562704
2228,3490,6515d40e1c6cfb00466eb8f0ef9b3c49030c125f4b1b19a56dac0de535c310c5,,1,True,False,7,0.3998148,0.08262652,0.7275034,0.012968577,0.07650276,0.3171883,0.010733228,0.15797465,0.024817638,0.3998148
2229,3491,5e0a51e22af8f829fc1d0f530e6c605bc0377d150e423e17116031b3b75f356a,,1,False,False,7,0.33472246,0.044355094,0.85510176,0.10781963,0.07467311,0.29036736,0.031648006,0.10833592,0.05243349,0.33472246
2230,3492,5013b54693ff90ccb08da8467e11ac8e3e2ee6e888caece967125330a4509d53,,1,False,True,7,0.5250201,0.2802568,0.67339164,0.007714421,0.041543335,0.24476333,0.0063678646,0.08579475,0.08879615,0.5250201
2234,3501,29410d2d6615aed6689cab60331e62f3d169f25c73b52bd3fddda4d93355ffbb,,1,False,False,7,0.60923743,0.40183634,0.5488646,0.0039906334,0.14827627,0.20740111,0.003319355,0.020138795,0.0076364446,0.60923743
2236,4464,69d3bbe1453109dc64aed997180fd7a597087c9059101ab8c82738154797c41f,,1,False,False,3,0.28763518,0.046454385,0.86239344,0.018856743,0.08341495,0.28763518,0.10648187,0.24118079,0.03608437,0.22634615
2238,3321,63eb6e95959e3d64d2058f3855092e841dbb02dafa6b41d5bed81527b8c274f6,,1,False,False,7,0.3110804,0.067468494,0.86265874,0.025916206,0.11463999,0.2436119,0.021449242,0.10881093,0.1744913,0.3110804
2239,3508,b45a9a95a7806d0fe1cfee448e28b560dc0838f9f3a614ccca2c0ac24db22d7e,,1,False,True,7,0.34735546,0.08778098,0.79770374,0.07547011,0.057393443,0.25957447,0.010731411,0.22466251,0.024812618,0.34735546
2241,2980,f96ab83438bfdf438efef73b72f238989ea86ddd6648ceca0f05d76bfba8fbb6,,1,False,False,7,0.4329937,0.25227857,0.7671044,0.015987998,0.17230889,0.18071516,0.01320461,0.15425994,0.030529743,0.4329937
2242,3513,fe6fd412a50a0baf0b3a7614bd5b49ad364e5e26a12e43a649fdf2c18731b465,,1,False,False,7,0.5972097,0.3808791,0.58839035,0.0037054582,0.11645211,0.2163306,0.0030722606,0.0382781,0.024951756,0.5972097
2244,3517,9edda7a06d12bdfec9eeb10ea8f00118ba8cebe906d3d0800d4760116a798e31,,1,True,False,6,0.2792305,0.01772213,0.8606574,0.009448286,0.089449055,0.105065234,0.04739521,0.20790331,0.2792305,0.26150838
2247,1740,82792031a6eeb7127701213271f4e24e2f50033e17b294b114b8ceed2f3804dc,,1,False,False,5,0.3123985,0.0352304,0.8253494,0.012965105,0.09359082,0.12684567,0.010730395,0.3123985,0.1663014,0.2771681
2248,3523,d29839e4c2e6c9d54b8e18772605fc032c22d73617fed9a0e7d93d10463a5b0e,,1,False,False,3,0.4942855,0.22806361,0.6698494,0.021031477,0.124163754,0.4942855,0.004331803,0.08384214,0.0061234324,0.26622188
2249,2589,5a0a799c003ddd73c7a3d07602579819a83e611930b2a2f8fb901d45eb98d709,,1,True,False,7,0.57175916,0.33430955,0.61564374,0.047424987,0.105545804,0.23744962,0.0036826534,0.025688471,0.008449302,0.57175916
2252,3528,f82308fa95e130dcbe5fbbd03ea0370c2f42b2550e0ffdea650ce5d8749de527,,1,True,False,3,0.47137445,0.22046018,0.7230128,0.12731725,0.041546296,0.47137445,0.0018888658,0.25091428,0.026580576,0.08037828
2253,2658,4d0a4ff0e2871f9b533f5ed8a48c21b1d902f55cc494b39fbe4ba01a0423f1b7,,1,False,False,3,0.47674456,0.1294846,0.6443974,0.0069173058,0.0753634,0.47674456,0.005724537,0.04124526,0.046745,0.34725997
2254,1725,a078ba1e41bf677b8926a3ad197dba2cbc6bef353f93b2910bc111781345b5e5,,1,False,False,7,0.37961018,0.12500703,0.7502331,0.0061338893,0.04421997,0.23631337,0.25460315,0.06743843,0.011680947,0.37961018
2256,3539,3a898b132a08bed7908ceed110d1da3a553478daeada8ad0e0e75d8b0581a99f,,1,True,False,3,0.48455125,0.13049766,0.6055105,0.0057633915,0.104115345,0.48455125,0.004769996,0.035628427,0.01111806,0.3540536
2258,3542,54988431eecb6727a1d24a2fc74dac1357722764d56051a99cb2ccf4eb00a327,,1,False,False,7,0.47387794,0.2535097,0.72319996,0.014815976,0.17148352,0.22036824,0.012286637,0.07881654,0.028351165,0.47387794
2259,3543,9ea234c8498ea12f4a754709e832a9bc3e62c2b45d5121876502af25313b826a,,1,False,False,3,0.5753658,0.25261104,0.5117122,0.0016922046,0.07493906,0.5753658,0.0013979017,0.020620916,0.003229405,0.32275474
2263,4121,5a4eea2adc303d9d8120f91583607d5ffd5ab39d05fbf9411b012a5c24e7140f,,1,False,False,7,0.5420547,0.3411989,0.7015777,0.020736821,0.0922729,0.20085582,0.01716258,0.0872369,0.03968029,0.5420547
2264,3550,77df1b6938ba7b5b8794e04c573db05f3be5eb293ab4f9d3dca55e28f58fc2d6,,1,False,False,7,0.60879225,0.42551646,0.637316,0.04386539,0.02854495,0.090263866,0.020742413,0.18327579,0.024515383,0.60879225
2267,3555,79071b1b0ddbb2358000652cc7fdec3e62c2684bad963aa8d6ba97f23b044d64,,1,True,False,3,0.43437073,0.108038574,0.70497113,0.013414282,0.08234948,0.43437073,0.010729897,0.10799526,0.024808163,0.32633215
2268,2273,7a8e444dbf1f19a64aa52f6de7b11bd48928f7104486d25b6f2895097e10ce87,,1,False,False,7,0.510919,0.31265223,0.74050206,0.013832037,0.08470001,0.19826676,0.0780561,0.08776634,0.02645981,0.510919
2269,3558,78b01f149d008bfd558973bd4abbc9f8dae506007c661b62b56daa7200db2fb3,,1,False,False,7,0.5727567,0.40144753,0.6664406,0.014897117,0.0814785,0.17130916,0.012353228,0.118856505,0.028348746,0.5727567
2270,2143,6c4054f3ae7c662d45441f9aea43d1bbd5e207fee09f2fbb74bccd8623db8f83,,1,False,False,7,0.39288083,0.1290203,0.7953249,0.017284608,0.12270621,0.26386052,0.014305373,0.07257187,0.116390556,0.39288083
2272,3562,6111b45ef1343f53de05d8d7eab2b444c8ca8754cf3ef6760397029083ff6565,,1,False,False,7,0.67422456,0.5183196,0.52270114,0.0046109944,0.039165918,0.113453805,0.0038163208,0.15590493,0.008823434,0.67422456
2274,2415,b6ad6acc05fb705ab20cdc24802b6bfd34cb733d5a520b2d16213b8f186616d0,,1,False,True,7,0.5312296,0.2967282,0.6739416,0.008980566,0.12821795,0.23450144,0.024215098,0.04452144,0.028333822,0.5312296
2275,3566,b3fb353f955576b7b5e79dc11d14e5496a5ae70ffc9204db849bf8537b3d6a22,,1,False,False,7,0.5500384,0.28171465,0.6479466,0.041679353,0.045745857,0.26832375,0.0059215813,0.040128063,0.04816296,0.5500384
2276,194,5d48de3f0ac675d62f24872425eaecb8eee19d3f9277289f836fc44acb489fe3,,1,True,False,7,0.5092317,0.30280685,0.7342475,0.020736601,0.09627116,0.20642482,0.017162396,0.09408983,0.056083538,0.5092317
2277,3080,d93844a8c7b2b30779f5281298e3e946f4cee920c752c7e4cc6422811c471c05,,1,False,False,3,0.58141875,0.2492258,0.51932096,0.0031939757,0.024509823,0.58141875,0.017974539,0.034518927,0.0061910884,0.33219296
2278,3570,abf8a8327059723e3a9ce43213767c44fd933de0a4738262eb8b4d2e38f973e3,,1,False,False,7,0.42573118,0.1708825,0.7565105,0.079868376,0.13321446,0.2548487,0.004403413,0.091752775,0.010181144,0.42573118
2279,311,b60820e9356974048d987d8256c46536055abb0948cff96e86496af5783dcf7d,,1,True,True,7,0.48189732,0.12657249,0.6389252,0.012964943,0.058700398,0.35532483,0.0107415235,0.05548206,0.024888955,0.48189732
2280,1346,3aa86aa6dc229906244a4525858b8f744eb20e740fb923046f7e8c4cac1d1a0a,,1,False,False,7,0.5434944,0.37347567,0.63715094,0.0033230335,0.11064531,0.16332024,0.002726002,0.17001875,0.0064722546,0.5434944
2281,3435,1307c4bd81e1c1de2fa875ca527576f4b9bb59b3b99ec53ef8ee4880eeb562ea,,1,False,False,7,0.32739353,0.020283788,0.83414334,0.06709176,0.08528203,0.30710974,0.009576469,0.1259211,0.07762535,0.32739353
2284,3579,9ea7538ae8218c27c35d76027cde94aacf4145a1271935c0881b414e7cfe094f,,1,True,False,5,0.379758,0.039685488,0.739558,0.006916159,0.117199145,0.1037793,0.039041974,0.379758,0.013232912,0.3400725
2285,1810,1533e645288a4ad96ff8c69690d1eab217c57036b82d1de708a77ae179a4cfb0,,1,False,False,6,0.28786504,0.05743,0.8553392,0.018852485,0.085865505,0.19522421,0.015603035,0.16615464,0.28786504,0.23043504
2286,325,7c6e5d90ba75acdb35897d8d9a78b540c24e19b1d8c7d7e100d218aa9eba64d4,,1,False,False,7,0.31108046,0.067468524,0.86265874,0.025916208,0.114640005,0.24361193,0.021449246,0.10881094,0.17449129,0.31108046
2287,3585,55ffca5e885e53484962781fb8a202e8b31ebcf4e091f352be25b7ee25042e2e,,1,False,True,2,0.32940808,0.042245984,0.7966995,0.017282344,0.32940808,0.18051574,0.014303525,0.13825817,0.033070017,0.2871621
2289,3587,a773f5886680f84a35b93ab8fec2242dfbb92d026a3aac3cb1f0ebefec882f04,,1,False,False,5,0.341032,0.13974757,0.8594783,0.20128442,0.051956598,0.16091199,0.02297474,0.341032,0.04700186,0.17483836
2290,3588,eacb76601b03d3c9724fd6bf165a85a61a825e0b94ffd868fd54818dc97106d8,,1,False,False,7,0.4398721,0.14342532,0.7058209,0.0019769724,0.29644677,0.117806286,0.046465356,0.09300383,0.004428649,0.4398721
2291,3589,0234c62011beb16f32502487b31f2db8645b38fc8ff0a2cd65705eaf7ed39bef,,1,False,False,7,0.35324413,0.041126102,0.8180851,0.31211802,0.10410779,0.10166631,0.053286307,0.057527483,0.018049963,0.35324413
2292,3592,0079da062e6b9c81e02d1b87e999b9c7a2aff37cd75ae4685241ddf13c4de42a,,1,False,False,7,0.6910933,0.5573778,0.5157969,0.003844057,0.094299145,0.13371548,0.0032216245,0.066267915,0.0075584366,0.6910933
2293,3593,d804bf655ddcfcd7e3183c1eb4254a8f21b2ffec7df869228cfb6ed7275d99fb,,1,False,False,7,0.68579674,0.51748383,0.5477861,0.034771796,0.031776197,0.16831292,0.03347122,0.03431965,0.011551547,0.68579674
2295,3595,5a1dc223b767d9c6adc1a0a763903d9625c416307ed1343a2b425af02caf60b3,,1,False,False,2,0.336344,0.048992723,0.79547596,0.28735128,0.336344,0.1927537,0.0030734858,0.043271385,0.036585618,0.10062055
2296,3597,428cf5002f27dd301d6cd61c182812df2e5bed0cf9e1fe90783d831530868cfe,,1,True,False,7,0.60138655,0.373194,0.59565336,0.0063373228,0.03615683,0.22819254,0.005241994,0.080342405,0.042342346,0.60138655
2297,3598,c306c1ad7e209c1f764d97f90bc22d1e068d7ad800a37e156cec0d388db20732,,1,False,False,7,0.46024677,0.21834032,0.71184474,0.012963665,0.06367641,0.24190645,0.010744384,0.18565603,0.024806222,0.46024677
2298,1122,eb8344e2d39cd0aae3b1f6ecbfc3383ea2433cd622cb277f6a36bf525d05fa2e,,1,False,False,7,0.5985532,0.26798928,0.49618784,0.0037743647,0.02188726,0.3305639,0.015381149,0.020297475,0.009542627,0.5985532
2299,3602,ded240deb395b52c7b332b97bb61185f14002491cb889416fc706498f3d3d092,,1,False,False,2,0.40104806,0.043165743,0.6988043,0.010918788,0.40104806,0.12794255,0.009036787,0.072277546,0.020893885,0.35788232
2300,2132,f398cd9358046a16b595630d8b5a5269836658cee734e090e34f6276dbdec55b,,1,False,False,7,0.39817846,0.12015894,0.75171757,0.014808579,0.16263622,0.27801952,0.017733777,0.113205224,0.015418212,0.39817846
2301,3716,8c870174b0072d2d58987ec9d3e2fcca161b8ad119fdaa2d74797e8b7865131b,,1,False,True,7,0.50554425,0.32677352,0.72302765,0.010976453,0.04941193,0.10693487,0.009036428,0.13932535,0.17877072,0.50554425
2302,945,32062033fbceb4321fbf52a6a02271ba3464eb31093a44b99c7ad34c034ffcaf,,1,False,False,7,0.46566883,0.2951023,0.744424,0.0069973813,0.14638714,0.17056654,0.0057240045,0.14795172,0.056704365,0.46566883
2303,3751,30f598f0f0e458f024f6957b241d1178aaa2cdcbf1ab43734edb125ab9041e95,,1,False,False,7,0.46414414,0.09235588,0.63908094,0.006692968,0.07254106,0.37178826,0.037778355,0.033705562,0.013349659,0.46414414
2306,3610,d382bcb2074207fd5748fd09a8eba97eb9a3d354fc9206ff13b26a4c3c537d4d,,1,False,False,2,0.55733454,0.35360718,0.6737074,0.05055676,0.55733454,0.04688447,0.0024536198,0.20372735,0.03422801,0.1048153
2307,520,8c14dedc31b95729de3f10e45ee6da1ec3c9912af7f05e77f5b08ab0aba8f74e,,1,False,False,7,0.34886804,0.05418983,0.81417644,0.020742524,0.0917576,0.2946782,0.017167239,0.08709203,0.13969433,0.34886804
2310,3614,9c5f1f25d1e71b6b738e3a899d7c82fa1b769fba43d4491fe00f2193e003ea1a,,1,False,False,2,0.33060932,0.07373315,0.78071845,0.011554982,0.33060932,0.18624866,0.009554162,0.18302102,0.02213576,0.25687617
2311,3616,92e714c5399161f6867c4ed1521624dd40d17add8206dd12293c374133c6fb43,,1,True,False,5,0.35372543,0.049983025,0.73172003,0.02028815,0.19709586,0.3037424,0.0024548117,0.35372543,0.0056736143,0.117019705
2313,3618,db6dc7ce2fd016b0b72a04c019f90416f54005d24bda90342584e06841e2c825,,1,False,False,7,0.64654356,0.50440305,0.5427626,0.0012362929,0.08887799,0.11776843,0.0010272639,0.14214051,0.002405916,0.64654356
2314,892,ba4318d4ade800413428f10027947d5f2fc4411fb3f4f5dfaa17a1385372db34,,1,False,True,7,0.31111118,0.06747499,0.83097845,0.025918651,0.23946372,0.24363619,0.021451239,0.10882242,0.049596578,0.31111118
2316,3263,21cd27b537418bb9b175d23e1d39decb28c64e2ec602fb29ed24ca29c8d313e6,,1,False,False,7,0.41239393,0.051882505,0.6593769,0.0030554596,0.030790878,0.36051142,0.15918003,0.026941031,0.0071272505,0.41239393
2317,3624,98de3a20ae6b2a20e9fb440f03a8b1f6c8d4224085e45aa0f3d7ae33956d6bad,,1,False,True,7,0.46803334,0.08413842,0.6212294,0.00830026,0.03742272,0.38389492,0.0068695834,0.039579805,0.055899397,0.46803334
2319,3627,23a4d64ebc02b16a7f7fa2ab58d5a5ba26f11654c87c07d50445c8b89169483f,,1,False,False,2,0.29842135,0.06361085,0.82095164,0.17015912,0.29842135,0.15673868,0.0018887413,0.13359585,0.004385783,0.2348105
2320,3628,02b98e3aaf57c7c57be6fba9f89bf8a41c2cacd81f80a5f4bd9660f9ee8767c5,,1,True,False,7,0.38762397,0.170988,0.80060846,0.023046007,0.10194783,0.21663597,0.019073669,0.20757076,0.044101827,0.38762397
2322,3631,2704045667095e1efcb8f43019548117e66bc4d039aa29027e016f0cd066d63a,,1,False,True,2,0.52564293,0.35289872,0.7066613,0.050477885,0.52564293,0.0869947,0.0061496147,0.17274423,0.014178163,0.14381246
2323,3632,25c92f4c7c9f0ede02029d240ec7724f979d37b243a6850cb04a04bbe52e35cb,,1,True,False,5,0.46173707,0.204784,0.7039699,0.05950767,0.042504095,0.1665885,0.0037331516,0.46173707,0.00897646,0.25695306
2324,1825,033e60da1e284c64d822486393929d5c7b5f0c30ab5b6bb279e402412650c8c5,,1,False,False,1,0.24680007,0.051675677,0.92627126,0.24680007,0.15365626,0.1501899,0.013210577,0.13365029,0.107368484,0.19512439
2325,3634,cc8dc9035834f2f5dd35ce5ced1608b9953a809cf5ba3c3cbce563a9e556551f,F0025,2,False,False,7,0.45991954,0.15987077,0.69749343,0.03039896,0.07704871,0.30004877,0.00086856965,0.1080541,0.023661388,0.45991954
2326,3636,c9ea88b6fe20a69314fa12a9d46454bc2cffcedd52afda0f14ad5dd748a8f894,,1,False,False,3,0.2528305,0.016935587,0.8976742,0.003992252,0.16891083,0.2528305,0.10627457,0.23589492,0.10033899,0.13175794
2329,3333,ee5493df70c8721dbbd46289fc11e1c8a7b127f358d061868524663c8d852b6c,,1,False,False,7,0.48762473,0.2966007,0.722181,0.008646638,0.08744165,0.16825262,0.0071547483,0.049855523,0.19102405,0.48762473
2330,4177,96c7e989f660f4a6ed1936730339842db7fd09fa233aadb52613aec34a15203f,,1,False,False,5,0.29999387,0.047281384,0.8546322,0.17188263,0.047355916,0.2527125,0.00817593,0.29999387,0.06651709,0.15336208
2331,782,5093d60517c7b6957ef0136efd359f7acce7facfcad6d8ee406f7c10da955400,,1,False,False,7,0.24891026,0.015018329,0.8690639,0.020736765,0.09188574,0.20057628,0.017162535,0.1868365,0.23389193,0.24891026
2332,3644,7b27cfd8cc66f6827572c7114e0c6f1252632ec1335bc4576c057d1cd682f1cc,,1,False,False,7,0.5424446,0.24080375,0.6034645,0.008044907,0.048778966,0.30164084,0.0066306987,0.077191316,0.015268694,0.5424446
2339,3656,3e9e70765d1e2879aca90a392b2279ee9a80029fae03d261d6941d17dfdcb366,,1,False,False,7,0.62763876,0.44178468,0.591583,0.016833775,0.09253358,0.18585409,0.054588456,0.016795322,0.005756008,0.62763876
2341,3660,aa1521b567ec17748a733f0b509fe2d9f13db67e87da9a904639630eaff9ee62,,1,False,False,7,0.4516771,0.17776728,0.74408907,0.036555614,0.07113402,0.27390984,0.035532948,0.11915496,0.012035458,0.4516771
2342,3661,ebe9dd36e0084f863f582e81af7438a7c83f10fa2a693c46e2c365c68683df71,,1,False,False,3,0.6701425,0.5349536,0.5790269,0.01777803,0.03020914,0.6701425,0.031916503,0.0953165,0.019448457,0.13518886
2344,3663,e315acde14eb88c71655f186907b6384f3590a742a250cbe118a59d1ab6e4de8,,1,False,True,7,0.5499003,0.3105014,0.6432218,0.010464599,0.11014545,0.23939891,0.008177106,0.06185043,0.02006323,0.5499003
2347,3668,6ffa5a7c6a6d99a203530c6343819979ebcbcec925d44ffd574c5ed4e227d858,,1,True,False,2,0.627167,0.5094559,0.64460063,0.0689957,0.627167,0.11771106,0.017738111,0.021088062,0.04468153,0.10261856
2348,1307,f3aec4541055e44eeef0c803e41a9b7cdea5e8bf20d715592a0b13caea9a6f31,,1,False,False,7,0.50458086,0.17482722,0.6294496,0.01719241,0.05781415,0.32975364,0.0012182904,0.062033713,0.027407,0.50458086
2349,3670,3f172622a395898bc4edad6bbac84095326ae9beebc463cda28e925f52e814d2,,1,True,False,7,0.4191328,0.09876257,0.71153367,0.0014700051,0.13013452,0.32037023,0.01291494,0.039605893,0.076371595,0.4191328
2350,2098,73b2548e64548ca9387857426408afd18f60d97753598a24ff8d1b4326de0f7e,,1,False,True,1,0.23364967,0.02377361,0.93655044,0.23364967,0.055358563,0.20987606,0.1206718,0.048397552,0.18872686,0.14331953
2351,3625,0a2c02e76af4eb0247c2dee3930030ff9690ae79cf4eab934ae0c3b16a6a88b8,,1,False,False,2,0.36425966,0.06454706,0.7448062,0.014206671,0.36425966,0.21689582,0.011444227,0.06702161,0.026459407,0.2997126
2353,3675,813d3b0e9e076d207ee4983144613ebf98a3ec1fc62abc7b4067da6a40733556,,1,True,False,3,0.53680444,0.30291468,0.64528626,0.0018833006,0.1369186,0.53680444,0.010824041,0.05734327,0.0223366,0.23388976
2354,1195,4330ea14fedb782ed43d91b4e6aad7d986e2021a5b100cc443d400beb539f27f,,1,False,False,2,0.32038945,0.12740503,0.8840907,0.08622139,0.32038945,0.19105889,0.012262116,0.09732169,0.09976206,0.19298442
2355,3677,6b0c8ec6388d87e0af54147164c33ed30f58c8feabcf219005d6a76b199bf3cf,,1,False,False,3,0.40522972,0.15148228,0.7068625,0.0024564378,0.2171531,0.40522972,0.0020003985,0.10241564,0.01699731,0.25374743
2358,3683,171097b47382548ebdab91ccb3e343b3ca4f2c1b5e3207988dfb4191b9980b8c,,1,False,False,3,0.5020391,0.22854021,0.6602885,0.003938592,0.085519575,0.5020391,0.0032403714,0.10491811,0.026845427,0.27349886
2359,3684,be585cd0e608c26d5f4cdeef8ec895e685490903abc76e8a4a98e6efe26b82ef,,1,False,True,2,0.55667156,0.39470226,0.6892201,0.041209318,0.55667156,0.13491774,0.0031809597,0.06408164,0.03796947,0.16196932
2360,3800,4e3b0c8f57a3ba2ce85442c4f568c8e1ca893f28fda10651a354f62b8b9b9b4a,,1,False,False,3,0.3463389,0.101823255,0.81641614,0.018852996,0.08382883,0.3463389,0.015603452,0.07915599,0.21170415,0.24451564
2361,3687,11b86d34da807185525cb95d3c744352d071e81be0b1cde747adc72272e25f28,,1,False,False,7,0.41153008,0.01661551,0.65872335,0.002923889,0.051274497,0.39491457,0.002419397,0.07894894,0.057988677,0.41153008
2364,3693,e59cf939b6790f88cafcbde9ff302a7db22202aaa9a0679da18e0940c01172e0,,1,False,True,5,0.425349,0.118676335,0.6850233,0.0050869416,0.04082603,0.18378106,0.004191704,0.425349,0.034092627,0.30667266
2365,3694,521582fbad5c9a4d6b7f0965b7b0c2ef2a2e538c4261f499406660c09f4dec01,,1,False,False,5,0.40815398,0.16196498,0.74158424,0.009588973,0.16767533,0.246189,0.0078039477,0.40815398,0.018159812,0.14242895
2366,1025,d70f8c233e37dcf0616a8a090201193d2a32aba92708496b8a9bec65faf43e2e,,1,False,False,7,0.35707876,0.13209154,0.83282346,0.0670649,0.055523083,0.22498722,0.009538334,0.20167828,0.08412939,0.35707876
2367,3698,5d39dda8732d16999edceb1347b8b221003f9f9bd827d10860824829d98b4fc1,,1,False,False,2,0.5280437,0.36915576,0.70923877,0.010917884,0.5280437,0.118366174,0.009036049,0.046624586,0.12812364,0.15888791
2368,3907,3e2b2c0bb3c4053919eefb252e709c005c2d966cbeaf371ec718e6c738ceaa09,,1,False,True,5,0.33184695,0.11302745,0.8378391,0.01481488,0.2188195,0.13930395,0.012261354,0.33184695,0.099750295,0.1832031
2369,3701,7bedb66039ae42312a515cb269a7fb31a3cdcace967ccd971d9a600ba77a8fa9,,1,True,False,7,0.2309588,0.0033776015,0.88366026,0.100562565,0.19262746,0.20089449,0.01430402,0.2275812,0.03307143,0.2309588
2371,1907,1df6285830b9ff54f05ccff4af5a13145de27187d9b0fbe0c4fc1e2767b96d0c,,1,False,True,3,0.49259225,0.26374438,0.65449613,0.0054937545,0.05762739,0.49259225,0.0045200083,0.20045814,0.010460635,0.22884786
2373,3707,c5aa03284865c7e6a051a82d05fe5d9dbfb1d89a31c79b37f5e128e71078f24c,,1,False,True,7,0.29014516,0.030829698,0.84645665,0.21400276,0.083975516,0.25931546,0.012265466,0.111935325,0.028360328,0.29014516
2375,3711,ab7c7f6a60892b3e0d1f24d58f95a144f58dfde52a890b1ec89a503659fd41cb,,1,False,False,3,0.56485933,0.29446718,0.58020866,0.0030193538,0.09304038,0.56485933,0.0025045106,0.060417935,0.005766368,0.27039215
2376,2874,720689e68e2cdf5fd62d3e22778f7d8e38afe88f29b99395d4176169eaa0d3b9,,1,False,False,3,0.35745206,0.077842295,0.80102074,0.023043687,0.17997324,0.35745206,0.019071775,0.09675307,0.044096418,0.27960977
2379,3718,02d195da57dbdd37c5fcc8e370ed46d60a71154fa1701a4b349d182f5e5cf4cc,,1,True,False,3,0.42489025,0.20229173,0.77771723,0.02260145,0.050321836,0.42489025,0.1419541,0.1301376,0.007496243,0.22259852
2382,2456,3ef669abbe56aedcd973093d1cd750ba2c9605afcbaffb8d903b5d90b91c11d1,,1,False,False,3,0.3992445,0.0075984895,0.6791992,0.009433911,0.04253527,0.3992445,0.0078078113,0.04103434,0.1082982,0.391646
2384,3726,250e2f1382126245fe27837fb90bbbe1d4a7dee4581deb7fd7437705bb7b0445,,1,False,False,7,0.5705702,0.34650397,0.6591132,0.027198778,0.044243272,0.22406618,0.017138742,0.082390405,0.034392405,0.5705702
2385,3727,92fb96be64be645e420f0a65698d12aa712b92fc554b27df4d7f0bce93f87237,,1,False,False,3,0.43466753,0.15599155,0.72171503,0.00327716,0.10399681,0.43466753,0.018725067,0.27867597,0.021801176,0.13885629
2386,3731,8987a286038fcc213f6661b669dfb826ab4fcf419f63e4ea08d1e053fa61e639,,1,False,False,3,0.5639962,0.28286168,0.6109882,0.0040000817,0.05129527,0.5639962,0.02314059,0.029680977,0.046752382,0.28113452
2389,3736,feb764c8f1b5eee8ef6e036b67a07b6086b8f13278f8b7dbfb4cbfdb8ca5acf2,,1,False,False,7,0.41079274,0.058903277,0.6790582,0.009436572,0.048148815,0.35188946,0.007804991,0.1538815,0.018045913,0.41079274
2392,1982,eab78db8488f9837bde8663c31c3567464647394d77ba4f370a5031aeeb85876,,1,False,False,6,0.34194267,0.06098169,0.7931038,0.011525732,0.057133738,0.28096098,0.009539106,0.11539493,0.34194267,0.18350285
2393,3744,a9702449b4bfb67145fb06c122e934581c1194b8ea4dcdc01d8e664adf99d829,,1,False,True,2,0.25686532,0.023739219,0.8832972,0.096916445,0.25686532,0.13723296,0.0035049955,0.2331261,0.072103605,0.20025057
2396,3749,678149151d5ac26627451d62d7aef37f1b0c05d4184494b5cd4e655ab2fa10e7,,1,False,False,3,0.42067173,0.1675291,0.7071289,0.008311696,0.25314263,0.42067173,0.0068680383,0.072037466,0.015879268,0.2230892
2398,3754,37d6289cc8ee91e6ecda5e2d5e00d49d8ffbbf439580ef27f14b30736fc5ffb4,,1,False,False,2,0.42215922,0.16425827,0.7787666,0.08606542,0.42215922,0.08355978,0.0041938494,0.1120503,0.03407043,0.25790095
2400,3756,a533c9fc9453f9edbe977f0e9c5ef8ca63dd0e73a443046b36d68d4d27cfc54e,,1,False,False,7,0.47336915,0.25464913,0.7005907,0.04060523,0.21872002,0.20563155,0.005724111,0.042715244,0.013234712,0.47336915
2401,3757,0f2e99426f41dddef48ed1a103f58480b2650d91a0ba4119842d20172d7f87e2,,1,False,False,7,0.32926843,0.042689234,0.76636285,0.2865792,0.046358414,0.24402274,0.0057248105,0.074809715,0.013236703,0.32926843
2402,3760,f53a37be25a2387af5adfc73349fb3592018cdfbf48ecf752adc9d38b147088b,,1,True,False,7,0.5740918,0.36839703,0.6122345,0.00716739,0.14826417,0.20569476,0.005946558,0.045141973,0.01369336,0.5740918
2406,3765,08133ed2d7f9e9593c0f4a7384d3bc83dc385e82ea6c5ec36d7190076ce45bca,,1,False,True,7,0.4549078,0.15432546,0.68985367,0.0059312177,0.1341788,0.30058235,0.0049066492,0.05918374,0.040309418,0.4549078
2407,697,f87d64c8f7757db30747b2f598af173adf7a0b2d3085ef035cda56cd827809f4,,1,False,False,3,0.5563442,0.3393922,0.6353572,0.00669803,0.11566338,0.5563442,0.0055395747,0.08599473,0.0128080845,0.21695201
2408,3767,573b9428ae09afdeaa685a469309f12908f40e1ab2ae4f9e87699045b39966b5,,1,False,True,7,0.41302335,0.14752156,0.7884528,0.02591631,0.11570509,0.2655018,0.02144933,0.10881307,0.049591094,0.41302335
2410,3769,9743bffe5386694df13d16121159d4413101fb928553950b495f4aae39ba15d2,F0026,2,False,False,3,0.3848145,0.15145603,0.80272096,0.0012689963,0.06560717,0.3848145,0.16369538,0.23335847,0.038526613,0.112728864
2411,548,7be324b260c3f210787b38a30c279bc909cfacef0efb2c643bb2d4cdab188a7c,,1,True,False,3,0.46279585,0.24834032,0.71407706,0.008644589,0.05052989,0.46279585,0.0071545755,0.05002406,0.20639548,0.21445553
2413,1748,f0ef87083c36ee7af73e639fee672a0e2955610f3993c8c51314ef5e9e60e42f,,1,False,True,3,0.29355204,0.04355234,0.8381312,0.018853527,0.10770086,0.29355204,0.016091818,0.08130985,0.23249218,0.2499997
2414,3779,4e52ad4558de245a47a7ffbcfcf749ca3f2fbd89720cf853ab324ebb5dc45132,,1,False,False,3,0.5070781,0.2481075,0.64637,0.011894978,0.09003748,0.5070781,0.0016675197,0.12637134,0.003979933,0.25897062
2416,3781,38b8f7d60846e2969f388e5090a5ae8bc11f7f5ecabeb3893acc2de2a98de387,,1,True,False,7,0.33042723,0.11426997,0.8865478,0.10813117,0.13590367,0.21615726,0.054705083,0.129494,0.02518161,0.33042723
2417,4053,20968a69d7d1964dbdf55873a68925b28e140108c29ea80f9cebfbb3f493c9a7,,1,False,False,7,0.64584213,0.4853497,0.58365124,0.008645419,0.03979101,0.16049244,0.0073058107,0.038023774,0.099899374,0.64584213
2418,3784,b3b49470ae0bcaa9a882afc4c16f5b53b97832e9b2fa19eb283b4fac204845bd,,1,False,False,3,0.5071335,0.12105501,0.5551451,0.0022804786,0.05464704,0.5071335,0.019169906,0.026047185,0.004643406,0.38607848
2419,3785,ab963e1cca50faf6fcf51848abdaf42debc7033df80f64492102bd239162c4dc,,1,False,False,2,0.42315844,0.20597576,0.77852005,0.061655376,0.42315844,0.14139049,0.010602926,0.21718268,0.012154548,0.13385555
2420,3786,a2c925533e549cf6cd36faf0a4ae79cd2f24bb4b3dc7da65eaa38736b80e9354,,1,False,False,3,0.4997291,0.06827751,0.50185305,0.0021704072,0.014309169,0.4997291,0.0018050646,0.015187413,0.035347275,0.4314516
2421,715,de2a3c2a8af884178b7e9ab6aa6c412431da36b6384ab1bdc4f5246d004106ba,,1,False,False,6,0.31399935,0.020503163,0.81430244,0.014816661,0.15577212,0.14744292,0.012262803,0.062209968,0.31399935,0.2934962
2422,3791,286c3c8f5766c2a05b00e3ca3599c4762a608ad0fa0888a39e7b48d1e4836d1f,,1,False,False,7,0.5886051,0.43879056,0.66105795,0.012965751,0.059307292,0.12413762,0.010730924,0.054438844,0.14981453,0.5886051
2423,4329,3ad8e36abf8de89dcf6d753e74ceedd78478c70235205fb1ad091e42496d7295,F0027,2,False,False,2,0.4051308,0.21704637,0.840749,0.014827446,0.4051308,0.144982,0.08105026,0.06617238,0.09975271,0.18808444
2424,3793,3abe1275d14a3d06df06048fa6602df3a84dde5e9f07916f4aef57675eed815a,,1,False,True,3,0.4884538,0.25946218,0.69738054,0.004940768,0.15605731,0.4884538,0.027896179,0.083693214,0.009967041,0.22899164
2425,3272,4adcfb761d6e36894e36ae3247661fe6e4f933bb2c4e3bc8a497818543d02cb1,,1,False,False,3,0.44468597,0.10640049,0.6901992,0.009432233,0.044085413,0.44468597,0.007817002,0.08655713,0.06913679,0.33828548
2426,3795,696db8cb6d06c137f77f682f428f04965060a26beff68e1e1e34f2db967c955b,,1,False,False,7,0.48856205,0.30938578,0.73321646,0.08847464,0.10116091,0.17917629,0.0032408715,0.13189176,0.0074934824,0.48856205
2427,3798,313ee18d238d9d1e37b347b2c51b6532c4ddfc0c9e5f4a1c36a28351ded92a6e,,1,True,False,7,0.4886232,0.14365926,0.6574561,0.03994118,0.030416768,0.34496394,0.020965425,0.039345104,0.035744376,0.4886232
2428,3799,f2feb57ac833c7d494cd9ab17fe7414255ecbbd01d4c5791251888ddd2f23d3e,,1,False,False,3,0.50131494,0.18090788,0.63406783,0.002471638,0.017350923,0.50131494,0.05119779,0.09066847,0.016589183,0.32040706
2429,3262,c91b2a744e8434b2adb0ac16f47da0aa0c4e7a72ecd3ff269e5a022d6bc2a219,,1,False,True,7,0.3734771,0.049227834,0.7525411,0.014817046,0.10596379,0.32424927,0.012263124,0.14087602,0.02835365,0.3734771
2431,3807,297236e19cb4920eead3706ef6aa93cdde389ae50adc5e8a8e683d913c4bc479,,1,False,False,3,0.38962847,0.07349375,0.724158,0.0077159465,0.31613472,0.38962847,0.0063591194,0.04815348,0.051733505,0.18027477
2433,3811,3f60fcfc220c7667ca6a5c886ee94a57a5871d8576e4d0938b1a91c00d829e3c,,1,False,False,7,0.55972666,0.25455844,0.55649,0.0043240148,0.095439605,0.3051682,0.0035965613,0.02333557,0.008409391,0.55972666
2434,3812,b2615d75bcc88d79f0d5cabc89a921f451401197c4c4191f06ce7048ec0a5867,,1,False,False,7,0.54300463,0.28085557,0.64741385,0.0037733384,0.020222563,0.26214907,0.03309174,0.0522809,0.08547776,0.54300463
2435,3813,934fa6443279991b365eb3eeff62d81cce09983e14d8fad5c26d46632b4cbdef,,1,False,False,2,0.42604944,0.19550052,0.75452614,0.23054892,0.42604944,0.05280708,0.002645661,0.20005387,0.036909185,0.050985806
2437,1789,43ced48a5b96859e00c1b7cbe6656dcfab7b2d971a3dc668fee3fa58498faff6,,1,True,False,3,0.34854245,0.07694706,0.8109696,0.012307901,0.09618741,0.34854245,0.010099527,0.12027402,0.1409933,0.2715954
2438,3147,13f38cea8ff1fe21fae55a263d174aa7f339ef23c1aaa118b76e159285856b70,,1,False,False,7,0.3265149,0.08088164,0.8597358,0.015954712,0.0705762,0.24563326,0.0900383,0.06698763,0.18429498,0.3265149
2439,2164,c4a5c3563b2d578c54d355c503cb346654c9cac1ed656b1baf86faa2e03a9035,,1,False,False,5,0.3712645,0.020241708,0.7474697,0.06382227,0.051152673,0.1328103,0.00903597,0.3712645,0.02089154,0.35102278
2440,3819,aac55d809fc4d9cf35ca5012fce613e5cf1a8e261d09e5436f01f68b140c2d8a,,1,False,False,7,0.49049604,0.22902259,0.66697,0.005933309,0.091975465,0.26147345,0.004906498,0.13316311,0.012052154,0.49049604
2441,3821,a0552868ff0705b00c27135899b209e31d5b3376fcc881be95946ad64c8363c8,,1,False,False,5,0.41927654,0.15543109,0.72336376,0.0028146592,0.02602053,0.26384544,0.068100296,0.41927654,0.018746968,0.20119558
2443,9,12099808991f9d52e5d0dfa648ea1a2edccce830285cca13e11e02a6657fb0d6,,1,False,False,3,0.43559805,0.009161204,0.59505254,0.0066924533,0.032816272,0.43559805,0.0055473964,0.08010273,0.012806242,0.42643684
2444,3827,63d8130a83b1811cee986a0500a2fc3de93b514228839014f1ff74bb4e096094,,1,True,False,7,0.6528301,0.40499556,0.5038071,0.022869853,0.018151445,0.24783456,0.002817825,0.04898554,0.0065106126,0.6528301
2445,3829,eeab7301f11a7808a501aa04d7bade8f32b12401a07675762f99ca30140d8f09,,1,False,False,7,0.48544148,0.20570105,0.69877887,0.121091284,0.035245135,0.27974042,0.034429543,0.032370456,0.011681756,0.48544148
2447,3835,b5f937b047019abaf9147a5b5ded0cd0ad0dce38386796fa4067fed6305e5aa1,,1,True,True,7,0.58786577,0.38505685,0.62820005,0.006491657,0.040934015,0.20280892,0.03771534,0.11177485,0.012409474,0.58786577
2448,3836,d92065eef0153580031d0a62d8c127ef5c60b3ef954bcfb0f99c33824619a77d,,1,False,False,5,0.40757877,0.1955456,0.7671144,0.013833745,0.14651497,0.18213573,0.011444239,0.40757877,0.0264594,0.21203317
2449,3837,8a2fc160cf74bcb3ea1c4a41fc0628e1fd6b41ccdb8c1217a3685eaeee072bb8,,1,True,False,7,0.4568937,0.20338145,0.75579196,0.023038825,0.10191202,0.25351226,0.019067809,0.10149036,0.044085026,0.4568937
2451,3842,3d43e8a5a0b56a76eef198d48e967de51fa74453a03a837ce0a20a21cd833134,,1,False,False,3,0.3579323,0.1312276,0.815117,0.013829758,0.16847782,0.3579323,0.011640613,0.06856862,0.15284622,0.2267047
2452,3843,4c27536f20c0eb14e7cdf2d975eaa08d2485fd8099214afa0802ee38476003f2,,1,False,True,7,0.44583246,0.046524704,0.6332119,0.0122146085,0.055563115,0.39930776,0.010100997,0.053625807,0.023355188,0.44583246
2453,3844,9fb91a145f4d43de33856540d698ad13f0aa56544c0aea662d62536d61d8fc62,,1,False,True,7,0.38107687,0.032381058,0.7223783,0.0024830378,0.097195715,0.3486958,0.0020449678,0.079026595,0.08947696,0.38107687
2454,1673,a35a95493393e88566acb7e41506de0634b0684fba6f91392716c95caaaf35b4,,1,False,True,3,0.41770402,0.091465354,0.71525264,0.0045557553,0.11551995,0.41770402,0.048013724,0.0793339,0.00863398,0.32623866
2455,1718,1fd1bed716beef6df06b9515984f63091744ae989e29c50e3d0d1fa6413255c7,,1,True,True,7,0.27667648,0.060006052,0.8723434,0.023049477,0.10196476,0.21667042,0.019076506,0.20730811,0.15525423,0.27667648
2456,3847,e9be9dd3aae257802fd33443aed0d51e48f37a0a5f1d4406e7f0d7e04a643099,,1,False,False,5,0.43047768,0.14481172,0.7030576,0.0025965453,0.061461575,0.28566596,0.040170845,0.43047768,0.0050198333,0.17460756
2457,3850,0da67c2c480d9516f36bafdf0a802cafe39bf3c7f8affb9179b94b8af8b2bf89,,1,True,False,7,0.713392,0.5988428,0.5240036,0.114549205,0.03655744,0.08214073,0.006132455,0.033049505,0.014178622,0.713392
2458,1379,a6c7ab3c5592b6f8484105d55fb590f666a42f53a5db3dab2f92bfe363ab1f14,,1,True,False,7,0.34580353,0.17771286,0.89415824,0.16045947,0.045914564,0.16809067,0.058627747,0.15118085,0.06992314,0.34580353
2460,3855,58b1efeb981be8025be0fbbff4fa66f4eebd8350254b04de5b3c6b68097155d1,,1,False,True,1,0.2695602,0.049157932,0.8856001,0.2695602,0.22040226,0.18340789,0.011446893,0.05854187,0.079914644,0.17672625
2461,1879,7c82dba0d4c2814ee05ad1964ebe7baba393f53b7b31f12a8496ab2d0699eb18,,1,True,False,7,0.28072947,0.020340145,0.8533313,0.023038702,0.10232747,0.21771777,0.019067712,0.09672959,0.26038933,0.28072947
2462,1619,e559a4e69791246b535c70111333408e24bf6fcc4866c54ffa16463f324ca929,,1,False,False,2,0.4081024,0.13895106,0.769201,0.009878353,0.4081024,0.11168112,0.008175685,0.078891285,0.11411986,0.26915133
2463,1177,c1817a48f09b888dcd743c019f4cf05cd5419d1ef28515fafc150a1d2219e1a3,,1,False,False,7,0.3110804,0.067468494,0.86265874,0.025916206,0.11463999,0.2436119,0.021449242,0.10881093,0.17449129,0.3110804
2464,1574,f11cda4cc4ad706da5f21679a2dfeaadf3a5f7054347c7aac24a2d6a5aee6318,,1,False,True,7,0.26178277,0.0077783465,0.8417492,0.013921075,0.08064846,0.21842283,0.0114451535,0.25400442,0.15977527,0.26178277
2465,3864,bb4915cc5c3ac97a1f97d5d637317568827c82ad0050504d3bbec134237531ab,,1,False,True,3,0.48049328,0.050547272,0.5426356,0.021574803,0.028293302,0.48049328,0.0030674613,0.029302211,0.0073229517,0.429946
2466,1382,37dbe88c4ba3162b55735acf7010be30d5d52de7fbded590f57dfb1406d59b5b,,1,False,False,7,0.59294105,0.3030267,0.5427433,0.0054137073,0.06477601,0.28991434,0.004446077,0.0323265,0.010182279,0.59294105
2467,2372,208ae27a1f508299327741f13bb17a6437ad82b694400cf1d59200b3fe775739,,1,False,False,7,0.327966,0.089940846,0.82662,0.04841764,0.22484848,0.23802516,0.006361616,0.10260881,0.0517723,0.327966
2469,3870,74cc1a5c8d175957ef3e2f5fe4a83d6ea0ddc1d10b6a4e38b774dd7e7869a9b3,,1,False,False,7,0.67087144,0.5406717,0.5805096,0.004941159,0.04464854,0.13019972,0.027786458,0.08341712,0.038135566,0.67087144
2473,2195,4606e6ef13dbded65e6426cd60fc7dd5969b89ba5463a8faab20e3c61739be0d,,1,False,True,7,0.39416972,0.053117365,0.74391085,0.069912374,0.05778444,0.34105235,0.0052046822,0.02821496,0.1036615,0.39416972
2475,2546,48c63d6b7ebffc90867447547b2a6f859b3fad8f8700c6b1b59a5740d6de229c,,1,True,False,7,0.32353437,0.07420714,0.83786845,0.017283,0.09911773,0.18006343,0.0143040605,0.24932723,0.11637018,0.32353437
2476,980,cb03f29e469ce70640fef6d5939344edfaa051acec1686856bcd3760861a7eb5,,1,True,False,7,0.3589918,0.17669943,0.86999476,0.012963853,0.18229237,0.13746269,0.07321044,0.0853191,0.14975977,0.3589918
2479,3886,8d77e1c16b6ad479c99e26d0afd120cc403daa6207d80ba491641db2dba87b49,,1,False,True,7,0.38656193,0.03073451,0.7235209,0.00511615,0.109113604,0.35582742,0.056653906,0.077491716,0.009235228,0.38656193
2480,3889,38681b52d5035a44ff8fa9652ca197c37519c744ea4fba75a8bf8e2240ce3e99,,1,False,False,7,0.347122,0.022573292,0.8002439,0.025916394,0.12240406,0.32454872,0.021449396,0.10896814,0.049591284,0.347122
2481,3890,8a2771bb0aec672c24bcb3cfba555adc42873279e60b73db5d379e6a3e4ad84a,,1,False,False,5,0.34169325,0.16838352,0.8292919,0.14573912,0.17330973,0.17166787,0.0011695467,0.34169325,0.016380621,0.1500398
2486,1273,fc4f621f61ccc3c9308c2ad04a6690cd7ee95c7e4727a7917521154dfafced02,,1,False,True,7,0.3110804,0.067468494,0.86265874,0.025916206,0.11463999,0.2436119,0.021449242,0.10881093,0.17449129,0.3110804
2488,3902,b3733005944220c7577b1bf5c16dcd83b3162b7ba74a356dc9464bb7fa84d66d,,1,True,False,5,0.40673584,0.124693304,0.7531917,0.015955206,0.09312913,0.15834455,0.013261523,0.40673584,0.030531183,0.28204253
2489,1067,105bfd490eb18441acd7d2313c299a0b7a28bf220083240134108236a217b7c1,,1,False,False,2,0.36259446,0.11199531,0.7800818,0.018852586,0.36259446,0.25059915,0.015603117,0.080697834,0.0360747,0.23557816
2490,1801,23a0d41f602b7226aafc9d8920c0a54f92bf6db0de5fdbfd60257b2f66670761,,1,False,False,3,0.41428244,0.12595001,0.734579,0.009021184,0.053287223,0.41428244,0.007466252,0.16529484,0.062315613,0.28833243
2491,2084,ccd5016da1aa4faf129df05794a13e50d9f81043f010f975b268631098b23ba7,,1,False,True,6,0.28012684,0.070606574,0.8974036,0.01728316,0.07665826,0.16303311,0.18081331,0.07256508,0.28012684,0.20952027
2494,3914,2d909bf22ecae320a4043cc201a7c0f89eeb6cf51d9513d4b916fc3b48d6b9de,,1,False,True,3,0.48006567,0.31040984,0.73675585,0.13995579,0.16965581,0.48006567,0.00287301,0.020011587,0.039317466,0.14812069
2495,3915,48e1d902d5e3e4f0c19850ff73ae334018521a62f9133d631978d3ec2868640b,,1,False,False,3,0.6617114,0.4438289,0.49948618,0.0020660288,0.04321775,0.6617114,0.0017056376,0.06940545,0.004011209,0.21788248
2498,3920,2a0ce83cebd0a418489fa87a308e35ff8bdddd624cba16b254d70434a0041510,,1,False,False,7,0.30114895,0.08246495,0.8442389,0.017283892,0.218684,0.17641571,0.01430479,0.0725685,0.19959413,0.30114895
2499,3921,d874e575fb528742d425212f9af20874e6db7c5617e36f326215a3f5772a3a3c,,1,False,False,3,0.48513126,0.28908157,0.7346675,0.02767673,0.18602356,0.48513126,0.050009035,0.023354266,0.03175546,0.19604968
2501,4170,b1489d577527729c6d42c7e3ae33ccef6a8956450cce5507eef5d7fd85521f6e,,1,False,False,7,0.33378756,0.045964837,0.82348275,0.017283501,0.12804863,0.28782272,0.01430447,0.10237511,0.11637797,0.33378756
2502,3924,01d5be2a55beaee795b37cef0b15a2454c4ecd92a60ccfeed6439d3686a20ff5,,1,False,False,3,0.29749686,0.010752648,0.74829215,0.0043806694,0.102349706,0.29749686,0.0035777483,0.2756019,0.029848935,0.2867442
2505,3928,5b1a610d1ccc5beada8cd08dc12f81aca5ddbc6d1674520dbead3fbf477a8c47,,1,True,False,2,0.60932225,0.3935108,0.58392406,0.007729556,0.60932225,0.10045853,0.0063591325,0.045616608,0.014702503,0.21581146
2506,3510,b7fd2c4b032152a1b97829da7a74d20dc4eac7f50a9bef3b3e9f877f72154e37,,1,False,False,3,0.3416279,0.0807001,0.7598168,0.124496415,0.2609278,0.3416279,0.0045204815,0.024096621,0.010452449,0.2338783
2510,3937,c7554d9be89bdf61eb285e838f650d21f2a5bd863fa00e1875bf9b797c09e69d,,1,False,False,7,0.4610028,0.25796452,0.7678171,0.08545951,0.10553092,0.20303828,0.0033671865,0.11394699,0.027654357,0.4610028
2511,79,c3be685d91f0466c265ac4bba6cac1e91e3b38e06e2f0cdf25df7968596a61aa,,1,False,False,3,0.37198555,0.123036966,0.8226301,0.020739816,0.09174415,0.37198555,0.017165016,0.10975681,0.13966009,0.24894859
2513,3941,ed36d1a22ad28eac3f15e74e6d649e469ac52eec3d1dc72d7ccaec04a658e830,,1,False,False,7,0.5485888,0.2959971,0.6371184,0.059439946,0.09848387,0.2525917,0.004529268,0.025915898,0.010450481,0.5485888
2515,3944,c6b5bc21b5d269332e3f5b15083a3cfc52f60698484532f9f2d219a33cb6e22c,,1,False,False,3,0.47191042,0.1076844,0.6304201,0.009916589,0.08188349,0.47191042,0.008175876,0.04498457,0.01890308,0.364226
2516,401,76ceca9071cd7f17b7f6cb78ce83726336325021745f21dbf4695905f85e86d9,,1,False,True,7,0.2930277,0.11218925,0.90677583,0.017282985,0.14395587,0.1759598,0.18083845,0.07256526,0.11636993,0.2930277
2521,3957,5782b1ee782a130252bb8c4ea8780d552d2a19c6f051958ee8b0b44bc0046017,,1,False,False,2,0.44216362,0.14537781,0.7037601,0.010945265,0.44216362,0.1437863,0.009036257,0.07639038,0.020892354,0.2967858
2522,3958,c37b09ac3abb9307adb14e3dee871951f624c20c73eccfb412c2f7ac63c6bc0c,,1,False,True,2,0.51489365,0.34026808,0.7290539,0.044552486,0.51489365,0.13192035,0.0045195464,0.09274928,0.036739107,0.17462559
2524,1731,467290b728731499ee2f6375f4b0ee0789262c19e5df4f0529d80c92036347ed,,1,False,True,5,0.4210545,0.23167159,0.8176093,0.048304077,0.18938293,0.12975785,0.006868834,0.4210545,0.09589037,0.108741395
2527,3967,23b40268d718fc0575296c20cf590a9fce74d9c973f82511edce1f06462c109d,,1,False,False,7,0.47188386,0.06314242,0.5693391,0.004940505,0.06814067,0.40874144,0.0040889406,0.032750536,0.009454057,0.47188386
2529,3970,1f5360e2b9349e08cd72f20206692f0438a50531e7fb2e6a8aaa247c87372e67,,1,False,False,3,0.7424924,0.58806133,0.43941644,0.0014068412,0.056683276,0.7424924,0.001148732,0.027936455,0.015901214,0.15443107
2530,1588,0c971e22f10162f1953a164b09af4bd09c8da02532afb9e49d8de54b3c860853,,1,False,False,3,0.4398177,0.13829735,0.73408884,0.015533969,0.068829656,0.4398177,0.012263068,0.062300835,0.09973445,0.30152035
2531,3973,ce3c125ed1649f144a06372f9ee7c7465ba02aee0d66d62ac81660cc1fa024f3,,1,False,False,2,0.48685625,0.34584394,0.7686541,0.14101231,0.48685625,0.091456234,0.004293061,0.11140687,0.03491483,0.13006048
2533,3975,5dd394dc555c3989c4958bed5eb78eff19bcb323695faf2e5f505a14fca9f62d,,1,False,False,3,0.39414373,0.11797428,0.72558695,0.07252996,0.21587396,0.39414373,0.004520186,0.025666542,0.011096136,0.27616945
2534,3977,2fdf9917618514445428632dbf64c00e612a4fb556a001fae8db7807a4fbac0d,,1,False,False,2,0.39205956,0.08108708,0.7614993,0.09158691,0.39205956,0.31097248,0.0074654995,0.06284832,0.017288858,0.11777837
2535,3978,8dd63f70c638a31723aaead4ab057e4b1c4f905b18e40e4502bd00aac7aa3ae0,,1,False,False,7,0.48921883,0.14591902,0.6399387,0.012203092,0.056221485,0.3432998,0.010099722,0.0656055,0.023351572,0.48921883
2536,3979,a4565a1c06111f07c13e769300d97663d0375ba91e4e16169a9ee5cd24c758dd,,1,False,False,3,0.34016395,0.050974905,0.75854903,0.015234867,0.28918904,0.34016395,0.013546044,0.16204055,0.005622514,0.17420301
2537,3980,09a6c52080dbd99036b3f832245385eb2da4ca439e56869298cd36662f021a43,,1,False,False,7,0.31761152,0.034602076,0.7379076,0.013859944,0.2669708,0.28300944,0.0040393113,0.10527344,0.009235511,0.31761152
2538,3981,78e1c859e398b527458bd059598440b5756b1eb8d61ed225b72e89ba60badd6e,,1,False,True,3,0.5959355,0.36422354,0.59041893,0.0013370016,0.06995112,0.5959355,0.017350405,0.07464558,0.009068325,0.23171198
2539,3982,03842dcaa81ee18890948d5f2918ef489c034143856cb1061d834639c85f2c87,,1,False,False,2,0.44363448,0.09186739,0.6426351,0.004552771,0.44363448,0.121423855,0.0037334724,0.06619314,0.008695122,0.3517671
2540,3983,8135f4a82f1c3bd7ff14344468630e83ff23f36b1dd3f4ec8e8446a7fed6d248,,1,False,True,2,0.38276416,0.21398063,0.8512233,0.1065353,0.38276416,0.102293625,0.008176034,0.16500935,0.06643794,0.16878353
2541,3984,9a31b04ffae1961698f9257798cefaba66901ff7ae69ea334abe9af5c23e4fb8,,1,False,False,7,0.6313361,0.46295553,0.6104319,0.014814717,0.06919746,0.16838057,0.012261221,0.07566175,0.028348235,0.6313361
2542,2498,ee1afcb13d76bfe5a9d016c1903d0b80378075b0463ba2499e6242c8be46d7f2,,1,False,False,7,0.5339591,0.23698407,0.62171,0.009429358,0.055531375,0.29697502,0.0078040916,0.07825772,0.018043354,0.5339591
2543,3988,afb02729757f7ee9c513cc9a8bdccfc0682fbc2608c532e7b736d2074f9389ba,,1,False,False,3,0.3659601,0.062609166,0.78669846,0.012964342,0.07826215,0.3659601,0.15847974,0.056174938,0.024807872,0.30335093
2544,4400,2ee0c135e75feccc653aec970fb2599a5f54dd9b77f9a33ee826b26a862050ed,,1,True,False,7,0.47815883,0.25987947,0.73477054,0.012203786,0.05540846,0.21827935,0.010175232,0.14359148,0.08218289,0.47815883
2549,3997,7ba3676b248c401e502f93c77955752a3d67d880f9e3b7d755227b568eda5649,,1,False,False,5,0.32077974,0.08318494,0.7725228,0.009033549,0.2375948,0.22822395,0.007464984,0.32077974,0.018267406,0.17863558
2552,4002,55387d93bf2ae392d6bf87e083face622b3a7a1fe4a482eee1a9e608d3e6fcab,,1,True,False,7,0.6689568,0.42325467,0.48033467,0.0053216605,0.026038503,0.24570213,0.004404386,0.039392542,0.010183927,0.6689568
2553,2085,e3390ec5226636984eec10046ecdd62d54ee73f257c0c3a80aa63e09d2b735b3,,1,False,True,3,0.35803148,0.14709297,0.8663593,0.09284905,0.14191931,0.35803148,0.013204435,0.07563191,0.1074253,0.21093851
2554,3954,6e1f38916b3a88e2ecef4c5574c2e74a82f34253c2fda4baf0af3234b4b6ff56,,1,True,False,2,0.3911976,0.20232503,0.8312808,0.00902419,0.3911976,0.11723457,0.17344937,0.059489686,0.06073207,0.18887256
2557,1059,3c4cfe4e2217a100081c5b0f2546cc78bbf4c54bf94e9fbea63e7149ad11b07f,,1,False,False,7,0.45158297,0.19495928,0.7214034,0.011534251,0.09218596,0.2566237,0.009537632,0.15342373,0.02511177,0.45158297
2559,3823,76113c790eb3778d70e4873f3fdb21c8e7fde9461d2378dc8cd34839b91f70a9,,1,False,False,7,0.57009006,0.3247868,0.58391774,0.0031110588,0.04994899,0.24530324,0.002567405,0.12305145,0.005927745,0.57009006
2560,4016,c23b5a69880866e753d4c486f1e4d745ec978c89eee95a7570b89e49babdb04e,,1,False,False,3,0.5193781,0.20793223,0.633146,0.0115859145,0.062430818,0.5193781,0.009538497,0.06356812,0.02205262,0.3114459
2561,4017,67541d5950c11773551ab008f6ad8a95544c5db549437707ed171439f85aa265,,1,False,True,7,0.48186916,0.13776425,0.62763894,0.0074247443,0.34410492,0.09772238,0.0061322083,0.04834639,0.014400233,0.48186916
2562,4018,75ac3a0cd981caff9d5d97b062b29d99831a5a2a5416f464e3155ac4a0f762cd,,1,False,False,3,0.58868384,0.35068187,0.5696519,0.004414878,0.12458327,0.58868384,0.0036537582,0.032214545,0.008447741,0.23800197
2563,4019,c1ba951c2fdc8396ffcf3447f6673b877b46a4d26d575a40051bc959031fd129,,1,False,False,3,0.49446094,0.2437146,0.67822486,0.015193159,0.0656198,0.49446094,0.0016640088,0.14880602,0.023509692,0.25074634
2566,4022,23fabf74b123d4cd35b26115e5c1996dee2e7e8cca72330ac1e8ce8c85f3ec49,,1,False,False,7,0.48662394,0.28329778,0.7359839,0.050890066,0.20332617,0.11672673,0.0014936357,0.11339832,0.027541136,0.48662394
2567,806,04fce86b355307c4f75713d3f6cb49c112bc2f3c654dea895ee810ea68bf0f15,,1,False,False,7,0.28170398,0.03787212,0.85906786,0.015955959,0.24383186,0.19398811,0.16699368,0.06699348,0.030532947,0.28170398
2568,193,8d103d39cc060b408c55352e347dc6e76b129b28f905407d991ba282c132fc84,,1,True,False,3,0.29751983,0.061022103,0.8390825,0.0148578845,0.087681554,0.29751983,0.012261362,0.13445921,0.21672241,0.23649773
2569,4029,42aa724a9008238fdc70cc1b5a80a3da34490c24acf36d23167c71d04f991aef,,1,False,False,3,0.3029309,0.067713246,0.8340366,0.23521765,0.17151666,0.3029309,0.0047706193,0.1539041,0.011030333,0.1206298
2570,4,9ac6497258af812785286cd1673d588466e3504829dc13b3f13051fcfe131ef7,,1,True,False,7,0.58727777,0.38183898,0.64184415,0.08910094,0.03472412,0.2054388,0.004773712,0.033196352,0.045488298,0.58727777
2571,1687,d083affb7bd0d8f3e8b3eb9b5c9b9588715c74b76009db57ee7f33b0de093dd1,,1,False,False,2,0.35477108,0.052951068,0.68076074,0.0067095165,0.35477108,0.30182,0.005539681,0.033553634,0.014698846,0.28290725
2572,2060,4e0965126e7fd9e86cd073db63a8974319c8f682992291026c4cc239bb9a3a46,,1,False,True,7,0.38251764,0.11068919,0.7842217,0.009882771,0.08173227,0.27182844,0.008179304,0.13169128,0.11416831,0.38251764
2574,4066,78824b9a3fa6634cd19ab7c22c26631dba27d4b2f0f611f8ffbd4bf2809a81b1,,1,True,True,7,0.35918713,0.13849744,0.8116363,0.012204549,0.19769067,0.22068968,0.010156163,0.081835955,0.1182359,0.35918713
2576,4037,25ca620d62919b229ce795a5f8c076944b6b72202121d0df7ae1b4c70197724a,,1,False,False,7,0.6623324,0.5033308,0.56191564,0.0071571604,0.06919467,0.1590016,0.0059212577,0.07407567,0.022317253,0.6623324
2577,4038,43804c750fb167beefeaaee9f013f2a7f3ca7b3a9a09d5c46ee0d739a913b8a7,,1,False,False,7,0.55886716,0.3891893,0.675172,0.022227533,0.16035186,0.16967787,0.04015494,0.020766765,0.027953904,0.55886716
2578,1940,b4568583b1846aa1a3048227cf7022cf71d971f32eb99a20a1713aefddf55b44,,1,False,False,7,0.48302472,0.29288518,0.735533,0.011641323,0.061041713,0.19013953,0.009537685,0.1670193,0.07759577,0.48302472
2579,4040,d8c502db96f60d768c5697827affefd96dfa1d5c3701ce368d0ba099ae5a2177,,1,True,True,3,0.49048775,0.19619048,0.64656734,0.009785951,0.009202306,0.49048775,0.0292896,0.14844404,0.018493025,0.29429728
2581,4043,3fececff37fd4a539edbaa194a8a5b6757dd3e520a704bd8d126dc61a9373dde,,1,False,False,5,0.40639168,0.13585997,0.7617978,0.010384832,0.058211014,0.2705317,0.058566462,0.40639168,0.019855637,0.17605864
2582,4044,476399ba751c2999cf6189ce6aaeb4ddabd44718e75ff998e5f7ed782d0e1e9e,,1,False,False,7,0.586873,0.31674597,0.57469845,0.002665833,0.046364598,0.27012703,0.002202762,0.056516547,0.03525029,0.586873
2584,2596,c080a9f51b799c6a29323c89a9df9f1313c7d1d6eebaef36d27c7cd7b6c67344,,1,False,False,3,0.36751473,0.09204987,0.81238574,0.020736838,0.09172944,0.36751473,0.017215027,0.08771666,0.13962246,0.27546486
2585,4048,769c841b87239e6d4a77cd2b4f4fcbf4d5cae24de3171d5246eb64a0908b6cc5,,1,False,False,7,0.5069322,0.27260274,0.71818525,0.020736517,0.09404907,0.23432948,0.017162332,0.08711086,0.039679583,0.5069322
2588,4054,2b340731d254a1d749a9fdcd2c7a722c4ead5627f1a5cc84cd6c99f23ccf760e,,1,False,False,7,0.5178968,0.100807995,0.4993558,0.027267074,0.016157616,0.41708878,0.0021218995,0.013966153,0.005501726,0.5178968
2594,3444,31ab4b02bd4f412ea26968aa7a12f528a2eae9893b7d255a4938a1e9f6298b54,,1,True,False,7,0.31111053,0.06747486,0.88483244,0.025918595,0.11465182,0.24363567,0.14626476,0.10882223,0.04959643,0.31111053
2597,4071,7a1a1f325d355e1741eb9144972025b6b0674f4e1704210ca6711b6b1ca7810d,,1,False,True,2,0.50063396,0.32611242,0.7492761,0.05044256,0.50063396,0.12866716,0.0055395514,0.17452154,0.045355443,0.09483977
2598,4072,1a96c85e969aae185b5b2e80f877b184bc1962229af1edaa492ad3c2062a7a2f,,1,False,True,7,0.48160186,0.26924092,0.72137445,0.012964092,0.21236095,0.14385319,0.010729569,0.11368311,0.024807228,0.48160186
2600,4620,3e30e77cde2475c23fc9b28553e177496ec432b9416e23961535292e178b32ca,,1,True,True,3,0.32628667,0.021024615,0.81210846,0.015956204,0.14939265,0.32628667,0.013205931,0.08244766,0.10744882,0.30526206
2601,4001,7a60738202a1a5299b5be2dc382ad3a1cc15589f683156b91ec47ed61d680e5d,,1,False,False,7,0.53952354,0.33742893,0.65388906,0.008298398,0.069333516,0.20209463,0.0068680625,0.15800253,0.01587934,0.53952354
2602,118,5411f4704f93d814f6d5284d9900661fbbc6e52dec4babfbf30156518e25d733,,1,False,False,3,0.31115693,0.023932636,0.84043676,0.020905081,0.12683505,0.31115693,0.017162265,0.09709896,0.13961737,0.2872243
2604,4080,bfbb104aa9c8329c512ba3524ed512ac7a5713fbb61584faaadb98d875e974b1,,1,True,True,5,0.49734426,0.23008236,0.66411734,0.003352431,0.2672619,0.08443992,0.01890943,0.49734426,0.006439668,0.12225242
2605,2397,df0121c03f670550dd423b38bcbcb8821672ba1e5fd1caf532598279c51ad25b,,1,False,False,2,0.29718614,0.04707861,0.8674481,0.01221421,0.29718614,0.19899794,0.06490017,0.094396,0.08219796,0.25010753
2607,4084,98ed34e0459729355acf00e00dbb1747e79e5a8a1d0bfe6a0d729a1cda3d205b,,1,True,True,7,0.71979576,0.56826437,0.47781628,0.002768162,0.014357111,0.1515314,0.0022905103,0.0639269,0.045330167,0.71979576
2614,4097,2b998e2e6e54c29a8a0dfc60608060f29d8024183c5a38daa7ad05451df948f4,,1,False,False,7,0.50480515,0.26918426,0.6943293,0.0062877694,0.056204956,0.23562089,0.0053124866,0.119132146,0.072636575,0.50480515
2615,214,d98be22be79c60f667d1f8292dfb6a9ef33b5d613d967f391d53bbef5ce50b27,,1,False,False,7,0.589077,0.4072131,0.64689946,0.0183852,0.18186392,0.08508833,0.0020943529,0.07498368,0.048507556,0.589077
2616,2336,54449fdc27e45c2f1ac663f63e42e87b02d31b8dcf6915282d8f45ceaa3c6516,,1,True,False,3,0.6411534,0.46049798,0.58093923,0.006287499,0.050349373,0.6411534,0.0052037626,0.07391738,0.042433135,0.18065543
2617,4100,fd5e0ff52e5d009e670bbb7d3e3e28e183361cdf343c3f6554fa0985d51e4837,,1,False,False,7,0.5462427,0.32848257,0.66392565,0.0057642343,0.07428804,0.112362266,0.032552112,0.21776016,0.011030532,0.5462427
2618,3934,c9cca34fddb5ad64ed172f7b1b9cf5577af1213585a0be721b0c5efecc80fabd,,1,True,False,7,0.3381078,0.047254324,0.8093705,0.016001929,0.15828103,0.29085347,0.013207869,0.071882516,0.1116654,0.3381078
2622,3387,12d50f3574146bc60a09417b660550c469658992c4666f7f1af780fd8166db34,,1,False,False,3,0.37126893,0.13516967,0.8428761,0.07430065,0.16336423,0.37126893,0.08377024,0.045590952,0.025605734,0.23609926
2623,498,f33fd0f4d26688f440b2456ab9c3952dbea1b1ab72dd72e5f6f6a81818567722,,1,False,False,7,0.3187513,0.08458479,0.82497495,0.011524284,0.12076427,0.21229818,0.009537929,0.09295757,0.23416652,0.3187513
2625,3282,d4781f808bd3d8cede351dd41c80baea83890e68afb0a414f18f7dcd17c55e55,,1,False,False,3,0.42362893,0.03355226,0.6662213,0.012981589,0.06986877,0.42362893,0.01072997,0.06790565,0.024808366,0.39007667
2626,3865,1a473ab208521298976cdcbe8058a382e845682aa8111a713c59ab0150635dbe,,1,False,False,3,0.32304662,0.020249665,0.80199724,0.0086445,0.098345496,0.32304662,0.007154504,0.30279696,0.11786451,0.14214739
2627,4109,e82834935afd0a4519391a2bd9cb0606ad5d1b8f15dff49fbb841fdd098b62c7,,1,True,False,7,0.8132427,0.7397089,0.39697343,0.006294159,0.028623028,0.07353377,0.035480358,0.030795734,0.012030305,0.8132427
2628,4110,9f624b0eeb1c0e483b0b3770039c6538e697626fdf3d00d309d08df418c59853,,1,False,False,7,0.48726624,0.1608791,0.6331413,0.007979507,0.32638714,0.11504922,0.0066041346,0.041444592,0.015269209,0.48726624
2630,4112,d53f723321d64d0de98b4c75a9f1c116ffa942199d82322cb0387ee2c5e9f88f,,1,True,False,7,0.5368144,0.35647374,0.65030605,0.0056655677,0.09049653,0.18034063,0.0046453183,0.17130572,0.010731829,0.5368144
2631,541,320583662d9d530fb8b570840935c37250b617f2525cb405cf7577ad051afcd8,,1,True,False,7,0.6195924,0.49014282,0.62604755,0.0082989875,0.039250746,0.10067695,0.006868544,0.1294496,0.0958627,0.6195924
2632,4116,7a3e60f7366fb55e10f68f1912991615293d9b4841654a3fd7c0739153308780,,1,False,False,7,0.45746976,0.03147638,0.55224276,0.0023885097,0.028131781,0.42599338,0.0019831297,0.079371385,0.0046620886,0.45746976
2635,2845,8da6d9ea71c4053680e19978f48513485a4fe6269eb3788265c0d572005db710,,1,False,False,7,0.34955385,0.020757705,0.7468779,0.003234129,0.16194151,0.32879615,0.0026425421,0.09306779,0.060764078,0.34955385
2637,4122,c286fa9f53a26c5c80a701984185db18ca82371346df2d19624bd091771e51de,,1,True,False,3,0.4419653,0.1499812,0.70286494,0.016443884,0.2919841,0.4419653,0.013080682,0.104926445,0.0045185965,0.12708096
2638,3572,506fa07b4c7be72655747b526ac76550a3e18f31c8bf3eb98f0565f89b927789,,1,True,True,3,0.49663517,0.22075287,0.6401295,0.0030793268,0.097349934,0.49663517,0.00253951,0.2758823,0.0058517028,0.11866206
2642,1641,5e0008e0457fac85d2b69499e5c20ea8546b6a7c0a7b733c06c1a4d7c0e75d95,,1,False,False,5,0.43992266,0.26455373,0.807394,0.08519358,0.049678348,0.12210395,0.0066051064,0.43992266,0.12112746,0.17536893
2643,496,2a5b7461c3f801212b09b807ba54b064a389de01fff91cb827d7a5b2b9f7811d,,1,False,False,3,0.44128805,0.12019843,0.7156973,0.017283058,0.08943435,0.44128805,0.014304107,0.08352913,0.03307168,0.32108963
2645,456,8f35e5e5c23f62e6cdc31703a3846c01ebde47e306c677b8cbf182ca8b363e34,,1,False,False,7,0.48193845,0.3087135,0.7451789,0.009896126,0.06723337,0.17322494,0.00817749,0.145352,0.11417758,0.48193845
2646,663,64fb41eff38a07812e58058faaec09e0756278a9ec9101f0dced897d7f360de6,,1,False,False,3,0.39246523,0.02952689,0.73005104,0.002850019,0.059809625,0.39246523,0.04597246,0.088979915,0.046984393,0.36293834
2647,4127,8e128f36e506611ce880c291845c80dce9f1b9015ab9f476574f399d77f578a9,,1,False,False,5,0.331628,0.011196613,0.7275318,0.0052786805,0.13498014,0.19345595,0.004297097,0.331628,0.009928783,0.32043138
2651,4130,ab25b348f5ca3d7ff7e3e00bbd55facad7b48e044eb8597ff209796727282031,,1,False,True,7,0.5744672,0.29825068,0.5647963,0.004150675,0.028939066,0.2762165,0.0034350203,0.1025513,0.010240271,0.5744672
2653,1299,a2a4bb7c23a58aaab8380f97fb8469a9efef8e1ad3f2a4d09a13e9b545deb4e6,,1,False,False,7,0.38306215,0.09930599,0.7825383,0.013835123,0.07044288,0.28375617,0.011450392,0.14425512,0.093198165,0.38306215
2654,3141,d3600069f182d0bdf2e60b313d83ba0a163b94dcfc00d50b6f29ba5821ee6701,,1,False,True,7,0.38220754,0.10426992,0.7282842,0.0062916386,0.13938686,0.27793762,0.005245327,0.176893,0.012038005,0.38220754
2655,2965,29a55ce748f8a017e7e4fc6d104350dad8b8d8074db083780324afa22ece6466,,1,False,False,7,0.4981869,0.17872128,0.64769495,0.011526047,0.08607932,0.3194656,0.009539354,0.0511112,0.02409157,0.4981869
2657,1956,193efd57d05b3acc6148211a88109700fe9c069a97026723dd31b0c8bf33e556,,1,False,False,7,0.49032405,0.26548755,0.7418978,0.023039231,0.10191403,0.22483648,0.019068142,0.09673205,0.044085976,0.49032405
2658,4135,2916c1284cecf3e7c18cf0a79714e11ce4ff04ab67a05046116099843eeec203,,1,False,True,7,0.4707632,0.08314341,0.6074275,0.009022833,0.06883794,0.3876198,0.0074973973,0.038991984,0.017266849,0.4707632
2659,110,44666c1803b15ed567e6ebb2b44b98cfcc04b231c969cd800ab88dd2580ac7fc,,1,False,False,2,0.32876837,0.037802488,0.80231214,0.02073644,0.32876837,0.1960767,0.017162267,0.10661098,0.039679397,0.29096588
2660,4136,7713064a8b987f7fec86c50ffa0b8e3cd08a434b23c9976591409f5ff257f8ab,,1,False,False,5,0.35802856,0.10071322,0.7074908,0.0016904826,0.14816135,0.25731534,0.0014032825,0.35802856,0.0032599804,0.23014101
2661,1365,83c6dd9106e272af1cebc1a2b3159336457755d345c44b4f30fc6930bd2f12da,,1,False,False,7,0.45162892,0.16321397,0.7315922,0.01383272,0.07523052,0.28841496,0.011448422,0.0662769,0.093167566,0.45162892
2664,174,823c6e9701d2cac25ccc8fcc52bcf5337c2a200d4c04d38dbde7ad16d9babb31,,1,True,False,2,0.46455106,0.20830691,0.6833883,0.0064850245,0.46455106,0.17160766,0.005366654,0.08333709,0.012408353,0.25624415
2666,2167,d0dab34ae084b0a3ea92afc9cdf328599784f89da35d2cb377c9717d5629be8b,,1,False,True,3,0.44801363,0.061609715,0.5889786,0.0010943507,0.018876586,0.44801363,0.0062814634,0.13151628,0.007813785,0.38640392
2667,4143,80210e3d983df20e2768e3460562a4aad940106f485f9148ee0bef6c432cbefc,,1,False,False,3,0.28076437,0.00014191866,0.83355325,0.066926375,0.14507583,0.28076437,0.00967673,0.19486572,0.022068515,0.28062245
2668,3284,46a4ad1fc11a858d176a16109a66885f2f4bd1e66289b9475f51b4119e042c53,,1,False,False,3,0.5085733,0.29326746,0.636608,0.0026273127,0.03877515,0.5085733,0.014964556,0.21530584,0.00579207,0.21396178
2671,4146,0bba6b428de5583138c1b90ba1bebfaa9c1dae067b4717c50117b37d1dd56668,,1,False,False,2,0.5581211,0.40090087,0.68385327,0.02004523,0.5581211,0.15722021,0.015954366,0.12881503,0.018594675,0.10124936
2672,4147,4aff9c7a9b87081437404329ad3ccba9dd5dc061948ff51574e729a09e5507ad,,1,False,False,3,0.5200201,0.21419874,0.62872523,0.005472309,0.03615753,0.5200201,0.030003453,0.09204584,0.010479369,0.3058214
2674,92,fa8cc4f43418735e07e66d6b40a4c34fcbbc08b266fc95e14421bea577f989b3,,1,False,False,3,0.3684714,0.057371497,0.79493666,0.025917752,0.114647694,0.3684714,0.021450505,0.10881821,0.049594466,0.31109992
2675,1880,4cd7004bc7a1fb38f84974036b82b8c8f65be6571c122195d4b7895834d81699,,1,False,False,7,0.24060826,0.04882309,0.92382205,0.161483,0.14929712,0.11921486,0.009037509,0.19178517,0.12857404,0.24060826
2676,741,9348f52cacec2868aa6e871a13d0eae91464e11d76aa71e4ca3c3c6dfa264a78,,1,True,False,3,0.45821023,0.27796835,0.7957686,0.18024188,0.11745255,0.45821023,0.034568783,0.061576437,0.020667972,0.12728219
2677,1806,f702577b9efcad0ac39ea785e12ecf209a8dca7f35697ab111cdcefbbfab0865,,1,False,False,7,0.63415015,0.4494561,0.6062553,0.036600202,0.039727326,0.18469407,0.06584094,0.026952563,0.01203478,0.63415015
2678,4153,2358f67ff9a6bf100c8f728a4506f6f01d9f437ad1cee15e17db642a2790f0ae,,1,False,False,7,0.6043253,0.39833534,0.5936459,0.009023201,0.11803939,0.20598994,0.007467899,0.03788658,0.017267687,0.6043253
2679,245,2d3ff1885e23d847d5572dc3326d0edd6b3d7b020b2b7e97e601be66731c8dbc,,1,False,False,7,0.6159774,0.4957933,0.64300764,0.011523758,0.053846896,0.120184086,0.009537496,0.08586076,0.10306959,0.6159774
2681,1484,cf6c985391c4afbef22c8d98d4d0574a697c1bd1612c9fd2362a10fd6a3607c1,,1,False,False,6,0.25767967,0.0037224889,0.8937286,0.015953593,0.070759036,0.19077562,0.09009128,0.120783605,0.25767967,0.25395718
2682,4156,52e8241d4836d74bfb5a6b2f6bfd3e496eb432f4f702db06f4e559768c5fad3a,,1,False,False,3,0.49895272,0.11830464,0.56478304,0.003844555,0.06795542,0.49895272,0.003180643,0.037090678,0.008327931,0.38064808
2683,4157,10dd6dd58dbe20cbfdb34b795aaa6172deb5b74b20e89ad2a42edb067000d875,,1,False,False,7,0.5533635,0.15017417,0.45866278,0.002036204,0.012789139,0.40318933,0.012298404,0.012223956,0.004099465,0.5533635
2686,1738,d4af62c45f9e16b083b1fb0b0945c323680c8b7702f70fafa240321e68217ed5,,1,True,True,7,0.37856025,0.07738823,0.76069516,0.0098816585,0.04540433,0.30117202,0.008178394,0.14156249,0.11524087,0.37856025
2687,2203,7cb39a40de32748abeb8bfc65f33473571a2ee97562809a16e7e3e4000e4bec0,,1,True,True,7,0.36319795,0.0057499707,0.75802064,0.015958423,0.07526742,0.35744798,0.013207744,0.06744296,0.1074775,0.36319795
2690,3138,77a502eac5f03c179d1494475a4c3f4c22f74e5b94e3af28a7f7e5f18aa7acf4,,1,False,False,7,0.31108046,0.067468524,0.86265874,0.025916208,0.114640005,0.24361193,0.021449246,0.10881094,0.17449129,0.31108046
2691,3088,358b90920d6ff5901dde879a45df2df9a438bb06b75a03553b0d8b3bb9b35196,,1,False,False,7,0.3852569,0.17758176,0.79003143,0.01152508,0.05310334,0.13717037,0.009538577,0.20767513,0.19573064,0.3852569
2692,3883,fb78e6d0a70f414eac864114c3232d0da99b3d4cbc8eb00faf77bced057cc502,,1,False,True,2,0.6190037,0.51626134,0.6523643,0.03146418,0.6190037,0.063992016,0.004073049,0.09133459,0.10274238,0.08739003
2694,4015,85c7475a4a8177a21c963d669fe1ac829abcd13648409f587b4463ac9490e898,,1,False,True,7,0.49036452,0.26572186,0.74194694,0.023038762,0.10191171,0.22464268,0.019067757,0.09688965,0.044084877,0.49036452
2695,2355,0936f1b3323dc4b5bd7d1595c7bfe40864dc8426d2c4975bc7fdb001f386d935,,1,False,False,5,0.2833534,0.06328842,0.85708743,0.14069542,0.15457815,0.17658207,0.007465406,0.2833534,0.01726058,0.22006497
2696,4169,ab797561296da9d27281eb768ad5cfa56cb6d7906665841e457799e0e56e52aa,,1,True,False,7,0.350121,0.09692508,0.8333226,0.09202852,0.2531959,0.15631706,0.002454577,0.07274964,0.07313332,0.350121
2699,2119,7865503c827289f82a5a765591d1f364ee13786fee5e34510126fe2bfe0a5818,,1,False,True,3,0.41696277,0.20741923,0.7890078,0.0138381915,0.118227705,0.41696277,0.011450695,0.07113958,0.15883751,0.20954354
2701,270,8805596c995c22ee430b7329c2abffd0dd347820e3b8d85badd5d6472028b24b,,1,True,False,7,0.318226,0.018566549,0.7834907,0.008127483,0.29965946,0.11491103,0.006604726,0.19873208,0.053739194,0.318226
2702,1436,2efce38a193a17f8501055abd128ab3998452594ed5204987b0ba16b4057450c,,1,False,False,7,0.5178354,0.3228953,0.679004,0.008670547,0.096334286,0.1949401,0.007154593,0.15852302,0.016542042,0.5178354
2703,1526,6b106e2911d253fed2876a2436e6c03d1fe267ed87ef55a28135d0588960e1f1,,1,True,False,6,0.449509,0.24206485,0.77020174,0.017282227,0.07644779,0.16245274,0.01430343,0.07256068,0.449509,0.20744415
2705,1132,4a243da9b67794a8d67f28c19bdd0de007c670e547ed6b49bc634ce08fbc4a5d,,1,False,False,7,0.48456052,0.29243386,0.7351714,0.19212665,0.05670072,0.1791347,0.010098233,0.054031845,0.023347327,0.48456052
2708,4178,fcc3f669f614a5c21382e7d7459a2c6a13daa63a721a86217a19b378a392ee2b,,1,False,True,3,0.40302172,0.15742588,0.78222525,0.058100864,0.13396376,0.40302172,0.0071693975,0.13452509,0.017623316,0.24559584
2709,1202,964e0fe60419e4bc1cc84818f57e22c3f8e99b9b9988d957ab064b775d0fd4aa,,1,False,False,5,0.43739215,0.103081435,0.68353105,0.008016929,0.02715956,0.3343107,0.014397674,0.43739215,0.04134489,0.1373781
2710,4184,a72735f48f40388764ec4cfb6f02610f0b7dcdf4e9b406ca4ee5aa0d2e03885c,,1,False,False,7,0.4757251,0.2589566,0.78378755,0.041283313,0.040019933,0.21676849,0.0723802,0.095779814,0.058043167,0.4757251
2711,4185,b64cc13de9f044acd2689e4e99fbf960e13e887e33e6f81b4965b8e5144ce16c,,1,False,False,3,0.5002982,0.21578991,0.64989805,0.0056282068,0.2845083,0.5002982,0.031705033,0.027239623,0.0107320305,0.1398886
2713,669,978cca9cd3226665914811f193c2bc7934ee7a2056c1ab21fbdd3846f68d29a9,,1,False,False,7,0.4727043,0.30129838,0.78844523,0.05492845,0.107713304,0.17140593,0.00780855,0.085514285,0.09992521,0.4727043
2715,3603,c2ee3011ff9b4ce27d5f8068f485481d97693312843e1c88f1c7e0c40e951f0f,,1,False,False,7,0.38631403,0.024438769,0.7272863,0.028662285,0.07850114,0.36187527,0.0019971754,0.09856901,0.0440811,0.38631403
2717,718,88cb1408432c18fdfb644b2d0b66b7f59c34b7e0603f026b778ead62d761b3a2,,1,False,False,7,0.37872568,0.15331912,0.8292605,0.02303882,0.101912,0.22540656,0.019067805,0.09673011,0.15511905,0.37872568
2718,4191,574eaf793d87e224e93eb81fe8aa01d689d872df34340f53e066b0906207c17f,,1,False,False,5,0.26791123,0.017004073,0.8856268,0.25090715,0.079557784,0.21772693,0.025874045,0.26791123,0.058487482,0.099535435
2719,834,0ad05b3023ea83b466b66167280c8b1b3b299070d245f04267d8c54e3dc06659,,1,False,True,3,0.4311545,0.104848444,0.71458507,0.010376395,0.09889388,0.4311545,0.008693877,0.054683644,0.06989168,0.32630605
2721,4076,f7efdf2bcb8796f27e1713d7835d518b6a3807a2f46445b0ba7b478ebf88a3ca,,1,False,False,7,0.45592508,0.23153736,0.7325087,0.005771286,0.050777294,0.22438772,0.0047741733,0.10836623,0.14999823,0.45592508
2722,4030,ce259c83c5420717c568cccc1c62c1170965e82cb7fae86c4fc994d2f3a4d98a,,1,False,False,7,0.3040026,0.011164427,0.7752557,0.004556376,0.13885503,0.2928382,0.03434984,0.21676596,0.008632012,0.3040026
2724,4193,0f06b3281458ea7132556912e4f4ecae649d7740992bf1662281b70c874ab42e,,1,True,False,3,0.33037302,0.018669754,0.7488243,0.0032447912,0.13685094,0.33037302,0.0026978708,0.31170326,0.03208146,0.18304864
2725,922,ecbf0035c4cda135c9bdb4e3928b14e06565c615d6a93a65fff5113ac4cac88f,,1,False,False,7,0.54337734,0.17504293,0.53394747,0.001904141,0.02195249,0.3683344,0.021281617,0.030174866,0.01297509,0.54337734
2726,901,90920789993f98043da0fdcc8872006f7041b0b38333a1ca9fd9734cfdf987fb,,1,False,False,7,0.35152173,0.1119217,0.8078385,0.013827951,0.10639939,0.23960003,0.011444531,0.07100671,0.20619968,0.35152173
2730,1463,1cd9569a501410a85ad84d9be21c97ec9e2d345ce42bdc1cc2a09946e1af93b9,,1,False,False,7,0.3137962,0.07013166,0.8421344,0.015957272,0.122055404,0.18385625,0.013206802,0.24366453,0.10746355,0.3137962
2737,116,c01fe280d17042570c4a5086383eee5a11a9159cad924e6f9477a314bced6a60,,1,False,False,3,0.56228876,0.3302574,0.6166859,0.0064954455,0.05625132,0.56228876,0.005394361,0.12512907,0.012409639,0.23203138
2738,4199,0735192a28eb3624609df65239fe1aefb61a8575e4fb7279742bdfae29117ae5,,1,False,False,2,0.42139807,0.18116085,0.722477,0.007703796,0.42139807,0.24023722,0.006359265,0.19428675,0.014702893,0.11531205
2739,4200,30b202090d5573287c576bd15a386a710ffeb40b5c2d23b1afb0d31b7bb0cca1,,1,True,True,7,0.34857646,0.04046297,0.7853411,0.010779203,0.13507728,0.3081135,0.1202558,0.06886955,0.008328201,0.34857646
2741,4201,5ed5e424bd99b263548c41606bfc34f04db696b63b3947f34f423ebe340656ad,,1,False,False,2,0.44974312,0.26854348,0.7592397,0.088802196,0.44974312,0.18119963,0.0075205723,0.12919345,0.0027749569,0.14076605
2744,3092,3d53000446571f7f301b095a0a1b98a79796ddc1091915c5b846bfd4d4ffe38c,,1,False,False,3,0.42531034,0.0653961,0.66721326,0.02328137,0.021591041,0.42531034,0.021684922,0.14042377,0.0077943406,0.35991424
2745,2769,42197aeb7917564c6f6000187ed0c4b589cf593512b70c1db322bd9a6723cba7,,1,False,False,3,0.46692923,0.04959619,0.56679267,0.029103344,0.062784664,0.46692923,0.0017558984,0.018040014,0.004053825,0.41733304
2747,3474,9822488f74279ac5b6dc0097ed4c4c2455d8638a5cc1467b10f48e762b83c9ca,,1,True,False,3,0.42330286,0.0646677,0.67361844,0.007979742,0.10481929,0.42330286,0.006604327,0.083388895,0.015269754,0.35863516
2749,4203,95408ae38d7b063517254e65299517fed422a7f683e41209af1ee87185de626a,,1,False,False,3,0.3007376,0.018523186,0.8063443,0.03153449,0.05871535,0.3007376,0.029371751,0.2822144,0.03661949,0.26080695
2751,2516,0b554b311e9da0c298e89307fb44c7904f2877ccaed4f8a150d336664fe589fd,,1,False,True,7,0.3049268,0.09482923,0.85605174,0.017282236,0.19884321,0.21009758,0.014303437,0.13818608,0.11636061,0.3049268
2753,802,73d4628c9af0f0a88dd03cfaad3b659c355914883a987db782aaba28ff88f271,,1,False,False,7,0.44571736,0.18040991,0.73337734,0.08489251,0.04045053,0.14093818,0.00660791,0.26530746,0.016086018,0.44571736
2754,4206,b03c022f1c6e11096847978316ef7a4f8fffab4b655c6775abaa622d1062d2c1,,1,False,False,7,0.45304874,0.21918808,0.7757578,0.023039103,0.10191339,0.23386066,0.019068036,0.09673144,0.07233864,0.45304874
2755,4207,7c6b1605587fc2b133c182545e957b4111b24c4ac57a6ee56148e45aeb2de2bc,,1,True,False,7,0.324744,0.06943616,0.7681719,0.0110966675,0.2543559,0.25530782,0.0090366835,0.12456542,0.020893566,0.324744
2758,2240,5a2f2de48978711c53e339e3072a68416741a073029bd3445b8967b55d0f2907,,1,False,True,7,0.39196426,0.0837256,0.68857116,0.0022107603,0.1469032,0.30823866,0.0018383862,0.14449632,0.004348408,0.39196426
2760,4209,9d041a69ea0fd01d18c257251a8669bf054c7fddfa543a3c4b180f375160f869,,1,True,True,3,0.6120715,0.47487372,0.6369792,0.07180058,0.09245612,0.6120715,0.0039483476,0.0729918,0.009533882,0.13719778
2761,1384,4ebefca4a1af4e5e460299a842058af17cd75b2f8327b65f7298f0b21b3a9d0e,,1,False,False,7,0.30600154,0.01598987,0.8438865,0.02313701,0.101914056,0.29001167,0.019068144,0.10474311,0.15512443,0.30600154
2763,2126,3daede64b2223a0b0478d5fdd441fa60abf2811f3dd5b197f6e4b5edf30df2d9,,1,True,True,7,0.48088977,0.21838859,0.68446434,0.011524131,0.052557714,0.26250118,0.009538353,0.16093706,0.022051807,0.48088977
2764,4210,68b753b83573e649d91ed639e2c5eaf7096edbf66789ff5e4e188bdce5b4880d,,1,False,False,7,0.58986,0.3956791,0.641922,0.010381498,0.06785673,0.19418094,0.008584205,0.08270184,0.046434734,0.58986
2766,4215,bbea1582b5e6529bd455425e994c70d8add3bf8bb8bd1ef80a16c8671f8ed6dd,,1,False,True,7,0.44324762,0.20254792,0.69334525,0.007410806,0.2406997,0.22987929,0.006133445,0.04106123,0.03156795,0.44324762
2769,4218,67c9c5408e7f0f67c538851c682ae8fea01b8b53720f539050ba7f1e241ac213,,1,False,False,7,0.44493058,0.033378184,0.580766,0.0021660936,0.090075314,0.4115524,0.0017892321,0.045349415,0.0041369796,0.44493058
2770,4219,c53663520dde491b4ff65dc31d1a80c8d8223d40187ca22a44e1828419bf4b9b,,1,False,True,2,0.5526063,0.39247772,0.71047735,0.031934895,0.5526063,0.16012856,0.024083586,0.08423713,0.027914748,0.11909483
2771,4220,41b38edc431cd4d8fe3014fff24938659471295c52d08cdc36aaebb17fa2303b,,1,False,False,7,0.43595833,0.19233699,0.78199625,0.025917154,0.1146447,0.24362133,0.021450019,0.1088154,0.049593065,0.43595833
2772,4221,e8034d73dcf6a699bf206e53ab72ecc3ac8e9487f66273e96bfe8a9a1d5992bd,,1,False,False,3,0.7093613,0.5603131,0.51664895,0.022886712,0.032693267,0.7093613,0.0029762061,0.049945872,0.03308841,0.14904821
2773,497,fd6397a5757c84e18a6ec68fe1f7a62704605c0e62105ddd57677acb32caa2c3,,1,True,False,7,0.30409223,0.055369258,0.7994114,0.14426379,0.24872297,0.24164334,0.0037394662,0.027262626,0.030275604,0.30409223
2774,4223,e8bdf4c369454748d7e2fac133bb580d62786ce489c38581551440726d4c07c5,,1,False,False,3,0.6855276,0.47444385,0.49200064,0.0028096398,0.0208663,0.6855276,0.037085794,0.037181683,0.005445136,0.21108378
2775,2776,6c1857076017857e06c6be74a7588407d44390ac4007b9cc8a56d7fdf69fa292,,1,False,False,3,0.43862036,0.16957065,0.7180197,0.013829763,0.2690497,0.43862036,0.01144601,0.058327038,0.026464479,0.18226266
2776,951,de1faf42a5173e949389e5650ca7174edcb0e63dc4106d13c9e7ae9ed3b00cf7,,1,True,True,3,0.42389923,0.006527424,0.6285417,0.029035613,0.07457776,0.42389923,0.0039939545,0.04188711,0.009234489,0.4173718
2777,4224,c7f03ffe7fbfee42331894d5a25e07365c7b0e6fbd8e68f9e3d1aa70ed8e57ba,,1,False,True,3,0.51555043,0.35987735,0.68812233,0.014777335,0.14026432,0.51555043,0.0012926529,0.1556731,0.01833633,0.15410587
2778,1654,f5926703d89e7cd672d6446b5238b680b070dafe6ac3fc87b04e8b2906cde08c,,1,False,False,3,0.26802832,0.04171197,0.8974095,0.20052783,0.083403245,0.26802832,0.015604583,0.07916245,0.12695725,0.22631635
2779,4225,60278e0ca4f03b8143ac621eea942a9c2f71bc5f53a4cb7e85206009ff8bf218,,1,False,False,7,0.39569023,0.050644338,0.6853047,0.014792106,0.016248908,0.3450459,0.043290183,0.18014593,0.004786709,0.39569023
2781,4227,c88ccfb685bbde5c2e52274522ed97c40003e3e96de0609959e0a2dbf0541720,,1,False,False,2,0.33981854,0.09882201,0.79323316,0.0074280114,0.33981854,0.1799407,0.1825542,0.034555696,0.014706331,0.24099652
2782,762,52e9f0fdfc4b6bcf359f4ba82f48f7b793ac75310c149000df7d5e6e969857d9,,1,False,False,3,0.62418926,0.44663274,0.61117446,0.018215911,0.071157195,0.62418926,0.0025336626,0.05360447,0.052743006,0.17755651
2783,2418,9bd95fed6f521810ec6baab2d172d9f77c5907c20cd3c76f155b9ee94cc38cb2,,1,False,False,7,0.51437265,0.13539347,0.5450527,0.0026994774,0.04692579,0.37897918,0.002236741,0.04891222,0.0058739325,0.51437265
2787,1411,534f1372ee1e9f9273042615cc29a5cddb68884393562d3b20c0bd29b8b8c33c,,1,False,False,7,0.5315524,0.30100417,0.63660145,0.0026301763,0.019122178,0.17070834,0.02595275,0.23054819,0.019485947,0.5315524
2788,1460,494a816981b1e2447746b43e21b8bbd90d1529ca6d17b060996944eadd585c3a,,1,False,False,2,0.3231299,0.08252436,0.813987,0.010374565,0.3231299,0.20633368,0.00858635,0.24060553,0.06986884,0.1411011
2789,3234,1bcdbc1109f354ca1a54dadf0f435a522d49ce08dfb74f63cb4c6158f0798e89,,1,False,False,7,0.46762928,0.29701257,0.7708839,0.014814494,0.14496532,0.1706167,0.01226104,0.08996769,0.09974551,0.46762928
2792,4232,45f06f5b238fad653f2a691039bfc830fafa92beb314231bb54a575d16c7a459,,1,False,False,7,0.65497154,0.4336751,0.5286521,0.0045124646,0.034067225,0.22129641,0.003733905,0.029303137,0.05211536,0.65497154
2793,3074,b7849f1378a6c4eefd9a0c35bcb463abf434effc9536e6f2b0017653cf4f7d31,F0028,2,False,True,7,0.5010197,0.17923248,0.63350105,0.0034603623,0.060111348,0.32178724,0.0028732666,0.07067207,0.04007606,0.5010197
2794,4233,dd21eda61ba5d328ac12b3cddcbd8ff61196af81f80a9aff84bdea50690fa769,,1,True,False,5,0.3959977,0.13639185,0.7206413,0.0064839977,0.21079652,0.25960585,0.0053663915,0.3959977,0.01240761,0.109341934
2797,336,d96bf364996300e5a1ee1c72c96cebd5a47a8d85caa6d545a7f8bfb3153156cd,,1,False,False,7,0.61956596,0.41730767,0.5573507,0.005336367,0.028359635,0.12989041,0.004407708,0.20225827,0.010181667,0.61956596
2799,4236,17dd2e6725cbed743267d8aaa88196730aecc297b7d9bac80bb222b60791401c,,1,False,True,3,0.5586633,0.32976973,0.5833423,0.0023621272,0.015595186,0.5586633,0.001998282,0.17276514,0.019722398,0.22889356
2800,4237,6ca3be212dcc0e84b5116b47132ca2983fb7110e085d9b9ea8bd528a81c41a76,,1,True,False,3,0.3119966,0.11501069,0.8816853,0.11153641,0.16292709,0.3119966,0.020525634,0.19698592,0.035539314,0.16048902
2801,4238,ba518f98bfb544f2f6e2d0006efa70570ce2afc09ed369f1aca861d1c3487e31,,1,True,False,7,0.51968753,0.3025686,0.7138859,0.0039162743,0.068169,0.2171189,0.0781211,0.08127032,0.03171686,0.51968753
2802,1294,0fbacc1d1c53dc921d62a5cf0ffa663e02846147bea3855453e45c48084d60e9,,1,False,False,5,0.3233297,0.0328584,0.8110442,0.013828502,0.067003645,0.13414866,0.011476245,0.3233297,0.15974197,0.2904713
2803,4240,891b42b8f889c99b83fee1ce04fca94fb2957c6df338e1380304845f3246ed09,,1,False,False,3,0.5829172,0.24659753,0.5114488,0.005927868,0.030310128,0.5829172,0.0049100015,0.028222809,0.01139229,0.33631968
2804,4241,4c4d744314744a12e98f32dc4785f47cf2ae3cf8bd7435b768375b81f7c04811,,1,True,True,7,0.5261025,0.22340459,0.6255338,0.0041726283,0.05923877,0.3026979,0.003439209,0.05639668,0.0479523,0.5261025
2806,4242,5b8f857903eaf4bdf850d30b3caf6c37aaa7ebebe1271310d4f22cefd539a383,,1,False,False,2,0.27380106,0.0023131669,0.88786185,0.13088925,0.27380106,0.12575218,0.09782731,0.08947734,0.010765,0.2714879
2807,2319,2e7359b6e7fd2306b95658147d0847e38dac135abf195ba567499ba8976c724c,,1,False,False,7,0.3110804,0.067468494,0.86265874,0.025916206,0.11463999,0.2436119,0.021449242,0.10881093,0.1744913,0.3110804
2809,425,e3a7d076db363c372f294dfd9f7e64abc30626de072b876396f3d52f9e895dc1,,1,True,False,7,0.61018485,0.40613866,0.6137492,0.013827846,0.07044885,0.20404619,0.011444447,0.063587844,0.02645999,0.61018485
2812,4248,bb2d0ccdec89f29e54c716c4eb0cc0ed9b9072effbf6410668dc83b10b660cbb,,1,False,True,7,0.4241079,0.050791323,0.6414716,0.001675288,0.107647195,0.3733166,0.009805048,0.080306046,0.0031419084,0.4241079
2815,4250,8f64076f86263e4612050ef032f5ae8b90648f8fbc7d8a43bb51cce2a0dae3d3,,1,False,False,7,0.60325485,0.33628044,0.5536371,0.0062872693,0.037940554,0.26697442,0.005203576,0.06830824,0.012031066,0.60325485
2816,378,c7721376c5b143122ccf8ffb20aedca3fb1714976617543c4436238310a1efce,,1,True,False,3,0.4544858,0.29147154,0.8050585,0.096551254,0.06596256,0.4544858,0.02853451,0.1575083,0.033943273,0.16301428
2819,2866,1dc3881716a86c97cbcbd7da153f5d57c9406fe0bb99d7c8a46191c8a69302bc,,1,True,True,3,0.62447107,0.4129377,0.6043723,0.03367622,0.045475412,0.62447107,0.033163242,0.034849823,0.016830834,0.21153337
2822,1275,3df9671b6d2eeb553ab0f41595731fe35e5108463b02ef3538f5a4689f5e7703,,1,True,True,7,0.31108046,0.067468524,0.86265874,0.025916208,0.114640005,0.24361193,0.021449246,0.10881094,0.17449129,0.31108046
2825,4257,53cce5767de34c9fa772c6c381c6dd41313582043e69fa80de3b72e07d79739c,,1,False,False,3,0.6357835,0.49012482,0.5699735,0.0042383485,0.12484215,0.6357835,0.00350497,0.07785522,0.008117095,0.14565869
2827,3906,ee1cf17b9fc85a124c75d8dda4054662cd3046eb283e6ddd597023c6e4f9127c,,1,False,True,7,0.4588527,0.060851216,0.59511447,0.0044280053,0.06809702,0.3980015,0.003654367,0.05851712,0.008449297,0.4588527
2828,2280,dc46c4c053a925f52c6d4d26676089c8452348efff9e3e41761c14a9fbdd6c42,,1,False,False,7,0.48582536,0.17686564,0.65073967,0.0031524892,0.08700704,0.30895972,0.01774051,0.09083551,0.006479348,0.48582536
2830,2683,357742250dbd9f50573614be79182fe71d78818d4fafbb5f0b44ff75b638c439,,1,False,False,2,0.5028373,0.33358595,0.7405786,0.0882749,0.5028373,0.09583614,0.0069152853,0.16925135,0.015879462,0.12100555
2831,2586,8a17b4374518a6ff5d6d173460c702bfdc9bde5d355e1a06771cd9c95751fb1a,,1,True,False,3,0.44788116,0.07887587,0.62767893,0.0016623068,0.11214064,0.44788116,0.0013741188,0.027977435,0.039959025,0.3690053
2834,4262,a051197393905df7b5199ffe17a2417062fcfba805e17ba1539f11da71a7b911,,1,False,False,7,0.4212478,0.09374955,0.7083376,0.0090491325,0.13296342,0.32749826,0.00746507,0.041043323,0.06073298,0.4212478
2835,450,2c6f2f1b962c7c52f25fe4653f4e360a462cc7063653ff3d773ffee4ccdead98,,1,False,False,7,0.2922109,0.05241455,0.8543757,0.023039063,0.10558519,0.22356926,0.019068006,0.09673126,0.23979636,0.2922109
2837,4264,fd7d09403a17e451c7a73add29486d6599fdd3138c9cc2e47f8bb7e194cd7dff,,1,False,False,7,0.6122146,0.47121924,0.62835336,0.013828212,0.13454302,0.14099537,0.011463685,0.060494248,0.026460838,0.6122146
2840,3998,c8b1d5395958c7b0791ffa43cc25c76e3498591561fd5608838dc04a488c1aa8,,1,False,False,7,0.40025157,0.1693721,0.7804176,0.018184168,0.124867804,0.23087947,0.014303593,0.17844321,0.033070207,0.40025157
2841,1302,54bed0449be21419ca988c2e1b515ae27d28e562dae7551bdc4be22e434606d0,,1,False,True,7,0.351367,0.086533934,0.7392722,0.007982778,0.26483306,0.25852746,0.006606798,0.08944918,0.021233743,0.351367
2842,1664,04cf28fa00de6c71e906874c9dd934afbea1cc6b388cd75af576e4bf91de39e4,,1,False,False,3,0.5352898,0.3471995,0.68517745,0.013827497,0.15088446,0.5352898,0.011444162,0.0740045,0.026459228,0.18809032
2845,4269,ff2b085c719634c8dead482446ebf0bce26acd5c26149f32f77df72dac3d6bd3,,1,False,True,7,0.55136603,0.38473147,0.6937251,0.13330047,0.05352629,0.16663456,0.004518956,0.02759401,0.06305974,0.55136603
2848,4272,c778e91f576caa1ad0e59c64d268231eccdb9bf6fa90bcd0fb37619b1fe3deca,,1,False,False,7,0.54103374,0.2723739,0.64007616,0.035765838,0.07208229,0.26865983,0.0016386618,0.06661631,0.014203329,0.54103374
2849,4273,91f991091b0fb0df2b0c1c0f58a05b450ec60d16d38fa7f8c9fc6f428bb53c02,,1,True,False,7,0.663918,0.4527579,0.5313313,0.004141023,0.024380924,0.21116012,0.022890007,0.018981898,0.054528013,0.663918
2853,4276,a93f2554f6fc35bcefafba238969584d68468215e77cede29bfc8d7d26226238,,1,False,False,3,0.35998145,0.108284116,0.73847187,0.0058785686,0.21130775,0.35998145,0.004641994,0.25169733,0.010766075,0.15572679
2854,3552,ea6dd20f09a1550573bc474c3cb60eb7c1005b9293dc61a7c5e5226e11ab94be,,1,False,False,7,0.4197872,0.10222337,0.6780633,0.006306704,0.31756383,0.17831889,0.005367048,0.06048545,0.012170856,0.4197872
2858,2160,a3269687575d613d0360ca2376632814baedc759df5d26d065d47cc5c8676975,,1,False,True,7,0.31196466,0.019847572,0.8111033,0.023095254,0.21293874,0.2921171,0.019067943,0.0967309,0.044085402,0.31196466
2859,2996,1d4503f5600a9b5db08801632fc75e3788a536eb02fbc79bf3043524f527392b,,1,True,True,3,0.33267742,0.089473754,0.8357833,0.24320367,0.21207485,0.33267742,0.022038436,0.09143332,0.025441054,0.07313121
2861,4281,148d5fd740e84be9f51a4cf4137357b1bea2a3c523ce338a72d536a340060e3b,,1,True,False,3,0.55395424,0.37783843,0.66071963,0.0054671126,0.15629919,0.55395424,0.06900595,0.028709514,0.010448167,0.1761158
2862,3472,e09be8e766b8515c1e38624a169ce285ea590a8982fd88a820d673c7ffafd671,,1,True,False,7,0.4381667,0.093535304,0.64145195,0.0015094322,0.062148996,0.3446314,0.0091915745,0.14136031,0.00299162,0.4381667
2863,4282,f137510441dcce09870a971815fd35c447d27fa5c0c29b8e3d5493118e87bdc0,,1,True,False,7,0.3201431,0.048355043,0.82994956,0.035739917,0.09514651,0.27178806,0.0050545684,0.1824047,0.089723155,0.3201431
2864,1415,e3e664d0e628dd19905a4a65498c9e834172a38aae08d4c15a2b9691741d0679,,1,False,False,2,0.42701906,0.16323072,0.74150145,0.015966324,0.42701906,0.17542031,0.01320374,0.073875934,0.030726247,0.26378834
2866,2940,a63186d448bec9c5ba93d9dfe2589c795384a9ef3eef0acc40b7e436877e596b,,1,True,False,3,0.37288865,0.00028699636,0.72154725,0.0076977666,0.09138593,0.37288865,0.006414007,0.09732084,0.051691152,0.37260166
2868,2381,1a80068e3ddfb56bd694d9d7fda4cbd31816f4dc0d8b28072b5fc33d42e9e20b,,1,False,False,7,0.35414997,0.14917964,0.8685083,0.20497033,0.10283761,0.12216007,0.0090361945,0.08070583,0.12614006,0.35414997
2872,4099,fae23a6cce379ce59bc91f1fa709d08dbf53d2dc12c99235a6fc27d732122798,,1,False,False,3,0.47997287,0.2699436,0.76597637,0.008304864,0.077133,0.47997287,0.046897337,0.08163347,0.09602918,0.21002926
2873,4290,c89b8b6755ed282b0007b193ecd1c693022d610ddf92a16aa7b37a2769beb685,,1,False,False,7,0.7923625,0.6604485,0.37963107,0.003517065,0.03412959,0.13191403,0.0029108971,0.02838516,0.0067807273,0.7923625
2875,4292,0bd0d8c0cffa70f77168b0717e580c3149435aff1577ccafdb920a258beea873,,1,False,False,7,0.37438053,0.04536569,0.7257643,0.013875815,0.03560594,0.19362202,0.010182407,0.32901484,0.043318473,0.37438053
2877,2635,8d9e20a0a9d956ea64997347549dabbbaa67283db859f61225b514345d4e1c31,,1,False,False,7,0.35534358,0.086653054,0.74064845,0.0061032833,0.19477294,0.26869053,0.0051049176,0.15830542,0.011679339,0.35534358
2879,777,532c79b1971ed47b3739ed11ad3a1bbfcf8c220ce7f79b8e784319b25b83afb1,,1,True,False,3,0.62206215,0.4381788,0.5713613,0.018412307,0.03583215,0.62206215,0.0025633671,0.18388334,0.005926688,0.13132004
2881,3183,88589431c0f1b5bdad93c1bed14bb6942bdc40c421a44742582da9a1199b7d4d,,1,False,False,7,0.50067276,0.2597362,0.6531486,0.008646274,0.18872313,0.24093655,0.0071559544,0.037319437,0.016545916,0.50067276
2882,4296,f95e9fc61270b528b305deaa6c8228efc80a0de81059dc4e3dcf01f687721a92,,1,False,False,7,0.34233287,0.018550456,0.73734593,0.0009450301,0.060157012,0.3237824,0.027406018,0.21900679,0.026369859,0.34233287
2883,600,cb2866723f84b134e5255065f6fc9d2986e40544236646ea156d10841579c0a1,,1,False,False,3,0.3122169,0.035421908,0.78516656,0.0016635684,0.1648448,0.3122169,0.010551264,0.276795,0.044079553,0.18984893
2884,2665,a347a9d591beb2f6815577dbad30ef516b15e5b78d00b145c093e9784925433f,,1,False,False,1,0.2627948,0.059513822,0.93936753,0.2627948,0.07606196,0.20328097,0.13570532,0.05603099,0.09283802,0.17328793
2885,4298,b4631057c2ea635c6f9f0ac3c13eaac87c5f3222dc0adfefec5b5eff5241d627,,1,False,False,7,0.56322473,0.4188704,0.6991251,0.014816874,0.09272856,0.14435436,0.012262981,0.07297948,0.099632986,0.56322473
2887,2583,aa026f573cc75e181e90fff4b17335b66863fa695ae0f4d5fde18d33107fb152,,1,False,True,7,0.6299228,0.44745725,0.60193,0.032009766,0.039720774,0.18246554,0.021716531,0.08680887,0.0073557077,0.6299228
2888,4300,6b947e97c64a9e51f3fb90d89df9c5254d41372bae52fc1bb06e389e7c179f4d,,1,False,False,5,0.4039083,0.22049351,0.7957497,0.022091562,0.17524366,0.1834148,0.0028156755,0.4039083,0.07207847,0.14044753
2891,1767,184711c67bf07efe10f953195b6ca428d9c5f90d6d6ae1feed6bbbebe882e0d3,,1,False,False,7,0.7055336,0.49805185,0.45903963,0.004941563,0.04564581,0.20748177,0.0040918104,0.021876369,0.010429079,0.7055336
2892,372,7c1e0cbbf73ee7ad94f53f8cc687d64b037b1e71508e4cc704817019ad22f6fa,,1,True,False,3,0.28898194,0.034161687,0.8221832,0.0148175545,0.07828952,0.28898194,0.012263537,0.25104335,0.09978386,0.25482026
2893,4305,41ee0fedfddcd28b7d1a5040dcacdc172d49a9f0d2a7e8859d3334be41575b66,,1,False,False,3,0.39045444,0.06798491,0.7267054,0.006315516,0.10681672,0.39045444,0.026648562,0.13885306,0.008442155,0.32246953
2894,4306,b8baaf1638fd690e6ed4c1bbac5a4a7661ad8163647aaeb5246b7b682057c83f,,1,False,False,3,0.38737264,0.005969316,0.68408614,0.007986222,0.11377029,0.38737264,0.006604065,0.0875944,0.015269009,0.38140333
2895,893,70e805c970867c934fd65f63d91bc419c19bd2c4b0681c3df552d9ea661b34c3,,1,False,True,7,0.2706423,0.019108117,0.84964776,0.020737382,0.11032964,0.2515342,0.017163038,0.09007149,0.23952197,0.2706423
2896,4307,cf8eb1b874b05cc485e040d1229d1c1b37332e4465dacd97a6d976459e095c06,,1,False,True,3,0.5498956,0.37118113,0.6640996,0.005764027,0.05083921,0.5498956,0.039819546,0.17871447,0.01103004,0.16393715
2897,2029,c16f6b003b647f71da40c5299b70487a8aa041c98bf71a92b826591171dfe9cf,,1,True,False,2,0.42515367,0.25238118,0.7978038,0.013832564,0.42515367,0.14380325,0.011448285,0.13982427,0.093165495,0.1727725
2898,1054,2aead3a04c394d0363616b47ff49514bf6f4cba620746d3d75f17865d3f67ce8,,1,True,True,7,0.496423,0.080565125,0.5140027,0.0023165934,0.014100155,0.41585788,0.0019091667,0.06498014,0.004413088,0.496423
2899,4310,c8fbe0eb80c523a76c3ea50fcb29398f6abb64d8323dfb5c3e393ce61d0ffb8f,,1,False,False,7,0.4925279,0.28113806,0.70048743,0.0050654435,0.16344988,0.21138982,0.027912607,0.089298174,0.010356111,0.4925279
2900,3350,41f77a4075ed75a449613b355ec69893cd5f37ce53477fdeeb27c0ff369a6d15,,1,False,False,7,0.5244595,0.313092,0.67296743,0.00942943,0.08454779,0.14434817,0.007804148,0.21136749,0.018043514,0.5244595
2901,4312,7df7422765b016ff8a0acc94201a143b61d52ad5af9e915f61b2bd237e9145ee,,1,False,False,7,0.42953253,0.11266184,0.7117399,0.012207051,0.080842346,0.3168707,0.010099558,0.1243963,0.026051473,0.42953253
2902,2302,e0af9fced382a07684587ad9d4dd2e3e153a7db77297a02275b37f91f046cd7c,,1,True,False,7,0.46917614,0.30000764,0.7557543,0.01234779,0.11328661,0.16517496,0.010098458,0.060747486,0.1691685,0.46917614
2903,271,6cc5160fb86a0a803d5c38b31b72bb6848a2d5193d6562885126faa5eeaf0113,,1,False,False,7,0.33761343,0.04866624,0.8307969,0.012201665,0.2889472,0.15643717,0.065875575,0.056768645,0.08215634,0.33761343
2904,3630,7f7b231045b6250404f855b820918a310020815dd04fd1f1b65c9e8a9d48f282,,1,False,False,7,0.5805883,0.38129705,0.63925683,0.011524883,0.10470622,0.19929123,0.009538419,0.07172305,0.022627858,0.5805883
2905,4634,645c643b6282d926c1af6822373cd0f68bc5d9355b3f27941fc29c95381496c4,,1,False,False,7,0.28845274,0.0542116,0.8391823,0.007986898,0.16950536,0.23424114,0.006609852,0.15975,0.13345401,0.28845274
2906,4074,3c56f841a7aeaa9439c11d853f9c858c7dad6af0749056a36fef3c3a52fb2c1e,,1,False,False,5,0.45063224,0.12059659,0.65083,0.003787686,0.101018265,0.10436894,0.003066707,0.45063224,0.0070904857,0.33003566
2911,4316,db1bff957ec806eff2f8af591af101f16162bd20b5a5a03934db46fb9df9e4f9,,1,False,True,2,0.50260925,0.2761491,0.70669806,0.04583456,0.50260925,0.13070641,0.006361414,0.073319204,0.014708995,0.22646014
2912,4317,cd04fe903248a7fff9db8fe682b0096f9b6a1ff5f95fd8a49a04a3f2546dde6a,,1,False,False,7,0.47639096,0.13901508,0.627576,0.0013189105,0.059573304,0.33737588,0.008026028,0.10718891,0.01012598,0.47639096
2913,4318,c77a3c440485d9583b39a5882a57b3fcb635c83046a0ad51d2f5a916b2fba0d6,,1,False,False,7,0.6058551,0.34343237,0.5351099,0.002502617,0.014283691,0.26242274,0.002069787,0.093388885,0.019477105,0.6058551
2915,2166,283caf80746a4c8d652a8e329c2eaf6cccec2a32fed6e6f0e09d88b178e9b72b,,1,False,False,3,0.6230396,0.3587278,0.5275904,0.003917334,0.027093273,0.6230396,0.0032427749,0.01821645,0.060178783,0.2643118
2917,2462,262113591eb98463a7d850be38977f831eac68d221bb681b8087158eeb958a65,,1,False,False,6,0.36625186,0.15879981,0.8188521,0.017282855,0.0764509,0.20460063,0.014303941,0.11365776,0.36625186,0.20745204
2918,1723,4c2f676602bd07143cb29e8b46c5e263dbb9078d81c2a742989170be9f470c12,,1,False,False,7,0.37817755,0.15215167,0.801246,0.023041172,0.21285388,0.22602588,0.019069728,0.096741274,0.044090535,0.37817755
2919,4020,8cac46f213fba7764920c922a531e5a1e0f8a877e63ddf12889ed66fcca92fd6,,1,True,False,7,0.484067,0.2825141,0.73678803,0.0053334013,0.12280428,0.2015529,0.08234639,0.09368876,0.010207246,0.484067
2923,4325,cf8855a0948dce6f663e1d79f721ddef1070381f4b53a4cfa7981b46782b1940,,1,False,False,3,0.63822323,0.52499044,0.6141623,0.0024150338,0.08366334,0.63822323,0.018635582,0.11323282,0.041704386,0.1021256
2924,4326,580931fe6e00b2578ac82a5cae38201c7d059454206f5ef0630c3b4fa7bbabf4,,1,True,False,7,0.5198605,0.294528,0.6769452,0.012963582,0.22533248,0.15184729,0.010729153,0.05446098,0.024806043,0.5198605
2925,954,390ecd88d1630f4f18edc8c498f8546d598c5d05c1e1291a0e8cbb28489f87ef,,1,False,True,3,0.32630527,0.042438507,0.8018411,0.06696769,0.28386676,0.32630527,0.006504558,0.043669477,0.051779345,0.22090691
2927,4328,912c1975e2a10a1df302012c318559a765ae4bbc9d9e8395f4011f72527b3d5b,,1,False,False,3,0.30731064,0.052174002,0.74459136,0.001332514,0.16616778,0.30731064,0.0076636607,0.25513664,0.009964857,0.25242394
2928,3696,bb65a408e9ce26269315413425fd7ea11afb2bebe32cb3f8b288a6847233a044,,1,False,False,7,0.3110804,0.067468494,0.86265874,0.025916206,0.11463999,0.2436119,0.021449242,0.10881093,0.1744913,0.3110804
2929,3391,992bfb7cdf2d3b2526296520561106901fb9a5fb8133b9a04bfdb5cfe40e6375,,1,False,False,7,0.7583046,0.63228387,0.4556117,0.0057706744,0.039229017,0.12602073,0.032560255,0.027082391,0.0110323755,0.7583046
2931,2754,e8c2912b2bfbf74e9e0f6e0038c0a333e8e39735817b5c1e6eda444d99d839de,,1,False,True,3,0.4240225,0.05752042,0.68082756,0.00829995,0.04127747,0.4240225,0.006869331,0.09731129,0.05571736,0.36650208
2932,4331,c5af0fd8eeaf7313137989876a82dc44ab0f4a9862987f3b507b7ebbba9d0820,,1,False,True,3,0.3419517,0.06221056,0.7337627,0.0016758307,0.107745096,0.3419517,0.001386588,0.23844899,0.029050678,0.27974114
2933,4332,d99374f687358049fcee1bebfb39a28371225e192d48f036351af7cf5eeacb8d,,1,False,True,7,0.45567697,0.2816149,0.7773681,0.017282818,0.093158275,0.17406207,0.014303908,0.07793139,0.16758461,0.45567697
2936,4058,64ae5599d6f609359e82093d771cf619d980b34ff4004e22b8c510442248b62a,,1,False,False,2,0.28300604,0.04851617,0.8842993,0.010959421,0.28300604,0.1118975,0.09102957,0.19509684,0.073520735,0.23448987
2941,2798,a633fa48f6659db83319b7a3ecc7110f58538d089944d25783cf0ff6f1b41ce6,,1,False,False,3,0.38334474,0.15701164,0.81934035,0.018855708,0.085376464,0.38334474,0.015605668,0.14351036,0.12697403,0.2263331
2943,3860,a00435a26fe68b3773183cad02ec8ec2ad9ca832b1d749c08e76aacb3df750cc,,1,False,False,3,0.46741128,0.2702887,0.76048064,0.03921127,0.15066513,0.46741128,0.003816739,0.0884834,0.053289615,0.19712256
2944,68,93f22b568c2b81a80801756791df6256186d1f06337e8c3013d07e0cfbf934ae,,1,False,False,3,0.5041007,0.23024121,0.6160663,0.0022367446,0.17389855,0.5041007,0.012468435,0.029209867,0.0042262017,0.27385947
2948,4341,919ed6368936bdcbf83e34e7335f674a21162ea19b59ef2054b51a1214e6aa36,,1,False,False,2,0.43146127,0.12927213,0.6791711,0.0038798887,0.43146127,0.30218914,0.0031924609,0.11693565,0.007354956,0.13498667
2951,2094,c38d4e12c0eca926a0c8aaee30cff38e9d6c782a2289751580c6a25f09de213c,,1,False,True,7,0.24890986,0.050102532,0.96395934,0.116784915,0.09172892,0.19880733,0.11708314,0.08706481,0.13962106,0.24890986
2954,4348,e92fc2d74dbc65b52d1efc61a5f3bbc1411525d11bae985004df5e8ff31fe3b3,,1,True,False,5,0.2883797,0.05015348,0.7853752,0.010473471,0.23713405,0.23822622,0.008586608,0.2883797,0.019853821,0.19734614
2956,1969,7c5edb6cdcc1299d46b1a5b36ab91a2d1f70463f50c9e2fe62ecf9f7c95ea0dd,,1,False,True,7,0.36569592,0.087780446,0.8122911,0.020780079,0.091728434,0.27791548,0.017195838,0.087064356,0.13961992,0.36569592
2959,2025,c9c36d18ac26d4e0b1781e43ed29d18c3ee483b44dded82e3b99db329b12c8ac,,1,True,False,7,0.38589916,0.0037442446,0.7024225,0.016273234,0.041452132,0.3821549,0.02679952,0.12997547,0.017445544,0.38589916
2960,4268,f8eac79e8e5f46900e8db65dbafcaafea2886e0a5534f7540f94d1d5a2eb5391,,1,True,False,7,0.31108046,0.067468524,0.86265874,0.025916208,0.114640005,0.24361193,0.021449246,0.10881094,0.17449129,0.31108046
2963,3067,7c6f72e43566c6bf2184c0420f1a14ae1591914249e478e188c8bef95d7ff5cd,,1,False,False,7,0.40136957,0.11786786,0.76433563,0.012963717,0.14667207,0.2835017,0.010729263,0.057477634,0.08728598,0.40136957
2969,4059,bb806621ad30767f1ad1183f31e06b49339e0f2ece0ac501e0ce9efd9915961f,,1,False,False,2,0.48817846,0.27848238,0.7256756,0.11869713,0.48817846,0.12101227,0.0063602612,0.041350104,0.014705706,0.20969607
2970,4358,602daf5953e472cbb1125ef61363547f1edca8e3dece0b6e53b005309922b697,,1,False,False,7,0.2749677,0.031257108,0.8455321,0.06941767,0.109566346,0.24371059,0.0016055623,0.24296609,0.05776607,0.2749677
2971,4359,40ad3220f8cdcfbf7db5b7464dad638650ada60a66bc05d2b6e7058cd5403e9c,,1,False,False,7,0.5736289,0.37197423,0.62996525,0.009429369,0.1337976,0.20165466,0.0078041004,0.05564196,0.018043378,0.5736289
2972,978,a292a650f14f6180a05c67cb860a27c0ae2fad1d842c0289d1bebe9cd7609725,,1,False,False,7,0.44522655,0.13310412,0.6688138,0.0427882,0.024738273,0.31212243,0.0031840196,0.16458647,0.0073540807,0.44522655
2973,53,2018c45ba26ec4af2889947ad0e2c1406795d7e0b13f42ba846f9895b2236485,,1,False,True,7,0.48102707,0.2337952,0.7061564,0.009878881,0.059580788,0.24723187,0.008176126,0.04527564,0.1488296,0.48102707
2975,4070,194c0cbec353ff06b551c302f3d91eb2c6a2aa8e467701fa72b55f1d4756fc1b,,1,False,False,7,0.39049417,0.0349752,0.73479265,0.062199604,0.1160056,0.35551897,0.030830128,0.033400368,0.011551168,0.39049417
2977,4025,ab87c4502e7372ddb726bcc354ca16b6fd54b1fdd67ee6c7b3b4c5d7231dbcc7,,1,False,False,6,0.3176748,0.058643878,0.82128483,0.018852439,0.08339362,0.2590309,0.015602997,0.07915334,0.3176748,0.22629191
2978,4366,238d9ee61244da23de83156e1f0b7a9551078538c57b131e84bcb1a5d78985e6,,1,False,False,7,0.5218205,0.24102312,0.652926,0.009432127,0.04565448,0.28079736,0.0078043584,0.09447497,0.040016238,0.5218205
2979,2073,b84995b9147276808d6ce9b7ff20b7fa48b8493a9dd9b252ec2f7a3cb7831dbf,,1,False,False,7,0.76618314,0.60427296,0.40667662,0.002208071,0.011799802,0.16191015,0.026512919,0.01634241,0.015043503,0.76618314
2981,4369,7bd2ce023643dbf07e093b84489a79cfb407b5d682bd03957f037900e6345552,,1,False,True,7,0.44154537,0.08691463,0.7037557,0.030203212,0.041352414,0.35463074,0.029225513,0.06809704,0.034945726,0.44154537
2982,4370,34041db31ef89f2fa18f98cde29e519217cce5b2a78073ce0ac753081b0b879d,,1,False,True,5,0.29316196,0.008528143,0.7937237,0.022102762,0.1826226,0.28463382,0.02126724,0.29316196,0.0072202487,0.18899134
2983,50,48c270d35ee0bcd93833a1ab817579b35a870eb87fcba129bf5de9d750b39de2,,1,True,False,3,0.5463864,0.3289875,0.6176608,0.00263622,0.081336536,0.5463864,0.0021746566,0.21739891,0.0050830957,0.14498417
2986,4373,c683111b0c396f35005b66da0ad6dc23bf2a27c4aa982f2f98c7f8124fc8377e,,1,False,False,7,0.48039582,0.24023113,0.657987,0.0049509797,0.026176983,0.21095793,0.004088683,0.2401647,0.033264883,0.48039582
2987,3218,43535a2c24932919e2efa453f5d7bc22c2f1af05a1230169ddad7518859e34ec,,1,True,False,3,0.36759692,0.049568355,0.7681449,0.011528935,0.05645893,0.36759692,0.0095417285,0.12875167,0.10809324,0.31802857
2988,2034,6cb6ed67544d531f76cbfe524f60d97bcfffb55ad9e26d59a82147821ad324f4,,1,False,False,3,0.41465074,0.1315983,0.69028395,0.0042412984,0.042804502,0.41465074,0.023852339,0.22329578,0.00810295,0.28305244
2989,4376,677152961ce6ae8465671645324f35e8beaeb850f5095aaacc10669f3161c9af,,1,False,False,7,0.49757203,0.17553952,0.6303501,0.0055148397,0.10368264,0.3220325,0.004518883,0.029483227,0.037195828,0.49757203
2991,4378,57de0c36fbbe79f8a08e095803f4f0b7a7d9ca325e7abed3ee7efd323778ea31,,1,False,False,7,0.62477416,0.3935808,0.53907216,0.0051916293,0.10100437,0.23119338,0.004297067,0.023613004,0.009926432,0.62477416
2993,2810,f7ac7039a8740eca25dab4b9f6f563c8571d0e00ce04b32e4b091f33a9997ac7,,1,False,False,2,0.34229717,0.13155432,0.83809644,0.21074285,0.34229717,0.13758086,0.006604876,0.037354037,0.07168288,0.19373734
2997,4381,0003e50099fcbadb49b4a1ae1fdc5d30a166ef73ea5c503b8aed56720a382b58,,1,False,True,7,0.54151714,0.3479366,0.64438295,0.00865552,0.04904562,0.19358054,0.0071544703,0.18326697,0.01677976,0.54151714
2998,4382,a7a59cda5fbef2941043dccae4052547679c32a719a86dd0e7c1ffc774db0760,,1,False,False,7,0.5369175,0.16611248,0.5369589,0.003099387,0.034116454,0.37080503,0.032596864,0.016428042,0.0060367724,0.5369175
3000,4383,2045f3b1e866b329694c7137c018a9e10b204f2e5a4461813438145bdc54ddb6,,1,False,False,2,0.31666932,0.050130516,0.83828473,0.046984743,0.31666932,0.2665388,0.111430585,0.18208401,0.005598917,0.070693575
3001,1962,db38f769dd0b2dfed461b7cc1e0b24fa045268e64b9a42e9e52064f775573696,,1,False,False,7,0.54315424,0.22797784,0.6020296,0.0025629627,0.028701222,0.3151764,0.05331747,0.03216777,0.02491993,0.54315424
3002,4385,a4071a42e4702be23318bf45b21d0dc940fabbb76d8bbd625ae9e8ad1b6071bb,,1,False,True,7,0.71690685,0.5803149,0.50687134,0.02954017,0.010126943,0.13659194,0.042192377,0.06076937,0.0038723482,0.71690685
3003,1578,1f41ae5413d8666d105f8023358f4e94f08f36394a7268f4a9a71da74726fa45,,1,True,True,7,0.39907825,0.18852583,0.8054546,0.017285757,0.21055242,0.1697951,0.014306316,0.07257728,0.11640486,0.39907825
3004,4388,e0683450835d6f28fe886008fe27f6006d687f327420f6e9bc2eb5af8772d07c,,1,False,False,7,0.49918362,0.27408636,0.70986575,0.015954519,0.14310566,0.22509725,0.013204557,0.07292482,0.030529588,0.49918362
3005,1356,524e0b2cae7b3e8ff58c1870027214dba46f62bea7f61ca13205ef75708a89ac,,1,False,False,7,0.6074297,0.4599862,0.6131578,0.007158558,0.10749687,0.14744347,0.005926903,0.11085206,0.013692404,0.6074297
3007,4389,b25926429b19866ec81fc176298f7c23bb3e562602bebf5de7babf5a2d791723,,1,True,False,7,0.3640528,0.08430478,0.7821849,0.00669432,0.27974802,0.14470187,0.005538862,0.08041035,0.11885379,0.3640528
3009,4391,77f0c09aecc17333fb55b51c80ea28b9619af6149dad46c05ed51fc40a7a5612,,1,False,False,7,0.53820395,0.3668116,0.7275793,0.014815027,0.08778567,0.17139235,0.08363862,0.07581542,0.028348954,0.53820395
3011,937,08319be4ce887f47b7c7c2e57018c3e6c27dc4b061e7abc3616de95239748c8b,F0029,2,True,False,3,0.71577144,0.5360483,0.45465398,0.0021944067,0.059821453,0.71577144,0.0018103756,0.03657737,0.004101798,0.17972314
3012,3228,b61df1234549976cb9873379ef61c670de94332fb52e9bcb47776a44804d0d6e,,1,False,False,7,0.5686154,0.39734292,0.6745447,0.012300704,0.053787224,0.17127244,0.009538866,0.06886043,0.11562489,0.5686154
3013,4394,7c52100d7a7dacc64a2485157bdb14974ada29dd025411a9596797e6a3a42d80,,1,False,True,3,0.44706258,0.22143844,0.7341249,0.05838037,0.22562414,0.44706258,0.0019108223,0.14826433,0.0044130213,0.11434471
3014,1069,d0024d07e91f7a81b83c440fb4b93c5c19a2b94d18bcbd418273f8e30f555e22,,1,False,True,7,0.39051875,0.10073942,0.7209025,0.0039512403,0.08306539,0.28977934,0.0032467027,0.1979401,0.03149847,0.39051875
3016,4396,87063852d636befd64d20cf5bfcddbb625880e233f5caae10862d4fc18ed2361,,1,False,False,3,0.4632161,0.13846755,0.6804027,0.0030582934,0.100680575,0.4632161,0.0196483,0.04321354,0.045434624,0.32474855
3017,4397,108ad419e011279e6a02606eefdd21b41091413a2737a703dfcb459c153bd1b8,,1,False,False,2,0.39847457,0.22119549,0.83612174,0.011531966,0.39847457,0.12244718,0.16137026,0.051298957,0.077598006,0.17727908
3018,3002,990a89c6d0bf9be74a9c9417f3e0b86f25457943eae254fce8f82ead395533c6,,1,True,True,7,0.63690907,0.41417873,0.5462445,0.0074116946,0.08067022,0.22273034,0.006134169,0.031919822,0.014224708,0.63690907
3019,1540,103b3ad9ce11d1ca7b2e809eb7c707349a3102c6406366d1a1871a050499c134,,1,True,False,7,0.39504325,0.12325141,0.79731435,0.025916683,0.11464235,0.27179185,0.021449631,0.12156424,0.04959196,0.39504325
3020,4398,3ba64fbfbe2df403fc49ab68c971a50dc3fd723b4d9ef93f6aed5bc2193ac044,,1,False,False,7,0.49127954,0.33348912,0.7520931,0.013828272,0.081598304,0.15779042,0.011444793,0.14723194,0.09682675,0.49127954
3024,4357,c4895f03a1515f13df02263085cf2839ee7a0c5ce3c50a1eb849d90bf1a0abb0,,1,False,True,3,0.40195918,0.07706979,0.7379474,0.011536492,0.053795714,0.40195918,0.009539961,0.0729851,0.12529413,0.3248894
3025,3060,289386f763fb144cfd942bab4021e68880ca7a9efe7ee4823eff4383aafe069b,,1,False,True,2,0.5250623,0.29761153,0.66928345,0.009120015,0.5250623,0.10864735,0.0074678794,0.104983844,0.017267808,0.2274508
3026,3477,dbe356b32fcb89997999243ef7bcb67a6f16f985ce29fd750b99b347b6cbebf5,,1,True,True,5,0.4557535,0.081523806,0.6310694,0.012650276,0.066391975,0.07454948,0.0017894607,0.4557535,0.014635579,0.3742297
3027,3022,61c7e5a6b1739f2f2a727c813602c054b69646bc834dd15d248311427a659b62,,1,False,False,3,0.41799855,0.19575934,0.8102589,0.01383263,0.06119133,0.41799855,0.07805234,0.058079965,0.148606,0.22223921
3028,4287,6e458bcbf11bd799552da2bced846591a817076c3aacea3a760d54870120fae9,,1,True,False,3,0.5563967,0.33069897,0.6748037,0.062000405,0.02669886,0.5563967,0.022314398,0.08204835,0.02484352,0.22569774
3029,1634,526ff41f07651c9a30bc8cccc6d39a4f6ddfb875eac0f330d19bab09bcd4505b,,1,False,False,7,0.5672714,0.30349687,0.6177195,0.011527138,0.06304759,0.26377454,0.009540253,0.061889563,0.022949537,0.5672714
3030,1277,67f6cb00d8b82e20b9b1f5557372a38ce4ccd8714da6493ed85cade493d55848,,1,True,False,3,0.58737856,0.27754483,0.5447233,0.014149099,0.026001912,0.58737856,0.04037125,0.013387486,0.008877887,0.30983374
3031,2329,e92d952d2c5d150f922bcd3dc81d09ebbe9bde7505245cce2c9f85d8bba07547,,1,False,True,3,0.43876123,0.14271611,0.6938465,0.002575199,0.15166703,0.43876123,0.0053961826,0.07719857,0.02835663,0.29604512
3032,4402,6201c1ef777209bb512645e37472be2623bd249034407f9789185ecfe45dbf74,,1,False,False,3,0.3632556,0.018071383,0.7719316,0.023040755,0.10862126,0.3632556,0.019069381,0.09673923,0.044089563,0.3451842
3033,4403,086d11c2378aa245864bd470aff7d8522a3261be42f4769f2b499ddd76d937f4,,1,False,False,7,0.4915393,0.2232453,0.6443679,0.0064851963,0.04136227,0.268294,0.005414743,0.17449561,0.012408869,0.4915393
3034,586,43b5d9cec5cf3570910cc86d6f369596695f57888076da930bb18f2e3a31e431,,1,False,True,7,0.3294758,0.078764796,0.84004515,0.097602114,0.14158554,0.250711,0.009039406,0.14550228,0.026083887,0.3294758
3035,1852,30fbf66f4e57b679981d62324e5b8f3b9b918477be2f28b5172f5ab0644d2faf,,1,False,False,3,0.41495863,0.2180186,0.77304584,0.008352438,0.19694002,0.41495863,0.0068687964,0.1585034,0.055887476,0.15848924
3036,4405,e84e01e065f4a6ffc5611eb66a341aa0728426ad6ab08ef32067f97a2d77caf4,,1,False,False,7,0.51268965,0.31640047,0.7112487,0.15273657,0.06196861,0.19628918,0.008176374,0.049235065,0.018904552,0.51268965
3037,4406,d6eb7a8ec28d270fccae362201a33ce6337cd23e18ff22b26599f5182e538299,,1,True,True,7,0.6650804,0.45101836,0.52505904,0.004720903,0.050023127,0.21406206,0.030518387,0.026569495,0.009025605,0.6650804
3038,4254,52c6a4d8983b6c2e1702becc4263de294197528d7d501d1100ccead43e54a871,,1,False,False,7,0.5170827,0.3447801,0.7356428,0.0043237126,0.17230259,0.1239961,0.05035741,0.049602892,0.0823346,0.5170827
3043,4082,e1b382806901e765dc10f41973129f99ffe4e368ce903b69ef631543df6c7d07,,1,True,True,5,0.34617665,0.042197466,0.7737347,0.015969511,0.101240635,0.18889317,0.013206293,0.34617665,0.03053455,0.3039792
3044,1324,4c52eef37ff8917948ea11c54524592447c2520ed37d90d156804fb58d8e3682,,1,False,False,3,0.43857107,0.17222989,0.7288653,0.002827745,0.26634118,0.43857107,0.0023260033,0.07623547,0.10059561,0.113102965
3045,4410,1c054a6ded32f2b304c1e8d9d3298ab440d9415d9a8ee9e9e90149f3ce00e716,,1,False,False,7,0.4459995,0.24374181,0.7581133,0.10691328,0.16697308,0.2022577,0.0058813035,0.058739413,0.013235704,0.4459995
3046,1705,85969f56905aa7cc5b62b791826ed55be32354b61b536131f5ef09970cb230c2,,1,False,True,7,0.60887873,0.31821433,0.5240712,0.005613465,0.04398997,0.2906644,0.004641179,0.03548152,0.01073077,0.60887873
3047,4411,0f74e472498b617fd9f243b421c408e20f0e1caeecfc21a244474969b4c33f81,,1,False,False,2,0.53172386,0.3118779,0.67796516,0.109299436,0.53172386,0.21984597,0.003996596,0.045205984,0.009233352,0.080694795
3048,434,0f332bcb91f3de7a393818cffad538d80f28b806120882eaeeb2b78a72ae4c1d,,1,False,True,7,0.59426993,0.28693116,0.53217083,0.007409999,0.039478254,0.30733877,0.0061327866,0.031190695,0.0141795585,0.59426993
3049,2045,9668b6939beb34159afdb5f68492a5b9a6446be00d83ceb9a4710cebc284ed85,,1,False,False,7,0.5267708,0.24574122,0.6436373,0.011524417,0.10005841,0.28102955,0.009538038,0.049026262,0.022052523,0.5267708
3050,4412,5c44966a7907021f4d4c74f1e2cc51fc022f94e7b407d7e7d75a545324fd68f7,,1,False,False,7,0.7111943,0.5066828,0.45388785,0.002140483,0.017395865,0.20451145,0.022642614,0.038009353,0.0041060084,0.7111943
3051,4413,7e8edc0f242f22a8fce5221bde32c11c539afaec0b904531e42800aa2e329f97,,1,True,False,3,0.33979172,0.00898543,0.77608144,0.00988777,0.3308063,0.33979172,0.008176618,0.084825866,0.07963664,0.1468751
3053,4562,32a9d362aa773612a4c33aefb9cc9dfc49b3c28b168b218ee6605a253d76b7a2,,1,False,False,7,0.4849662,0.2939008,0.7590029,0.0188538,0.08340037,0.19106542,0.0156041095,0.07915974,0.1269504,0.4849662
3054,4416,8e91053da8bb369afc678bd8f541899e721521357d803b847eb5d9f77e2b93e4,,1,True,False,7,0.59585637,0.3563428,0.5646302,0.005460626,0.118132114,0.23951359,0.00451941,0.026068533,0.010449413,0.59585637
3056,678,24d164316b478c3b89722525a5f8469a9da85a66fc491f1d824d5d7657797e05,,1,False,False,7,0.40754363,0.18133548,0.7744036,0.08624758,0.05357863,0.19407584,0.0020207493,0.22620815,0.030325446,0.40754363
3058,2330,0c4e512c66722436e50f86891d9be3f3f5a62e7570168484acda521d6aa689b0,,1,True,False,7,0.5094293,0.28343242,0.6712936,0.0067529217,0.12202859,0.22599685,0.005539613,0.1174445,0.012808196,0.5094293
3059,3869,bab2dc0d0bb9c2b412cbfd6f9f69beb48e897cf60e184795610246bf102f350c,,1,False,False,7,0.33251768,0.050032467,0.75258857,0.009021182,0.045375273,0.26219803,0.0076516373,0.28248522,0.060751002,0.33251768
3061,3204,0805665f860eb459db5b08899bf393b9e578896be51871934815e6092bf3adba,,1,False,True,7,0.7304093,0.553708,0.45682278,0.026375733,0.02547348,0.17670129,0.003737472,0.028602771,0.00869994,0.7304093
3062,4421,386d5d8d69083b6fec67d1f0bf908c1a50a011f19968c72edb0f0b1fcb0ada76,,1,False,False,3,0.4774079,0.26464683,0.7440743,0.013829172,0.06646745,0.4774079,0.011445528,0.07933284,0.13875602,0.21276109
3063,4422,51931f45d232d78bcaf15d7c3021332532ca194f9ef58fbc98a2d82895727377,,1,False,True,7,0.40217468,0.08354798,0.7552903,0.02074222,0.11445767,0.3186267,0.017166985,0.08713864,0.039693076,0.40217468
3064,1220,3b3b4020d931f4119593433d29bfc876f196fb39a3980eceecfc9f6b73891321,,1,False,False,7,0.48896524,0.2313832,0.7022504,0.010452212,0.11746441,0.25758204,0.010221021,0.036677122,0.07863797,0.48896524
3066,4424,4e9ff483c60fc4bf1ca018ee4db6de7dda714e0990a0adfc56a8a12ddca8b9b0,,1,False,False,7,0.30935743,0.063932,0.7814352,0.0048856954,0.22183232,0.18131933,0.02794301,0.24542543,0.00923675,0.30935743
3067,292,06cc8efcba08f4a19363db4377968c5756a749ba357c6863c8d345586d100264,,1,True,True,7,0.4222708,0.08749798,0.71617,0.015953721,0.111766465,0.33477283,0.013203904,0.07150459,0.030527728,0.4222708
3068,993,d1f68eff2036190ff76753efdae6a37cb37fd21c6a086110277d95979b3ce28a,,1,False,True,7,0.4031309,0.0030435324,0.6756378,0.00797968,0.058304653,0.40008736,0.0066334824,0.059430934,0.06443303,0.4031309
3069,4425,bfc388fe6d0cbfdcc363141d9e32f3594de6efffc00dba2c14fd54d37a4442af,,1,False,False,7,0.7798799,0.65068173,0.41165555,0.006700146,0.030216573,0.12919816,0.005542304,0.035645913,0.012816945,0.7798799
3070,716,f9f99319736f92f07c2df01345162b95a7191519644497ddc63369ee389c0613,,1,False,False,7,0.38725176,0.17171685,0.81329453,0.18535255,0.084373504,0.21553491,0.02925339,0.088302724,0.009931158,0.38725176
3073,3544,fc53c7828bc87007f6c51e445e591a14ef19a138a71a2b127dc1dcdfd5608abd,,1,False,False,7,0.68409884,0.5002696,0.52569216,0.010373898,0.048440587,0.18382926,0.008585809,0.04482005,0.01985156,0.68409884
3075,4426,30a129b58a956bca2c67cce47d0f92d8a4050760bbb3e1cb4ff02012e835639d,,1,False,False,2,0.32936898,0.061362654,0.75692695,0.06447479,0.32936898,0.0619313,0.0029614929,0.26601332,0.0072438144,0.26800632
3078,2650,c8552109df6a850809d68375c8acab9a9173161f5982239e5f51a0b9ebe990b2,,1,False,False,7,0.47433397,0.27155086,0.7426548,0.07506778,0.20278311,0.16500618,0.003994341,0.045069896,0.033744738,0.47433397
3080,3203,3cd146991555727b24ec01203c292c06b8822e974631f76fec22022f437b7b6e,,1,False,False,3,0.36915338,0.1445135,0.84043163,0.16947559,0.090194665,0.36915338,0.014242931,0.08522395,0.04706962,0.22463988
3085,4432,a8c851e572e930a2bd0a5ea91c2abd5498247928f9c81014937aa04fae2d0b5f,,1,False,False,3,0.5211298,0.16963634,0.57239753,0.0032429937,0.023506466,0.5211298,0.076725855,0.017693736,0.0062077623,0.35149345
3086,4433,775ea9c04374b4b890a7e3c084b6084ca483f8abf9d68604ea0a4eb16e1f30cb,,1,False,False,7,0.3837697,0.14454998,0.79695815,0.009020094,0.23921971,0.12327371,0.0074653616,0.1330548,0.10419661,0.3837697
3087,4434,71a338c0e82deab245d4f0b7e65e652b08afc0ffa4071b65d794e05407899188,,1,False,False,7,0.6052282,0.36221662,0.5836304,0.009880575,0.056764238,0.24301156,0.0081775095,0.05803012,0.01890773,0.6052282
3088,2470,3b4e35a5be3c6431fdac1d9d8fdcb49d82b5cbf0e3c17126a506325203a27c4c,,1,False,False,7,0.70855474,0.60301656,0.5388025,0.00987815,0.055207066,0.10553821,0.00817553,0.04615402,0.06649229,0.70855474
3090,868,62fe957b73f5fc77a84eb9b068e9b2308aa0996f04d8a512f52abfb95f88cca3,,1,False,True,3,0.31545103,0.060622334,0.75493187,0.0061260248,0.21841097,0.31545103,0.005050571,0.2548287,0.011677304,0.18845545
3091,4435,862305837d1049202ab87098a14eb1b38e43685ffddda71e58e217dd8061520e,,1,False,False,3,0.30332488,0.061458185,0.8289013,0.02952499,0.17899327,0.30332488,0.0039028905,0.18663882,0.05574841,0.2418667
3092,4350,828d19793e06fdd3671935bbe4cfed472998012995c14ecfad4e74bf4c46e159,,1,False,False,7,0.39553404,0.06087053,0.6129808,0.0042938194,0.010351616,0.3346635,0.0005802109,0.24636805,0.008208719,0.39553404
3093,2376,856836706a1cf6bac95db5a0dde6c9bbe76b5ff85ac9c4535d8bdab5a58e9470,,1,False,False,3,0.509563,0.1777904,0.5818156,0.004194772,0.023249106,0.509563,0.003435241,0.11984231,0.007942872,0.33177263
3094,1425,ec1a595fcd19c925998fd4a91dbb912c06eee3fefa75d7424de08cff650a9e52,,1,False,False,5,0.41677862,0.10460803,0.73034203,0.010409473,0.051558234,0.13073198,0.00858471,0.41677862,0.069766425,0.3121706
3095,3114,28a41b190ee9a4b370974b4562e0e1aa9c2fab6a48b05913ab623a3669b06bb9,,1,False,False,7,0.30620396,0.024486125,0.8252204,0.047224604,0.28171784,0.23777887,0.046893395,0.044995133,0.035186216,0.30620396
3096,4439,b45e9ba110f373d43c1fb5d7526d2008466dfa38a9f220e8c7e38549f4ff811f,,1,False,False,7,0.54502976,0.31696945,0.63546264,0.009432021,0.22806032,0.15195224,0.007806267,0.03966989,0.018049533,0.54502976
3097,2911,bd8cc86a7e60be55c71092b48fcba33c36208e65183cd6e4ea5582987f08c66b,,1,True,False,7,0.32614306,0.078605294,0.8663993,0.017285258,0.076462805,0.17020783,0.089788355,0.072574966,0.24753776,0.32614306
3099,293,3d2db570f71e35d71e311dfce28afa9e99fa9c95fa458b775c6da62750a478ca,,1,False,False,7,0.5371434,0.26113263,0.62974095,0.008298129,0.08727421,0.27601078,0.0068681026,0.06852667,0.015878716,0.5371434
3100,4441,1cd57a34516c5a82f6fae01cbe5ee4673e1eecc1e141e99d26bc21b1f0db5478,,1,False,True,3,0.50200474,0.29118836,0.70408297,0.004170104,0.10570092,0.50200474,0.04342103,0.12594305,0.007943746,0.2108164
3104,4335,28367f5ece7cfe3752ec4824d7287642e29337f7e925805467da6d87aaf53ec5,,1,False,False,7,0.2851575,0.029452533,0.8357962,0.017452741,0.07777759,0.25570497,0.014304384,0.23322307,0.11637973,0.2851575
3105,4446,87833ea86da1d84d849f72525b2a16b44462d24fef5423635adf40697aae1fb4,,1,False,False,5,0.39930218,0.17516659,0.7987545,0.11550958,0.2241356,0.09240716,0.007154492,0.39930218,0.016541764,0.14494921
3106,364,22da872aee6bdf984f2e53ce42c912dc03cb01db378cf3f7408690226286511a,,1,False,False,7,0.4441712,0.19072986,0.76411676,0.059312645,0.07213914,0.25344133,0.0035787744,0.11741276,0.04994414,0.4441712
3108,2697,632b62ee56fad6d9bb9f1fcd410480591085930896cce327a4de78e906dccaa1,,1,True,False,7,0.52309734,0.22147655,0.57940805,0.0038661477,0.142542,0.30162078,0.0031814175,0.018251412,0.007440861,0.52309734
3109,461,983fc20a41315e46511bee6c043d2c81a2c7a4becaad9150fb867b40f9b1355b,,1,False,False,7,0.54935133,0.27973288,0.62333655,0.0031281875,0.07858722,0.26961845,0.032430038,0.060770996,0.006113762,0.54935133
3110,2012,9c1d178585e64c7259e0e7f4633e6be55672d2fb2b1f2f507a3b3c0b9732f183,,1,False,True,7,0.60735697,0.3735239,0.5780348,0.0031458354,0.050992507,0.23383309,0.021754855,0.07651549,0.006401307,0.60735697
3112,4244,c414cad4b3df158aec4c52ff60620b68e579c5c06c5705e5525ea5d95aeb8155,,1,False,False,7,0.28326946,0.010214686,0.82678634,0.013064749,0.15322112,0.27305478,0.01073557,0.19822042,0.06843392,0.28326946
3115,4451,a5a44846fde1e40194473caa5616a8a61fd0df6295e6684a9d5a4088cd763249,,1,False,False,7,0.6348809,0.41213495,0.55392474,0.0039150333,0.036962062,0.22274597,0.0032442564,0.061806608,0.03644517,0.6348809
3117,758,d968d2a57abe5a0be8641e2e0f4a82c7dbdf2c207415d70bac347e5bf5b5e44b,,1,False,False,7,0.42437822,0.01841417,0.6303448,0.0048262347,0.034016885,0.40596405,0.003995639,0.094316065,0.032502882,0.42437822
3119,4454,73659906343e1e854ed1e75022721b43a539f46e998bc770d4b989ff279e924b,,1,False,False,7,0.3469512,0.12580489,0.82910573,0.020736739,0.09172894,0.2211463,0.017162513,0.08706483,0.21520948,0.3469512
3120,94,a0ea742f93d5a373a93070fe10c02df342001d00b9dc105b116bc0da3c17a4dd,,1,False,False,1,0.22202314,0.009384081,0.91758215,0.22202314,0.16629858,0.16017514,0.006871028,0.13603239,0.09596063,0.21263906
3121,3257,52bb980f87c5e812ee6294df582a32dd79201ff66a5160b974ecd59795c1756a,,1,False,True,7,0.55517375,0.2948937,0.60489315,0.014962054,0.05272375,0.26028004,0.002120673,0.109749354,0.004990348,0.55517375
3122,3382,e9546814d570c78e9e11fa731d96a1fcee4868bde7f763f7ba46ff674eb63539,,1,False,False,3,0.24535151,0.00520736,0.85918826,0.018852618,0.18876395,0.24535151,0.015603143,0.07958059,0.21170403,0.24014415
3126,939,c3ce145f086df4169321f2501290dddbb8229196fcf7d8efcad4152cd7000380,,1,False,False,7,0.6308497,0.47425455,0.5817424,0.00864546,0.13811326,0.15659519,0.007157366,0.042098816,0.016540136,0.6308497
3128,286,287370fc34786d9da711e9ba5d208a3c15d9fed3057f199c608237d78301dbb0,,1,True,False,7,0.519549,0.3109448,0.718104,0.020737281,0.106643125,0.20860423,0.017162954,0.08762203,0.03968136,0.519549
3130,3197,e6b391651f8eb3aca4e8b2b3c28c50a856e4dd61e4fb21ea0b86df21d6c72dc9,,1,False,False,3,0.5720188,0.35376436,0.6047963,0.0034803308,0.1090577,0.5720188,0.002821992,0.08755258,0.0068141464,0.21825445
3131,997,799f7c0218495cabc2922e2bfe9725e1887c685af752beb6a64b234dc5b8b619,,1,False,False,7,0.39509743,0.14004532,0.8086793,0.025163734,0.25505212,0.13900918,0.048532788,0.107191645,0.029953115,0.39509743
3132,318,bfbf4f12f8c39fa5c146c2968d3597d736f8117cc67bcae07b1d2d5e7ba9e4bf,,1,False,True,2,0.42314413,0.18934739,0.7327971,0.03516788,0.42314413,0.07577105,0.0011615095,0.23379675,0.017798224,0.21316046
3133,4459,f07093f6532e503575722813b4d80143c4d0a70bf56e121fd4267d8a4ddece04,,1,True,False,3,0.4103168,0.048083514,0.69496715,0.011524357,0.09840375,0.4103168,0.009537987,0.08593154,0.022052333,0.36223328
3134,1199,6166bf7f7a01579231931edb81a321af995aade343f7c181f9d6abeddf85e378,,1,False,False,3,0.32165888,0.015899658,0.77747124,0.013831676,0.06235061,0.32165888,0.011473094,0.05839332,0.2265332,0.30575922
3138,3293,bdb6cdf7bf490242ed7604417c22734e3cb08c3ed06b337351ae6a6f417e5793,,1,True,False,7,0.4967246,0.15259469,0.61999357,0.004721653,0.05815102,0.34412992,0.00390315,0.06066143,0.0317082,0.4967246
3139,558,0da04e74e486a0d76b9e417e89094505ce13f1a4f58374e97cd5483e46121ead,,1,False,False,7,0.27668118,0.060006917,0.87035257,0.023049874,0.21247682,0.21667427,0.01907681,0.09678196,0.15525907,0.27668118
3140,4465,3512de993adb627478923ebc5d3ca5b427753b4b5f1377173db9d502a868f34c,,1,False,False,7,0.54428023,0.3012334,0.6463933,0.051875606,0.046554767,0.24304684,0.002490015,0.10450374,0.007248782,0.54428023
3142,4314,d9ed6cbfac7da34d739952a03c190f3611c7d420026d776133cef994d9a3467a,,1,False,False,2,0.4362669,0.18572971,0.7412162,0.0071639237,0.4362669,0.1622325,0.039022155,0.09125499,0.01352234,0.2505372
3143,2171,d3ae1c9394a2e38df932e77fb1d78c5e733005f4e70950780c7a8d83e24cb0dc,,1,False,True,7,0.4973233,0.21616474,0.6922241,0.01728276,0.07645043,0.28115857,0.014303865,0.080410086,0.03307098,0.4973233
3146,594,18d007c874e392fa224a521c0ca92ab6baeafbf99f4d454e7931eba3a887dae0,,1,False,False,7,0.31108046,0.067468524,0.86265874,0.025916208,0.114640005,0.24361193,0.021449246,0.10881094,0.17449129,0.31108046
3147,3259,f0c6a40231d4c089994111e8f62cafc721da8687489a5289307242f13a070f87,,1,True,False,3,0.53937906,0.20099631,0.5537568,0.0019849986,0.085223794,0.53937906,0.0112483,0.010473651,0.013307451,0.33838275
3150,4473,ecd358150675f0af54efbcee1ca77ef2047203ea2bf1f34d5634b7e1e02eb6c7,,1,True,False,2,0.6582452,0.4288298,0.5078901,0.0053274375,0.6582452,0.064907625,0.0044111363,0.027081573,0.010611668,0.2294154
3152,380,de748e980faee831cd994374a5184f13d9acdab025d6994ad33b2adbb78fd507,,1,False,False,6,0.2738789,0.054081663,0.86930716,0.017283209,0.15642248,0.17785962,0.014304232,0.1404543,0.2738789,0.21979724
3153,4475,bbec1362d4af4ca7870bae300e79259358f1a3e2201f51086a90f39ba5be18e5,,1,False,True,7,0.38564095,0.10300666,0.738675,0.005062998,0.18290228,0.2826343,0.0041888775,0.10551899,0.034051627,0.38564095
3154,4160,250a45a2098088cfd5d015320b772c81fd580d49888aa4054b9d91438a0ce8ad,,1,False,False,7,0.6692187,0.47163302,0.5245543,0.0040712534,0.025866972,0.19758569,0.07264161,0.022806805,0.00780891,0.6692187
3159,3695,aa3ae1da7512dcdfb5b9af5d80c753eddbce1bfa584f89893925a5be51c6b8e1,,1,False,False,2,0.56048816,0.2779703,0.5877485,0.0024413974,0.56048816,0.06386762,0.0020270643,0.07094469,0.017713193,0.28251785
3160,4479,4c791799cd7841344d88227eaa308f8aa4fe89c488e412d13e414bd3d23458b0,,1,False,False,7,0.4725013,0.17438236,0.6620421,0.0036411553,0.061763816,0.29811895,0.0030133002,0.13608053,0.024880929,0.4725013
3161,4480,2e27321cbfa29b473becbc54d31ce51d17540fcba1f9865ba64a23bacaf1d7eb,,1,False,False,7,0.50736547,0.20880932,0.63397974,0.0020226426,0.03213727,0.29855615,0.0016875712,0.10196545,0.05626548,0.50736547
3162,4481,7e0eb6fb12960d216044a76c5ecc5385864404d1274abfe4e7302669ea6ec0a8,,1,False,True,7,0.4031532,0.03139755,0.6954234,0.022094877,0.059671246,0.37175566,0.021037601,0.114684194,0.007603241,0.4031532
3163,3157,4d3b04026915a3e28cae82a7754832d41a4771bf3c296fdb4e17d6da57748ff0,,1,False,False,7,0.49856123,0.32107443,0.75213796,0.018853137,0.083397076,0.1774868,0.0156035675,0.079156615,0.12694153,0.49856123
3165,3904,c2f910f6a9ab25098a5f147645d1ea95ad23c234fd7a40f6efa7825d53630f87,,1,False,False,3,0.30755043,0.022276312,0.74189055,0.0024575733,0.28527412,0.30755043,0.013574693,0.237301,0.0046231295,0.149219
3166,131,0a5ba6e7b928ea37bf4669f8cf3870b9b67b3994759aae08e45898238b2d6124,,1,True,False,3,0.44936135,0.22292894,0.7738603,0.018863602,0.08344888,0.44936135,0.0156121105,0.0792058,0.12707587,0.22643241
3167,4483,cac24d3317b480d7826c616ceb35eda35ecb7144e74a511fe673c0e616e578f1,,1,False,False,3,0.3855895,0.0163365,0.7001909,0.0029266134,0.11390552,0.3855895,0.0024196773,0.060435425,0.06547026,0.369253
3169,4484,cbfb13d4a548715d71e4c530e62c1a96c94706397fa0b7b46d9b411af726e7f4,,1,False,False,3,0.58192384,0.28476807,0.562207,0.052574873,0.02371461,0.58192384,0.004093084,0.030842533,0.009695302,0.29715577
3170,4485,9e8e15ba4f76b2c7e288b154b3b20d263784056f91c5254112d464d4bac750bc,,1,True,False,7,0.63303155,0.4653573,0.611579,0.015954848,0.07255845,0.16767423,0.013204825,0.06704575,0.030530356,0.63303155
3171,4486,27003e388c2aeea00d7f45fac9f7d97e22938337afb13dfdd7d67b69fabaafc0,,1,False,False,2,0.35656968,0.026375622,0.7176104,0.0017316911,0.35656968,0.14292577,0.0014201172,0.14498158,0.022177136,0.33019406
3172,4487,ef22f25a8a8675157b0bdf24e5da4dc3f12811bdf0be922c1fc8b4facd1b5973,,1,False,False,7,0.71316725,0.5505964,0.48454377,0.0019590529,0.048735343,0.16257082,0.017663024,0.051875215,0.0040292614,0.71316725
3173,4490,ebeb76edbcd958aee4f7483f3af080f210262053258c0721329f4def8f928dba,,1,False,False,7,0.4933349,0.24024656,0.7021709,0.010380737,0.12384671,0.25308833,0.012150265,0.040304326,0.06689477,0.4933349
3174,4491,ff51fa4d46feab781dcfb93d783c56b53ba718f7d655de1408f12c113bb71ce6,,1,False,False,7,0.43167838,0.11661145,0.6707892,0.008645231,0.31506693,0.1832289,0.0071551013,0.037681997,0.016543487,0.43167838
3176,4494,8bd339e5377bf96329c230ec23f394410b30d09a1acdc5b2172b40f7ca40e5bc,,1,False,False,7,0.6931455,0.5401978,0.5054138,0.0009247658,0.034893222,0.15294774,0.00076419156,0.09150821,0.025816368,0.6931455
3177,4495,8da79d6a34b052a115fe539006fba69c240856a9468fc5522b273b4afa1d822f,,1,False,False,3,0.53176296,0.35906345,0.6867385,0.0050659236,0.17269953,0.53176296,0.0041887807,0.062977254,0.06963326,0.15367231
3181,2698,d234463d68ac441cb82dff2b5e9bc531294afea4421478a945e751b6198f3570,,1,False,False,7,0.3110804,0.067468494,0.86265874,0.025916206,0.11463999,0.2436119,0.021449242,0.10881093,0.1744913,0.3110804
3182,2937,957ca61341ef0bc20e708c90144d2fba97a0d45dd792b8f9916409a0de9e7c63,,1,False,False,7,0.6429374,0.48203084,0.5548775,0.006833967,0.16090658,0.1398517,0.00554811,0.03111474,0.012807444,0.6429374
3183,4499,9e6e8dd9ba94f2adaae667d3e0c365a902dce3837f7ff3bb70dc84420ef94d3c,,1,False,False,7,0.5933237,0.30538613,0.54066914,0.0045114737,0.034126896,0.28793758,0.0037335886,0.06773423,0.008632532,0.5933237
3184,4500,89016b197c2c915a68402b6ac4866d884c358a2b51259e1a24f15d18f4e13d4a,,1,False,True,7,0.3516349,0.07346967,0.7528539,0.012212634,0.27816522,0.2378187,0.010100277,0.08671521,0.023353143,0.3516349
3185,4057,5f1679cd452b6e058bcabc7fcf80360fd61d4e59f828bc23282584ed65a7af2f,,1,False,False,3,0.39160073,0.16206713,0.8142648,0.018852727,0.08604269,0.39160073,0.015603232,0.13143061,0.12693639,0.2295336
3187,919,3c4191b971ee1e8abe963a1b76516747591c643eab17f46b0cf4c2702831083f,,1,False,True,7,0.46700564,0.10627544,0.6428618,0.07780118,0.031351913,0.3607302,0.0049102595,0.046856448,0.011344356,0.46700564
3191,3026,f2f17916cedd27e26fff333845fa294f969bb333228f41405272e0207e10e819,,1,False,False,5,0.30215627,0.018958658,0.85578126,0.2831976,0.06255933,0.09938356,0.00686913,0.30215627,0.09581971,0.15001437
3193,12,9e9c62541d53380ab6cfff8257701274de4c942c7f4af0ee4a255c5d1869e59d,,1,True,False,7,0.31244522,0.10224481,0.88096035,0.011525812,0.05365541,0.16149154,0.21020041,0.117503375,0.13317819,0.31244522
3195,4504,ea75552ec221ecb05d8ebdbfb45c12a9904df9b1e0f52242115e8cb89110400e,,1,False,False,3,0.48092654,0.3004318,0.74897903,0.014836337,0.07642286,0.48092654,0.012262813,0.06990424,0.16515246,0.18049474
3196,4505,b9de7958de40513ebb223004035b298f816cdabe458b520ad00b8b528f991163,,1,False,False,3,0.64807916,0.46892026,0.56207234,0.0071545867,0.08672965,0.64807916,0.0059339902,0.058858108,0.014085562,0.1791589
3197,4506,0fbca85380e86aeb9ba36654375c5775f53a2d505104966ab91e31439f7ac446,,1,False,False,7,0.47311103,0.17706439,0.68157744,0.03174775,0.02995411,0.29604664,0.13656925,0.02766811,0.0049030753,0.47311103
3199,1478,5ad1f3aad71cb5bd739fc49b4b0ace0da17f5d04a718c7f9e1c595cd3d95d25d,,1,False,True,7,0.7121027,0.5455582,0.49335507,0.0053203064,0.025566973,0.16654448,0.056563035,0.02349399,0.010408481,0.7121027
3200,3512,acf36ab88637aeb762b4549daff9cfdef2bc5151321a1b94e25cfb12a09dd590,,1,False,False,7,0.3875174,0.17093816,0.8267868,0.023040283,0.101919256,0.21657923,0.019069001,0.096737035,0.1551378,0.3875174
3201,500,137d099b01a12f2451fb9350769bfd6a7b4050a024bb3d77b8732e3365e7fe6a,,1,False,False,3,0.32684422,0.041949987,0.7990695,0.0071584294,0.16515121,0.32684422,0.005921423,0.1273642,0.08266629,0.28489423
3203,2752,4bc03088e8a52e4d8725605ce5da18a4216bee31c14dfbcf451131ee254cf941,,1,True,False,7,0.2954058,0.064204246,0.853686,0.0082988385,0.06382686,0.21850738,0.046870843,0.23120156,0.13588873,0.2954058
3206,2779,27fca5660195711fcca57857f89785d8f5a26b420e1c61876b7949efaf3dade4,,1,False,False,7,0.7222042,0.6273331,0.509772,0.0045167557,0.053868804,0.094871104,0.025392279,0.09051426,0.008632556,0.7222042
3208,3730,7fdde018bdd1e9aa1ad47751204d44712c053e6b32a8f4dd19bd6e8e78bc15ef,,1,False,True,7,0.29463285,0.05031869,0.8403745,0.020736765,0.091906406,0.24431416,0.017162535,0.09170807,0.23953919,0.29463285
3209,4709,ee527edb5c597b0117d13c8197d0e414a162776228778c92b6c822aaae2a024d,,1,False,False,7,0.44876093,0.25383574,0.7888344,0.02073673,0.09172889,0.19492517,0.017162504,0.08706479,0.13962105,0.44876093
3212,1965,aacaba78617954b50551f8cad416da5fbfbfdb279e140f3174908bf9101df1f8,,1,False,False,3,0.52862513,0.23317143,0.6350712,0.0022972336,0.016020091,0.52862513,0.072019115,0.03699153,0.04859316,0.2954537
3213,1209,dcfa272c67ad1ce4705b35fc7df6936741bce99b3695d649186403478e514429,,1,False,False,5,0.4143844,0.19583823,0.72268516,0.0018659128,0.2016015,0.13966103,0.020415388,0.4143844,0.0035256224,0.21854617
3215,1173,15c21a238cd36bef9227bf0815aead99e1839f68dde71423a3a3b485b2a95e26,,1,False,False,7,0.36865348,0.021406323,0.72832537,0.09525333,0.34724715,0.1437534,0.0026832174,0.020580089,0.021829294,0.36865348
3216,4516,93dead44b88c30dff86b5eb634d28dbd70fe58509e768c910c9efeb40f6b909f,,1,False,False,7,0.64892024,0.46020687,0.5529752,0.005928461,0.07380353,0.18871336,0.00490603,0.06579546,0.011932899,0.64892024
3217,4517,9df6185914801a2a5a49e3799cd121a76f4447b453c29bd6af65797556ac727d,,1,False,False,7,0.27926874,0.00609529,0.8094891,0.020744009,0.26786125,0.27317345,0.017162234,0.10163794,0.040152416,0.27926874
3218,2910,7a02ee91eb236442611557bf1e752830dd60650d34906d4b1a01eafda54a3714,,1,False,False,3,0.46746808,0.27084583,0.7473976,0.009021458,0.15014106,0.46746808,0.0074739093,0.099631935,0.069641285,0.19662225
3219,4519,9f4ec4243d6027b687d8f6a95db0345dbb4f9cefd1d8e074b4ba974b9e675a0a,,1,False,False,7,0.6906255,0.44871944,0.44745252,0.0013399593,0.010799717,0.24190606,0.031932335,0.010768353,0.012628051,0.6906255
3220,4520,fe6f4da7aec82038270df2e6c1746d0375db9f527377b967fa0d97ab7fedce40,,1,False,False,3,0.39241257,0.10694215,0.71912867,0.038952883,0.22652139,0.39241257,0.0056798114,0.036326338,0.014636561,0.28547043
3221,4522,1cfea532b5e88900f866651a7f3f2fc0dbf4899f52bef316a5dea6fed10019e0,,1,False,True,7,0.63621086,0.52230096,0.61420226,0.095326506,0.09823049,0.11390992,0.005366249,0.038548715,0.012407207,0.63621086
3222,2948,31ba601f07386c070cf9059ebcf72b87871ec4110a9060ca714d14e1e8f4e1e6,,1,False,False,3,0.75962746,0.61051154,0.4097137,0.0024524173,0.021339037,0.75962746,0.0020219123,0.0607703,0.0046729706,0.14911592
3223,348,32c7b8584cc9f5675c440ba61fbf010fd00b8009dcc976b0dc6ca82f49bdbb6d,,1,False,False,3,0.59681123,0.37048423,0.58442265,0.013177054,0.09015596,0.59681123,0.0018671951,0.06659075,0.0050708046,0.22632702
3224,4523,1717d3345df1cd6764eb7121f9ffa5d0a7d36b7beadae506b1fdb86326b46894,,1,False,False,7,0.49839023,0.29152894,0.70255417,0.013843464,0.2068613,0.17527364,0.011447313,0.0677159,0.026468184,0.49839023
3225,3671,481b4a3e3429d482b00d0fcf8f69931d60bd01d70fadd147d1b7067e60b557d4,,1,False,True,2,0.58753365,0.44894388,0.6569672,0.13858977,0.58753365,0.062306907,0.003993577,0.07798659,0.009233467,0.12035597
3226,3507,a96ba4030bb76c118e57ec51276cc8e1491c2c5d788c36aa293a78153d355163,,1,False,False,3,0.3655208,0.111783415,0.7546738,0.013874877,0.25103465,0.3655208,0.011444035,0.077734716,0.026653554,0.2537374
3233,4528,fa1be66cdbe9415b291329e88a42f84c3231b94d76cf3c8a8932d29d40b10166,,1,False,False,7,0.6130362,0.43177927,0.62571806,0.099266686,0.030414708,0.18125695,0.0325321,0.032374453,0.011118856,0.6130362
3234,896,0e5c22785401baf3627dce3760d8feba60a8e48544c341ac7911ee2a3209012b,,1,False,False,5,0.28732562,0.013248473,0.8588298,0.032121055,0.1074472,0.20325775,0.029932616,0.28732562,0.06583866,0.27407715
3235,337,88f33574d0308333e19814c41c979aabbe39294646c8b4cb4534622a8252b91c,,1,True,True,3,0.40725732,0.11762482,0.7122558,0.0039017468,0.034915727,0.40725732,0.058315087,0.19875246,0.007225187,0.2896325
3239,1198,f0c73c668e2ac02f8b3497fa4d9037f322388bed19b454f9a6d8551dbe9a1c7c,,1,False,False,2,0.47505686,0.32606477,0.78201026,0.07609081,0.47505686,0.1489921,0.0038332606,0.13696219,0.05477931,0.10428548
3241,4047,4cf5b01a99978c074d179a222efeab080882ce1b6ca3e24f265d0da83b5cc6aa,,1,True,False,7,0.40487322,0.14324495,0.80238104,0.011585388,0.05267049,0.12653837,0.06509463,0.26162827,0.07760967,0.40487322
3242,3538,3982842dc96021ef01f4340f0bcc8138e239252ea1fe5d25e9b99b84ac33fe5a,,1,False,True,7,0.31038055,0.07082443,0.8360295,0.020736685,0.09172868,0.23337087,0.017162468,0.08706458,0.23955612,0.31038055
3243,4324,718405719cb14f4b998f206203868cf8bef8e78e0756906fbf12157f92b16f79,,1,False,False,2,0.3911541,0.089353114,0.7194471,0.021620473,0.3911541,0.301801,0.002684057,0.16743958,0.006206158,0.10909465
3244,187,fb3e8d17ece3315754f654819b6ab157b2efd7b6ece70d77426e36d8113b4dad,,1,False,True,3,0.39326265,0.20185322,0.769583,0.0021434908,0.19140944,0.39326265,0.015365489,0.18048756,0.035034683,0.18229663
3246,4537,9c6ed4b680aea83d64fc389e3817d4b2bd1dd0d12ffa37d8822f258c0b8778c3,,1,False,False,5,0.27365652,0.04464948,0.8487847,0.22900704,0.2190497,0.116451256,0.019487547,0.27365652,0.0051678685,0.13718005
3250,4541,2a399133f7cb76e64b2f49fa48db9db2d4b50e4d23f7ccbdd9aa8a0d65172dcd,,1,False,False,2,0.447553,0.2676821,0.78776073,0.1798709,0.447553,0.12912577,0.004088538,0.123406515,0.033481807,0.08247349
3252,4542,c62bb874bd8d4a2959e02bc86af13dc3aadaec49ed0d5758176856bd7329b198,,1,False,True,3,0.30388138,0.006343454,0.7267983,0.0049567153,0.2676334,0.30388138,0.004112387,0.112342335,0.009535838,0.29753792
3253,144,a4e37719e659d5286bf28ae3c872c61a006a93e419500b4bf5f99aa557b6c6cf,,1,False,False,5,0.6121475,0.47252518,0.6219253,0.0015381401,0.028424695,0.13962232,0.10617844,0.6121475,0.013037944,0.099050924
3254,4543,c1ee3b1533724f60d38a580a7344452eab1348e1bb5a30addd736830a40845a2,,1,True,True,3,0.5047835,0.117207736,0.5601201,0.0061157197,0.03848846,0.5047835,0.005050855,0.046307627,0.0116781015,0.38757578
3256,4545,ce50f72dc7ed94d0e44a8561e061f50f18bdf316889b4c9519935794e4d56177,,1,False,False,2,0.2829562,0.04861009,0.8853878,0.23434612,0.2829562,0.15277922,0.0047699953,0.1333799,0.073614195,0.1181543
3257,4546,0a3639b392ebd49d3c5aa45a4fdff00156ea52746f9cc816623b44c074ee772c,,1,False,False,7,0.55140036,0.4173217,0.6921358,0.009430687,0.13407865,0.1335606,0.007805177,0.051775973,0.111948535,0.55140036
3259,4548,3d9188db8f7a31708ca461977ffd2d1aa0c862447fe45566ae1ceb955703896b,,1,False,False,7,0.5603421,0.30492923,0.61794853,0.0060401903,0.089853674,0.25541285,0.011027358,0.064764105,0.012559739,0.5603421
3262,4551,80cd3216607884cb2db00e1ccc9ef84215e4d732f2f2a68adfe11304ddf4bb83,,1,False,False,7,0.4659507,0.1424995,0.63434327,0.0039222934,0.15619007,0.3234512,0.024757786,0.017673152,0.008054777,0.4659507
3263,3801,876fe54f32b0408926a864d8ad7e0106c0b34f3f282c3768961a99ee58ff6db4,,1,False,False,7,0.27654174,0.059975043,0.91444445,0.13406384,0.10191175,0.2165667,0.019067768,0.09672988,0.15511836,0.27654174
3265,2832,514d9bf6918d7b39d7d31e43de730e295e150cfbad14db9bfabec5e28dcfc26a,,1,False,False,7,0.4570078,0.19098294,0.72473246,0.014818202,0.08798415,0.26602486,0.012264066,0.13354458,0.028356358,0.4570078
3266,158,3fc4be20ee631756e8c188c5c38aced36f7bcb1e1357b1150ddfb2cb2fd5ac77,,1,False,False,7,0.49272093,0.24778879,0.6895099,0.003991464,0.24493214,0.13531464,0.0033034706,0.06407482,0.055662517,0.49272093
3267,3540,6f5139d8429e115a99e08fcc7326357b028c702ec07b9ea270ead74b081b1290,,1,False,False,7,0.55188656,0.33726722,0.6225301,0.0034605593,0.09067582,0.21461934,0.002862607,0.1296344,0.0068607247,0.55188656
3270,4556,fa5274faabebfd421c3ea53c597a11758ecd7801b5e4d4717980fc6d2c051243,,1,True,True,3,0.5157079,0.30289322,0.63293856,0.0029294612,0.035632454,0.5157079,0.016447999,0.2128147,0.0056319097,0.21083556
3272,3939,27766aec9b996f837e9948d43d1dc1e6cbf16c3a4ee2f885affda4c890ec411b,,1,False,False,2,0.43028033,0.20947957,0.7569384,0.22080076,0.43028033,0.06418919,0.0014500482,0.19127472,0.02615652,0.06584843
3273,354,4e61eac755df937eee055209280a057c0a1f29480fad6b545eecef884227e6ad,,1,False,False,7,0.42535853,0.1685834,0.7180233,0.0019223229,0.09350217,0.17907937,0.0015909161,0.25677514,0.041771553,0.42535853
3274,2891,53f7304671c351e88c8575626075819bb1f31ea2dac641d8af54997a4dbf7886,,1,False,False,3,0.31836286,0.07670446,0.81324285,0.0056691994,0.2416584,0.31836286,0.043001678,0.20050916,0.023911767,0.16688688
3275,4558,b24b1f4eae9273b5fd1532e137becb172f98c1efad5a3c1ebda5ed4da754f021,,1,True,False,7,0.50711554,0.06104347,0.46475604,0.0022736213,0.023201032,0.44607207,0.0018750981,0.01511944,0.004343189,0.50711554
3276,3115,15d4b177cccabadd5b5b5f7eb52f1e364d19b00303b973a8b583dd92262db76f,,1,False,False,3,0.29954576,0.08098915,0.8523189,0.17333184,0.1979011,0.29954576,0.0066102957,0.050328083,0.05372633,0.21855661
3277,4559,6eb540527f852ddd6737a30a984f6bb78275c36b9531480c90f2efe676320657,,1,False,False,2,0.37166125,0.061838478,0.75137705,0.012245087,0.37166125,0.12782322,0.010099088,0.1448756,0.023473034,0.30982277
3279,139,d40515c59e636955d726cce4585acfd321fe8250cdf6d1b1fbd52b40722060a7,,1,False,False,3,0.50043327,0.17879939,0.63397753,0.009880257,0.0985237,0.50043327,0.00817725,0.042444628,0.01890699,0.32163388
3280,2494,ada066965d7eb49cd52f5d0aaf9023763a23b8f263c19e4681296e3c4dcd13d1,,1,False,False,3,0.615232,0.35437956,0.55189335,0.026400173,0.033213217,0.615232,0.0037332233,0.051932268,0.0086366525,0.26085243
3282,4564,15cff937c4fa2fd6c6b5983fd88e1968e4e14914f3af3e7eeab8d884337a93ae,,1,False,True,5,0.3385331,0.0469054,0.8097107,0.013827735,0.10558122,0.14588156,0.011444354,0.3385331,0.093104295,0.2916277
3283,1573,a4ee4082f63340e926cb635df0c7eed3221f109cd0eacb598174321c72c06174,,1,False,False,7,0.4024921,0.008889943,0.6609908,0.003458745,0.06934691,0.39360216,0.00286258,0.09958688,0.028650643,0.4024921
3284,4566,1fb7a8979116fb971f0b84b4ec6fa10f843ad14f1bd7750e458b8fc12879371a,,1,True,True,7,0.38890177,0.16622257,0.7980789,0.012201425,0.07264795,0.16637677,0.010098359,0.12709448,0.2226792,0.38890177
3286,4460,842fe37d5333831c28a9afcbbe3e0992fb20d0c8e06ded177c07731076f7dbc8,,1,False,False,3,0.45546326,0.035780102,0.57486296,0.003280315,0.0172704,0.45546326,0.018300222,0.079527505,0.0064751464,0.41968316
3289,2281,7e9b57603f79922008dc8e4ed1b0df252350ef4ab461eca47bf1b76a61db20ec,,1,False,False,3,0.3745059,0.059183717,0.7671525,0.0094363745,0.089199565,0.3745059,0.007836643,0.088210635,0.11548867,0.3153222
3290,4570,a8869060e0eab5d08d6d39779bc75e803273c31e33de3bd230e079fd5a841eea,,1,False,False,7,0.29860058,0.05692461,0.8519144,0.023038791,0.10191186,0.21897505,0.019067783,0.09672998,0.24167597,0.29860058
3293,691,337fc99a8fdd47e57295546415512e865033b458d7b9ecda36638db5e3b41434,,1,False,True,5,0.36826074,0.17473081,0.88610756,0.101305164,0.0958577,0.19352993,0.050480057,0.36826074,0.055755775,0.13481061
3297,4182,8992c50050bc6d4bff6835f903a6f77bf5acf3a0584095a3b6dabe46521382a7,,1,True,False,7,0.2505493,0.01158832,0.8560087,0.017283116,0.08090442,0.23896097,0.014304149,0.19833116,0.19966686,0.2505493
3299,4577,6b3a5b06b0d3092d43e2cdd1c4e4bb4711b2883422332db018844d8847e8e717,,1,False,False,7,0.7241793,0.61216587,0.5109558,0.005611568,0.02917394,0.11201347,0.05866126,0.05962744,0.01073303,0.7241793
3301,1543,1a268fa26a6e7fae425ad51099ffa6eb6d8651727d268987a50c2a6a2be319f2,,1,False,False,7,0.34199786,0.057722837,0.8055927,0.080536745,0.06454069,0.28427503,0.011451232,0.19071911,0.026479362,0.34199786
3302,2696,9153d8d923c569a8dcd02068d2183db8810be0d62b39842f06662c4e6b5eb5d8,,1,False,False,6,0.31663424,0.03333804,0.8173953,0.009020564,0.046338294,0.2832962,0.048319686,0.08486065,0.31663424,0.21153039
3303,1535,9eb7bdb707dc069f30bf6c2a9b570daec0debe6fe490493b7fea527ddccd6f81,,1,False,False,3,0.41013235,0.06215167,0.7370284,0.028376395,0.043331966,0.41013235,0.07394186,0.07824892,0.017987838,0.34798068
3304,4580,6fa55cc20b4673c7e1713c6fa7492a6ae80c1d3282fd6b547d04cf690de01b9a,,1,False,False,7,0.48580956,0.21312979,0.62595475,0.0054636407,0.19569896,0.27267978,0.0045231404,0.02537691,0.010447967,0.48580956
3305,3788,c1baa3da687daba0dfe46580a93fb38bd4af7945321885351d333e067e02a1fe,,1,False,True,3,0.35755405,0.0046916604,0.7516759,0.026758306,0.15280809,0.35755405,0.01859343,0.06925756,0.022166176,0.3528624
3308,4582,2a9a77d0e7f16a6d426be8f0c036939c2e8230d843a42fa1e14d8320c5b0c14c,,1,False,False,3,0.38394025,0.019752294,0.7051298,0.005284481,0.036465134,0.38394025,0.0042930213,0.120898224,0.08493092,0.36418796
3309,2191,03c5d8b2b281346008d579ba44de1b936bfd9c87cf891c97e90366abb74b04b3,,1,False,False,7,0.3595925,0.10878417,0.7794625,0.016823744,0.10232119,0.25080833,0.013203925,0.22672251,0.030527793,0.3595925
3310,1094,68a56eb14152f43a0711b0d9ec61437b255181c1bf19a77eda6357daeab8cefe,,1,False,False,7,0.3709393,0.17592068,0.83514655,0.020746134,0.16927636,0.19501863,0.017170172,0.08710911,0.13974024,0.3709393
3312,4584,4e890b30a602ab9c43e110fa8e3803ce014422e6b844ad7182b2ca93b919ff3b,,1,True,False,7,0.38966212,0.107257724,0.7958063,0.02591626,0.122165784,0.2824044,0.021449288,0.108811185,0.04959097,0.38966212
3313,236,495097c27638f517babdebbf36e8a95019af2c01cb5eef0910ad20f4f12fccc2,,1,False,False,6,0.34229842,0.07370284,0.7724419,0.009429657,0.04657265,0.26859558,0.007804335,0.09126415,0.34229842,0.2340352
3314,4251,a3dedf872d9a1d7ed2c4fd720f652adf5f4f34d0ca65428f639ddf4e30594730,,1,False,False,2,0.4261329,0.25726807,0.78532463,0.07410348,0.4261329,0.15211257,0.0016371454,0.15438981,0.022759339,0.1688648
3317,4586,21d183ac53d7bd1dc194ef0e3e1cf36280e10fd9ec9fc586ec4242d4fd43bfd9,,1,False,False,7,0.4692901,0.2450874,0.7578009,0.023041526,0.12356149,0.2242027,0.019070018,0.09674285,0.044091325,0.4692901
3318,4587,0a51bbff9e9c9a5f1c513cba544c4260f5729d252962f1185ebfe95d70ea6f08,,1,False,False,3,0.501491,0.22161236,0.6897854,0.030743536,0.27987865,0.501491,0.024017034,0.09202551,0.013294304,0.058549993
3319,4569,6215d9091a28cdc6f813aa9e2c4860c43e9bec3894811a08ab59c31dbf40bc08,,1,False,False,7,0.68791205,0.517034,0.5285818,0.007411608,0.034957524,0.17087805,0.006134099,0.042902954,0.049803738,0.68791205
3320,4588,a71ccc2f3348d48fa5bfba3026ca37ca4d56934e2b3685e10fe0bb56f36197aa,,1,False,False,3,0.514765,0.25624144,0.6483001,0.006294478,0.06698724,0.514765,0.01996229,0.13154039,0.001926991,0.25852358
3323,4590,77771a599aea1bf098f83b52f4ae67efaaba28b233d48bcaecee03436d201af2,,1,False,False,3,0.35016495,0.018133938,0.739071,0.0130355405,0.19908941,0.35016495,0.01072911,0.0701441,0.024805918,0.332031
3324,4591,2f31dac10d3b079062546b374e92900722457699c1b4e8cb64a3ac3187112271,,1,False,False,7,0.3204536,0.13518603,0.89084107,0.15141143,0.12249326,0.18526758,0.00746521,0.10875155,0.10415739,0.3204536
3325,4592,30d3f26874bf7c18de746e275f819bf36c40a54234f68b4e38b56f29501c68f3,,1,False,False,3,0.4603098,0.055470616,0.593871,0.0026296321,0.055762596,0.4603098,0.0021816231,0.046044,0.02823319,0.4048392
3326,4593,9aa5548f58f58c820daf5ee64f559211d428eb2bccf012b7a88b05e5d099aa61,,1,False,False,5,0.36190495,0.10299969,0.7590886,0.029194744,0.13181196,0.20525306,0.003903756,0.36190495,0.009026227,0.25890526
3327,2916,57096ed667c74f349e8ec1234a0ed2466a3752a1ebfa842fe53484285ab58c9a,,1,False,False,7,0.39843065,0.116529584,0.7832846,0.016035724,0.08857543,0.28190106,0.013203871,0.09443664,0.10741666,0.39843065
3330,4595,8532acd341cd549b5ab2333884152fe15bd74e24473ad6bb29ec4dad43570b27,,1,False,True,7,0.36323467,0.04147044,0.78613514,0.12336379,0.32176423,0.050217275,0.0122107165,0.09883085,0.030378466,0.36323467
3331,4597,0997b99f8390b46a7a6f2c6a61fb7fc828dc0ceea723747d9136fe5b7f9cec40,,1,True,False,3,0.49057794,0.1352117,0.61533016,0.0040086173,0.04223984,0.49057794,0.013612185,0.077804685,0.016390486,0.35536623
3332,1867,097ca85edee623d67ddb948fae9e9a2c0a7dff3607846e7881a90bbedde9d73c,,1,False,False,4,0.38104892,0.12228423,0.78145665,0.006289185,0.07486716,0.25876468,0.38104892,0.036814824,0.04234229,0.19987291
3334,4599,7fb5d9b3ad65dd97f75e3f4bed5a328ccfe9b92a3765f909ffc62bdb0f6f57ab,,1,False,False,7,0.4345495,0.16460857,0.69557345,0.005188457,0.26994094,0.16517477,0.004294144,0.110923275,0.009928933,0.4345495
3336,4600,4d21f378b61c4cd3c57c19e443228271f0141455a7f95fd88c2faf11cc7bce1f,,1,False,False,7,0.47072855,0.10920778,0.6168154,0.0029240905,0.016363503,0.36152077,0.01649982,0.110604845,0.02135844,0.47072855
3337,554,79e69683c8fd73bebeb24dae3b1aca6010cfd0b9bfd3b583e315919253ff6e12,,1,False,True,7,0.5272211,0.3514014,0.7195112,0.013828961,0.111988395,0.17581971,0.011445355,0.06657695,0.093119584,0.5272211
3339,4603,4549944189c3af26a45097aba1f10a22021f8947bc07b17c406d36567feda81a,,1,True,False,7,0.6022454,0.3342812,0.5567997,0.024301248,0.06902405,0.26796418,0.003434799,0.02508873,0.007941617,0.6022454
3340,4604,17cffe3003c2fb685b4c126e42f61486b3565c0fa9894dd91878f07275bf2c9d,,1,False,False,7,0.7851487,0.695913,0.43040624,0.009019492,0.043604046,0.089235686,0.007464871,0.048268173,0.017259061,0.7851487
3341,4605,6bbac4ff305e4dffccf768cbd6f6c8ff97a10a984cb4366cd1a5e59ba7130828,,1,False,False,7,0.5218525,0.31102008,0.71565074,0.020736374,0.09236283,0.21083242,0.017162215,0.09737446,0.039679248,0.5218525
3342,1765,692d97d74dc941c2d20b4dd5012a74fa0350af12474041e4c39af3dc598c66a6,,1,False,False,7,0.46753114,0.25900763,0.76677907,0.018852862,0.08339571,0.2085235,0.015603341,0.07915532,0.12693809,0.46753114
3344,4607,1c345aa0fbd50dc9eab8cffdc1c38b6e2321ee76e6472fcf1958bbf8ee3bea9d,,1,True,False,3,0.5758177,0.31099367,0.59186333,0.023048148,0.029154032,0.5758177,0.0006856314,0.088346325,0.01812413,0.26482403
3345,1861,e25062737d7780eb95826b40484201912fb7a098d66d36792846004251d14199,,1,False,True,7,0.48777017,0.265345,0.74487776,0.023039527,0.10671574,0.22242516,0.019068385,0.09689437,0.044086665,0.48777017
3346,3861,1f6bf3e08c56454898363ea6b576bbdf7755b869a3aa34de8b9147894a407ad1,,1,False,True,7,0.37465256,0.14834194,0.77399147,0.051994927,0.21823739,0.22631063,0.004091842,0.11504951,0.0096631795,0.37465256
3347,4608,baa18edb220496e958e58a87a828075d1f2457be4611ac644dc20dc8621a4d48,,1,True,False,7,0.5679277,0.43157285,0.6787358,0.098857604,0.10561814,0.07914009,0.0036539456,0.13635486,0.00844768,0.5679277
3348,2520,312ed7e5da3308ad8d3c354abaeae4c9c14efdf197895780acd1fda54c669b40,,1,False,False,3,0.5119558,0.25814,0.6921507,0.0077455943,0.08585476,0.5119558,0.05018967,0.07573048,0.014707894,0.2538158
3349,4609,4841055fd7e41ba078c57166008d487df869b27b9fb1532352437b25a338a53c,,1,True,True,5,0.25177157,0.017152488,0.9037652,0.17132898,0.12008371,0.095700204,0.00746499,0.25177157,0.23461908,0.11903148
3351,2263,f22cce3974897921b4bafa887307539d68c7d0b7202ceaacebd6e4ff394f65b2,,1,False,True,2,0.41477704,0.041698188,0.6420351,0.0054644244,0.41477704,0.15089028,0.004519285,0.040800236,0.01046993,0.37307885
3355,483,9fc74417dd27b3fd00d02165652969ba3e61c877506e5e9ee8796bb003ded95d,,1,False,False,3,0.31908226,0.05815634,0.8249002,0.009452085,0.26092592,0.31908226,0.0078054518,0.14366798,0.13190907,0.1271572
3356,4614,4bc1724a1b6fcfc3a3b4f964e1893be8de107963a4814141f901c2d5965304bb,,1,False,False,7,0.5021946,0.2023884,0.6390016,0.0037747961,0.03453163,0.29980618,0.02998676,0.122077,0.007629035,0.5021946
3357,3250,6808c42b21dfd797a3c6ba67aa34c42164a70ddae905dc509ee83b0c62689309,,1,False,False,3,0.4414519,0.16739354,0.64844114,0.0049417242,0.27405837,0.4414519,0.00408867,0.024996612,0.01559733,0.23486535
3360,3075,b5320dc50b8cec7d19d3ada5b4781efa2dc16841ccfecda9a45a95a5bc062b28,,1,False,True,2,0.4627068,0.2598285,0.7617626,0.099107146,0.4627068,0.08733862,0.0028717085,0.2028783,0.022855043,0.122242406
3362,3090,936c4a4d65ab8fb122914ff10f8dbdcba30a9b57697dd65f87879acc5f24a3db,,1,False,False,7,0.57494783,0.22988144,0.51262194,0.005927703,0.029684572,0.3450664,0.0049104025,0.02812022,0.011342848,0.57494783
3363,4617,811154260fa262304260533649f5a246756aa5400d321a8c96ecc2cac507d234,,1,False,True,7,0.32201788,0.08908592,0.80196124,0.0076942574,0.23293196,0.2018615,0.00635946,0.17435978,0.05477515,0.32201788
3364,2359,d03f0f5bb626bea6d58ea2000414e27b91b47722dbeb766b83978c0322841d62,,1,False,False,7,0.4311425,0.26294976,0.8147529,0.057467982,0.13129276,0.16819274,0.0081789475,0.1371615,0.066563584,0.4311425
3365,597,8d7a5030e334b3e1db94c6725e2f0234e9042eaab346a66a3d275bc3510493c9,,1,True,True,7,0.5270211,0.36210778,0.71324533,0.012201679,0.060146473,0.14346227,0.010098568,0.16491333,0.0821565,0.5270211
3368,1545,42dfe214181c4ec6d07f428395e4952c1d40724781adc00510ec231105fd7462,,1,False,False,7,0.29533425,0.03136298,0.82508147,0.0129638435,0.06533936,0.26397127,0.010729365,0.16417168,0.18749025,0.29533425
3369,4621,036734e49c4e4b19354f0ec39333bff8ed55ce1c0dfc2dfef60ce222b746b2e6,,1,False,True,3,0.6395011,0.39626256,0.53601885,0.0028703327,0.029504277,0.6395011,0.048490584,0.017310852,0.019084366,0.24323854
3370,128,90ce55ed2746bb64732e6b4ceba7bda865084ec557e8affda925f5ee2639eed6,,1,False,False,5,0.3321806,0.0980594,0.8438435,0.01728401,0.07865072,0.2071322,0.09755737,0.3321806,0.033073887,0.23412119
3371,3969,c9056158fd58bbc3676b2703b9f69ef415c18b449414ce1ccb3c3110bb0b7481,,1,False,False,1,0.3474989,0.11398682,0.8493068,0.3474989,0.06128866,0.10425621,0.028648209,0.23351207,0.037651088,0.18714489
3373,3810,ce034a702adc641297db1c7c7a77cff7d5bf893272e3d0c74ea51347dca45201,,1,False,False,7,0.4146011,0.20470747,0.7956534,0.018853925,0.08373437,0.17815247,0.015604209,0.07916033,0.20989361,0.4146011
3375,352,f054aaf0517492927589afa5f9fa1a1c1f09c82ceb6a60bd0f10150d219289dc,,1,False,True,7,0.64458275,0.496814,0.5999042,0.008651758,0.05585388,0.14776875,0.0071543916,0.077803425,0.058185045,0.64458275
3376,2324,84b31ca9634161f070fe73c5c24d1112d6268744fbdb99dae41c243dc1c01355,,1,True,False,2,0.38463002,0.20053062,0.8056357,0.005813236,0.38463002,0.1812264,0.037753806,0.1840994,0.038785145,0.16769198
3377,3714,5a46d7e412dea2d18b880b843e5ea11a319d34847ec9ad1ca1cc5f6e72a95f0f,,1,False,True,2,0.40940636,0.054388165,0.66760504,0.005672438,0.40940636,0.066315815,0.004641249,0.14821492,0.010730983,0.3550182
3378,4624,91f8f9b6484903fb3db5a3daf0f566376bbc0c633a7eaf3d7d2d13eac0d4003b,,1,False,False,7,0.6562061,0.42570406,0.5234484,0.0086460635,0.039995115,0.23050201,0.007154591,0.040954094,0.016542036,0.6562061
3379,4625,4a4b490009601f01e47f587e0ea6081b72e6f0d71526816affff2665f9cffe67,,1,False,False,3,0.4597668,0.16445428,0.7217537,0.02198471,0.08315355,0.4597668,0.06438786,0.06773185,0.007662737,0.29531252
3380,4626,d56f65c65ef509e49527e3e7e67864410ef8508275684d16d5aa1b4bad1ed373,,1,True,False,7,0.48477998,0.2797928,0.7437633,0.02073699,0.14527817,0.20498721,0.017162718,0.08737428,0.039680686,0.48477998
3381,4627,13277e0add71aa1d6c8a7ba366748107acacddd80a33ed0568dc1fc3e954cfd5,,1,True,True,3,0.48104802,0.24353558,0.6567274,0.003996978,0.19608295,0.48104802,0.0033029076,0.07041995,0.0076367813,0.23751244
3384,4630,b9031421b1b2f526471302c2e16e7a206efc69dee5accc0725e98a3cce2697f5,,1,True,True,7,0.7089849,0.46604863,0.41366965,0.0019768674,0.010781296,0.24293628,0.012681805,0.00872275,0.013916086,0.7089849
3388,4635,9b0f1b132c9c1b7af40dfdfcd2e4541873e4913f2b7006a7c42be95d511edb4c,,1,False,True,7,0.54393995,0.2613373,0.62735635,0.011526343,0.080059424,0.28260264,0.00953961,0.0502751,0.022056935,0.54393995
3389,4636,2d1c433f46d2e79fb187665ffbd04ce7283d42f840f63207babfaf6300bc9e64,,1,False,False,7,0.605636,0.34020948,0.563847,0.0094306385,0.046220694,0.26542652,0.007815488,0.047016185,0.018454438,0.605636
3390,4415,c8d329f8d0f732258a434006e8ea24962406483f990c512f2fe4fa727266b418,,1,False,False,2,0.51261485,0.3466081,0.7328225,0.04901288,0.51261485,0.0703274,0.0036538653,0.16600673,0.047728907,0.15065536
3391,217,18530cb4d952e8095951a42dfb5dab32dfa8023cad0b82034e4352c04fa59b9a,,1,False,False,2,0.3424667,0.1121597,0.7856141,0.23030701,0.3424667,0.1601354,0.0030129012,0.024695687,0.024535742,0.21484652
3392,1183,071780f68db759b82d9ee2455fc1e4a648043ccaf9496ae71a63a184e0708ae6,,1,False,False,7,0.37431896,0.06509936,0.70524365,0.0033593327,0.3092196,0.15521398,0.0027699966,0.14831984,0.006798276,0.37431896
3393,2608,eb84f4c4d8b6b8d9a368dbd123ae8bfb3d7745f6c15f074a0901749416c9e026,,1,False,False,7,0.34574237,0.13447823,0.843462,0.020737084,0.18501458,0.21126415,0.017199926,0.09372219,0.1263197,0.34574237
3394,4641,8d78bc89621b1e0bc59b117b044a2662f81955609000c7c35498d8405a87041f,,1,True,False,7,0.6519312,0.45379034,0.5421361,0.0025316977,0.014023,0.19814089,0.014215524,0.08993884,0.029218802,0.6519312
3395,3152,3e996c5593cc4041f416898d7c4fde20140281ed9b235cbe1850d82e3885b028,,1,False,False,7,0.58436054,0.43249723,0.6586283,0.014814929,0.077060245,0.1518633,0.012261392,0.13129091,0.028348722,0.58436054
3396,1963,014776423add1fc023a97e13ecdf5fc55d3f6aaae327919cac21a1250901cb36,,1,True,False,7,0.5611511,0.33315474,0.59973484,0.016111305,0.013821441,0.22799635,0.0022308389,0.16053577,0.01815317,0.5611511
3397,3172,3f29061295e7031e7e7cdd1969cf2eff7c13a8e4adf1ef61639dc988b7202471,,1,False,False,3,0.50149935,0.21796602,0.6750709,0.047234006,0.08116186,0.50149935,0.0022919853,0.015168202,0.069111295,0.28353333
3398,2693,087adbb1541cac3836fa1c42ab093783dd931776f0e69852b44e3eb79979e09d,,1,False,False,7,0.56380224,0.25436383,0.56763047,0.004617654,0.02140646,0.3094384,0.07032696,0.0214068,0.009001483,0.56380224
3399,4086,9f53bdafc15efcca883aeb7fd0f27abfaf1acfcf3a698ab7b2b6507823e80c0e,,1,False,False,4,0.2989876,0.11027308,0.8922276,0.008645908,0.096941054,0.18871452,0.2989876,0.08263763,0.1415161,0.1825572
3400,2616,2999362ec8d6cb3855701327a2f8ec341e1e4276a6651b0e602a854403983ecb,,1,False,True,3,0.32873183,0.053764284,0.787608,0.009127921,0.05553404,0.32873183,0.0074655074,0.2155289,0.10864425,0.27496755
3401,4646,ec8c2aee181f0e33fe60e0539a1ad56c6cb6f1c2cf3a394306b81a697aaee0b6,,1,True,False,7,0.7803667,0.66887146,0.40414593,0.004236092,0.07367217,0.11149526,0.0035059992,0.01861716,0.008106621,0.7803667
3402,4647,93c005c293490efde366d7d5971406bb1d87e0eaec7cdebc7f268f709246bebf,,1,False,False,2,0.58433455,0.40492785,0.61578643,0.0019250443,0.58433455,0.10598597,0.015020168,0.10961892,0.0037086508,0.1794067
3403,3642,537bf74b99ccb6daea57576e906fce2bfc1e87679bdf9aa4eeca6ab949eff524,,1,False,False,7,0.543544,0.41219842,0.75353056,0.07537537,0.06751562,0.13134556,0.073183924,0.08422598,0.024809558,0.543544
3405,4650,b45e4a777aee2112f383cd1505b1de2c0af67d810672fb8660294c7ad9bba20d,,1,True,False,1,0.31744376,0.11764099,0.8757731,0.31744376,0.12985821,0.1995141,0.050875135,0.08524596,0.017260052,0.19980277
3407,2894,f8b062b01f6ef14cd748a0329fe231063615e284030cdb51609eda26386b655e,,1,False,True,7,0.40322405,0.12790671,0.7325823,0.009022509,0.041177522,0.27531734,0.0074673295,0.20311022,0.06068108,0.40322405
3409,1773,7a332e362893b1694f4f75f2e1360b1bd63d86eacb7b7cdf18f2e94e3ebaf679,,1,False,False,7,0.542086,0.26089627,0.632338,0.0037090515,0.021431256,0.28118974,0.07915978,0.04554894,0.026875218,0.542086
3410,1911,f05767cdda7a0da8e127234ac2deffe43d5336964c0ce520809101d2a95ab588,,1,False,False,2,0.3108824,0.05369112,0.818966,0.035235815,0.3108824,0.25719127,0.004063253,0.10838335,0.057050604,0.22719334
3412,4401,cec517c6bafa11432a1777ff0a8c75fc3aef3e6a566834ed8b30a03a7a0b93be,,1,True,False,3,0.43196538,0.044263154,0.6399867,0.005320495,0.10249777,0.43196538,0.004437783,0.032257862,0.03581849,0.38770223
3417,2019,f00a29285d8a237bcaca171bf2a21beb1dbe4d468fd9cfef5375664ad50ca257,,1,True,True,5,0.3478481,0.11345494,0.8171529,0.008644235,0.23439315,0.11717019,0.0071682897,0.3478481,0.13990524,0.14487082
3420,2452,d18e864ebaa94c5066b6bd58e4efb61967631e8733924e434f3a8c5a32d8900e,,1,False,False,7,0.6806513,0.43520898,0.46190023,0.0050659315,0.027161479,0.24544233,0.0041976995,0.027794601,0.0096866125,0.6806513
3421,4660,efc52072a96161e83e46b7da02b97d6958dcba29de7ee1cc839421ff9cc785d6,,1,False,False,7,0.5469308,0.3010397,0.6625041,0.015975887,0.07179944,0.2458911,0.013204123,0.075670324,0.030528355,0.5469308
3428,4666,d975075b647e50634873944f7f18f3ffd7179d205bbe4dbcbe50b2d327b2ffc4,,1,True,False,3,0.61021364,0.2870682,0.48399952,0.021307932,0.017323382,0.61021364,0.0026899923,0.019114215,0.0062054056,0.32314545
3430,4668,b76e77d6fbe9236d652ab75f97f7d44eaffa2d0b88903a98f110c721504a03be,,1,False,False,7,0.35968977,0.13326693,0.80905294,0.013828638,0.19445029,0.12998979,0.011445093,0.064173564,0.22642285,0.35968977
3431,2213,a477aa4c4b03ced6667bd837e8dceaff81bc1585e495de69b8028397c7e7ace5,,1,True,False,2,0.38418144,0.15459307,0.7746341,0.013829765,0.38418144,0.22958837,0.011446012,0.14625496,0.026464764,0.18823469
3434,4671,422580f7965284db552ea97779459de7102e0d1695cb7f5fccf7dc4b152ef0a3,,1,False,False,7,0.37384212,0.13993011,0.80804074,0.015956208,0.072669886,0.233912,0.013435394,0.1827984,0.10738596,0.37384212
3435,916,a410edf6d36e55de5e2a148c188e12a2dc329145ab8d1406f6b40b8bde4c4671,,1,False,False,6,0.3291466,0.010376215,0.7395495,0.009030629,0.046240877,0.24207543,0.0074806735,0.047255456,0.3291466,0.31877038
3436,4531,7dfb114c6df807326407756e8097ba86f3d4c9f688ac71c0ce293c1138a6a2c0,,1,False,True,7,0.4252086,0.0057599545,0.63432324,0.01220185,0.056874886,0.41944864,0.010098793,0.052818548,0.023348683,0.4252086
3438,4039,aacd86a2eb82ee08dcd079310504b3d79098acac41904c41772e8bd6b16453e2,,1,False,False,2,0.4075717,0.1858146,0.7929196,0.011532991,0.4075717,0.124638334,0.009538747,0.091908656,0.13305245,0.2217571
3439,809,a3627bb451b6fd0314055d3c6e546ecbd69d5ef323a6c37989133d8812cb66f8,,1,False,False,3,0.46169204,0.11878729,0.6422198,0.0028496366,0.035597496,0.46169204,0.029032122,0.121787176,0.006136815,0.34290475
3440,2804,e591a5ed048eb95e496e6dca61ba3c02df44eeef5cd068c40774f994b2743344,,1,True,False,7,0.3358034,0.0037867427,0.77956945,0.010389337,0.10492721,0.33201665,0.008585188,0.1384524,0.069825836,0.3358034
3441,4675,53ca058ff1925d38120beca93dbf4d971bf8b88e7b27e24c0cfe641d3833f4ba,,1,False,False,3,0.37112445,0.08041781,0.7419883,0.0020817758,0.05757771,0.37112445,0.04174488,0.2178585,0.01890602,0.29070663
3443,4677,1e711465280b487092e734bc6363323861f09954d476497d5cf3b2f32bc0c790,,1,False,True,3,0.39860922,0.04756245,0.6469966,0.0017030053,0.039917234,0.39860922,0.00141845,0.19380018,0.013505152,0.35104677
3444,2394,6fb4e82e1f30c48ba9e154381c32f60b262c8844ffa432fdf9bfab21ca41c8e1,,1,True,False,3,0.39412066,0.08622569,0.76138633,0.109462544,0.062350456,0.39412066,0.0029285615,0.09860985,0.024632996,0.30789497
3445,4678,e20ab8d9f44cbfed0bb55dd3c044063638bb6a84bad16b418704ef7c3d5fb101,,1,False,False,7,0.5125206,0.2617555,0.68022984,0.005301653,0.058337472,0.25076512,0.004293036,0.083868325,0.08491385,0.5125206
3446,4679,3bbbdc1786d8d27a0e81f77a167c23eccf8a361e444a8f484ae73d0ba6f9a60b,,1,False,False,7,0.39664066,0.04148081,0.7104017,0.0047063087,0.0706462,0.35515985,0.003816427,0.1014008,0.06762974,0.39664066
3448,2720,d51c7deb9ce67324b86b6feac4eab888d5e2aa3a0382cc17e4d6310484f798bc,,1,True,False,7,0.3071735,0.063362345,0.8663362,0.017284678,0.24381115,0.16247712,0.09762587,0.13855219,0.033075485,0.3071735
3451,1959,783c671d7597ac3fd7373208314279423bb433efe71278c9d86f3c0581ba2b7a,,1,False,False,7,0.7312076,0.5349975,0.42949796,0.004825733,0.024996862,0.19621007,0.0040051057,0.029521212,0.009233371,0.7312076
3452,3502,302a5f0d5e638bec36810c20cb76f4d63b92dfc4877c1569bc2701f0a35c8a4b,,1,False,False,3,0.4792677,0.15264928,0.62344396,0.0031078293,0.13547887,0.4792677,0.0025634568,0.03206753,0.020896167,0.3266184
3454,4684,68128900ed5ba34732bba47846820c44189a9d94404cb8524dded14e541a429b,,1,False,False,7,0.7359956,0.6142818,0.48728603,0.0059434813,0.038100548,0.12171381,0.004906263,0.052888192,0.04045211,0.7359956
3457,1061,a25c9e006064e0a13ba4543a497cbdf386ed79ed355d3bcd1032c69c6ece45fd,,1,True,False,7,0.33721083,0.10502413,0.7590756,0.0015551094,0.2321867,0.20508268,0.008711744,0.19611666,0.019136278,0.33721083
3458,1609,10531a409daf92983fa53a49f04d392a61b3d59fcc8d0733ff20fa9dfef14c4c,,1,True,False,3,0.46814483,0.15529078,0.66271836,0.0074106865,0.11979407,0.46814483,0.006133347,0.071481705,0.0141813215,0.31285405
3459,4687,1878d093a7861c6de6e354d85d475872ad9ecd51b1cac14f2312cf6fdc1f60cf,,1,False,False,7,0.6034841,0.4024934,0.6093874,0.011084361,0.049282096,0.2009907,0.009036932,0.10522755,0.020894317,0.6034841
3461,1817,b0f96c60571c0e9958e839c4b095bb3d814c6b3455d37b3c4fd6e0e25ec9c6a0,,1,False,False,2,0.37039655,0.042728335,0.6773761,0.0064882324,0.37039655,0.32766822,0.0053669848,0.039540537,0.012409292,0.23813017
3462,4690,0ee5a1d93a311a64246bd8a536c5c4c49bb62d79f95d55a444a8f19fb9ed0ab7,,1,False,False,3,0.34347773,0.08084893,0.76497793,0.0038418462,0.2626288,0.34347773,0.0031322239,0.076388896,0.07470997,0.23582058
3465,3535,3ff9897d4ec458505f4662c79b313c97df2c36c2f666a7cd216864bb092eec75,,1,False,True,3,0.33168635,0.10816161,0.8214818,0.009911109,0.123986356,0.33168635,0.008177037,0.09993348,0.22352473,0.20278093
3466,4693,8ac6b7b733234f9d4c2d2372aa511b4fb52a0cc1949407cc6fdd2364e77b604d,,1,False,True,3,0.43743515,0.18837728,0.7340421,0.045640577,0.017743664,0.43743515,0.054713484,0.18844908,0.0069601783,0.24905787
3467,1348,13e0c0b3eba98faf54ded95b33fd1ea564e77cb54f71f28071a296bf01e0db1c,,1,False,False,7,0.5038372,0.21814084,0.6421884,0.010595158,0.10777214,0.2856964,0.00793016,0.08162896,0.00253996,0.5038372
3468,4695,d2b4a3dbf56b0530e0725683139b87b6621a47b5186b15f52e1a2e398108bbbc,,1,False,True,7,0.47469947,0.2915228,0.74822265,0.017282667,0.13230178,0.18317665,0.014303789,0.14516486,0.033070765,0.47469947
3470,4697,c028dafd40bdb1987a74d6cd3e280200b0afe7e90cd22d0dcdbc4a09f80939a5,,1,False,False,2,0.6461795,0.4998511,0.5683682,0.008655381,0.6461795,0.13590531,0.007153888,0.039237443,0.016540052,0.14632839
3471,3235,c74f043dd8a44a93d6586739f5e697ad35f40ac68075347c0bbcad6da0f464fb,,1,True,False,3,0.30716562,0.13390866,0.89938015,0.010919723,0.085828066,0.30716562,0.11428128,0.17325696,0.1430868,0.16546156
3474,4700,2eb6f7b2c15a8937765a55477a9063582f53a88ada371d920e015c0df3da4b54,,1,False,False,2,0.47535205,0.23756415,0.67533284,0.009878784,0.47535205,0.2377879,0.008176047,0.041652717,0.018903567,0.20824897
3476,1985,c8ea816388bc4054723fc148884c25ead17de09d8d8634c586ce5ffdd808c473,,1,False,False,5,0.3788931,0.042279363,0.7199933,0.0090213865,0.14459805,0.106143795,0.007466417,0.3788931,0.01726345,0.33661374
3480,4704,31d574ac258568ed63931d8236e65659de5c6d158d1e8fd5380777716b8b432b,,1,False,False,3,0.3833364,0.08160448,0.6781445,0.0019767906,0.21969584,0.3833364,0.0016384167,0.08783853,0.00378216,0.3017319
3481,4707,67b74b53670de1dae41f3e136b323c0ac2971981504a78fdfd178c095a67f1d7,,1,False,False,2,0.30762511,0.08157703,0.8156637,0.12691084,0.30762511,0.20863183,0.0022786474,0.123248935,0.0052565667,0.22604808
3482,2300,da760d939cd019a832816e39c202a1fa9557f1caae0f7b763ee745f58fe4fbd2,,1,False,False,5,0.39388743,0.17322429,0.80051756,0.014814667,0.068162374,0.16346118,0.012261165,0.39388743,0.12675005,0.22066315
3484,385,77ae2586927db27feedbece2923cfb20575a6b5cd72f34dd2c65e9566afb5682,,1,False,False,3,0.49584422,0.108060926,0.5874567,0.019453952,0.042973198,0.49584422,0.013975783,0.020330686,0.019638892,0.3877833
3487,2504,bb0cba4df476f6e4a4766179470218e3bb8f84e1c436cd8fb79278174c03cbb7,,1,False,False,3,0.4729326,0.22511788,0.65905297,0.0074260654,0.038378097,0.4729326,0.0061372207,0.21313225,0.014179009,0.24781473
3489,4711,98cb0ed776ef2b68be7524b8e76448d9d19e473f5c83e60284084c7e1a4748d0,,1,False,False,7,0.671707,0.52644014,0.52785033,0.0038471604,0.020367961,0.12907729,0.00318109,0.14526685,0.02655263,0.671707
3490,4712,76e85e734b323d4be3d4c966ebc869a8c4b87da40d1370725b0028137db5a52d,,1,False,False,7,0.30464315,0.10523604,0.89461726,0.100550495,0.08138714,0.19940712,0.014303892,0.18334062,0.11636758,0.30464315
3491,4713,b347e0e3a053bb1350d921ee5d6046ec9df161d4001f70a4f0a529bd5fa60739,,1,False,False,7,0.48601684,0.2283225,0.6934599,0.005462838,0.029224934,0.15351413,0.03136645,0.25769433,0.036720473,0.48601684
3493,4714,1b60fd73345ed6e4a20161037e203d6aa2cb06b5513bb4919f42bae0713de37a,,1,False,False,2,0.2565864,0.00517416,0.87938017,0.25141224,0.2565864,0.18745826,0.0033028317,0.11028884,0.065867744,0.12508367
3494,4619,fb9327b742ef0083d0f8ecbffb5232faeda32ea89b3400872ded3bcc30ed1390,,1,False,True,3,0.3748911,0.04524821,0.7221938,0.010940017,0.3296429,0.3748911,0.009036806,0.07093713,0.020893943,0.18365814
3497,3619,d491fcbfbc921f8a733fba98c03a9d7b1864410374485c3f3b6a10df98d3aaf2,,1,False,False,3,0.5319204,0.30466014,0.66015583,0.010375343,0.057170574,0.5319204,0.008585519,0.14350475,0.021183185,0.22726025
3499,1081,72e5fbc575eaf93951cf27a9076e9c1bfe1edf79df869c60183ab71f0eb42d8a,,1,True,False,5,0.3021673,0.059093073,0.8616054,0.080550194,0.13626987,0.24307422,0.017233178,0.3021673,0.03306836,0.18763687
3500,2614,e5adf114e03561df13d37546d02498583acd1bd76e843a92c22d2ba19acb0ade,,1,False,False,2,0.40893936,0.14424962,0.74464625,0.006733208,0.40893936,0.17150095,0.0055402825,0.097554915,0.045041528,0.26468974
3502,478,870bb7c926ddfeb9442dc6237c6a41e9e2de32cd81197a4520e8c314d176cf54,,1,False,False,7,0.34995148,0.040555418,0.7459996,0.06580405,0.032373603,0.30939606,0.009000391,0.2208492,0.012625205,0.34995148
3503,4721,3517a335a0ab2e05820b32273d7e6ff1fe902d56015da0adbb189d33b6c3e1a9,,1,False,False,5,0.3896595,0.096506715,0.73718125,0.06693644,0.03507978,0.29315278,0.017900743,0.3896595,0.0033039583,0.19396679
3504,3506,013bef66f716905b1634f9fbbde2be1f2b18d5e39c7653950930cc6e8fb40715,,1,False,False,7,0.24746422,0.052506596,0.9098026,0.18291761,0.04991559,0.19495763,0.14946756,0.15801074,0.017266655,0.24746422
3505,4722,79d7b2ba80c6dc2c3e3fc8782a5867ed1576c97a306fd81331ed46ff8f6ab12c,,1,False,True,3,0.3596265,0.13805383,0.81095874,0.10416556,0.0630797,0.3596265,0.017539922,0.22157267,0.014974176,0.21904148
3506,3790,fb4ce19589f1a63fa5b926add795fdc405384098fbf716fe0fa2dbbab2ca3bae,,1,False,False,7,0.39062124,0.05945015,0.75200474,0.052965466,0.048325244,0.3311711,0.0069348835,0.039733566,0.13024855,0.39062124
3507,1182,1490c8738055075cd9cba4be47e914e89ec1db629d2f7f35c30f44dcb7ed0379,,1,False,False,3,0.41444632,0.08046979,0.695531,0.0040772003,0.10920843,0.41444632,0.0033674836,0.107282385,0.027641622,0.33397654
3509,4726,f46b3b54b5fcb17a6075c2129c151cee2760176cb0cf654113863acd47a48313,,1,False,False,3,0.4493242,0.13374665,0.7122359,0.025931401,0.033425838,0.4493242,0.038804933,0.11754081,0.019395282,0.31557754
3511,4728,582484fdc9e865e7b94d86b977f7e2ef2fca907ac5e4a617d7f426fcea151659,,1,True,False,7,0.27654353,0.052620962,0.8766531,0.023038913,0.11804053,0.22392257,0.019067882,0.18426636,0.15512024,0.27654353
3513,4730,dbaff1cef63da57a69d3efe3132fe2df13382d5d2a8466e80e338d0fc7122db8,,1,False,False,3,0.30553615,0.0067940056,0.81595093,0.014814809,0.08165805,0.30553615,0.012261292,0.18723817,0.099749364,0.29874215
3515,4732,99d679cf5e26fa49b0e3756ffbdc0a54f27401ee50013a78aff9ad3539a498a7,,1,False,False,3,0.36238012,0.109770685,0.82308614,0.017284073,0.12621196,0.36238012,0.014304936,0.11082556,0.11638391,0.25260943
3516,4450,87053d45dfd26d223076270bd117b689f247631a037e8d2423f73cb40cff238f,,1,False,False,7,0.3772072,0.14966258,0.80667114,0.012972274,0.2275446,0.17437637,0.0107305795,0.10989005,0.08727888,0.3772072
3517,2778,b1e9a4ad51438a3f9651fc6e629749daedc3eba31f8ad81ee7e6cab7167873bb,,1,False,False,3,0.5302332,0.26524317,0.6415507,0.009437735,0.05245906,0.5302332,0.0078202,0.117015675,0.01804407,0.26499003
3518,4735,69bdc07288422adeb04686a1f31c5a882f81ee34274c34656e3607654db8ced3,,1,False,False,7,0.5490943,0.3191017,0.66730416,0.010373803,0.076889075,0.22999263,0.00858573,0.05520509,0.06985931,0.5490943
3519,2333,b618e40f4bb85472ec1c71c372b5ad4b04d233b403e67f7c20428db0c535de59,,1,False,False,2,0.39581165,0.17408895,0.78177726,0.09015402,0.39581165,0.22172269,0.007465133,0.06125926,0.017324328,0.20626295
3520,4736,d6e371ecb01138cf9f28b8a72b1d3c699410b1be11255f398afbe2d4f68cad6b,,1,False,False,3,0.48346618,0.28845537,0.7033445,0.001999869,0.1950108,0.48346618,0.12894285,0.03313247,0.0038199374,0.15362793
3521,4699,3018f8e8e41c33400c6210a32cae22953535d5cd99a77133c1d2696f40fe9183,,1,True,False,3,0.31851572,0.03342271,0.82393485,0.015993828,0.09063756,0.31851572,0.013205229,0.16911678,0.107437864,0.285093
3523,3107,96abda81c8d7db83f9b484009949353338a9bae466845b2f1d353b943e6dd7e0,,1,False,False,7,0.3581242,0.1446087,0.82662994,0.020736458,0.09251494,0.21351549,0.017162282,0.08706472,0.21088192,0.3581242
3524,3678,ccdc0613ce0efea8db02aa8397efcf65f3273af2ba6c73710e772ef024234f87,,1,True,False,7,0.34854245,0.10049707,0.7944283,0.01595428,0.07077734,0.24804538,0.013224527,0.066985615,0.23647037,0.34854245
3526,109,07025a72fad888e287a7327a970f81968c2f300acfbfccafe488686d8349a548,,1,True,False,7,0.5894012,0.29539138,0.555093,0.008298498,0.037255555,0.2940098,0.006868145,0.048287224,0.015879573,0.5894012
3527,49,45a2417f6822a788f51b557345dc671d0802ef5b55edbb1ad871e472a532e52c,,1,False,True,7,0.31769457,0.099643394,0.85274285,0.020739451,0.091742404,0.19495219,0.017164728,0.21805118,0.13965544,0.31769457
3528,1038,109f8caf136b7639542d5f3f3f9e8b89765636118d5131f54fbfd82de6e040b1,,1,False,False,7,0.23569295,0.008891627,0.8702408,0.015959779,0.1986317,0.22680132,0.01321893,0.12530582,0.18438952,0.23569295
3529,4738,36d56108443db477a9ec7e2dd6226b0a6577852dcf45a6f1baf21f36f7d542fb,,1,False,False,3,0.6376938,0.3794525,0.51092094,0.004840925,0.029461639,0.6376938,0.003995865,0.056367077,0.009399288,0.25824133
3530,569,972e9b2a3307acec5ad31a8ab1036608661cabc1f84159db555f7e4e4c8b53b9,,1,False,False,2,0.3236507,0.0633125,0.8238038,0.01220244,0.3236507,0.14831285,0.010099189,0.08709125,0.15830536,0.2603382
3531,4740,d7e890e318d25e57b76b5cd285d08150bc6b2bee9d448b55a98b7c2578f0f600,,1,False,False,7,0.4787558,0.24705514,0.72284687,0.007989144,0.10142438,0.23170066,0.006604362,0.11979287,0.0537328,0.4787558
3532,1039,8633375e4bd12af138e1b973ae65b007dccd7def5d635f94cb6467953962fcf7,,1,True,False,2,0.39573723,0.12047288,0.77522707,0.013838141,0.39573723,0.14925022,0.011444599,0.06135739,0.09310807,0.27526435
3533,4741,b57659dfdd9e451f1ba5c325696605c37ddd12218886e214a0ad421b3598fd1e,,1,False,False,7,0.43648627,0.05471331,0.6600485,0.008303533,0.061019443,0.38177297,0.006877799,0.04931947,0.056220546,0.43648627
3537,3091,c81af105fa70921bccb79d9445e478efaacfba0664b1684183f06735ee98f614,,1,True,False,3,0.42996684,0.16155028,0.7153548,0.007415434,0.03999215,0.42996684,0.006132744,0.19091237,0.05716392,0.26841655
3539,1755,72266c783bf983f8f1fc9e061a2ff08301f79e66e8b2f9b11e59e5d9c72767c2,,1,False,False,7,0.37716234,0.18546872,0.8321511,0.01888569,0.10342877,0.19169362,0.015603209,0.16629033,0.12693599,0.37716234
3541,4747,a59f4af0faf0e66d375fa3c99805d0c9175cb76256d43883873b7036f2697313,,1,True,False,7,0.55344856,0.40083635,0.7034489,0.03935593,0.03962568,0.15261222,0.058117896,0.14442775,0.012411978,0.55344856
3542,2816,8e0d5815e1610f7658f545ac653a77c082414b39c8be09432a5eacf869d99498,,1,False,False,3,0.39936137,0.046047926,0.7103473,0.012965467,0.1266688,0.39936137,0.010730689,0.07214986,0.02481042,0.35331345
3547,4463,48ec61ec6fbe140f43883ed12fab75104f61a6cfd8cdd175f752588cbbe21477,,1,False,False,3,0.4268294,0.179691,0.7737646,0.01481766,0.069942765,0.4268294,0.012263624,0.12922299,0.09978517,0.2471384
3548,3310,3650bd0ce01f1fc64662135f1e7dd2209007d737a12595c22f7504c36b7c76a7,,1,False,False,7,0.44017786,0.13686827,0.73646706,0.020736735,0.091728926,0.3033096,0.01716251,0.087204315,0.039680094,0.44017786
3549,4754,02a940a595488e7bb8cf8e4296bee340feafdec718b790cd78079ee67602f937,,1,False,False,3,0.69350183,0.48264748,0.46321666,0.0021582693,0.012366075,0.69350183,0.001770874,0.015714161,0.06363437,0.21085437
3550,4755,fd6be8ea53aa7b1cd1afecdfd196fab6274d733704e4fa676ed6ec49230554a0,,1,False,True,7,0.5702723,0.32963455,0.6356409,0.0138277495,0.07463757,0.2406378,0.011444367,0.062720396,0.026459765,0.5702723
3553,2364,7e543bc4d7ade093ed20fdbbe49665a9b193f2b56915738ec3a86c6792a229a9,,1,False,False,7,0.5307062,0.15441999,0.52921486,0.003583948,0.029995942,0.37628624,0.0029723344,0.049607374,0.006847929,0.5307062
3554,3281,39cf15a288a0ebfef176f99a720a0c7775b52f6aab15672fabd0e05f7b215e8c,,1,False,False,7,0.5117873,0.29120594,0.7168189,0.093222536,0.10106899,0.22058135,0.035479024,0.02618372,0.011677101,0.5117873
3555,4759,712e0b3fc266589dc7a5f05792c08dde5fc226227cdc484de8a3ca236e86e814,,1,False,True,7,0.46021545,0.22807838,0.7403116,0.06760848,0.15995818,0.23213707,0.021459283,0.052150015,0.006471544,0.46021545
3557,3826,84eb42c317f2ddf4f62c116ae3fc5d5ec1902b7144bce12298b5d955f99ffd67,,1,False,False,7,0.33705905,0.0679549,0.83411604,0.0079800505,0.03691782,0.26910415,0.09082867,0.14990865,0.10820161,0.33705905
3558,2819,2e517acf0977a0e61dca0ed2c9c115c9a04c298c27c38b16fcaf1414e684bce7,,1,False,False,7,0.53300947,0.23917028,0.58658093,0.001598319,0.106303364,0.2938392,0.0013174183,0.06060569,0.003326626,0.53300947
3560,4762,67800a57817489f61978ba3eee71b8dc8a4b69eff8047a752a7095119db5b667,,1,False,False,7,0.39497104,0.05738026,0.7355016,0.010920998,0.056528542,0.33759078,0.00903859,0.11739774,0.07355227,0.39497104
3561,3650,38327fbf4234c2d1a075f81b2eb4c12a53f9b24b7c41c3be0be2d8bd19dca18c,,1,False,False,7,0.6723002,0.47336978,0.51567966,0.0055647832,0.06327282,0.19893046,0.004519249,0.044810615,0.010601905,0.6723002
3562,4763,af0cc4076e599020d33167e6b6ef4f31e6fa8f0db67b4cec36dcfd32dfb9e04b,,1,False,False,2,0.30368584,0.012004077,0.78669304,0.18265884,0.30368584,0.16731791,0.004295972,0.03974669,0.010612954,0.29168177
3563,925,c3c37a69a76d4d246c8b46a7c70a6e2bc4af560b477be6636e57a656cf78e8ce,,1,False,False,7,0.4085042,0.17432895,0.7470254,0.010376041,0.23417524,0.13628042,0.008605225,0.18220243,0.019856498,0.4085042
3564,1820,df92274cc9423f42b11e6b98e638cc712ea5384b843a4d8269f6c697086b687e,,1,False,False,3,0.3951254,0.12434727,0.77760595,0.012967195,0.15159291,0.3951254,0.0107321,0.07148441,0.087319866,0.27077812
3568,3725,7f73dfc1cc0b5d1bdfc9e84a18fc7ba1a82170bfc558c7f9d2969e8e3502e28b,,1,False,False,3,0.57214504,0.328902,0.6344467,0.0148193985,0.0669456,0.57214504,0.012265045,0.062222783,0.028359124,0.24324304
3570,4023,08d27311a920308a9ad063b059a95d26eff5dfced512136ef7a60597fc3e6e43,,1,False,False,3,0.32519943,0.069479674,0.805016,0.010502982,0.09142159,0.32519943,0.058534022,0.25571975,0.019849554,0.23877263
3573,4188,e6f75a4305ca64669cc6bfb79039b85380f6cd9af1871ec02d989e2d6c5b92bb,,1,True,True,7,0.5445126,0.32104993,0.65407896,0.00520651,0.07132456,0.2234627,0.00429328,0.115890756,0.03530951,0.5445126
3574,2286,0d5e1ecf68369f6a1e631dd7090e36910990e122f6f490dd8eab581a3284da5a,,1,True,False,3,0.44957107,0.22512528,0.6792577,0.0035854694,0.21782728,0.44957107,0.0029612775,0.094693944,0.0069151977,0.22444579
3575,4772,5bd72c2b2b40fc4c380260e6d15de717a0af544a68dbfebdd2e6c5873d4fde32,,1,False,False,7,0.6101115,0.41425973,0.61459714,0.012964084,0.087243214,0.19585173,0.0107295625,0.05829276,0.02480721,0.6101115
3576,15,88b381fcdbabb36245011935daf5a2a04e3018daec10ddc221e077609e249c16,,1,True,False,7,0.4163291,0.21934919,0.770175,0.008006844,0.1969799,0.13463664,0.0066053024,0.1806167,0.05682549,0.4163291
3577,4628,916a356cb875931b23234f5d02a3629476637f574a0d91c9ae08304d432c3d59,,1,False,False,7,0.51994336,0.15653661,0.5752474,0.028574273,0.041409083,0.36340675,0.003816299,0.03402664,0.008823639,0.51994336
3578,4773,74dbaa5a86f6bb29c0830a4d68d2059de702b7c657caddd4bcd6833f23f16bc8,,1,True,False,7,0.47737414,0.120277524,0.6388053,0.03048102,0.027264869,0.3570966,0.0033212027,0.07427936,0.03018277,0.47737414
3580,312,95afef8088ec6ec081cbe3acf0a702b2bec999ef5ccf0713e64ea09cd3bfc777,,1,False,False,3,0.35515398,0.04699111,0.7660856,0.0032940428,0.13593166,0.35515398,0.14508042,0.03019761,0.022179471,0.30816287
3582,4776,018b53013da62e0cd07670800bdba2a23d0bb3ed3c4302f2e70f8d99ea7b3323,,1,True,False,3,0.40702295,0.17456093,0.7561216,0.0015288754,0.10493162,0.40702295,0.021087807,0.1976875,0.035279255,0.23246202
3585,1912,ddbcdcaccddff4cd295f706558cc34b1a663cb44b167b688c026ec70f743c7f0,,1,False,False,2,0.5474278,0.32567704,0.65356773,0.006974349,0.5474278,0.22175072,0.0057397108,0.04475616,0.046566598,0.12678465
3586,1383,df74bfd9719c414a04cac368a3097e273371469cc1429a0939b345dd65cbeb65,,1,False,False,3,0.31468564,0.004186064,0.7164736,0.0054659047,0.08827089,0.31468564,0.004548876,0.2660801,0.010448987,0.31049958
3589,1343,c2ea7f358330fbcf626d86b1e39e63f9cda1077df31d4e6ae01e80928a3612ba,,1,False,True,3,0.43570653,0.036330163,0.6231083,0.0065266257,0.052156467,0.43570653,0.0053664455,0.08844454,0.012423091,0.39937636
3592,1935,5b9751c271cbf1ff8065e0d67235cbf49f7e568c2689f1700e44fbbaf8bf10e2,,1,True,False,3,0.5259287,0.22055665,0.61792666,0.009026667,0.040943917,0.5259287,0.0074668373,0.09399723,0.017264644,0.30537203
3593,4783,b70606a890fb179c420defc4d372a5cca12c0d28c0419c9188d2a29c6ad68ca4,,1,False,False,7,0.48264742,0.29938155,0.7643346,0.018853921,0.08737632,0.18326588,0.0156042,0.0853003,0.12695193,0.48264742
3594,849,18639929c7358db3f4aed954bed3625eeac1671accaa8a5c3fc64238e996f1b0,,1,False,False,7,0.48398748,0.20598081,0.6795881,0.009024761,0.09798679,0.27800667,0.0075897905,0.10613321,0.017271295,0.48398748
3595,4784,2c5fa15eaf7fe1fd5d405db8e02ea6f57f78ace2fd21573a18ccbdbfdb24c8a9,,1,False,False,7,0.2639088,0.020483166,0.81830454,0.24342564,0.048835456,0.18130271,0.0066041937,0.24065384,0.01526937,0.2639088
3596,1194,6c1ef2b4dfad2ed9283cc01b19b89b0f012e00bce898c2e72ce5e629bb30007b,,1,True,False,2,0.34413218,0.07184407,0.7452988,0.0014350942,0.34413218,0.2722881,0.0011847088,0.20033495,0.029493315,0.15113162
3597,2870,84de962441790e0df7d236b240b72cc6ba54030f0a0dcea1328d34966a6a2d04,,1,False,False,3,0.50644594,0.26562643,0.68691397,0.011080736,0.10450896,0.50644594,0.009036833,0.106855735,0.021252228,0.24081951
3598,1941,2f199c885c48b65ee98d6b5d4a87804ffef19f7a7dc2bace6fa29b40595fa8df,,1,False,False,7,0.2811592,0.023755968,0.8348042,0.017284295,0.23755172,0.25740322,0.014305118,0.07590991,0.116386525,0.2811592
3599,2054,096b1ac6e0fe22ce437b08d004ccf14f72d34ea51347430ea294fdcec515ea6b,,1,False,False,7,0.43048856,0.0049527287,0.61908656,0.01091748,0.054434273,0.42553583,0.00903572,0.04869735,0.02089083,0.43048856
3601,2848,3712c947354a934963d04fbd80d61f242a9a7f6c5e75b83e97389e1131f07c5a,,1,False,True,2,0.38466835,0.081385046,0.6943318,0.014050043,0.38466835,0.3032833,0.022527814,0.026445339,0.007635765,0.24138935
3602,4786,ccf4e22403b17a8d5c8796f138926d23ae3be59003ca83094766c80d62244405,,1,False,True,7,0.5490505,0.3189466,0.6417518,0.009580251,0.23010391,0.12864153,0.0078039565,0.05677684,0.018042998,0.5490505
3603,4583,81e742a6519511024421f93959882af00d0b3100727a59059da198ffc9f76306,,1,False,True,7,0.4654576,0.17565528,0.7081449,0.014834856,0.10238521,0.2898023,0.012262687,0.08690498,0.028352374,0.4654576
3604,1500,94cdba03ed2c916df723d0df738748eef411767b4e1826d6d4ec50db7a1261ba,,1,True,False,6,0.42754444,0.16675583,0.6907828,0.006483983,0.039439134,0.23099189,0.00538867,0.02936328,0.42754444,0.26078862
3606,4552,c58f789ffa468e474231577ab112718e65da6976d1079798f6b0f91ec9845e03,,1,True,False,2,0.28319028,0.02888465,0.8317092,0.0062964675,0.28319028,0.25430563,0.0052227024,0.15022244,0.16258349,0.13817897
3607,115,b889d095433ca7ddedd0e827556ed48ce277f4b5e2945b55c54ba1d8208cbb50,,1,False,False,7,0.5388501,0.3385926,0.7046784,0.020736579,0.09624953,0.20025754,0.017162383,0.08706408,0.039679725,0.5388501
3609,4295,acbc42ec0e5a0dab8a4c4d5d6c07f089bb63fdade26c7f4b9cc8a1016d6885dc,,1,False,False,7,0.36987427,0.12000513,0.8114421,0.017287245,0.15965393,0.24986914,0.014307526,0.072584264,0.116423585,0.36987427
3612,4792,4e91089ca9c481ba02175493479c363ee987a2539b5dc91e19e2b293f637473f,,1,False,True,2,0.42607772,0.14514509,0.7079122,0.006917953,0.42607772,0.14827025,0.005725528,0.11883719,0.013238734,0.28093264
3613,4793,f2f41fd2aae3def31e763b9d6bad4b3e893b8078f2e005884aa32f35001a98c6,,1,False,False,3,0.4500479,0.100293934,0.6791394,0.009879641,0.058118343,0.4500479,0.008181792,0.057488766,0.06652962,0.34975398
3615,2423,8c5a0a3a53071be941a30ae94296a1d896d04d74d3f303df24e92b99037be00f,,1,False,False,3,0.45041192,0.053227574,0.6288074,0.011524824,0.054030027,0.45041192,0.009538369,0.055257134,0.022053417,0.39718434
3616,3515,51abcd242fae697ba83915eda12bdd12e7b2126a5e8815c67120606d947a093d,,1,False,True,7,0.48411262,0.21239045,0.6502602,0.0063396115,0.046851836,0.27172217,0.0052034846,0.17373943,0.012030806,0.48411262
3618,4795,4145e92b047719f548fbf060f6cbbd4074617e89cac757161331e277803cda05,,1,False,False,3,0.48324442,0.2061331,0.70531934,0.09867536,0.030504692,0.48324442,0.002642776,0.056493375,0.051328108,0.27711132
3619,4796,4133e5636e557cfcf81579ee72eff4c5f0f2d80a3eed1c08e2d42f46805318f4,,1,False,False,3,0.5111697,0.1538186,0.5707534,0.00426019,0.0834411,0.5111697,0.0035048872,0.032169398,0.008103644,0.35735106
3621,4797,33583ad506e65981c97311d11b61dd8d7f23bb179f2ab04a46b92eaaba209d1b,,1,True,True,2,0.44820577,0.22381729,0.77222204,0.22438848,0.44820577,0.06663894,0.00464108,0.13265947,0.037745334,0.0857209
3622,4107,891ac1d2905704ea4d8f3dd0bdde18cbc2d6924c0c63b8a129687b735e15256a,,1,False,False,3,0.3182979,0.06830992,0.8176801,0.01595862,0.23194514,0.3182979,0.013207902,0.072671846,0.09793061,0.24998797
3624,1351,e5027b2bd9a1a5c854023dfeeee09aa20df7d7cdf20034444bfd4ef5ee4762bc,,1,False,False,7,0.5215555,0.17345265,0.58982617,0.021567384,0.021759141,0.34810284,0.0027723676,0.060463127,0.023779614,0.5215555
3625,4028,158aa383a4ef7c55620d183044477150f3107e9bad4bdfa850470de694e3dd63,,1,False,False,5,0.32702184,0.03719756,0.80013466,0.007413334,0.09091976,0.28982428,0.00613409,0.32702184,0.121376,0.15731071
3629,4804,ee1d1eaab1173e6d0c8cbf516a6547bb7fdaaaf75e8a2dde49741a3f8e664fa4,,1,False,False,7,0.50027174,0.11014226,0.56020916,0.0031507316,0.043903783,0.39012948,0.0026023076,0.018248817,0.041693114,0.50027174
3630,4805,eaff9e89d1e833dde88e9bf4565c9af41945e9e766e992f813353371ad73adb7,,1,False,False,3,0.40035352,0.11839104,0.7393571,0.014815124,0.19723302,0.40035352,0.012261554,0.06502506,0.028349243,0.28196248
3631,4806,48a74b75bfa73685612f114c1c5cd56e4d8770d60264bfb1a0e356deb128e883,,1,False,True,3,0.37685782,0.08475909,0.69561166,0.0028851023,0.25260034,0.37685782,0.04400167,0.025510395,0.00604594,0.29209873
3632,4807,0d435dc48d2d2b69c2d1db029e4b02916b5dc32de9e565b36517a37ba5ce2134,,1,False,False,7,0.52337825,0.25570858,0.65904486,0.008650733,0.09869701,0.26766968,0.0071579134,0.0363147,0.058131676,0.52337825
3634,1035,039fba4caa4765fcf1197fa322344c804fcf349650bcd5bf7ef914e8ee0b67e4,,1,False,False,3,0.38752666,0.13334131,0.7667469,0.014815614,0.10803647,0.38752666,0.0122748455,0.19481067,0.028350398,0.25418535
3635,4808,52ba1c55cfe1f93a361d87f91d15f322da6fcf0d30eff9c29b3e79f76cb5cf46,,1,False,False,2,0.55043644,0.33779162,0.6645841,0.0037809776,0.55043644,0.12619258,0.0324835,0.0262887,0.04817297,0.21264482
3636,1716,58d61212b1a000cb0cfc6f0434923c063e0841da242f66ec09e1b3a6c193dd25,,1,True,False,2,0.3300823,0.103116274,0.8003907,0.0074380515,0.3300823,0.17960186,0.006144597,0.22696602,0.055608083,0.19415909
3637,4510,7bc3946e642089a456967b262c4d75eca73c6f12dff66722bc1db5584ffc4105,,1,False,False,3,0.2525628,0.015001178,0.8507869,0.012977883,0.16335279,0.2525628,0.010730261,0.22187804,0.10093663,0.23756161
3640,4810,c07d6b04a3f5c57e8a0988b6bb105e59df65046b60643fd44d46fca6aad88ce6,,1,False,False,7,0.6078176,0.44878632,0.6117448,0.01037402,0.15903129,0.14419006,0.008585904,0.050149374,0.01985181,0.6078176
3641,2908,f4505725aa38e5e27b73a080ce623ea69f9b3770c7e13a803049bbb3290899e8,,1,False,False,7,0.49283615,0.2946335,0.7314974,0.0103728315,0.06862405,0.19820264,0.008594799,0.08622892,0.13514063,0.49283615
3642,1677,9d10867d67937bc0af5d1cf0d48426d913807622cd3976b94828ef6349185fb6,,1,True,True,7,0.72847795,0.65161043,0.50838083,0.0041544093,0.07402865,0.07686751,0.032555867,0.075950354,0.007965294,0.72847795
3643,4811,7d5493cd20e2a1ff4db888bd924b972b4ada5cc0b07311df858626dea7ffa58e,,1,True,False,2,0.53026617,0.3000108,0.6873207,0.031741258,0.53026617,0.10262383,0.0042932485,0.065889634,0.034930523,0.23025535
3644,4812,a953e843f369babf18bca1f21738f54a0c58343cc79179b23a6aa3b9df31e69e,,1,False,False,7,0.27654153,0.0039645433,0.86387044,0.023252707,0.15012434,0.272577,0.019067753,0.10331849,0.15511821,0.27654153
3647,686,2010bca0aa00bd29021c0c03ee88e96d2ffcc25fe7a81388d735e3cd86daedfe,,1,False,False,5,0.5033289,0.27401006,0.67221254,0.016536396,0.06664582,0.22931887,0.014695626,0.5033289,0.0026476064,0.16682675
3650,4817,b98277d8598b3050c2c334e5fdd006617df64284afbae39dfee7e07acd9675cd,,1,False,False,7,0.5667434,0.248319,0.55828196,0.0077273343,0.05299496,0.31842437,0.00635936,0.033047464,0.014703149,0.5667434
3651,491,2436b59e7fb88c36ced9d489c1978fbf3c4863b4511882f957f6e1950e5c81e1,,1,False,False,5,0.3798021,0.09523055,0.7298384,0.0024724922,0.20183828,0.28457156,0.002049122,0.3798021,0.03988913,0.08937732
3652,4818,c7133dcade539be2a7ae88fef08810e203e96c832b4b3b5048ed36540b173891,,1,False,False,7,0.40639254,0.031387955,0.6931638,0.031018795,0.106681764,0.3750046,0.0041892175,0.025392633,0.05132041,0.40639254
3653,4639,d381d1c3e4d82e18932d1e98e089d4b3b9b73c4197a14d78c73e6ec773c9bd50,,1,False,True,3,0.60658383,0.41166174,0.5401161,0.0028552022,0.17159665,0.60658383,0.0023555951,0.015950218,0.005736412,0.1949221
3654,1186,da55a9ba736e12c986ca3945b29e24f78f586a24929a40c6205ebaccb4a4b5fb,,1,False,True,2,0.57321,0.41266322,0.655976,0.0077098506,0.57321,0.09402061,0.006359542,0.032390263,0.12576297,0.16054676
3655,4819,7da8b4df30fc11a02db39d8ac20a886293511d1a527b73b8045c24eeaeaa337f,,1,False,True,3,0.39355397,0.0045036674,0.67080057,0.0042420845,0.117698856,0.39355397,0.0035054612,0.06363753,0.028311813,0.3890503
3657,4820,455548122577fb5d97acfd8891e4b6052cb7f0a80b4350298d0362eb1324e09d,,1,True,True,7,0.35314414,0.018789679,0.6942014,0.0093023805,0.33435446,0.24055625,0.0074674548,0.037908897,0.01726641,0.35314414
3658,4194,15da48a1b77153054557c1a904aa2fb498e7dabd489730a6b23b8e27dc62ccd8,,1,True,False,7,0.5729332,0.38745227,0.67414814,0.018852338,0.08675473,0.18548092,0.01560291,0.08430179,0.036074113,0.5729332
3659,1775,fa3164ec37dab71f58b7b0df3790c8aeadfbd47954b2f7d66c7d88d2ce6f5e9b,,1,False,False,7,0.5216757,0.33908933,0.7180694,0.018853659,0.09114799,0.18258636,0.015603992,0.13405512,0.036077205,0.5216757
3660,825,46c77b94179dc9ada7f7ddccb40fb7c4b98d4b604c4a7bea5caaed23771375d2,,1,False,False,7,0.6473423,0.45205918,0.5547518,0.029940672,0.0891765,0.19528314,0.0041890787,0.02436101,0.009707281,0.6473423
3661,1124,824649e05ea28ed8ded26fe54e468fe63819550ffb1d0ee2bf10b735e6c7bbec,,1,True,False,3,0.29349387,0.041926593,0.8438606,0.012973733,0.17004327,0.29349387,0.010737444,0.11118052,0.1500039,0.25156727
3662,4823,b379038ddc1d2b8b690e26a301ca76e52af4cdd9d914df3c13bc5fbd4c58ea3b,,1,False,False,3,0.47434902,0.19394934,0.6721644,0.030650133,0.08174451,0.47434902,0.001005607,0.12943552,0.002415551,0.28039968
3663,408,b12d8a007e493048daa27a07fe372942a28870dc285f52f3f68ccbba523cd4de,,1,False,False,7,0.51959354,0.34379908,0.7327883,0.01728247,0.07690495,0.17579445,0.014303627,0.079757445,0.11636353,0.51959354
3665,864,50270f8c8fba238a136e6fcda4b50bc4893f6aa69c3964e0fa817201c1e760e0,,1,False,False,3,0.4535794,0.24839139,0.8003851,0.071042836,0.053995628,0.4535794,0.12776956,0.06506631,0.0233583,0.205188
3668,4824,d0c10d53736a0582fee7a7bc6e9b3568074efef46621a849c7b0b43bc7acbc6c,,1,False,False,7,0.5655632,0.34653684,0.5987407,0.0048599746,0.03944239,0.21902636,0.0039940476,0.15787926,0.0092348205,0.5655632
3669,2379,eeb6c4a86d942f39bbaf123a8e196f632cee30c843062f865409428973a4e9a0,,1,False,False,2,0.4310544,0.13228044,0.7216356,0.01481479,0.4310544,0.14831899,0.012261279,0.06642814,0.0283484,0.29877397
3673,4828,08e44c8310ac8902101b2c6fbffba9e9a121d8dff461dee0f4dd82cb8cb60df4,,1,False,False,2,0.31998944,0.04096377,0.7498361,0.0059414264,0.31998944,0.27902567,0.004978039,0.17124265,0.012101823,0.20672089
3675,3079,193067258f9817056a72aadad36a8f64629c667c641263a8a3a0199b9a09fa55,,1,True,True,3,0.4722212,0.2846995,0.7441106,0.027677191,0.18752168,0.4722212,0.017877854,0.0907546,0.020495484,0.18345194
3676,4831,4e17b036d7643f15a6cb1501a2782dc01618d52e6381fafd4c6051e5ada22756,,1,False,False,7,0.44856063,0.043791562,0.59729636,0.006109972,0.029572925,0.40476906,0.005053044,0.09424999,0.011684433,0.44856063
3677,2357,74a91fc2fb880c037b2e190390026f835729435dd16f27f5c47e5fa2cc0ea09d,,1,False,True,5,0.25334844,0.0046272427,0.8628108,0.10418568,0.2487212,0.10092327,0.017677996,0.25334844,0.028480781,0.2466626
3678,4832,d2ab74773c468364edfa6286d83356dec24872e2a36d18895aefef371b8aa132,,1,False,False,7,0.34883898,0.1539177,0.8454656,0.020736337,0.18496895,0.19492128,0.017162185,0.09375611,0.13961613,0.34883898
3680,4833,83d42a76e3021463e0f4249c08322fef9bac0b34f8961bc74c3c6a1aafe4b462,,1,True,True,7,0.29269814,0.10394092,0.9061019,0.10970371,0.18875723,0.18078303,0.015605145,0.08548632,0.12696643,0.29269814
3681,4834,a62658b65fe01fe2ea9e8b35cba149cec1107b390241f49724288a33676e0a29,,1,False,False,7,0.5000663,0.22360218,0.62683237,0.0044171503,0.04392205,0.2764641,0.0036538928,0.16302843,0.008448123,0.5000663
3682,4835,6bed12307de3eabe3c70230e6fb4e1346eb611c7f8fd6b4eeec40cd46073bccb,,1,False,False,3,0.38401324,0.07206616,0.7660759,0.059058152,0.10745799,0.38401324,0.0031460102,0.10896549,0.025412045,0.31194708
3683,472,a22a3807a6d7f847500f303fc1936294aafc3c9e34f7dc11124a1cf39ad51689,,1,False,False,7,0.5848267,0.29028636,0.54665387,0.0053297253,0.02881392,0.29454035,0.0044067455,0.07189986,0.010182687,0.5848267
3684,4838,e8a37ba93c29b5f3282360a774a0ff21f12386373500a83a2bfa81363f6aeb74,,1,False,False,7,0.50676996,0.3176801,0.7374821,0.014875485,0.08305619,0.18908986,0.012262321,0.09418092,0.09976527,0.50676996
3687,1402,f8b32ca3fdd0fe53e1b3b01d711cab5c2e9058edf220957cca193aa6ee41f13e,,1,False,False,7,0.62622774,0.43073663,0.5559301,0.005229988,0.12916878,0.1954911,0.004293402,0.02404319,0.015545802,0.62622774
3688,2648,632de743d9dac4a606fd1286311625a5ce439ff54ccd392bd3a71747f242e817,,1,True,True,2,0.23981763,0.032359585,0.91566926,0.18388756,0.23981763,0.16246371,0.0143043315,0.07569358,0.116375126,0.20745805
3690,1072,5ecde920798d81d4c6bb7dbca071b3f0ed070370ad8cd35a537ce03e41cb0285,,1,False,False,7,0.33231503,0.05333972,0.8411576,0.06704054,0.080046475,0.2789753,0.009538279,0.1544821,0.07760228,0.33231503
3694,4842,1dab13ef3b7271065856026869dd77b2c0de0eb13140fce2cb26f1acf3a88416,,1,False,True,3,0.32242754,0.06413728,0.82750887,0.011593521,0.25829026,0.32242754,0.009539487,0.10824473,0.1331529,0.15675151
3695,1297,d771a06863ae9946453ad3b80f126a56afb8752c8e1735b5a6970c14e3a4f104,,1,False,False,7,0.41068214,0.20184498,0.833957,0.092841625,0.07097438,0.20883717,0.013205245,0.09602174,0.1074377,0.41068214
3698,3318,c885c13a1a9ec4b9b6dbb79b4c1881b224b790cccecfbc6b53dd5a9a4a330f5c,,1,False,False,7,0.32053936,0.049785674,0.7891485,0.046754934,0.27075368,0.13280702,0.004642013,0.21294989,0.01155314,0.32053936
3699,4844,59c87794f7022360f59315ba7d86b98e24dfa8864ba68ceef69d7face19eb26b,,1,False,False,3,0.36671057,0.08670384,0.7931789,0.003918362,0.09312218,0.36671057,0.040949523,0.16677287,0.048519786,0.28000674
3700,3051,cc19a0388aaabc5c20cff84cd4b08bd02043638785aedf2fc738ab08b79a0e0f,,1,False,True,5,0.29165953,0.015545547,0.79599917,0.012216875,0.059353705,0.276114,0.010098912,0.29165953,0.08927752,0.26127943
3701,4845,f55b9ae8c2526196ab0c5deda6db8cf2e717c3ec4e4fbdc419763f4d112b6fa7,,1,False,True,7,0.6426495,0.45790708,0.57616407,0.010917921,0.085653484,0.1847424,0.00903608,0.04610875,0.020891862,0.6426495
3702,4846,3fba9cf43a147aeeeaf758e773f85b8856fcfc79d369456a09b200e3172162cb,,1,False,False,7,0.58300406,0.34716254,0.62888825,0.008394829,0.051766302,0.2358415,0.056831248,0.0482808,0.015881289,0.58300406
3706,4848,65a90b5d972860920f33c98b80d348f4ea675cf1b87c484d5876036694fc2deb,,1,False,False,3,0.77375036,0.6025978,0.37833196,0.004070048,0.01972962,0.77375036,0.003367505,0.02001597,0.007913915,0.17115259
3709,4849,4d5e6951520f534e5c54be43a8b8f88796944395839c3596a6155f9c542c66b3,,1,False,False,7,0.31087583,0.02613315,0.7775304,0.017285416,0.07688175,0.28474268,0.014306033,0.2628311,0.033077158,0.31087583
3710,3347,3cab51026b50f5f326e4993ffc8b0e7ca3d52ec7d8558405b7353a0239a4f237,,1,False,False,4,0.2885895,0.033645988,0.8788911,0.09184044,0.04217415,0.25494352,0.2885895,0.04503442,0.06846749,0.20895047
3711,959,c5604af1a7921e63b5a204820db67c26513e50789f498ffbc66ddb9570e16665,,1,True,True,7,0.29790455,0.05146596,0.8530112,0.007979268,0.15966718,0.2464386,0.045050964,0.17995095,0.06300851,0.29790455
3713,4777,f9a9de741d8f004b011ed10c676efdb7b57caefaf601ac1012334911596c0e07,,1,False,False,7,0.57190984,0.4091497,0.64982533,0.0048326757,0.109187886,0.16276014,0.0039961366,0.114875,0.03243832,0.57190984
3720,1201,7c90ed2adbdba70f89537e6d7fdeb0774972ba299c364cd0a4e5f4023663836d,,1,False,True,3,0.51814556,0.1210331,0.53906566,0.0129876025,0.027527686,0.51814556,0.016975734,0.013076855,0.014174084,0.39711246
3721,3371,3d542df14f7e61279d3e94db1f4afecd43ea821b9606ed471acab1e58509b2a1,,1,False,False,7,0.36443892,0.012370825,0.74176776,0.005006757,0.106694944,0.3520681,0.050459,0.11066604,0.010666247,0.36443892
3722,305,6524bb5b6cf00f588b8ba272174925644e90f61a0169267fde3ffd560a0608aa,,1,False,False,7,0.5335161,0.32068393,0.66005254,0.0074100494,0.10128351,0.21283218,0.0061327703,0.12441293,0.014412431,0.5335161
3723,3052,2993b3fcca1186d42658d404dae49da7972aaa899d845f3c8c0f8971aa2ca8ea,,1,False,False,7,0.24893983,0.05399096,0.96495277,0.12054286,0.0917407,0.19494887,0.11710029,0.08707599,0.13965148,0.24893983
3724,4069,de2015129d997732ca45a4618ff3a35e490c7f5d1551496e131db531ee8a670c,,1,False,False,7,0.3110804,0.067468494,0.86265874,0.025916206,0.11463999,0.2436119,0.021449242,0.10881093,0.17449129,0.3110804
3725,4855,c495636f20473d0bca427aa0a9e469b9da57a49cb70abf279a4aa79893e8c66e,,1,False,False,3,0.32986584,0.118442774,0.8269363,0.011271368,0.16648865,0.32986584,0.00903687,0.08523816,0.21142307,0.18667601
3727,1733,95f373540adb074bd9ef1239c7955bc72aaeac9981b3bada282b5a1df53de0f2,,1,True,False,7,0.27654266,0.0599778,0.87030494,0.023038846,0.21293622,0.21656486,0.019067828,0.09673023,0.15511934,0.27654266
3729,4612,484c5c9ad5eae0a0034eaa3d97308eb8b6f08ae33a6963cac17e8ceb839fca17,,1,False,True,2,0.6012151,0.37129277,0.589859,0.008644198,0.6012151,0.08965549,0.0071542575,0.046867467,0.016541088,0.22992234
3730,4534,8df56cb2c120168aa8cae126c654441fc7a27bf088e87ec89dd5ce73259b6592,,1,False,False,7,0.35789785,0.060322613,0.7424863,0.007984883,0.23521133,0.29757524,0.038410153,0.044351675,0.018568896,0.35789785
3733,2125,515aade6bf77cb6df99c010549b5611bb1f4a318e35281f3cbd8ebadfeb4f535,,1,False,False,3,0.4489613,0.07111329,0.6400777,0.009463403,0.046708167,0.4489613,0.007805637,0.08966543,0.019548109,0.377848
3734,1766,b29624fa69348db8e891975c8e2444126aaa5642fba0bad214e131f6c7a6d948,,1,False,False,7,0.31696242,0.13968596,0.89870733,0.109743506,0.08342535,0.17727646,0.015608236,0.16998103,0.12700303,0.31696242
3735,4860,e108b2ea49a6ecfbaccd7b17be8770570caf13e3944b884e54499e686b32d36d,,1,False,False,7,0.3690067,0.07943326,0.7899574,0.0148151545,0.067804664,0.14678475,0.012261577,0.28957343,0.09975374,0.3690067
3742,379,9a1786351cb056ad35a890966dd392e956c33121d4f663145359d93767399eec,,1,True,False,5,0.42090207,0.10551664,0.6893843,0.00482914,0.05105839,0.31538543,0.0039938265,0.42090207,0.032494716,0.17133638
3743,4866,4e6c8d95680940f897cf2e31c22b537d1a31d8344494385f29fae1b43c3d20e1,,1,False,False,7,0.33506793,0.008392721,0.6914169,0.0025957103,0.24063447,0.3266752,0.002120557,0.087167345,0.005738782,0.33506793
3744,4867,93125a1c83669dda439d48d8b95bf42fa104bc55d4e1054fcf7a3ad513959c7d,,1,True,False,3,0.7139853,0.5677335,0.4990395,0.003916175,0.039528817,0.7139853,0.0032684566,0.060368657,0.032680713,0.14625181
3745,507,a0805351fe8fe2ac6d8a96eecc051a294393fbaa17931a6cca1870c2b311ed67,,1,False,False,7,0.55411977,0.33968896,0.6893684,0.0103746,0.04698942,0.2144308,0.058455307,0.04576084,0.069869295,0.55411977
3746,4869,adc209b34dae74e0de4cab6eaee89a8cd97881b913693ed9d3d240af0a2fe094,,1,False,True,3,0.65340424,0.45232344,0.51727,0.0015161592,0.07985361,0.65340424,0.0012559819,0.0599366,0.002952537,0.20108081
3749,2865,b468459ada05c82975d537098dcf85c9a3587a331fec6c4ff2f7c4737ae9e409,,1,False,True,2,0.3882445,0.13345104,0.761944,0.017282663,0.3882445,0.21973085,0.014303786,0.07257389,0.03307082,0.25479347
3750,4872,091e6bd7aa5e9933ef180021ec73d8bebef643526b889eff0fca89d0a38f6aaa,,1,False,False,7,0.7043051,0.6205358,0.5477001,0.04201131,0.07839963,0.083769344,0.0059208735,0.07190438,0.013689346,0.7043051
3751,228,2f9f512aa9486a58b5195521e16fa3ccea044a569c83a4a58715aff5798f31ab,,1,False,False,7,0.41719368,0.16391423,0.77487624,0.010374275,0.047076218,0.25327945,0.058574464,0.043676663,0.16982521,0.41719368
3752,1860,a0026c0fc80e5cd3b9ec8d2354939b371361d2bc488ab4489cbe98208b194782,,1,False,False,2,0.6838498,0.5488571,0.53279746,0.0057650227,0.6838498,0.1349927,0.004864325,0.06666757,0.011046396,0.09281411
3755,4875,a474f2a18864a60670b1e6f0fc91c456b0787053e5ef3739da6bbc2618328f87,,1,True,False,7,0.68891335,0.47266054,0.48312306,0.006692708,0.036038432,0.21625279,0.0055391327,0.033756766,0.012806851,0.68891335
3756,4876,d103b3bec4883ce7732f9f377831b1ed0661a512560ea3d826cc12ad391770c9,,1,False,False,7,0.3505188,0.083616376,0.76429313,0.01824341,0.20036234,0.14036144,0.0025255734,0.26690242,0.02108601,0.3505188
3757,4877,ceb2325cd8ad17af47213d36197a49b31a2e78a2ee8372c98c12d6ee9b065f4b,,1,False,True,7,0.3385556,0.053581893,0.8314819,0.12872852,0.084885105,0.2849737,0.0053659487,0.10365896,0.053832103,0.3385556
3759,4644,4f7e8339d2dfaa6877684ba3d0217d8e4cfaacab907e638ffb995224aed5f984,,1,False,False,7,0.47565553,0.18245694,0.69373715,0.007983013,0.07527121,0.2931986,0.0066070007,0.0875107,0.053774,0.47565553
3761,4880,dea94dd0bbcf28b401f8e0232effb3dde7fa35da2d6f6c75fc277fba1901b1ba,,1,False,False,3,0.40270635,0.124352336,0.76029027,0.0051908414,0.27835402,0.40270635,0.06668091,0.13433632,0.009927632,0.10280394
3762,2086,2b919a1b229a4cb1395bfcc202b4f9ba71b9b7400b21b19402c2f0a9dfec4d8f,,1,True,False,3,0.3007423,0.08253226,0.86126786,0.007683866,0.036631823,0.3007423,0.08964606,0.16770333,0.21821004,0.17938259
3763,4881,2da38c3f4e5e6355c4d8971d02c7c208a0f5b547df94d134f793b9988fda70c7,,1,True,False,3,0.49347737,0.32333583,0.7058762,0.0048560384,0.17014156,0.49347737,0.0039944816,0.14998929,0.032372523,0.14516875
3764,1741,85930220326223df6fee34131a262cd4e20ad5bc94983ece6ec62e0048dbb5b9,,1,False,False,3,0.47292072,0.18959162,0.65365803,0.003215526,0.09364535,0.47292072,0.0026422373,0.13813789,0.0061091334,0.2833291
3765,1887,f6e4b934a4bcdd45747efea69a34ee5c442638c30fd816dc18a81fc8297f0890,,1,False,False,7,0.4396952,0.053394318,0.6411147,0.009882117,0.04463666,0.3863009,0.008191134,0.09238582,0.018908197,0.4396952
3766,4145,adaab7a11311684d38f512c373d8dfa368f70e4ef3d90f2b00740413d5cc67a2,,1,True,False,2,0.4125097,0.19392061,0.7245878,0.0067371307,0.4125097,0.21582617,0.005539714,0.2185891,0.0128085315,0.12798968
3767,4882,3c01c0a456c975a2597141ce6cd04cbf138fa4ec419b6ce61813b5ad4bb95a91,,1,False,True,7,0.4536727,0.13136238,0.6700961,0.009879092,0.0483798,0.32231033,0.008179227,0.13867462,0.018904284,0.4536727
3768,1533,0fcca10f46fc88107a8a4e786c8bf721fa872818d6b22226116d85547cd09b15,,1,False,False,7,0.59605783,0.40554494,0.6342568,0.009432489,0.04493443,0.1905129,0.007825801,0.08770746,0.06352906,0.59605783
3770,4535,5aa866457e0cacc0fbacb8b9404e284e5ddf4148aae0bd0e57647d1f8e205920,,1,False,False,7,0.4645931,0.11328918,0.63293964,0.007685481,0.117521144,0.35130394,0.006360772,0.03689406,0.015641466,0.4645931
3772,4884,8e927617f86ce0cb52198e195fd4f50a88890930b37bf7a5c75783b785d16e63,,1,False,False,3,0.36284506,0.10530472,0.7789774,0.10542487,0.029454904,0.36284506,0.0019742523,0.20691283,0.035847764,0.25754035
3774,4886,d21b45846fee0fb4b05147dd1cbcfeb05e6241eeeac88668e5fe4808dc839d0a,,1,False,False,3,0.31020522,0.07007246,0.85608107,0.0160042,0.19566467,0.31020522,0.09007601,0.117388576,0.030528527,0.24013276
3775,2551,380d212bfec9118d895f7f974ad13e20e9116eaef2dcf0e2385b8b2daab1752c,,1,False,False,3,0.36754894,0.060335517,0.7925094,0.018853001,0.083396405,0.36754894,0.015603457,0.080444954,0.12693983,0.30721343
3778,2972,69009c70c47d329b33289a223e0620b2659315d847d24b9b3d2cde1ad06a3db5,,1,True,False,3,0.57814777,0.25835833,0.53994733,0.027171962,0.044049248,0.57814777,0.0032438156,0.020103928,0.0074938335,0.31978944
3779,4888,c6cb47a41005dfb606ef9e827514096402c45457c6e6d0644528a0c2da875bb6,,1,False,True,3,0.32755828,0.0114893615,0.8152491,0.020739142,0.09174086,0.32755828,0.017164472,0.087076135,0.13965218,0.31606892
3781,4890,7b3aeaf5a52415c23a4fbd4a8d9e9427c62f388218d6ef06bf7e64077737b981,,1,False,False,3,0.507548,0.27056366,0.6627615,0.005616622,0.1284879,0.507548,0.0046436754,0.105975814,0.010743672,0.2369843
3782,4891,27c5a3c2455ce5cec72001d8cbef85841e2935b3856a33ad47e2a6468977866b,,1,False,False,3,0.6913939,0.5419302,0.4954776,0.0033600098,0.11576809,0.6913939,0.0027699762,0.030705146,0.0065391436,0.14946374
3788,1971,2c456f1b77135e127a3943ddea72ca94502eba3810ee56eacfa3d8bef203e500,,1,False,False,3,0.41224858,0.027529389,0.6618862,0.014200279,0.028273776,0.41224858,0.014165635,0.12950712,0.016885374,0.3847192
3789,4895,75406785b307a493e288e352aad93336dd1af407ac6d82c2579ea2e3ffd566f5,,1,False,True,2,0.2882089,0.03685215,0.840521,0.19643685,0.2882089,0.12142649,0.006868097,0.11982343,0.015879437,0.25135675
3791,1314,9924e10eef7248d3bf458e7585d85eb6df6cb083fe5fdae91bbe572f479bed04,,1,True,False,7,0.35639375,0.15915664,0.8322897,0.014989228,0.14652255,0.19723712,0.012261773,0.1728388,0.09975674,0.35639375
3792,643,4f9d445b4e38916eee8f635f11bc92704e9474d8185933fc2b1c455cd5b58f2e,,1,False,False,7,0.44866937,0.11820266,0.65993196,0.0023620953,0.13095902,0.33046672,0.0019525029,0.0553681,0.030222211,0.44866937
3796,101,aefbad13e617efde31bf77d8ea8835c5ff551dea2565b7ac8904bf8ae6b6bdc8,,1,False,False,3,0.30068684,0.016428709,0.8216209,0.018859876,0.083430715,0.30068684,0.015609068,0.07918831,0.2179671,0.28425813
3798,4901,9ee5fbef7de3630de0029c8c2269dc376608d4b2ee26a7fba419d0d0e44be478,,1,False,False,3,0.54535484,0.33911818,0.64015967,0.0086463345,0.047710173,0.54535484,0.0071699587,0.20623665,0.016543329,0.16833872
3799,2954,d4a36c786768ca75d0637e96cf4099a9fbac5512298f0e75b305f88405b7056a,,1,False,False,7,0.3275426,0.05235091,0.7253731,0.0027391005,0.21607503,0.2751917,0.002292156,0.17084855,0.0053108186,0.3275426
3800,4515,253ecf0c84663c5a730e99d71d73fea808a3e38d8e56cf729e6c7fb01c954fb4,,1,False,True,7,0.6806978,0.53821784,0.52985835,0.0020430826,0.034985214,0.14247996,0.012984082,0.11312868,0.013681185,0.6806978
3805,1370,89ed9137b777107df06b9ff2263f9fa2e90c57c945fcea476810fe01d0df8ee0,,1,True,False,7,0.43979704,0.0760307,0.6520637,0.003406952,0.106910504,0.36376634,0.0028380845,0.040734265,0.042546783,0.43979704
3806,477,c7d6153e2d82aa28a000946950629a1c77878ea535e3ba06e4120b216df33f2a,,1,False,False,7,0.3110804,0.067468494,0.86265874,0.025916206,0.11463999,0.2436119,0.021449242,0.10881093,0.17449129,0.3110804
3808,437,2313a198c8659b01a240589a52050e55e5c68216f8c7319c1b9d523d2026511c,,1,False,False,7,0.36209404,0.14472947,0.81526476,0.014816479,0.21736458,0.15763809,0.01226266,0.06470959,0.17111456,0.36209404
3810,4908,d92fbd736aed94955dc6d24721011ca8bf06e815cd19ce12d2e99333c16017c0,,1,False,False,7,0.53572565,0.34212488,0.66290754,0.0071662907,0.12104988,0.19360077,0.005922704,0.12284015,0.013694539,0.53572565
3811,234,f23bbbceec842bb6a8268c3960278935acace5917b90f2b2b34606f95ee6322b,,1,True,False,3,0.33137026,0.028830945,0.78137696,0.007706354,0.13363229,0.33137026,0.006359997,0.30253932,0.05376822,0.16462359
3814,1527,93381157b8284fda759d1e2a9cc669a340e7a1bf27296d864638dc56f9bde740,,1,False,False,2,0.4010357,0.08111659,0.69846565,0.0066953287,0.4010357,0.1691791,0.005540013,0.084755264,0.012875526,0.3199191
3815,3947,3e2ee79cef3f5bd34f923609e40317e6c7a3627d942198ebfba2d0d6389320d5,,1,False,False,7,0.43397084,0.004799038,0.6005715,0.004637698,0.07286398,0.4291718,0.026034627,0.02449445,0.00882658,0.43397084
3816,4912,fdcfe4778d8036cee9663a533bc0ed2b4dd5f8a84c95e30db3ccd5b4e6a40125,,1,True,False,7,0.4703358,0.2692014,0.73434967,0.010376228,0.17952432,0.20113441,0.008587709,0.0601516,0.06988993,0.4703358
3818,4914,056671ff8be00625270b1670f6eaa4a6ac847ffd7dec403e426df922d77488dd,,1,True,False,7,0.7320064,0.5827356,0.45750108,0.0031933216,0.055387054,0.14927079,0.0026424394,0.051390328,0.0061097047,0.7320064
3819,4915,2f7ef01f537b92c7530324ef04d6ad69912e235bc2f0ac5b13d6ffe7ba2112ea,,1,False,False,7,0.37361634,0.058310598,0.7539634,0.007988138,0.31530574,0.117833875,0.006604727,0.04799931,0.13065183,0.37361634
3821,4916,efa09a7d000e11e16bd25397c2b9b24d412410f2774b9d44f1a3836d30fd2221,,1,False,True,7,0.575583,0.42210627,0.6513658,0.011526018,0.075892776,0.15347673,0.009539344,0.15192598,0.022056188,0.575583
3822,4917,37450d84443cda1e1c5bfd741cb568c99e24c9abbef0c8a0345caa9cdb786f6b,,1,False,False,7,0.63412595,0.4676142,0.605648,0.013827549,0.07532127,0.16651174,0.0114442045,0.072309956,0.0264593,0.63412595
3827,4922,5b65c4d35f12c6942fbb734e2095e641bfa7d58efdb3b476242e9363f7893896,,1,False,False,7,0.50178885,0.33155286,0.69004303,0.0069870455,0.14332874,0.15734568,0.005724094,0.17023598,0.01458958,0.50178885
3828,492,ad63ad18c081701312b8dce3044fd006ca218f87fbcac4c89dea198f7bced5e1,,1,False,False,3,0.3161444,0.019582301,0.83298516,0.020736758,0.091729335,0.3161444,0.017162528,0.11804341,0.13962145,0.2965621
3830,3417,b7aa4368986a5fd970c5108add9f0530caf99e1c073de1cd609cb7ed3f0bc08e,,1,False,False,7,0.3971368,0.14791471,0.79456747,0.12841032,0.12615752,0.2492221,0.0044037416,0.033205602,0.06146394,0.3971368
3831,4924,428229f24a9bedfb324d489f4131feb0124e559332a73c5415e2ede38280b339,,1,False,False,5,0.5265656,0.39388123,0.74638414,0.0071657263,0.10664556,0.13268438,0.042193174,0.5265656,0.082657136,0.102088384
3832,361,f2594a02b983920d66c73722494df1caaabe3d2b97485831e7d2239848b93b31,,1,False,True,5,0.38531062,0.14760773,0.7552534,0.0069802576,0.23770289,0.11878798,0.0057238657,0.38531062,0.033920858,0.21157354
3835,3872,78d208fd15bceebd9508d8b5f1e31d58a3f3892985d888c2f2af46a3a5005bf7,,1,False,True,3,0.63944715,0.5370417,0.65450186,0.06735938,0.057179935,0.63944715,0.02900358,0.06339621,0.041208327,0.102405414
3836,4349,0633d7ec59e095c7583c4b9dacd0b643a3ed552f64c4949618cd960c743e1970,,1,False,True,3,0.46179953,0.2199996,0.6714068,0.0076840073,0.22214842,0.46179953,0.0063595693,0.045504842,0.014703743,0.24179994
3837,4928,da7831ebd96ab636368b2bf2b107f671d4911fb35e689f83b08ad21faa22abc3,,1,False,False,7,0.36124313,0.0049984157,0.73511684,0.027330128,0.3562447,0.079019465,0.0031802913,0.14639474,0.026587501,0.36124313
3838,4929,a44181d9dab08fd5b0f3a4f04fd2637c96175d7391edce9fe8efc85ac6499eab,,1,False,False,7,0.38580164,0.08095807,0.7476656,0.009431103,0.056332313,0.16912478,0.007952839,0.30484357,0.066513725,0.38580164
3839,4931,a0b9c3ef21fb318dd422a19ba72acc4e0db67c25897274a10371c368bc6d7a6e,,1,True,True,7,0.30653363,0.065019906,0.7694095,0.008143253,0.18497564,0.23619695,0.0066049933,0.24151373,0.016031796,0.30653363
3840,4932,5239ee079799bf3f7feb4937f5502a20b74edd6f9cab3a935a212fc6708c910d,,1,False,False,7,0.4932961,0.08872554,0.5468785,0.0011540371,0.044368528,0.40457055,0.0009544208,0.036144055,0.019512303,0.4932961
3841,4933,2cba43cc7f131fa80f942d94478222baa546f654479606e7a2c87765163934f1,,1,True,False,2,0.5558248,0.37763774,0.67557,0.01481555,0.5558248,0.14316578,0.012261903,0.06296046,0.032784455,0.17818707
3844,243,4ce9261fcc16366cc39d99d636087968d13ad46ff77ebcbe0974034ad894bfd1,,1,False,False,3,0.5644546,0.37505245,0.63829404,0.0025664808,0.06727655,0.5644546,0.029454568,0.14188072,0.0049649435,0.18940216
3847,1469,6df0a6cb684e0984137bc99a51410f17e15a97b56e47de58f804061c093c3fef,,1,False,False,7,0.4649886,0.053635836,0.57288706,0.0022814183,0.066714294,0.41135275,0.0018777229,0.015287298,0.03749791,0.4649886
3849,4938,ce8deb5c63f51966a305d10ac15c547d79d3890cc970ecba4180de30ef5dac2a,,1,False,False,7,0.35821596,0.011130273,0.7641933,0.007980077,0.13846028,0.34708568,0.044346638,0.034809977,0.069101416,0.35821596
3852,4941,d3909a033a705ea51b633f24e74004fe7631e9afa160c27c3c0e07d1b74a4705,,1,True,False,2,0.54139084,0.30578935,0.62877685,0.007763846,0.54139084,0.2356015,0.006359826,0.03737323,0.017095795,0.15441494
3854,4942,7fbee3818c61b509ae356355ec926832ed21769495fc7fa49d664ea62cd8c0ca,,1,False,False,5,0.30008352,0.08307694,0.8804726,0.21700658,0.09093769,0.14391096,0.008176226,0.30008352,0.06669767,0.17318738
3855,4689,8867beddd33de8a1ccd76765ed4716e958b0c0f3c04a55a1bb377d066885f189,,1,False,False,3,0.5841954,0.31689087,0.58746564,0.0046206675,0.04792643,0.5841954,0.025560789,0.062112488,0.008279762,0.2673045
3856,3723,9aba4d7ca0b10176434298f2a23e2d997cc13dd3a08701711738f5d612a53076,,1,False,False,7,0.54040635,0.2649268,0.63842976,0.066198975,0.021757161,0.27547956,0.0035049985,0.022479095,0.07017391,0.54040635
3858,4945,8de25f049be260a116304bb40de98524a23ccda933e5ee790c6d05da8fc187b5,,1,True,True,7,0.49859795,0.28203118,0.73846537,0.023038931,0.10191255,0.21656679,0.019067898,0.09673064,0.044085275,0.49859795
3859,4946,c4d50527032f5e8d5f5fbe4c5cb34c52c1037cca3f771ea70d707933d53e9016,,1,True,True,3,0.4836367,0.067046255,0.5361135,0.002077213,0.03667584,0.4836367,0.001719422,0.055328984,0.003971366,0.41659045
3863,4430,efd1564c3eb2a7a93dbdc6e9be5bb421c4497c1907637fe551f31ffcd6cde359,,1,False,False,7,0.46245193,0.15208223,0.7007014,0.01595379,0.07323786,0.3103697,0.013203959,0.09425487,0.030527884,0.46245193
3865,4949,05e84f6cc1b26168243dc832d4566206ea20fcdc581f2f7c1859b7d8460194ac,,1,False,False,7,0.44815964,0.1663073,0.71653897,0.013827943,0.072901525,0.28185233,0.011444526,0.14535378,0.026460215,0.44815964
3866,4950,26c06bcf543e74fc289982d39c33a542a136e67032d61b3a948cc0c4cf15013a,,1,False,False,7,0.36775652,0.14646506,0.83817166,0.023038922,0.10847145,0.22129145,0.01906789,0.105253376,0.15512034,0.36775652
3868,2556,e7e56a13e6f06840e32a146bb206c9471d82a40062727d0ce9038c1f4c0e58ad,,1,False,False,7,0.5684141,0.39494044,0.6329251,0.0059294747,0.08999192,0.14524381,0.0049074357,0.17347367,0.012039603,0.5684141
3870,4631,4cca2e4d0a0f406752da1c7fc3a7c5082755abfb775a7916b9aea555e05d1098,,1,False,False,7,0.49107802,0.22271693,0.71091276,0.018853217,0.087295584,0.2683611,0.015603632,0.07953454,0.03927395,0.49107802
3872,4953,1490c29b21ad77469e30fad480a9efb57aa0d79c1202acb844427ee7c7d5d97d,,1,False,False,7,0.47403145,0.22995049,0.7270739,0.017282873,0.13986492,0.24408096,0.014303953,0.07736461,0.033071235,0.47403145
3873,1189,727cab9cda62b3ab23266ee8212108a090b419fd71159f82709248e3f9f3ff55,,1,True,False,7,0.6283515,0.4671135,0.61906815,0.015955787,0.083702974,0.16123801,0.0132055925,0.06701364,0.030532537,0.6283515
3876,4791,b741e67458ccb944be0ddaaf89de455b40fb3895539475030c378cc306b6c7b5,,1,True,True,7,0.32736313,0.028537422,0.70042384,0.004078313,0.020601153,0.2988257,0.0426193,0.29850286,0.008009577,0.32736313
3877,120,c24598e4752fc0fade9eb490322399fc71a0be0bd5830bdad70160bf632b4d61,,1,False,False,7,0.45236716,0.16911662,0.7437467,0.05123016,0.08081187,0.28325054,0.0053679887,0.07607714,0.050895184,0.45236716
3879,871,fc19f754e35f504b7296a81151f20272184329371b469b8b56de089c71958c24,,1,False,True,3,0.45844266,0.10578987,0.61544746,0.0053282604,0.3526528,0.45844266,0.0044260425,0.026547492,0.010181476,0.14242126
3880,3590,1b8f9917024f0690c29dac5f885b4f876e2b1f56e4aded2c793be5f517392614,,1,False,False,7,0.47231758,0.1896866,0.7177514,0.01885263,0.08697787,0.28263098,0.015603154,0.08754299,0.036074806,0.47231758
3881,4957,bc7d546a94f1ddfccfd0ccc321d09206957fa4f3e4b057fb8a55f504d71a8f66,,1,False,False,2,0.5573072,0.34021574,0.65854794,0.03972453,0.5573072,0.072365694,0.0052036177,0.09627635,0.012031164,0.21709146
3883,4958,e493b8c03bcbaa3438780e6c89c22bf80a38338bdf3cd87ca78eff9acc78265c,,1,True,False,7,0.5103321,0.27403256,0.67794794,0.025801297,0.04262412,0.23629954,0.018296584,0.157877,0.008769343,0.5103321
3884,4959,2c29d2e02837bd952039931f79b12798f2707ee2f1670aa2a27fa54e321f4fa9,,1,False,False,5,0.27954376,0.024104476,0.8321521,0.074623816,0.25543928,0.24977691,0.025959652,0.27954376,0.008824181,0.1058324
3885,4960,011d190713c897eaeea3e9197c0ab14057e21d2627289b29fc13662cc51cfd7d,,1,True,False,7,0.32740825,0.033019543,0.74043703,0.00831499,0.26784375,0.2943887,0.006869079,0.039310362,0.055864833,0.32740825
3890,4964,d2cd2ad351280e795ae593971048195b1b28c7606cd13b4dccd0e690f770233b,,1,False,False,3,0.3304991,0.044066012,0.81721455,0.017401084,0.10454252,0.3304991,0.014726686,0.07614851,0.17024893,0.2864331
3891,3952,f152a50a112ae990e81b44b9b0c6d30eca859c4647e3b611aad4124729a1ae9d,,1,False,False,7,0.35276145,0.07202682,0.7638175,0.007412172,0.22692743,0.28073463,0.041800093,0.07617961,0.0141846305,0.35276145
3895,1576,bd978f984d1484a13e52c364b5a655cf6d326c38762f6fbae11bc6224403b5f6,,1,False,False,7,0.59389496,0.42720014,0.6566157,0.009905107,0.052114718,0.16669483,0.1024138,0.056072418,0.01890419,0.59389496
3897,4966,cd150cfe9d39f3263d07fcbfcad658e2f2e37a972cb905bea58aee6d79a562fe,,1,True,False,5,0.33250046,0.027573824,0.7659974,0.05543487,0.07721814,0.30492663,0.0015915643,0.33250046,0.015510393,0.21281798
3898,4968,59558b3906ba9fdba67eb220c1d472b5f31f2df6571631acfb5530a66721f90c,,1,False,True,5,0.33793664,0.13800764,0.8703674,0.013827636,0.06236349,0.13540673,0.078061305,0.33793664,0.1724752,0.199929
3899,3524,595ed6043d10465647e0a14fda646178beb540d743aa24f3b25387e32fd5332d,,1,False,False,7,0.38757125,0.1710077,0.8267577,0.023038711,0.10191146,0.21656355,0.01906772,0.09672961,0.15511768,0.38757125
3901,4865,713613d061416a837aed5fb1cb72c291e05db2206e2ea73b712ba13e231e6b31,,1,True,False,7,0.5315262,0.33223313,0.69742113,0.0035785027,0.033176683,0.19929306,0.037596777,0.12907463,0.065754175,0.5315262
3902,4970,e25420d1fb96be1743de34ebe9ba4053a9e32f1c1de0de52fed07bb691fb846c,,1,False,True,2,0.42629045,0.18859823,0.74441695,0.0059490395,0.42629045,0.17411907,0.03345756,0.23769222,0.011377717,0.111113906
3906,4972,7adbc59ed1a2c24ebed78649ab256249b5e1bb474b60e31a5fe9d6d56b98b66c,,1,False,False,7,0.62263465,0.4592484,0.6122065,0.012963677,0.10944287,0.16338626,0.01072923,0.05603706,0.024806265,0.62263465
3908,4973,d4593e5e0ff6aba1537d2ee7377580cb7adf1728043f6fedf611af303dd6f501,,1,False,False,2,0.5171303,0.27192348,0.6577121,0.006693989,0.5171303,0.11449163,0.0055534565,0.24520682,0.012837153,0.09808664
3909,4974,b330e4e3884921c13d72275ffc8829d363d01f1821f5a5e192d47b5004cb16f9,,1,False,False,7,0.5374319,0.22549772,0.6011367,0.008025197,0.07210083,0.31193417,0.0066904584,0.04846326,0.015354211,0.5374319
3911,4976,34611ebad156b8b0e2c5a75ec53760e643f3457e68fb7aea7cc8ea40853cc535,,1,False,False,7,0.61501014,0.4372548,0.62710774,0.015953455,0.07308417,0.17775536,0.013203689,0.074466094,0.030527113,0.61501014
3912,4977,57f48d53805897523a6586f1331f9b16e2252637b016b1ded19845d314423ff3,,1,False,False,7,0.31429213,6.142259e-05,0.7557623,0.0034077675,0.20642553,0.3142307,0.0028421436,0.119216405,0.039585307,0.31429213
3913,2939,cf9eff30677e232ad9ed4759a4f2f868c23ee878a1df463c4dab26586a0203b5,,1,False,True,5,0.35098755,0.05138564,0.7758015,0.009878933,0.04964087,0.16758114,0.008176168,0.35098755,0.11413345,0.2996019
3918,4980,530831cdbce540e429cf122e5e441fd952b49dc771c6deccf90044c04f1628ac,,1,True,False,7,0.40427914,0.0833171,0.725757,0.014821407,0.15669304,0.32096204,0.012266678,0.062613904,0.028363783,0.40427914
3919,4981,51805ca860c630fece0e7747268eb4c93a717983d36ce51e60999e74c7625296,,1,False,False,7,0.31108046,0.067468524,0.86265874,0.025916208,0.114640005,0.24361193,0.021449246,0.10881094,0.17449129,0.31108046
3922,4983,2ce0f99f49627dd43b887b3c91acc2f904236f58f9615e7c4c53b3ebd0f5b70d,,1,False,False,7,0.4213685,0.025649577,0.67193055,0.009432402,0.05009725,0.39571893,0.053229265,0.052109048,0.018044623,0.4213685
3923,1337,cf46fbe4b32cf66a62529ea9009e65b2e3c36e0caf94ad2a55704b4f33a6a171,,1,False,False,7,0.6113177,0.48542643,0.66248226,0.099874586,0.03552274,0.12589125,0.07843771,0.03231114,0.016644862,0.6113177
3924,4985,a952c8e5aa00208d18b3cce969016f0b38ed76a0ffa1475bac6dad28d351d7f1,,1,False,False,1,0.20134449,0.0008265376,0.9437744,0.20134449,0.20051795,0.17713037,0.054040097,0.13353287,0.048175905,0.18525828
3926,4987,5557c8d9bc9445bed0a14fb1a4d1cc7baea74e4679ad5f169272f585aa94edd6,,1,False,False,3,0.58308446,0.31690753,0.5934845,0.023616878,0.07454874,0.58308446,0.006561302,0.026471792,0.019539915,0.26617694
3927,4988,bfaee39f7235ee4d18e730daa1dc367acd2909d55bcf5c8dbf77730f71415f53,,1,True,False,3,0.32711327,0.106549725,0.7803288,0.0022511398,0.18413582,0.32711327,0.044881582,0.21673512,0.0043195337,0.22056355
3931,4990,427a60d85ba7072c617b16aebe24c37e5afe41ea9b5814160aa1bd6efe2c8c2b,,1,False,False,7,0.36612517,0.10256788,0.744091,0.002805478,0.14874487,0.26355729,0.02209375,0.19130586,0.0053675724,0.36612517
3937,4993,e2220a9505d99e57bd8ab099efc08c72e481bb4d89e60da6329fd33fba3c982f,,1,False,False,7,0.29168072,0.055778176,0.84182036,0.009432195,0.14103363,0.14116742,0.0078064124,0.17297706,0.23590255,0.29168072
3938,1364,90e92fd81564fd4ea5409df32c6aaf5e373b7bc8b3a3c1408c57c615309f5f5a,,1,True,True,7,0.46394965,0.20117956,0.7248175,0.009429928,0.05577503,0.09132605,0.007804555,0.2627701,0.108944744,0.46394965
3939,278,3b19a37828ad38d20d7af52b17c0614137d73c9567638f63ae068f8bdefcf548,,1,True,False,7,0.2916933,0.067883536,0.87065077,0.020738505,0.16272801,0.22380976,0.017163953,0.14422293,0.13964352,0.2916933
3940,4994,034b759bbb89af8ae5fbdc951252564136ba34f977a696e8f8651a57190bd995,,1,False,True,3,0.44675073,0.1001735,0.6643784,0.0079799555,0.037154876,0.44675073,0.006604501,0.03489109,0.12004164,0.34657723
3941,2103,fca3d3b0e700d64ecfdb399b8d28b3cb9f4e1d2d9429733f1c2dcf821c9c3c55,,1,True,True,3,0.4139398,0.05735922,0.7005525,0.04936234,0.03068663,0.4139398,0.0036596048,0.116042666,0.029728385,0.3565806
3943,3043,bf39f9a6acf4751df7edc5ddd6e87ddbb495e4bba0e7a88897616891defabfe2,,1,False,False,7,0.56252474,0.23676944,0.55797154,0.0018128575,0.040441323,0.3257553,0.035839614,0.021086028,0.012540161,0.56252474
3946,413,6f45fcafe907ceab85ed687a856e240984bac96979f92a1e181c47a941efedfb,,1,False,False,7,0.43579286,0.20629492,0.72707564,0.006916205,0.20383883,0.22949794,0.005724103,0.03833715,0.07989295,0.43579286
3947,4998,2e8edaef064a12aace1f1a18e5476f129eb66d2c3897d6782997ae86d0a8f2fd,,1,False,True,7,0.31420866,0.06693624,0.79895943,0.009884562,0.24727242,0.23239914,0.0081776,0.048275944,0.13978165,0.31420866
3948,4999,3b53a83bd47c60d73ad3df017efe514c1f5aac8dc3756c1f4fa3ff2c83fc5098,,1,True,False,2,0.41426578,0.16052634,0.70459974,0.0053438446,0.41426578,0.25373945,0.0044177943,0.100285724,0.010201834,0.21174556
3949,3511,27eef1ea7fcc6ff8f1cd037173fdc73680b71414d06f4643a7a18ca35bc2404b,,1,False,False,2,0.38671938,0.033508003,0.676157,0.03796639,0.38671938,0.18926874,0.0037427696,0.020460287,0.008631089,0.35321137
3950,184,4260afd3b585f2b2bac20d20e7466a5f715943e9f4493bc965daab54c918d235,,1,True,False,7,0.2840034,0.0054965615,0.81765366,0.19121452,0.27850685,0.16447076,0.006359859,0.06073999,0.0147045655,0.2840034
3951,5001,7fe4c0bd3a4ecee6b630df4e6bf9930a086987f5536bdc280de9072206f211ce,,1,False,True,7,0.7207235,0.6069038,0.49069944,0.0044152807,0.104748145,0.113819696,0.0036538448,0.021802505,0.030837052,0.7207235
3953,5002,bf66ed04379013e37fc31a9194c8b1955a91d305aa4f31fe24f6963ab7487deb,,1,False,True,5,0.3175188,0.06607947,0.7733561,0.009429652,0.25143933,0.17710741,0.007866475,0.3175188,0.018044036,0.21859424
3954,1245,f75b10f0538549220c8e683e9f68d93e5528ecf02aca5dd99c95ed1bf4085e07,,1,False,False,2,0.46682277,0.21432596,0.66210216,0.005608594,0.46682277,0.2524968,0.0046461346,0.053738784,0.010732814,0.20595413
3955,5003,7764c5f56206235c90541eb2df4573aaa136ad790fcfa560343bbba70b1824ba,,1,True,False,3,0.577878,0.21706986,0.4708673,0.0021848585,0.011535689,0.577878,0.0018111148,0.041567013,0.0042151473,0.36080813
3960,5006,85eada2553c2c2e314e2ff613014f92a33f7e6ed67a9341a6c1da2ec84f5e6e3,,1,True,False,7,0.33347797,0.032608807,0.8208265,0.020737171,0.091731094,0.30086917,0.017162867,0.096394986,0.1396267,0.33347797
3964,4142,9a1342ee5a6eb0095a2224861143764aa72fec8a2eac646f2f1698fde0598686,,1,False,False,7,0.3548047,0.18141867,0.83481723,0.012203941,0.15217252,0.17338602,0.010100416,0.15631905,0.14101337,0.3548047
3965,696,ab086ae0666d20e46b606d6aacc3a5d7699d13e059563eda27483e1e36fa2f69,,1,False,True,7,0.29451823,0.020263791,0.8039074,0.008822575,0.27425444,0.23645316,0.007156725,0.08442101,0.09437382,0.29451823
3968,4091,5b0faa724bcb9903cc765ee681c69dd3605f55ea79ad82280dbd26f211af9dbb,,1,True,False,7,0.59783477,0.3351659,0.56272656,0.0033642265,0.01749487,0.26266888,0.0028154664,0.05528014,0.06054164,0.59783477
3969,579,8b642029e60c1fb9bfed201e7c588d24d647ed7f105daecca932b506fa94725e,,1,False,False,3,0.6523508,0.479537,0.5579769,0.0034626466,0.06375537,0.6523508,0.002863218,0.081466556,0.023287717,0.17281376
3971,4056,a0de99e706de3fca05177c67093c825d7731d59673ec6a6cafadf709f6a38824,,1,False,False,7,0.28965002,0.019409478,0.7628759,0.0074160737,0.24440955,0.27024055,0.006139687,0.16796164,0.014182508,0.28965002
3972,1252,a3b8b4c5165fc38bcc3c0a18ef5b2461c06db7615f7e21e53591df859af91945,,1,False,False,3,0.4329307,0.17525563,0.69299304,0.0052013183,0.25767508,0.4329307,0.0042936136,0.19804402,0.009927417,0.09192786
3973,5012,45621be35fea1e062a0dd1da298d4db5eea471f0f19bc5ac3be6f9eb53177b49,,1,True,False,2,0.3785931,0.09719455,0.7449508,0.006492905,0.3785931,0.16223153,0.0053660334,0.14039391,0.02552398,0.28139853
3974,5013,64e31070b2eb9fb41233902c86c260358f591d9f0fa3028ca47151534db07437,,1,False,False,2,0.64206535,0.5065054,0.58332056,0.008302865,0.64206535,0.13555992,0.0068677696,0.06559219,0.016138565,0.12547337
3975,5014,1e6b7f5ddac029bee21b533e068dcae28ac8849c4e0d2a3e2110e9eca0c42a97,,1,False,False,2,0.29165837,0.07765305,0.87953526,0.14441292,0.29165837,0.17145923,0.006398908,0.120293766,0.051771503,0.21400532
3977,5016,ba799032d29614659a50896a0a6c75e27e5793508494a1fcdfc6987a8144e223,,1,False,False,3,0.5719075,0.4285077,0.6379859,0.006299512,0.14339982,0.5719075,0.0052066017,0.14042729,0.0120327985,0.12072645
3979,5017,0248a3797d0d241f495119b6a105089f1303ae453f157ca4d269dec8f89e6ef8,,1,False,False,7,0.60240483,0.35849702,0.57233757,0.0062874737,0.04924282,0.2439078,0.00520758,0.08086517,0.012084307,0.60240483
3981,895,391ee933dbd32db75f9761c2953c1dbab357a9b1aede271c67cedd704a7c9d7e,,1,False,True,7,0.6013997,0.446466,0.60843104,0.006699282,0.14638232,0.15493372,0.005538821,0.072240196,0.012805962,0.6013997
3982,5018,385fea40ec423823bb9884e9fcb3cd4ad643c699237a9361a159ff76775710a9,,1,True,False,3,0.5543334,0.3781354,0.68489087,0.0012674016,0.17619798,0.5543334,0.04177218,0.07188165,0.033545196,0.12100224
3984,5019,cf0a90f87d8c3148507a9f0a7f445e5db4073793f0239450ca4ec0c9aaedd7d2,,1,False,False,7,0.6019282,0.2857172,0.493374,0.002923643,0.019585585,0.316211,0.002419252,0.05118812,0.005744199,0.6019282
3986,5020,56e627d87dce6dec82ce81b085b44e628df9076ff9e563dada1804f70e0798a9,,1,False,False,3,0.3309749,0.09424955,0.8277117,0.017283756,0.23672536,0.3309749,0.014304677,0.07574517,0.11637969,0.20858645
3987,1622,d315f5654985447503bf2eaeecad1f063c767cf2ce83f3084b697d535d0a5448,,1,False,True,7,0.5429562,0.25057566,0.6267801,0.010372611,0.046279863,0.2923805,0.008584756,0.0539363,0.045489777,0.5429562
3990,4407,25f58d429844ec5f293d1c58bf55fa0dfcce371dbf6517e33ea37ace350f4f9f,,1,False,True,7,0.5444111,0.31240183,0.67904145,0.050210267,0.039195973,0.23200928,0.007155818,0.03713949,0.089878,0.5444111
3991,5021,46b0b7668a885f0b4562f2255aa5090b30ca815bc5b073a1ba1c756841a306fb,F0030,2,False,True,7,0.32360983,0.030053139,0.84433526,0.011524413,0.2935567,0.13861223,0.09050361,0.06459477,0.07759842,0.32360983
3992,1694,4126ca2f522aa572f6052f6addec66868d1f8ff4d1ce7136a71c005aa3c49787,,1,True,False,7,0.3330143,0.08095324,0.7752976,0.008299065,0.041069016,0.25206107,0.006893023,0.111344315,0.24731918,0.3330143
3995,1909,3cf4ff2f73f68b381c148ba0096f85791019aed6a0f799e44c4cdd12be5f2e2c,,1,True,False,7,0.6537151,0.44266525,0.52727205,0.0023597823,0.050348204,0.21104982,0.0019532477,0.06472611,0.015847811,0.6537151
3996,5025,c2ea6a2da318f02e47ecc41453cdbb0ac97c3f5c99d6904c3d1806e50889212f,,1,False,False,7,0.27654254,0.05923961,0.8717141,0.023038838,0.20856285,0.21730293,0.01906782,0.10036571,0.15511924,0.27654254
3997,5026,da84a9724c690b9085dba16c89cc8d9eafab1ff7047d1c64a4b08a1a7e27c609,,1,False,False,3,0.40773022,0.029800594,0.6518699,0.0037081048,0.105152115,0.40773022,0.003198492,0.095189184,0.0070922216,0.37792963
3998,1632,d162daf2232a27423e4db9adb1d1ec82f40515abb85517ea224c022725d3ff85,,1,False,False,7,0.4988838,0.3005885,0.72036,0.0097944,0.09804996,0.19829533,0.0013970467,0.091960005,0.10161947,0.4988838
3999,5027,31983e3541b36441bb7d010a5d7f41e560fabf136af3e892a13afb263a9c62bd,,1,False,False,3,0.62111133,0.38648137,0.5600316,0.0028461162,0.059676025,0.62111133,0.0023528568,0.047290105,0.032093655,0.23462996
4001,5030,89c8ec6bc1d5b69cec12f5a0fb09d2d4d11b9482aa46a973425d049bc8d66410,,1,False,False,7,0.30828458,0.081350684,0.8218566,0.16258593,0.2269339,0.21868141,0.0071540177,0.059436012,0.016924152,0.30828458
4003,1544,30e2c99d9784db573af53fcfabb824d33d520480e0979c053ad7d66937aaf783,,1,False,False,3,0.5795448,0.32653427,0.59985197,0.0028483574,0.0398838,0.5795448,0.039534654,0.2530105,0.0056115114,0.07956638
4005,4438,2a128d2464ac5a067d8f50a2710052d982bedc4046fc479b53f6aad5a1541a21,,1,False,False,7,0.2999342,0.10664825,0.8671583,0.01996055,0.19174679,0.19328596,0.015603783,0.15252377,0.12694497,0.2999342
4006,935,7e547754955f672340259e98764f54802d66e9cc9dffe5e406e4d555b6c49742,,1,False,False,7,0.30953267,0.04041332,0.7543205,0.006484605,0.26911935,0.16534756,0.0053668874,0.23173985,0.012409029,0.30953267
4008,4814,0075dffc2f97dff04eeaa2e1bc5711638f32a07a2d0c2b2c9a4dda96cb57d386,,1,False,False,3,0.48237708,0.17183498,0.68611556,0.031249197,0.03925938,0.48237708,0.07428231,0.056683008,0.0056069246,0.3105421
4009,3188,7bc04c2e16ee8e9d297e3376a83054e1cc98dd3ed5395961227c9deae6af9aab,,1,True,False,6,0.2829661,0.030241579,0.8492045,0.01728369,0.10856339,0.20964742,0.014304623,0.114510246,0.2829661,0.25272453
4010,5032,369b988ed30cb951f8cb9914475c8e2bf7fc13cbf64785a68bd891accf823dff,,1,True,False,2,0.38565314,0.1377057,0.73490965,0.0067179436,0.38565314,0.24794744,0.005541092,0.20360714,0.01346135,0.13707194
4013,5035,b564249cede5f95073e250127de2ad514879b773a19555da4b3e2d9ca487a5e6,,1,False,False,5,0.43103462,0.2650562,0.8270066,0.10372069,0.06307084,0.13164748,0.011444314,0.43103462,0.09310365,0.16597842
4014,5036,b6007214a8b10a7178315e60de3947aa61169edaf944894ac6625f568d0f87d8,,1,False,False,7,0.533685,0.28628516,0.6602532,0.114836775,0.04540137,0.24739987,0.0057244147,0.039475914,0.013476629,0.533685
4015,4009,e351d4fe7adda620aaed19a999d0faf8e250a2500a4340738949797f06d40d7d,,1,True,False,7,0.40581197,0.20482175,0.8185159,0.02077896,0.11895803,0.20099021,0.017162884,0.096671,0.13962694,0.40581197
4017,1003,8d136894d153a3454e4dd918bb727ed70bb7fad3c728ffc2e179a6e4a91037ee,,1,False,True,7,0.45267305,0.20388007,0.6945503,0.0019015798,0.03439719,0.19099855,0.24879298,0.06757421,0.0036624132,0.45267305
4018,1822,8b9e24a1d68f75d5debb4ff1f7fe7bb42f1c8c4f931d1308d075e8009ef62728,,1,True,False,7,0.38021058,0.045502484,0.67600185,0.002868755,0.3347081,0.19264069,0.0023562293,0.0817759,0.0054397844,0.38021058
4019,2400,b394ffce269c66fa9457a1a76f0843199cce8bdae5fcceed2d317c1b337ac5b5,,1,True,False,2,0.48189437,0.25004956,0.672066,0.0037759792,0.48189437,0.13150527,0.003013177,0.14068611,0.0072802682,0.23184481
4021,687,04ba985b54830bf03be0b33c9bca709945d06407b60dd7223dfef435676622f8,,1,False,False,7,0.56536156,0.4128812,0.6818324,0.05253781,0.06188579,0.13561983,0.0026836884,0.15248038,0.0294309,0.56536156
4022,5040,2081cec4c2d8ca5b6303a6315c01d5aa8d880e715ed269c4f32a0e0bf238569c,,1,False,False,3,0.49500346,0.14754912,0.6256586,0.001890063,0.060208198,0.49500346,0.030308144,0.048334476,0.016801307,0.34745434
4023,4746,d9e6fe343adf852a7bcfddff5c34c9a796463622f0205192e1372a9742a1f17a,,1,False,False,3,0.38950348,0.17072882,0.7632768,0.011602856,0.14923362,0.38950348,0.009538376,0.1992936,0.022053437,0.21877466
4024,952,675649d2450b5e690721a62d64c258428c22ab6861d4b0453ee5757a97fd2a75,,1,False,False,7,0.74234444,0.6230104,0.48051062,0.006110309,0.030097134,0.119334064,0.064397216,0.026039656,0.011677149,0.74234444
4026,355,a2ca7e7a6347301666946f7747c860ddb59ce0eb00101175bcce9ebca155c880,,1,False,True,7,0.4087085,0.10160428,0.77821106,0.08352719,0.054039944,0.30710423,0.027857477,0.08771193,0.031050732,0.4087085
4027,5045,80e59e6b0bc55fb01337d0e236862e77eae7fcbceedce6a306428213e650ee6b,,1,False,False,3,0.36550945,0.07271847,0.7668974,0.020836672,0.055341456,0.36550945,0.06576759,0.19478953,0.0049643717,0.29279098
4029,412,aaa4510856e3c7a95b3cfaf9d532538692314a898ff4126e8016094aa6502654,,1,False,False,7,0.288473,0.044001624,0.8883282,0.096003935,0.24447139,0.14310199,0.0074665123,0.116234094,0.10424904,0.288473
4030,2245,cf0d3593055e031bad63c14cbc9b49b1d62505c98208e00fb718304069c2bb8a,,1,True,False,7,0.38756123,0.16185214,0.8090689,0.104729064,0.11099646,0.2257091,0.019926956,0.14445715,0.006620012,0.38756123
4032,5046,54b9aff3dbb57efda758e6bde251716834140560e4f8d5a8e781b8175ffd9191,,1,True,False,7,0.23710774,0.057727247,0.9683126,0.10489792,0.097096525,0.17562437,0.08946963,0.17938049,0.11642335,0.23710774
4036,723,668562355b44ad50ca23b13590bda7c60ac441295787835179b90a5cb7b82baf,,1,False,False,7,0.49746823,0.2708484,0.66410714,0.0041064885,0.14721943,0.22661985,0.0033695358,0.11341313,0.007803345,0.49746823
4037,5050,3149df7065356aec5084223f00d0a976ce85977919a22fa62a5bad48ac1748b1,,1,False,False,7,0.5951328,0.42152,0.5877522,0.003478128,0.06059258,0.17361282,0.002862509,0.15768732,0.006633805,0.5951328
4038,5051,cbce7758cfbddf16166512fed07858c320ec7036c1696fbd10b2e8b057caf15f,,1,False,False,7,0.38275248,0.09814438,0.7173552,0.002306502,0.19285806,0.2846081,0.013803199,0.11844281,0.005228871,0.38275248
4039,5052,a9e6151859f089057ab4dc265654e3a3bd3d2338cbc6d7d7c8159ac659e66e44,,1,False,False,2,0.42641643,0.17186955,0.7401273,0.012476012,0.42641643,0.16022189,0.01009912,0.112889856,0.023349859,0.25454688
4041,3072,231bde0e4243501859e89ea80cf4bc2533b11b178da7411c76c7733417541133,,1,True,True,7,0.6036291,0.41328853,0.6267671,0.008066805,0.09688391,0.19034056,0.045028508,0.040596038,0.015455119,0.6036291
4042,5054,9b2f4a7298c26bd1310f89cd010ac8a6b1bf646c2b165d49ad9b02e3bca51fbc,,1,True,False,7,0.56073004,0.33969277,0.6658355,0.017282424,0.080544636,0.22103725,0.014303593,0.07303186,0.033070203,0.56073004
4043,5055,c8939e7a290d0ab34c2923a35190f1e79ed2e3456e1aa4bf73326c27cbd9e6a6,,1,True,False,3,0.36016724,0.016132921,0.73792607,0.07309719,0.01724167,0.36016724,0.0028153928,0.16325298,0.03939126,0.3440343
4045,3207,c8ed31c2684d99a4d656f8e1837cfc828470265dd306c611601992b1f7489502,,1,False,False,2,0.38729054,0.10531381,0.7601378,0.10117446,0.38729054,0.28197673,0.0033676298,0.06590606,0.007799152,0.15248545
4046,5056,eaee918e7179509b37a5202d4c1553d83dd866a1fb1bdf50e833d3ea8b268d52,,1,True,True,7,0.5331922,0.20544428,0.6043404,0.044715397,0.040553004,0.32774794,0.006359257,0.032700043,0.014732167,0.5331922
4048,5058,f2a410c8033f034a28c235e945b54deeabd080438565597e23f5dbae16728a1e,,1,True,True,7,0.6275026,0.38499075,0.5559872,0.009878919,0.047086667,0.24251185,0.008176158,0.04526636,0.0195774,0.6275026
4049,5059,296be7d7595160e8a808e1e489a3d0113ba12111a3534ea86aacfb677bcb3c15,,1,False,False,7,0.326546,0.0064400733,0.7949381,0.010643258,0.13703923,0.11087142,0.008617124,0.32010594,0.08617697,0.326546
4051,5060,19b88685c7ab8469d1bd5df758a424ad0bba1599be617de708da5cb5aa29dd0b,,1,False,False,7,0.47791818,0.3183514,0.7941715,0.1146029,0.032789014,0.15956677,0.046883114,0.043374714,0.124865256,0.47791818
4052,5061,3b2a2f7dcddba90c3a56e0d909751e9a1771ad0b99e32fb6b4525e3a10d2850a,,1,False,True,4,0.3827289,0.17727482,0.8465958,0.012964633,0.12120451,0.13591605,0.3827289,0.05443437,0.087297425,0.20545408
4053,5062,e1a682601b760318f304346d59bbf936a8d3b971a2a372087d1f81b5b20cd5f3,,1,False,False,3,0.34470394,0.060053438,0.8148845,0.017317446,0.1430889,0.34470394,0.014305261,0.07954526,0.11638867,0.2846505
4054,1781,fc7d00b7a24819e52cfb2736d28c7fc43e34b292538cc330d067470eabcb58a7,,1,False,True,7,0.48352984,0.2745204,0.7411222,0.012209986,0.07633388,0.20900942,0.010100289,0.12663372,0.08218283,0.48352984
4056,5064,7ae50a89fa1dfefac258d10a31b9a3b4c4820ef58c8f67d1830f65b2440baa5d,,1,False,False,3,0.3530236,0.061867982,0.7616938,0.012316072,0.19593884,0.3530236,0.010099249,0.11411642,0.023350233,0.2911556
4057,3518,8a091868e476353b54a14f723d26a622eb9d2a00df6066e740d3448d245c7aec,,1,False,False,3,0.35741445,0.068879515,0.7713474,0.0049475133,0.16013896,0.35741445,0.0040918556,0.1189401,0.06593219,0.28853494
4058,5066,3f7ce9ca86e343587ff96ba6e3436a36cd690664f3d8d3a4323db255bbbbee2e,,1,False,False,3,0.26686636,0.0046181083,0.87063247,0.11334695,0.2068338,0.26686636,0.009539191,0.06354943,0.07761606,0.26224825
4059,4803,e0609a5216147ae669bb1504cd254aed8ceae1c99665b732dc5fbf639eccb755,,1,False,True,3,0.41585934,0.010753989,0.6476984,0.007683761,0.039761517,0.41585934,0.0063593676,0.032261077,0.092969574,0.40510535
4060,1831,26d389323a9451cd97f78e5e77eaa323b5b6a936290f1e56168fc1216c0db3eb,,1,False,False,7,0.4424976,0.171617,0.7583108,0.023039367,0.10205334,0.2708806,0.019068252,0.098374516,0.04408629,0.4424976
4061,5067,54438b2cd59d0b946ccd084e6963128be6875d61bc353ff702ed781d9c5216e8,,1,True,True,7,0.5417395,0.24362367,0.5999084,0.0024710665,0.083257735,0.29811585,0.0020450612,0.03867048,0.03370031,0.5417395
4062,5068,8f827a1a66e85ff185ae63e76fd533dc67d47147c1110a32d9ede5ea8494a119,,1,False,False,7,0.43666416,0.20764858,0.77693844,0.22901559,0.06933997,0.15696788,0.012261233,0.067402914,0.028348269,0.43666416
4063,3039,1498a629f097fdc78ccdaf86345502b7ae21f95dd27ab0ad2a3664a2187a1273,,1,False,False,3,0.37660626,0.090337485,0.79727054,0.04531635,0.28626877,0.37660626,0.029680913,0.15048869,0.019164037,0.092475034
4064,5069,17e5bce4dde80a0e5da70c072d24a7a612f291a6bd6b7944693a42aeb7b9987c,,1,True,True,3,0.3766995,0.17554721,0.79963374,0.009888488,0.17389664,0.3766995,0.008176093,0.2011523,0.066519774,0.16366719
4065,816,aa20b41388ee5271e75a55dbe761237a19bccc0883a17711b5a9dc16686d2c0c,,1,False,False,3,0.47265947,0.15843832,0.66690797,0.010380388,0.050910924,0.47265947,0.01450351,0.12262752,0.0146970805,0.31422114
4067,748,4945f29585124222c8b0158dd8ea7eb3d1f439645b7d706eacbb50d9f450684c,,1,True,True,7,0.5222099,0.14541313,0.546367,0.0053217155,0.03107305,0.37679675,0.004402978,0.050015684,0.010179912,0.5222099
4068,5071,8ef34148da8518709b748bcc32d961f86403bd91b309e06a86e592ab9cd0e071,,1,False,False,3,0.35488036,0.017532408,0.7099147,0.010373425,0.21976534,0.35488036,0.0085854195,0.04919708,0.01985044,0.33734795
4070,5073,5a59f431f7fd5b85ed4ee57807486278e1cf1df994205b8666e794859d9b29b5,,1,False,False,7,0.4737997,0.2461399,0.74106675,0.014814973,0.06794558,0.2276598,0.012261428,0.06588022,0.1376383,0.4737997
4071,5074,65514c70702e69838eed719427086c7b1f0c96ee487480438d855d07ca2ccef9,,1,False,False,7,0.42980304,0.069891185,0.6681411,0.0028826871,0.08192671,0.35991186,0.0024066286,0.08608212,0.036986977,0.42980304
4072,5075,fc29044b1f864638de4a845358bdfa35afa755ae6c7765a7511ce04ec86c0da3,,1,True,False,3,0.2677151,0.0047732294,0.8449482,0.018860908,0.26294187,0.2677151,0.015609912,0.07919315,0.12703976,0.22863927
4073,3888,0b6474051681f9492fd35b479eeaee8b01fbb1ed67b3ea4014601c79bbb60e08,,1,True,False,7,0.53605855,0.3542851,0.71348786,0.015954547,0.07467778,0.18177345,0.013204575,0.070903555,0.10742754,0.53605855
4074,737,a456f80979e9ff82bc59023cfa2af2ee6c5d3fb55d19243ac287ca65a232c42e,,1,False,False,7,0.42377338,0.21565759,0.784066,0.009429332,0.05010005,0.20811579,0.07095458,0.042792313,0.19483455,0.42377338
4075,5076,2b99e7afb4a1fd286973218fc7cc7adf6fada31fb2f0ed54c700c244e7ae7956,,1,False,False,7,0.36283684,0.1462644,0.8424817,0.023039605,0.101915896,0.21657243,0.019068448,0.12143774,0.15512905,0.36283684
4077,5077,8ce9ce88d35ec03279444da4fd523c11b79c7b72f65270ca3ccaf00e2f3b753e,,1,False,False,3,0.27813146,0.029120058,0.86410266,0.02104894,0.10705683,0.27813146,0.017169094,0.18785764,0.13972461,0.2490114
4078,4782,2fe53ecea38282d3de28d29f27b8489f4bb6ae1494b05782eaf2a5e05d884eb6,,1,False,False,3,0.43860915,0.16205975,0.7583213,0.02303938,0.10191477,0.43860915,0.019068263,0.09673275,0.044086322,0.2765494
4079,1270,c199c11945f33ce8553a7f6e59ac3cf7a0413c376d1d47044681a2a4da749b1a,,1,False,False,7,0.7532106,0.6529362,0.4746998,0.053160768,0.04023559,0.100274414,0.004088851,0.03957595,0.009453804,0.7532106
4081,1142,ed20359927136f1a0f9061c6f8e28457eafb3702ba088fb9662ad734c7c7252e,,1,False,False,7,0.7053147,0.5561898,0.5212091,0.011524105,0.053878866,0.14912494,0.009537783,0.04856789,0.022051748,0.7053147
4083,5079,fd205dbee6e64fa561b2595e27f75388762cf1662a3c10cf7171cb6c6d53b985,,1,False,True,7,0.5399873,0.38246316,0.6980667,0.007224783,0.15752418,0.11782262,0.040735938,0.12301208,0.013693069,0.5399873
4084,2705,49717d62f7aa8bda1420ffc99aede1f6d60b0a64239a6413c918eb54cf18908b,,1,False,False,2,0.32977432,0.08454023,0.8077425,0.24523409,0.32977432,0.15906198,0.0074660317,0.04716367,0.01726236,0.19403751
4085,5081,0da77a37265a0dab1dc4bd136d9853131dbde3f8415d0cdbe8d2f9376c5e3d52,,1,False,False,7,0.37812358,0.079937965,0.7687388,0.007982823,0.1597909,0.29818562,0.053849198,0.08536517,0.016702669,0.37812358
4086,2254,3c34934208b37abef0a5f3b32b6a58021a350240e481074082f9c4875b030de1,,1,False,False,2,0.6278099,0.49232846,0.6018348,0.008842786,0.6278099,0.08503099,0.007153867,0.1354814,0.01653998,0.11914109
4087,3308,ed0efbbeab082ec87ff8126d62e4c33500c56716b9f129d55aa706ef22a27563,,1,False,False,2,0.3801345,0.07993314,0.67805064,0.0069565196,0.3801345,0.25782013,0.0057243113,0.035745118,0.013418063,0.30020136
4088,5082,749f11e0fff92989984ee858f35fa06ae1e830f3ef42b981c099809a9e0600fa,,1,True,True,2,0.33157304,0.030103326,0.80228376,0.012201839,0.33157304,0.15647583,0.0100986995,0.106022306,0.082158536,0.3014697
4090,5084,cbf5ff679aab0b378b4aba812292709f6d2888dff4f361c795adc803820a0e1b,,1,False,False,7,0.5036875,0.27693385,0.71201575,0.015953703,0.11565368,0.22675365,0.01320389,0.09247456,0.032273017,0.5036875
4092,1631,ab330b538bb1a951ab910e1de04566764d228fb443882815191f2a2b6b3599d1,,1,False,False,7,0.47580078,0.24635525,0.7608196,0.06152996,0.045282427,0.22944553,0.033044256,0.029946227,0.12495079,0.47580078
4097,5090,2e6b0a7c8d064c34580475e2d95c427d53f7e89ea0b718ac3494f583229c5f75,,1,False,False,7,0.50427115,0.30934685,0.7343574,0.020736638,0.12872216,0.1949243,0.017162431,0.094503455,0.039679863,0.50427115
4098,5091,5908a12998e11f4f5883ebc29b6967fcda51b81ed297528a5839b34a47c37b98,,1,False,False,3,0.5539867,0.30346856,0.65535545,0.005320873,0.062459014,0.5539867,0.055712372,0.0362609,0.035741884,0.25051817
4100,5093,11099dc4fc521280cfdb67aaa46dd8ac0c60dde4964ce31ba2ac56e49b10de1d,,1,True,True,3,0.6060934,0.34266722,0.54344004,0.026078248,0.016684968,0.6060934,0.0018081018,0.08165857,0.0042505465,0.26342618
4101,5094,531a1667ccb7b6fad3b916c0054d5ce020672550dbda7a70ff26bc839552437e,,1,False,True,3,0.4117201,0.18428978,0.7895718,0.11682474,0.09620612,0.4117201,0.006610523,0.22743031,0.015372195,0.12583601
4102,5095,7942e936ae9644cac518a105226a4b1b5d8b1dc6bfa0f8c7e9e244d654b01f59,,1,True,False,3,0.41021478,0.19965726,0.789937,0.017289797,0.07899208,0.41021478,0.014303877,0.07496257,0.19367935,0.21055752
4104,5097,66a25bf3bfe80e8be2ee9e4c8d50c244a63757b0230e4bc4985f0a4bbb68d215,,1,False,False,7,0.6617617,0.4595902,0.54384714,0.010371675,0.04846809,0.20217152,0.008583977,0.046644446,0.02199861,0.6617617
4105,5098,e06c54e6465fa4f724e6ef6d623c50acba0f33d874003fc495e142cba7371d44,,1,False,True,5,0.38088542,0.07136488,0.7221377,0.03423453,0.062306553,0.20012163,0.003905651,0.38088542,0.009025687,0.30952054
4107,5101,fd0632723c29c3e6b71a905fab77c1a4257847a124e8f8cc9639e9738540c793,,1,False,True,3,0.3987764,0.12021729,0.69913685,0.004531019,0.21194978,0.3987764,0.0037331206,0.09355221,0.008898306,0.27855912
4108,5102,341b2501ed23b8000682b7e229f428f37b5c42efbfacc3fbd93f4ab545e665c0,,1,False,True,3,0.37433138,0.08474907,0.6873069,0.003992499,0.033955056,0.37433138,0.0033030647,0.2895823,0.02903386,0.2658018
4109,5104,9be6fcb9ec5e3e55c70e276cc555b1b7e774862743d2a932a3c3f26cc0d5fc05,,1,True,True,5,0.30516705,0.05963023,0.82837766,0.009072256,0.10867388,0.13285978,0.007467096,0.30516705,0.1912231,0.24553682
4111,5106,3f3f54456e9b8e1f199e53b7f0b3bd4d20bdb3d3eb5163951c5cf91ef6035e96,,1,False,False,3,0.4567502,0.23260051,0.73585546,0.005767089,0.18400007,0.4567502,0.032502748,0.030245781,0.066584416,0.2241497
4113,5108,70fa2047a9bde772f2d59a1249f8b5e11f03a8e0467ba24a621ee8c5d479fbfc,,1,False,False,7,0.3157775,0.11616956,0.88573694,0.13960126,0.12761174,0.1465519,0.011447175,0.059402432,0.19960795,0.3157775
4116,5112,f9c9acf49d29ada33fdacb2dc0e53f40c539b5f64b922f6fc7fe4734a3275086,,1,False,True,3,0.42625323,0.16197476,0.7722702,0.017285468,0.08129739,0.42625323,0.014306069,0.08017754,0.116401844,0.26427847
4118,5114,0be1376b077663c94775489054dd5b64ba46ba3799e7f557b3dc6c800f8ee2d4,,1,False,False,3,0.46221495,0.19000304,0.73795366,0.04161208,0.12376922,0.46221495,0.03257556,0.048244555,0.019371683,0.2722119
4120,5117,0bfdc348ee5ae1bed95235aa381230f2a7f461b9fef0710d49fbc88aaecefffd,,1,False,False,7,0.40756863,0.24169141,0.8051415,0.010920553,0.14838743,0.16587722,0.009202787,0.11722628,0.14081706,0.40756863
4121,5118,4ae3c12626eecb59d4588aa7cfa8d17020eaaf5d1f99de7a93c2ef1f9025a0e7,,1,False,False,7,0.4220321,0.1728255,0.78478205,0.0188544,0.08776364,0.24920659,0.015604599,0.07958088,0.12695777,0.4220321
4122,5119,d7bbce70872b3225cb5c89bedeedb69e0a0a1fed4f3ddafe0bf32caaf6254035,,1,False,False,7,0.5405491,0.17676684,0.5339387,0.016396463,0.01840826,0.36378226,0.002261534,0.05336705,0.0052353423,0.5405491
4123,5120,2b7cf7a3091ddc554eb745e438b17bb282a5dd4e46a336219ea4f23a940bf562,,1,False,False,3,0.40415102,0.19687936,0.7586052,0.011603628,0.1501857,0.40415102,0.00953835,0.20727167,0.022053365,0.19519623
4127,5126,219aa4404d11a112adfe8deec48f2997aaed0709f8346198342e824ce6a0b595,,1,False,False,7,0.47776273,0.24121207,0.7307507,0.017304858,0.12691681,0.23655066,0.0143054295,0.09408406,0.03307544,0.47776273
4132,5132,03c9c6e3dcea4921025c7616e688222953f780b0be317eec14cacb8f054b21e2,,1,False,False,3,0.34941095,0.08995828,0.8016178,0.012202742,0.057799857,0.34941095,0.010099435,0.25945267,0.14095773,0.17007655
4133,5133,063a0ca8d4d7eb4f86be8d53a549dff1b07e4e051e007c583ee8db451c78af9d,,1,False,True,3,0.3726222,0.017409027,0.687288,0.0037842542,0.11640442,0.3726222,0.0031225907,0.1416336,0.007219769,0.35521317
4135,5135,41faf7445178a0cfe869af361768d61a63954861fe1ab1a3eae09704e1b8998a,,1,True,False,3,0.43997622,0.13109595,0.72466874,0.01728282,0.09122993,0.43997622,0.014303912,0.09525572,0.03307112,0.30888027
4136,5137,ea304dc70d2d4d41b4c2c60963f9c303bd0e44828e14ef74e6b3ba5c6ebea0e4,,1,False,False,7,0.4218441,0.1533331,0.7451565,0.0074093197,0.268511,0.1208237,0.0061325724,0.12539037,0.049888946,0.4218441
4137,5139,5b5aec21f1bf76970a63c271924920813e79a009f5d690d859a3a3146c29314c,,1,False,False,3,0.32439777,0.025175542,0.7342048,0.0069242027,0.13127667,0.32439777,0.0009705421,0.22311816,0.014090417,0.29922223
4138,5140,e00ed6749b03b8daeef916ce908bb7edb5bfc8a57124b58ce7a258f8b81f62d6,,1,True,False,3,0.44853526,0.16027433,0.68982476,0.0016820157,0.28826094,0.44853526,0.025584484,0.09848115,0.004139656,0.13331646
4139,5141,3d7081ffdb1da369c51f7c2a08e5cc5eae186c7965d9aed3a9c4eb0f6d332663,,1,False,False,3,0.3635702,0.033832014,0.7034957,0.009445065,0.3297382,0.3635702,0.007804333,0.048205465,0.018044043,0.22319269
4140,5142,300da58f0ee5d69ed5393955bf80bd73b360aaa069bde6378f365b46548f6d6b,,1,True,False,7,0.63300776,0.4748194,0.5688267,0.0036469344,0.11045372,0.15818837,0.0030199657,0.08444559,0.00723764,0.63300776
4142,5145,1d79d0ea0ec0d049c794047fa41c00effe876afca00d3b18d35aaae5b82df4ef,,1,True,False,3,0.57344383,0.2637659,0.5329102,0.0019784705,0.083525635,0.57344383,0.0015840773,0.016206363,0.013583712,0.30967793
4143,5146,e406bba77cbaef57e4332a86a9c157bd0a46d1bb192dc71d116213459b09202d,,1,False,False,7,0.28745514,0.034548044,0.839873,0.04869803,0.2527723,0.095444754,0.046767466,0.2529071,0.015955215,0.28745514
4147,5151,00c93bc94e6131858ccc42a6bc7ecf7136cfb0e7d3e29fffbc29b4672f2e9b82,,1,False,False,3,0.44982475,0.17348787,0.7289493,0.011525253,0.12579633,0.44982475,0.00965928,0.049248155,0.0776094,0.27633688
4148,5152,b5660e914824c57320e89260d8a2b27189979032be1dc2b376a2411754c150a1,,1,True,False,2,0.3558466,0.07316819,0.80776376,0.28267843,0.3558466,0.15139404,0.005051279,0.058602158,0.04108926,0.10533827
4152,5157,1086cbaf44fc43f46f6691b86006d6eb0df56843fc5bb6c6fe91a36e2e7c9aa3,,1,False,True,2,0.42592114,0.16376972,0.71185255,0.0029355863,0.42592114,0.1586699,0.0024297147,0.12472611,0.023166083,0.26215142
4153,5158,24f3a9b47a242d6a385ebc2f5bea8189be3d158637b2754e0701016ba427be77,,1,True,False,3,0.4510018,0.076230705,0.6478551,0.0271843,0.052048787,0.4510018,0.017671064,0.07433684,0.0029861154,0.3747711
4154,5159,e739b6a4dcd93cf618dd5a651bd93282c2a82b4469f8358dab422f4c751fc2c2,,1,True,False,7,0.4359746,0.19236007,0.781986,0.025916468,0.114641294,0.24361452,0.021449458,0.10881217,0.04959146,0.4359746
4155,5160,01e53e56dcfafe127dab912c0675a03397b615a379ccd3b0d003e53d9a9246c6,,1,False,False,7,0.592807,0.4088898,0.6250822,0.0103941,0.06096611,0.1839172,0.008587572,0.12347147,0.019856567,0.592807
4156,5162,4e15fa7ea5d0ecaffc046c18818f1290d783bd7e7ea5bebc3a81372360726dbe,,1,False,False,2,0.551702,0.37374133,0.6490998,0.004611201,0.551702,0.1779607,0.00381919,0.025057158,0.075411774,0.16143791
4157,5163,7806746d14359a6d26b78f37a6809d52ed62c461ece0f9f4f73e9366aaa1a42a,,1,False,True,2,0.64749324,0.49997628,0.58630306,0.011523853,0.64749324,0.108741514,0.009537576,0.05313571,0.02205116,0.14751695
4158,5164,5841fe10bb16ec2fe954fb1493dce298a847bc1f15c7fddc5241a93fff00141c,,1,False,False,7,0.46707585,0.19481355,0.678319,0.005610886,0.13083676,0.10884273,0.0046410616,0.2722623,0.010730441,0.46707585
4160,5166,6d41f340c282697ed9ff391a061907b6f5ece4ffb61ec8109383cf333fd74a1c,,1,False,False,7,0.5890816,0.28182775,0.53712636,0.0067658923,0.047649708,0.30725384,0.005539225,0.030902667,0.012807093,0.5890816
4161,5168,62494b7b8dd5a7f21819c2de0bb36b6ac535eade60e9aa6eafaded5340c8d036,,1,False,False,3,0.38395727,0.039010108,0.7043272,0.003270085,0.018871674,0.38395727,0.1321002,0.110744044,0.0061095157,0.34494716
4163,5170,73e835c69d87af38d48294d0975cd812ec20bf26a4fe2e0b5386c2420bd4fc5a,,1,False,False,3,0.48386815,0.14756319,0.6350517,0.046757553,0.098607406,0.48386815,0.002184443,0.01429704,0.017980412,0.33630496
4164,5171,925df805721515698e0aaa18d7b3284863ea4bca82092533608e4770f0a90d12,,1,True,True,2,0.32685652,0.06474891,0.84060675,0.0577015,0.32685652,0.15536807,0.004478893,0.12869042,0.06479701,0.2621076
4165,5172,9e1088a670de788f7003d69247278903dd029dd23aafd6db9c776f58e3439ef4,,1,False,False,2,0.45868647,0.12109196,0.65810686,0.009878015,0.45868647,0.12109222,0.00817542,0.045671638,0.018901782,0.3375945
4166,5173,04b6d88ca35f70d82159f7e655bd22f6d0a9e7c5fa25f251fcfdee3291dc30e6,,1,False,False,7,0.3654467,0.102898,0.785873,0.110518485,0.022873452,0.26254869,0.003504806,0.1861851,0.048922803,0.3654467
4167,5174,c58086c3b196004496136b862847ed8c42f295466ee1769108b160ba5e8956f2,,1,False,False,3,0.61818594,0.3834178,0.57552695,0.0057203365,0.060296267,0.61818594,0.030512808,0.03972043,0.010796004,0.23476817
4169,5176,097e4459f7621fef9a89ca227da786b85569093e2a5ba869e28fd40fef239468,,1,True,False,7,0.60611105,0.4610103,0.57883185,0.0014465259,0.10081756,0.14257121,0.0011928295,0.14510074,0.0027600585,0.60611105
4171,5178,69ed38696299c8ebc985bd365d993b269e1f1989b974425d54c6cb48d83eba8a,,1,False,False,7,0.45176622,0.17691961,0.7135145,0.008436523,0.078894086,0.2748466,0.014533945,0.14724284,0.024279755,0.45176622
4172,5179,ea167eadcb5d80004d8b75ebfa71a25b1ed0c729f5d7a00d68f098e022cfecec,,1,False,False,7,0.74369496,0.6371308,0.4770051,0.0079788305,0.04538472,0.10656414,0.0066035828,0.07450613,0.01526764,0.74369496
4174,5181,8e4df5b6f3ae3ae03402d144227a4d089af396dcbc513b8642a8df8af978c2fd,,1,False,True,2,0.33851328,0.001021564,0.7388184,0.008651351,0.33851328,0.16020922,0.0071606147,0.13143228,0.016541533,0.33749172
4175,5182,44e3782ffe2aaa4ca618cb412fa28062d83ae6efabf29fae86f65db8b364b42a,,1,False,False,2,0.46202534,0.20268142,0.69434464,0.012078354,0.46202534,0.25934392,0.0016204488,0.058336265,0.03199663,0.17459899
4177,5184,e014702da4cdcdb8654e4478396f9e1e2443040dccc882dd82879c416428441c,,1,False,False,2,0.4662176,0.19046786,0.6753474,0.0053526605,0.4662176,0.13506468,0.004404064,0.10302828,0.0101829935,0.27574974
4178,5185,948138025f8a3d70af68573945dbd6ee0b69bd3bd2e168e57e7d905351ea7796,,1,False,True,7,0.5605989,0.37111095,0.66999024,0.0027676162,0.18948796,0.052723393,0.025508702,0.12315615,0.045757253,0.5605989
4179,5186,960e8966d2755421228d504fbb3aced7fd98d66293397207e446045d40f3e518,,1,False,False,7,0.25203946,0.03425096,0.86393285,0.018852534,0.20563595,0.20234606,0.015603075,0.08773443,0.2177885,0.25203946
4180,5187,fc53c6744947fae1841112d9ccc1b1e8987e0b78b637b01c2aaa4f671627e463,,1,False,True,7,0.44131365,0.2272902,0.68439305,0.0017559952,0.16578832,0.21402346,0.0014313955,0.17227018,0.0034169885,0.44131365
4181,5188,357b7980aa112962de374533225fe198b0094f1728aa7163a2df366dc3e5cd22,,1,False,False,7,0.23382139,0.015038371,0.88588977,0.19950868,0.16285034,0.21878302,0.012262127,0.14442359,0.028350824,0.23382139
4183,5190,9d6833964ef82e402e4124c517d149eeca4215d4ac6d97991e18fc1635c4dc41,,1,False,True,5,0.53215045,0.34676954,0.69312125,0.0074094124,0.11976173,0.09927528,0.006132305,0.53215045,0.049889877,0.1853809
4184,5191,a8fb8ce6bb79844dacf608963ec07150bfc39e74ea50568f642dfbe6fbf997e5,,1,False,True,7,0.24893917,0.05399084,0.92703927,0.020739064,0.09174046,0.19494833,0.11706902,0.18692465,0.13963927,0.24893917
4185,5192,3d7405c0669099e0829721a47140114e3b0ab63be13c544f7b3447117a02e2bf,,1,True,True,5,0.35723254,0.13669372,0.8243682,0.04960284,0.22053882,0.11163189,0.0038185327,0.35723254,0.05922832,0.19794706
4186,5193,598f9aeca6240a31354326de0c18b097c45fef5788afab4b1ca6e044ac91d2da,,1,False,False,7,0.50935787,0.21955979,0.6240985,0.0069223153,0.14129686,0.28979808,0.0057236776,0.033667713,0.013233484,0.50935787
4187,5194,5be265dc35cfecd5f2d833410496e12da0b241daa7409274d55ad1d0a03b0680,,1,False,False,7,0.56328934,0.36268976,0.67709094,0.018852416,0.08642816,0.20059958,0.015602978,0.079153225,0.036074307,0.56328934
4188,5195,2e72c7d33cd5fefb1eecdac3df530ce01e75a691f13f21f49ebb96cc63cffa7c,,1,False,False,3,0.54279375,0.37839156,0.6721912,0.02076198,0.09442548,0.54279375,0.016628057,0.15819159,0.0027969321,0.16440219
4191,5199,836cdb94a4c447552b185e3205ef97d63cbb5e1a0b311c43e67a654bab1d3c6a,,1,True,False,7,0.4301153,0.18064107,0.783682,0.025916442,0.114641175,0.24947424,0.021449437,0.10881205,0.0495914,0.4301153
4192,5200,0ea8529a690af107bc10ad8fce0cd5bac3d5790fe3e45a33dcbdce82fb8a832d,,1,False,False,2,0.43842515,0.053736,0.65817803,0.025650822,0.43842515,0.08079799,0.023917899,0.0377588,0.008760153,0.38468915
4193,5201,86750132ed5c3646d24e6df07db87f8c4cb32d88fc1e4f75f9b69205556a3dee,,1,False,False,7,0.43215635,0.015182853,0.629541,0.012202941,0.053980555,0.4169735,0.010099598,0.05123584,0.023351222,0.43215635
4194,5202,8a51a6d95228eca144d51f8af70342b24154e7da02285e92d1a4522d7aed9f51,,1,True,True,3,0.57949686,0.32224607,0.6043517,0.0022324326,0.034740478,0.57949686,0.015895681,0.0722951,0.038088635,0.2572508
4196,5204,428dc07318d920e5bb77f35ea856c759ba8e0592efe7783a662f61ceae8def76,,1,False,False,6,0.3175092,0.06318241,0.8231049,0.012203878,0.13303398,0.2543268,0.010100363,0.081432395,0.3175092,0.19139344
4197,5205,e18bd0f1bc49b9dc5fc0e7b6a10b79d5abd05a0c065f39528fa1f5b61c1eae00,,1,False,True,7,0.28680006,0.004783243,0.84143704,0.018860864,0.08343528,0.2820168,0.015609852,0.18623763,0.12703949,0.28680006
4200,5210,1251425c8bba75ff3d31f55eecf2012bcf59db1f398680ae19a79fe8b70d8437,,1,False,True,3,0.48173192,0.078077435,0.5720073,0.0036469123,0.027001405,0.48173192,0.0030136467,0.038815428,0.04213621,0.4036545
4202,5213,49ba151ad4f708f0a8a783995ea5de7c2243a6f34c3bae146ccbcf4c05bd7d3a,,1,True,False,7,0.5424186,0.16388667,0.5274727,0.0147190085,0.019195566,0.37853193,0.015741061,0.012024823,0.017369002,0.5424186
4203,5214,ddfdbd652271d23e8d4ff26b15ab65c11f5083792fbf3505498943d6a9272ccf,,1,False,False,7,0.5447422,0.34585458,0.6999041,0.020736521,0.09172786,0.19888766,0.017162334,0.087063804,0.03967959,0.5447422
4204,5215,2fe476957ca63d38ce7adec9c0820e42d70876c7df85f9d0e6361bb77618f802,,1,True,False,7,0.48733848,0.21163133,0.64042836,0.00715554,0.178926,0.27570716,0.0059221745,0.031257633,0.013693039,0.48733848
4207,5218,bb4846d1b8ba1d3749d2a18cb665b90a56bec39b1dba3d52faf31b9a54c02158,,1,False,True,5,0.26966533,0.02210176,0.8500346,0.018852806,0.08779864,0.24756357,0.015603296,0.26966533,0.1269374,0.23357895
4209,5221,c2ea2381e3f26622a36d4809cafdba02071261ea1b9516ab7b9fff7afc3e663a,,1,False,False,2,0.39001927,0.18227276,0.8114683,0.031756636,0.39001927,0.17098397,0.011723599,0.1389129,0.04885714,0.2077465
4212,5225,9cd5baca667812b43fcec1f892a3d9a95533e88999365b01191fb74b49a6e322,,1,False,False,7,0.41030097,0.10227066,0.7579814,0.010930623,0.09280496,0.3080303,0.06161423,0.095421836,0.020897124,0.41030097
4214,5228,8f977e406979ea1d5042246fe321503fa61d1bae144a8e771193dd769d39129a,,1,False,False,3,0.37494883,0.03355348,0.7105419,0.015966116,0.34139535,0.37494883,0.0021503952,0.0719944,0.018667247,0.17487767
4215,5229,38d2b40d17b092e5adcffb545da21f53f9e99ae286d0ab2a5261dc6723b23540,,1,False,True,7,0.51775813,0.1734299,0.6023862,0.010373434,0.04962107,0.34432822,0.008585428,0.048988063,0.020345625,0.51775813
4218,5233,402ddc945eb7ff2b7dc9d7619e1ab12b46dbe1d1341c2c212662ace9aab6085d,,1,False,False,7,0.4730931,0.29482436,0.75956744,0.16714154,0.17826872,0.09981631,0.03837508,0.030322315,0.012982981,0.4730931
4219,5234,a72795b08fd890aab59c58c7e3de9509abaed56c032462ccc749e0f80d1de6bc,,1,False,False,3,0.43895492,0.08332339,0.6530343,0.005074205,0.12912805,0.43895492,0.004189714,0.03292534,0.03409628,0.35563153
4222,5237,17bce66ceff93fcf9384c8dd8213dc85999cd72ac3b39c078e2ca2281ea06150,,1,False,False,7,0.5459804,0.2861202,0.61676997,0.0051878816,0.071303435,0.2598602,0.004324622,0.10341589,0.009927591,0.5459804
4224,5240,f3a0d4b5ded308fbe3e2ca8047d375f85196b866095659fe305cdee64cee7098,,1,True,False,7,0.6815501,0.4849136,0.5209308,0.0037735826,0.018455992,0.19663651,0.040669076,0.028160285,0.030754438,0.6815501
4225,5241,5bb0bd247406c52b76bedf001db4a8ad8950a73633e40e77783a47aee5b9247f,,1,False,False,5,0.31272596,0.034247994,0.8357968,0.065249845,0.047050033,0.09950448,0.008586501,0.31272596,0.18840525,0.27847797
4229,5246,cb3208a2cdfd1183cee643088b88b9f15d09b3db2e5fa59bed97d93cfc6d5914,,1,False,False,7,0.62343764,0.3713742,0.5264108,0.0033763978,0.034694355,0.25206345,0.0027988947,0.07722373,0.0064055184,0.62343764
4230,5247,ede74bc6634364219a7b32d41126b41f4140f8bf6d940956d4a7ff66d41faffe,,1,False,False,3,0.3379522,0.029326558,0.78736556,0.012968262,0.17708348,0.3379522,0.010732971,0.065293476,0.087344,0.30862564
4231,5249,5f88a1245b339a2fbdd69a0e44d3c8113e8e25c9b185af4f87f76973d3b9bdff,,1,False,False,2,0.30687475,0.04652536,0.8591893,0.2603494,0.30687475,0.09523825,0.0045186956,0.085377365,0.078866504,0.16877508
4232,5251,d807c16aea95f31b8b085aa98739f60cc6a95541e838cefcda96d0381a89d0be,,1,False,False,2,0.40573853,0.19084786,0.7619941,0.1059143,0.40573853,0.088314794,0.0012184274,0.21489067,0.0028337466,0.18108954
4234,5255,53a45f3887866637c3a931272772b4ae5e920716d4dafed6e93ce1f51b45578a,,1,True,False,2,0.4104262,0.14618722,0.7200491,0.006579779,0.4104262,0.13320325,0.005365954,0.16763505,0.0125508355,0.26423898
4235,5256,b41107da6b309a10f78170c4906195ed0ae45738700732c772887e56cdbc8f66,,1,False,False,3,0.25735345,0.024519369,0.8727431,0.01296388,0.23283409,0.25735345,0.056049794,0.054430034,0.21222839,0.1741403
4236,5257,fac9e376f5499e69d7d57a5a0b90e274f9ee617e1f3d060d6341587ba459e47a,,1,False,False,3,0.5126744,0.3325957,0.670572,0.014556845,0.13900134,0.5126744,0.001809889,0.18007869,0.0044515235,0.14742735
4240,5261,15f7cf8a267bffd0ad05b45a01442e35bf506b16d3b5b20b0edaa27ccc96e4c3,,1,False,False,5,0.36316556,0.074956805,0.6931219,0.005325,0.061302774,0.26740825,0.004407322,0.36316556,0.010182299,0.28820875
4241,5263,73c169bfa94912a5fd660eff913f6e2379b2a9201e2a987c92b36c00d3dd405a,,1,True,False,3,0.43333513,0.18104589,0.69192153,0.0048355754,0.09380504,0.43333513,0.0039945776,0.20247412,0.009266317,0.25228924
4242,5264,6bd9036070a07801f9d283267476ad878c5381485b6fc9b415b51a75c8feb7b2,,1,False,False,3,0.36947885,0.09473702,0.7571282,0.02708395,0.22108154,0.36947885,0.0033758837,0.072365,0.03187296,0.27474183
4246,5269,a444efba5f3e1ed6f65d9b72f6adbac27a995cca3eebfe8296e017ab1f21083e,,1,True,False,7,0.6057665,0.42519635,0.638903,0.017282192,0.07644762,0.18057014,0.014303401,0.07256051,0.03306966,0.6057665
4247,5270,d10c5fd51982cd700a27499632fab574fa90da8de0c28278a0f7202fe3bc1f95,,1,False,False,7,0.57058173,0.40793002,0.68318427,0.033075575,0.10993403,0.16265173,0.040802695,0.077027366,0.0059268703,0.57058173
4249,5272,93a458a102506ea7c5e01ba881e96d4835aeef52c815e91629f7664320e0bf05,,1,False,False,7,0.4277209,0.08423561,0.7068461,0.015953721,0.098401375,0.3434853,0.013203904,0.07070713,0.030527728,0.4277209
4250,5273,1c81f157a586af2e376e920786f90d13b7981f0c7c6a34b6ba1360a9b0549109,,1,False,False,7,0.64439,0.4252988,0.552082,0.009878959,0.05337409,0.21909116,0.008245365,0.046116438,0.018903976,0.64439
4252,5275,b2d41933d953316fe013734b70d2c83efa4a466516ff8fe12489bb380f0e72d8,,1,False,False,3,0.5693858,0.25844625,0.56025845,0.004414632,0.053972345,0.5693858,0.0036537133,0.027033266,0.03060067,0.31093958
4253,5276,02db63efc8a04c8e990df67f16d2ba824dac7c70728b52ae9594c65617ee784a,,1,False,False,3,0.312376,0.09129496,0.89457434,0.04124688,0.22108103,0.312376,0.103342876,0.13516414,0.037514225,0.1492749
4255,5279,cc684a03c401118e11b06649f0fec00614a2eb1bcd7bfaeebaaa8a7afd463738,,1,False,False,7,0.50669795,0.3195473,0.7150145,0.006495206,0.18715066,0.117803745,0.0053691133,0.11449293,0.061990414,0.50669795
4256,5280,c00a1e3aa0b1860e250820a7fe69fb2b884ab1fbdd11a66f1ad23f8c9b4a8400,,1,False,False,3,0.37425658,0.12091261,0.7983882,0.01152424,0.12754697,0.37425658,0.00953789,0.14619419,0.0775962,0.25334397
4258,5282,493e48dc3d47beaa7d1da33d0b98d68e5b5785a710c99ee6a7cd2f77fa24fdc8,,1,False,False,3,0.4090634,0.22981931,0.83268607,0.0115616815,0.146646,0.4090634,0.12066898,0.055202406,0.07761344,0.17924409
4259,5283,1cfeb1bdc879517413b5f5756a4ff894df436492341c4308da67060b95d10dde,,1,False,False,7,0.59214187,0.40060282,0.598196,0.00399034,0.07819849,0.19153903,0.0033026803,0.1225304,0.008297205,0.59214187
4260,5285,ccc6cb511e77d55d3d17e76bb7d660bf9d0a19a8fdc2e845a271558fde65cb1d,,1,False,False,3,0.6453146,0.47698182,0.55852306,0.0033655986,0.042629614,0.6453146,0.0027700174,0.11505024,0.022537181,0.16833277
4261,5286,f6034abf4b6e332d629921a743cecb68ae6ee6631f74ba4764274a2ab3a9d8c6,,1,True,True,7,0.508984,0.35202527,0.6918412,0.029956328,0.14901163,0.14773633,0.00217426,0.15695874,0.005178715,0.508984
4262,5287,bcb59ef375f715ba227722368e89aea3ee2738fb1b69507d3453f06ac08c4ef6,,1,False,False,5,0.30533496,0.046958953,0.8323789,0.017403273,0.07743297,0.21078424,0.014303512,0.30533496,0.11636508,0.258376
4263,5288,3ea5c6218eeb01987ae91d9bda6847881425eb94de6737eb13fe03cf5d1d6959,,1,True,False,7,0.5665696,0.3801452,0.6632179,0.04751304,0.051310796,0.18642445,0.00661097,0.126297,0.01527408,0.5665696
4264,5289,0ee8fa957e779d5cf431be6a09e448a93528d69c4098de1162cde4e23c6f8d5a,,1,True,False,7,0.56778604,0.3336231,0.6019025,0.016220463,0.019723417,0.23416294,0.0022617262,0.14059697,0.019248422,0.56778604
4265,5291,320073df84ce36a825d2ac8d3b276d94e5e508e68847492307cb5d8f942711c2,,1,False,False,3,0.53653,0.2765197,0.6198091,0.003926936,0.08909649,0.53653,0.0031806908,0.099883236,0.0073722918,0.26001033
4268,5294,a461c2fdfda91fb223b860eafa4405cbf9daa9f748ba7419974d74a8d111b6d9,,1,False,False,7,0.47098178,0.10438955,0.61975276,0.005013195,0.028786132,0.36659223,0.004097726,0.09067442,0.033854533,0.47098178
4269,5296,658c9b08a886431c9695f958503963a8b00f37211255b8129da760d4133ce524,,1,False,False,7,0.3110828,0.06664011,0.8325443,0.025916394,0.23464274,0.2444427,0.021449396,0.11287466,0.049591288,0.3110828
4270,5297,01a35a8484fd79c43f099451a9a123a91fc3df3bc46196676d58517a816672a1,,1,False,False,3,0.25689948,0.023885548,0.8776433,0.08559442,0.23301393,0.25689948,0.007465268,0.05479957,0.14887466,0.21335265
4271,5298,290c9b5d327432ed76052695e7848cd461f9b5300171169e68b1b821499daa4e,,1,True,False,3,0.3609265,0.046937943,0.78411996,0.01482107,0.06745741,0.3609265,0.01226641,0.13071172,0.09982835,0.31398857
4273,5300,409645891e346e372a3b5d18fab48076318b06d010deaf5f0eef1be66c34a3e8,,1,False,False,3,0.37350032,0.11664006,0.76296747,0.009436975,0.25686026,0.37350032,0.007805313,0.06354664,0.06337011,0.22548038
4276,5303,8901599d2e3b0276790f8de12eed9ad761bb2bae69b2d274ee5a7f2bf415a5fe,,1,True,False,3,0.3428129,0.04518354,0.7797453,0.013827993,0.065120295,0.3428129,0.011496215,0.06428246,0.29762936,0.20483078
4277,5304,377a691c984aa72226f0f8351c9aa5185e6efce792d66ed322765e99dcfa39a9,,1,False,False,7,0.41478637,0.13010329,0.70565385,0.0056204353,0.12172218,0.28468308,0.0046447148,0.15781176,0.010731529,0.41478637
4279,5309,4e892c975351b86718d82960bf9aa16d4e07cf8df345a5abfc0f9220526a4ced,,1,False,False,7,0.4448599,0.16354921,0.7325138,0.009970678,0.055538446,0.28131068,0.13710141,0.052315872,0.018903058,0.4448599
4281,5311,948df6437d87b2f40903d1ee1ea840037556eac7564ed715f5875a2583a363ef,,1,False,False,7,0.5680147,0.2890502,0.5907982,0.04172225,0.017061466,0.2789645,0.0016357779,0.07856855,0.01403276,0.5680147
4286,5316,1b1da1f06f6b31d370bfa17d4c5b5ec78a92ec330a8f3f57c3814b5dc0f1bea5,,1,False,False,7,0.47790048,0.21481776,0.72373426,0.018884122,0.10225883,0.2630827,0.015603067,0.08619624,0.03607456,0.47790048
4287,5318,9c99f014dee857e4bc4be3506244890ad16eeb30a7e3feec9f3d198d68530c52,,1,False,False,7,0.7591712,0.65515083,0.43780175,0.004529507,0.09027601,0.10402036,0.003654116,0.029900033,0.008448755,0.7591712
4288,5319,6d23e5d3962cc14df702e6be816c82161a24a9cd336916965d45ac871df41851,,1,True,False,7,0.5736031,0.37593347,0.6004113,0.0066953977,0.17271325,0.19766964,0.0055390503,0.030927518,0.012852045,0.5736031
4289,5320,aa425c2771fccc0fceef259736ee61ac9daaec814e396d777efa4c9571e72840,,1,False,False,3,0.31371993,0.012513161,0.7962685,0.018856898,0.10581665,0.31371993,0.01560664,0.20870794,0.03608518,0.30120677
4290,5321,5c85ab09378a74020f37329defd492024b98d9801d10ae777c40305ab8094bc6,,1,False,True,3,0.5710796,0.2584442,0.5479117,0.0017605044,0.06380473,0.5710796,0.019929444,0.02734412,0.0034461773,0.31263542
4292,5323,cb802da798c849f7b8ab1956cd81b76c43927d4a9c6adbd508cc8e1924cbf0f2,,1,False,False,5,0.37428135,0.044356763,0.66628397,0.023039954,0.015330648,0.2423231,0.0016105722,0.37428135,0.013489819,0.32992458
4294,5325,fe00778472f5f7e34eeaa02dae168e1354920bdabce3d0309492dcc986e66abe,,1,True,False,2,0.49845168,0.31471592,0.70793116,0.007178498,0.49845168,0.07820497,0.005921187,0.17791446,0.04859342,0.18373576
4296,5327,84b529d4339677f227f3a1a4f34525bb9c43a10ed455883b0a8d10caa139a8bb,,1,False,False,7,0.4624316,0.31576592,0.79454356,0.12541509,0.13415834,0.14666568,0.0066121756,0.07101616,0.053700976,0.4624316
4297,5328,dd9615c589b2288427cc9a908408845fa37852717a894c73a42a4b41876d2c31,,1,False,False,7,0.6480587,0.48532185,0.5573388,0.007155052,0.12452743,0.16273686,0.005925495,0.037907116,0.013689325,0.6480587
4298,5329,a78023432bf2f196cafc0c6a9bb81fb21072ab9d17c26759b3ecdd6d7cfccee0,,1,False,False,2,0.48766896,0.2863589,0.71596265,0.040696636,0.48766896,0.16818084,0.0050587216,0.20131005,0.012372941,0.08471191
4299,5330,bcf7b0182e268a1db9165fe7518606f4cf17fc1f0e8d25683e2ff02b51104412,,1,False,False,7,0.4591628,0.112362206,0.6581686,0.010920021,0.048741292,0.3468006,0.009037794,0.10432559,0.02101192,0.4591628
4300,5331,6b27d87ea8808ee60d69dc484dab56ce18420bf1041750c73b16c350459cf676,,1,True,False,7,0.49449703,0.3129327,0.75425816,0.018852584,0.08339434,0.18156433,0.015603116,0.079154015,0.12693459,0.49449703
4302,5333,5afc980691b4fafdd83597fa4d87583dd98460582d9b07818287c72a8ca902c4,,1,False,False,7,0.5337574,0.31676668,0.71974033,0.05749538,0.064950354,0.21699072,0.055768207,0.049865246,0.02117269,0.5337574
4303,5334,57b58c8246312a53d083688b28c9b78d5998ecc9f27f63b51ea3ebe4acf9acd0,,1,False,False,3,0.38930964,0.05288887,0.7293289,0.006484,0.1174968,0.38930964,0.005388152,0.095270194,0.049630452,0.33642077
4304,5335,94ceefa886d62611354e0b1978f695ae0e0e0354447954f54a3fa586f15bb5da,,1,False,False,3,0.41590637,0.08937886,0.6987166,0.007979929,0.09725061,0.41590637,0.00660788,0.12980437,0.015923314,0.3265275
4306,5337,b7cd45764c7871c32607b032e31f78a0d01bdd4972b5f5cf435d2f2c5d6388e0,,1,False,True,7,0.42238012,0.20152774,0.76072776,0.010935904,0.06419229,0.19773561,0.009038479,0.22085238,0.07486526,0.42238012
4308,5339,171d1342cbdaaac841607d8dba66ea6041a160f20f665a9d30ce73fa19342a6a,,1,False,False,3,0.597446,0.42839342,0.630689,0.0070804274,0.057309292,0.597446,0.0050513996,0.1690526,0.04549148,0.11856872
4309,5340,788016fb10ddb977607620493dddfabacd3068d57d66b99e5749086173405b18,,1,False,False,6,0.35119572,0.1542075,0.85183185,0.071009316,0.05443901,0.18863368,0.010101889,0.12763214,0.35119572,0.19698822
4311,5342,a146f89e4a5868878c415652142fd1c3a4cda93c54de74d263d2af1a4f3234a8,,1,False,False,7,0.40709952,0.0033898354,0.66929954,0.007687999,0.048922867,0.40370968,0.03342107,0.08391345,0.015245421,0.40709952
4312,5343,71084aa8da14a74e47f82510232af8a1ae1f7bcd1d35dcd84595435d8083f044,,1,False,False,3,0.289333,0.013737768,0.7826708,0.010373653,0.18072307,0.289333,0.0085855955,0.27559522,0.021125808,0.21426368
4313,5344,716049655a1dd4c91562bfdac616e91c43ac8fd0449023d9018398b4ddb6b6f7,,1,True,True,2,0.4077857,0.19167541,0.7761982,0.013831186,0.4077857,0.20796911,0.011444313,0.065964706,0.07689465,0.2161103
4314,5345,b13832e9c23a0d9ef5c8f3123b8c319a95fc1348267525925f448700da6aab13,,1,False,False,3,0.51840574,0.12215185,0.53561336,0.004717561,0.021871837,0.51840574,0.027188625,0.022537095,0.009025265,0.39625388
4315,5346,f06ffdd12e0484c3a4859f2446a730c4165cac51c171aa41f471907572af55fa,,1,True,True,5,0.41159123,0.15162781,0.75296795,0.010374781,0.05837702,0.25996342,0.008598936,0.41159123,0.06987174,0.1812229
4317,5348,52c01fc3b9c80178eae485adb821b0bcb77de0bac177350aca838e3de9ba566b,,1,False,False,7,0.40293464,0.054682434,0.7232472,0.015954753,0.11013615,0.3482522,0.013551802,0.07864032,0.030530134,0.40293464
4319,5350,b531b774321e931d29c1cd95ddc970cb6827d3c74a03cc3cc348a6f0db200586,,1,False,False,3,0.5228907,0.35101476,0.71256316,0.01296525,0.075883,0.5228907,0.010730513,0.05454051,0.15111405,0.17187592
4320,5351,c4ecf20a90be622dbc3428bdd75e826dcfb16b236b3a43c7e95fd88823b02878,,1,False,False,5,0.49228844,0.28555804,0.68651426,0.0020888457,0.01031916,0.18386349,0.02166326,0.49228844,0.08304638,0.2067304
4321,5353,4b3508001af14af659243ebcb295bb95a11d093c353dba717f2d67914b94bd13,,1,False,True,3,0.38397804,0.030894667,0.72867614,0.12545481,0.07504133,0.38397804,0.006868539,0.039693236,0.015880693,0.35308337
4323,5355,fb9df373717a894f6ef291ad0ad6e5fa0fff73b04038f71226b269226fe8bf87,,1,False,True,7,0.59781015,0.41103297,0.56833875,0.0038704323,0.1702322,0.18677719,0.0031822163,0.030394755,0.0077330307,0.59781015
4324,5357,545ead16fd9f04aa1553a05998624077e205db119f3f681eb992b84fae3f0d66,,1,False,False,7,0.39525136,0.05664715,0.67307115,0.004696479,0.19816795,0.3386042,0.00381621,0.028292125,0.031171652,0.39525136
4326,5359,9d970eecb8a9f8afa683ebea661a7a63608afec7f4f3918a0e69de355aa0f0ae,,1,False,False,7,0.27655157,0.059979662,0.8703081,0.023039553,0.21290661,0.21657191,0.019068407,0.09673356,0.1551284,0.27655157
4327,5360,d73be485158fc76ceb173ac7cc8e15c502d20958c24d1f76d29c410ba1e25659,,1,False,False,7,0.77876574,0.6904901,0.42038137,0.005552452,0.026678015,0.08827564,0.00451918,0.08537316,0.010835779,0.77876574
4328,5361,1a706a4180f131fa117218c9c8b275d9dae33cd52dcf21548d8835e6beada1e8,,1,False,True,5,0.25230035,0.0037311316,0.82572716,0.007178647,0.24856922,0.23133674,0.0059256186,0.25230035,0.08263926,0.17205015
4330,5364,e2ee2ffa808802bc568df0ef02c12f4bf27ab4d85dd55f57d8c9472af3d27dea,,1,False,False,2,0.28623098,0.027036577,0.82537395,0.0018504591,0.28623098,0.1817656,0.024392296,0.183009,0.06355727,0.2591944
4331,5365,78775a1a33ffafe48edf0d24e90403a2a082a25bf43793d0933f9f7773c36dfc,,1,False,False,7,0.50051796,0.13584954,0.5872512,0.002750396,0.07425671,0.36466843,0.03133355,0.020189408,0.006283493,0.50051796
4332,5366,e236f04cb8d915577323b59247e62bede82bbd62bd6bd33e3f2996506ffb4911,,1,False,False,7,0.3558375,0.04822877,0.8009922,0.01885312,0.08831087,0.30760872,0.015603547,0.08684477,0.12694143,0.3558375
4334,5368,71b4598f5988d711146ae69a78c5d31674a782ba6ac877d569b2e60505d848d7,,1,False,False,7,0.48701525,0.16978556,0.6550805,0.0054612607,0.07893121,0.3172297,0.004519928,0.0354581,0.07138454,0.48701525
4336,5370,956e09263e86b6e0cff33dccf1d193b60781809996c578aa258c31bfcd8da06f,,1,False,False,5,0.4765117,0.19937447,0.65893567,0.0057879877,0.16228585,0.062478583,0.004770009,0.4765117,0.011028599,0.27713722
4337,5371,365aff987356b75d5ace8153e2ef8532cff52a72dd1e13391f9d20c3abc8b3dc,,1,False,False,3,0.70883745,0.5274222,0.4699988,0.011432557,0.013135367,0.70883745,0.001550936,0.0710547,0.012573693,0.18141527
4338,5373,f62e49527241da4ce0c85ca50c2f40ee31ddda8e9163024bfb5d0aa18c559a2c,,1,False,True,7,0.3264084,0.10606411,0.8401646,0.017282967,0.17265083,0.16969614,0.014304029,0.07931338,0.22034428,0.3264084
4340,5376,4cab1e1400b21aba106eeb436e0e59022e82e6eb1f1fc845286c49146a5284f4,,1,False,False,7,0.7331254,0.5608127,0.45994607,0.017246353,0.0189635,0.17231266,0.03343354,0.019062765,0.005855812,0.7331254
4341,5377,bc012d35cb68e68b9e648ba9dd4411379991416f7fa538fa571f2212d79b79ff,,1,False,True,3,0.5184428,0.17944911,0.5672754,0.0023097247,0.098517016,0.5184428,0.001909736,0.03539365,0.004433313,0.3389937
4346,5383,db2c45553f0596d383937bc9d92071e14b2c8a07ca6f409cd9cced804ad275c3,,1,False,False,7,0.408415,0.056594312,0.6589491,0.0041974825,0.35182068,0.16146031,0.0034347374,0.06271743,0.007954424,0.408415
4347,5384,c9b14c29683559e24833b8455f8265cff24ab15479ea92752f178898ff0432e2,,1,False,True,5,0.44097412,0.25662053,0.7586673,0.013631035,0.17153597,0.12662256,0.001455947,0.44097412,0.061426766,0.18435358
4351,5389,6f608e30df625b516c001be5b678a706fefbdd871252e2af9be50f54e7f58aea,,1,False,False,3,0.430875,0.14548847,0.7068514,0.0074112224,0.12272752,0.430875,0.0061714826,0.13292146,0.014506791,0.28538653
4352,5390,125c831659ba0fe77e1019a3c58f70daf62844a4e0ca3cd46d3bd35d17887463,,1,False,False,3,0.47860253,0.15588042,0.6364386,0.0019805531,0.12668778,0.47860253,0.030199386,0.035936493,0.0038711824,0.3227221
4353,5391,296e9a3cf878d346c666b7c4d4abde907a76e7f9bbab1ccb35cff047272c65d9,,1,False,False,5,0.38559777,0.17142601,0.8134652,0.05750338,0.05644515,0.21417175,0.00817686,0.38559777,0.07666522,0.20143983
4355,5394,50ced65a44d62230500d65c87449e82b7ea380fd9b35d54ed11e9d388b8efc0c,,1,False,False,7,0.6579197,0.55097926,0.617721,0.055693664,0.063775,0.10694043,0.0078046457,0.0443684,0.06349817,0.6579197
4356,5395,b6c2c36bb6d434e02c84d703189c9a9a3aa2fff8e069e9b65b8dbe58cb0b3595,,1,False,False,7,0.49048695,0.1450656,0.6346146,0.011525607,0.05255703,0.34542134,0.009566188,0.0683876,0.02205524,0.49048695
4357,5396,62180bcc5be2649659cd07a63becccefbfc135e9358b5a09017914d8caf7b773,,1,False,False,3,0.23778333,0.0067318827,0.9112969,0.15758888,0.10699495,0.23778333,0.012261465,0.083170034,0.1711499,0.23105145
4358,5397,9980ede76f73d63f41751fece32ebc2420bbc18921861eb837a32e06faf45277,,1,False,False,7,0.49099615,0.13928816,0.5783761,0.0032080354,0.022779476,0.351708,0.0026421386,0.12254828,0.0061179437,0.49099615
4359,5398,76367a73cc0f8f635d57b7a0baa88b32ea6aea811f0955fd902f204bc5c7c3ca,,1,True,True,7,0.42751658,0.13775474,0.753398,0.044693045,0.12474202,0.28976184,0.006360528,0.055170957,0.051755026,0.42751658
4361,5401,bbbd8bc33360195ff4ef2cebe141a8609e035efbf6d1672d3237309045d839d2,,1,True,False,3,0.44456008,0.1649675,0.6967124,0.0035249817,0.09901003,0.44456008,0.00291082,0.14507872,0.025322812,0.27959257
4363,5404,4db849afa743f8b30cca7f1f3453b467c21922b8b5c9e4743e92e8b82f9edba0,,1,False,True,7,0.41273007,0.19875269,0.7669239,0.009655416,0.04211566,0.15930969,0.0078106453,0.21397738,0.15440114,0.41273007
4364,5405,1b64435d966db838cf2c455c675bfd88a5f55b5e19acc23a2650d4a117469b25,,1,False,True,2,0.65728164,0.5199589,0.56165063,0.0062974114,0.65728164,0.070267774,0.005203748,0.13732274,0.012343343,0.11128333
4365,5406,1c7b39621bba42f1767b1185ba8e3b3f98fba049fcb1885f8685514e7c819675,,1,False,False,7,0.37560692,0.13851362,0.803309,0.023038995,0.10191286,0.2370933,0.01906795,0.1991945,0.044085424,0.37560692
4366,5407,40c7147d576641935151895dc922d5963945b19bec9188ce066ffcebadb73fa5,,1,False,False,7,0.39430895,0.13105023,0.72501135,0.006104062,0.22872815,0.26325873,0.0050584967,0.032031614,0.07050995,0.39430895
4367,5408,2df2f2d6aa039a55563cf1a2edd3130b18ab07f9c74ddbedeff6e1c1efd8fc47,,1,False,False,7,0.3990549,0.17450109,0.814285,0.020737153,0.11179783,0.22455382,0.01716285,0.087066785,0.13962665,0.3990549
4368,5409,9dc12603599f7fec5e1058c947b89d05be3eef37000722e1731e4acc968158b8,,1,False,True,3,0.44635195,0.23929377,0.7784365,0.014843729,0.09532051,0.44635195,0.012262686,0.09553546,0.12862748,0.20705818
4370,5412,a6c866df1c59ce1a4e154ad585079a921b9c2641c6089d3586168d4eecfa6415,,1,False,False,2,0.3798347,0.13974284,0.8016633,0.24009188,0.3798347,0.07043342,0.02983197,0.18585879,0.0063129524,0.087636255
4371,5413,d0b84e609607c2b5a9bc3413bff0b023afe50873dcc813e4d4291a3e35b5681b,,1,False,False,7,0.4046368,0.1734387,0.81411964,0.077708766,0.06729542,0.2311981,0.010730626,0.058659095,0.14977118,0.4046368
4373,5416,581d2e6852cbb4911959624fbfdd5da254b88d5d4f8becd632228ba07cdab295,,1,False,True,2,0.5067082,0.28302306,0.64232165,0.006873351,0.5067082,0.22368513,0.0055390587,0.038749605,0.012962921,0.20548172
4374,5417,33262fb4aa34c72161147c11e5649ddb175c5e8eb8f6128e0ba416c3a5d9bcb0,,1,False,False,7,0.47712508,0.20057324,0.7167625,0.018854948,0.09661773,0.27655184,0.0156050455,0.07916516,0.0360802,0.47712508
4375,5418,ad783f3aafdac7d3f4adc7aa8b36570cf23b1b8720847150d3ba282b85f587fe,,1,True,False,3,0.6467603,0.4498208,0.5592809,0.008300083,0.07031823,0.6467603,0.0071721566,0.054626483,0.015883245,0.1969395
4377,5420,f0fff6f73b8354fc2efd32f74ad9228b00aa76c747a07ce347e27efdeacdaec1,,1,False,False,3,0.4111636,0.15147328,0.71744114,0.012222621,0.2596903,0.4111636,0.010105068,0.05204387,0.023353834,0.23142064
4378,5421,ffdefcf93822690b32d3d5ed5b9928bca96455dcabc89a66a7e13aa255e043fc,,1,False,True,7,0.31294316,0.06290448,0.8326842,0.02591637,0.114640795,0.25003868,0.021449376,0.22542046,0.04959123,0.31294316
4379,5422,f0d5d515b66d8d6823c275e4e47a5b4093492be84f566ff38c4b938c2ce48c86,,1,False,True,7,0.4080278,0.14005965,0.7854677,0.01885511,0.08340686,0.26796815,0.01560518,0.07916589,0.12697105,0.4080278
4380,5423,2cf6418b4b67c2086eb60a2dd0d2aa476d9374cf0d7cef1c2472e0212a44d08a,,1,False,False,7,0.43805864,0.23242155,0.7932026,0.020736327,0.09172691,0.2056371,0.017162176,0.087062895,0.139616,0.43805864
4381,5424,93b8a080b7e02a28deb552f4e701305a0d06b7bfcb234539e9e4d2e53a0c088d,,1,False,False,7,0.53706646,0.22829965,0.5910503,0.0063099903,0.09649442,0.3087668,0.0052058063,0.0341192,0.012037355,0.53706646
4389,5434,b074e3f9eb788fdb53ef900761b74f237323fd16f49a3fe1cdbb112756375aad,,1,False,True,7,0.39606574,0.20314124,0.78679454,0.007327418,0.1929245,0.19096054,0.0057243695,0.12500857,0.081988834,0.39606574
4391,5436,f7af022a9c41629bbfac153b1b50d6c2b7f3a6d8bef563cf9f97a5926faa17a1,,1,False,False,7,0.53017646,0.37470502,0.7496579,0.012982674,0.077605434,0.15547146,0.07672859,0.059747476,0.087287985,0.53017646
4393,5438,167ea34557439adf1fe7c5f9e31db87e04486f8666b85c0254f19b145a354bb8,,1,False,False,7,0.40184146,0.19816758,0.8203585,0.02077835,0.11946865,0.20367388,0.017162312,0.09745728,0.13961808,0.40184146
4394,5439,75ebc1910391e864b3fc669991b1528dfb1b8f00f1d0c9f4f90e4ac0197635de,,1,False,False,7,0.49938917,0.20874286,0.67051864,0.008646428,0.044033803,0.2906463,0.007156079,0.09189505,0.058233168,0.49938917
4395,5441,fed01c5f0d24ad1848510becb657b655771a0d5406870cac20d9d0d0b54c984a,,1,True,False,2,0.41865563,0.20280199,0.79171747,0.015981121,0.41865563,0.15391633,0.013203949,0.07497149,0.10741783,0.21585365
4397,5443,3662c8264b52357db752527e3d2d03e2113dfe1be43dcdb594c225634dea3135,,1,False,False,2,0.41251343,0.09803885,0.74876183,0.31447458,0.41251343,0.074767224,0.0025633117,0.06177877,0.0355766,0.098326094
4399,5445,173264f2706534c297a80c6c4a6beb9e3de8bee8afa1aae0a5cec5ce276ae469,,1,True,True,7,0.3634461,0.033739746,0.7643639,0.012201559,0.32970634,0.11809167,0.01009847,0.05128366,0.115172155,0.3634461
4400,5446,127784f9ae487b7d8e1f937c5791375e8437989d0771fb0981349e5678cef211,,1,False,False,7,0.47312805,0.20687053,0.6903759,0.009028873,0.08763566,0.26625752,0.007465486,0.13922356,0.017260808,0.47312805
4403,5449,ddf67e1a53e8a25441f5f52f8006210791c1c2384467444be794fedadd8488ad,,1,False,True,7,0.3251099,0.024238527,0.81207466,0.00865199,0.19008549,0.30087137,0.065887034,0.05122123,0.05817299,0.3251099
4405,5452,d4eb62e09f12adad2df504a56d57a0828567ec6650ac704cedd6e3db7939e6a9,,1,False,True,5,0.37243745,0.11213869,0.72113067,0.0050616963,0.11748124,0.23072025,0.004251262,0.37243745,0.009749364,0.26029876
4406,5453,673f88422d86b53773bc9fb1f849aee993221dd52d61c7e65a7c119ab1bf3beb,,1,False,False,7,0.3528821,0.08011335,0.7974194,0.008681734,0.08460243,0.27276874,0.007155674,0.13062611,0.14328326,0.3528821
4407,5454,ae5d5e48822165e776550f1a985b1620531e9ca24363579fed8d116254b674ca,,1,False,True,5,0.3189591,0.08040014,0.85198694,0.0090472605,0.15016027,0.17159525,0.05092263,0.3189591,0.06075653,0.23855895
4408,5456,381307b065d788bedc0d5f8dd62ea864f07f7bc114e66060014885d0902dbe00,,1,False,False,7,0.5674106,0.3888808,0.6453871,0.0024722663,0.04891108,0.14148717,0.05646073,0.1785298,0.0047283815,0.5674106
4409,5457,d1322869467071839074707f23dc852b9fa96729cae7323c5dc8d78b5e300d05,,1,False,False,6,0.3086399,0.05686292,0.8257841,0.018852368,0.0882618,0.251777,0.015602939,0.079615355,0.3086399,0.23725058
4412,5460,b8042b4d362b3af4dff52d6cf7df1b4423fe966d59ec8ba1546853668e83a192,,1,False,False,7,0.706275,0.56566,0.5227256,0.010917874,0.06023589,0.140615,0.009036041,0.05199697,0.020923197,0.706275
4413,5461,d2b120d69ac74f3bd0d63492594553bf29bf18d96a083b67e32f26ee7638ea26,,1,False,False,3,0.42381665,0.23904437,0.78011113,0.009022527,0.08275759,0.42381665,0.0074673444,0.17324948,0.11891415,0.18477228
4414,5463,a593f3c762c89eb27e760ef984e56bdea70451ea788a14f4be4e84e262fd0d16,,1,True,False,7,0.4818475,0.3006321,0.7414151,0.011524138,0.071368344,0.1812154,0.0095378095,0.16691186,0.07759496,0.4818475
4415,5464,542809fbcb365858a5623d13950985c078f4c479ab770df25cc5dcf5a790b254,,1,False,False,7,0.36717036,0.13111754,0.8063401,0.023040216,0.10286555,0.23605283,0.019068945,0.20771387,0.04408828,0.36717036
4416,5467,45e200bca32ecf087f052c1dab8f26b7e7567089c40d2c261f836b73275bda26,,1,True,False,3,0.41842148,0.05339092,0.7061777,0.06707346,0.069337256,0.41842148,0.009600389,0.048483457,0.02205342,0.36503056
4417,5468,249f4c7dfb396d6d9856a86144a472eac33536c149fb307d824d37a376046ab6,,1,True,False,7,0.27654573,0.010410637,0.8531398,0.02303909,0.10191333,0.21656731,0.019068027,0.09673137,0.2661351,0.27654573
4418,5470,dcfd3cd8a41e956cd28d72e65e28e105a8e2a6b30568e4d45f56e586b89f8010,,1,False,False,7,0.51345795,0.18053693,0.6225357,0.012201672,0.056600034,0.33292103,0.010116204,0.051354866,0.023348266,0.51345795
4419,5471,f20c1e1f654528e64bf3154d7a6ccd7b48101a40365374b20cca434373d8e75e,,1,True,False,1,0.38163206,0.1499223,0.7831285,0.38163206,0.18564768,0.060026404,0.0018476465,0.122994766,0.016141694,0.23170976
4420,5473,599a88d97b903c138c219037173cd1e849024bde836b524ae7381ba9ecc648e7,,1,True,True,3,0.44799104,0.1398614,0.6924196,0.04460955,0.14579837,0.44799104,0.006417951,0.032341015,0.014712448,0.30812964
4422,5476,cfe939ec5a38296d914d7e33cc80051b9257f802a285d00f1a34f561f609bf7b,,1,False,False,7,0.51098806,0.14812115,0.5879578,0.00902089,0.045286328,0.3628669,0.0074650394,0.04711321,0.01725954,0.51098806
4423,5477,24f13ea1c3cd8941f7bf5b2c1f3fa286486661a383ec097dbed276dd5ffa66a2,,1,False,False,7,0.49734506,0.21333244,0.6249182,0.00257299,0.14415577,0.28401262,0.0021204075,0.06489052,0.0049026357,0.49734506
4424,5478,d8d9a60064ae61d8979f5b1daebeed6ec43191f0f9fde00d701b1c69d0a1b2b4,,1,True,False,7,0.47115126,0.2593647,0.7362405,0.06036068,0.05329365,0.17497645,0.008584254,0.21178657,0.019847125,0.47115126
4425,5479,e5efd8ff44fdc90e62ba8d29a141d51fc89ace2b6de9e2d2d3c4fd0bd0b44cb9,,1,False,False,7,0.718399,0.58831203,0.5148561,0.012201192,0.054626342,0.13008696,0.010098171,0.051241178,0.023347152,0.718399
4426,5480,d20c29f2b2499ede7d06fd36c5898d9c7944f6b36190c949b4ef50d9f985cebb,,1,False,False,5,0.31808633,0.1304297,0.8624672,0.16456379,0.18765663,0.08774299,0.0038159732,0.31808633,0.05324678,0.18488748
4427,5482,dd218f7662fe3df49d2d9fbe6326f1db0b9f7e8fd74702c2e9d38d94c6ba0226,,1,False,False,7,0.40627182,0.21225238,0.82136196,0.01728297,0.17289181,0.19401944,0.09507778,0.081384756,0.03307147,0.40627182
4429,5486,0e4d7f7bf1e64d2efc4347d971ee5d465f3cb684f69f878b8682985a5655dc96,,1,False,False,7,0.46443588,0.07413018,0.5902658,0.0032486455,0.021280741,0.3903057,0.0026899714,0.096205294,0.02183374,0.46443588
4430,5488,99c5542a2f1b2fc18321d23c9fe45ba214299a5e83370330bb6332a2e5094b27,,1,False,False,7,0.52260715,0.31742343,0.6717436,0.003975937,0.05222836,0.1675455,0.04096588,0.20518371,0.007493457,0.52260715
4431,5489,76f7f8280dec7a58e557fe665155215d691885938635ca8e680e46f1ea261e80,,1,True,True,2,0.43781957,0.21973698,0.76367706,0.024209894,0.43781957,0.12567188,0.01385901,0.21808259,0.025427286,0.15492982
4432,5490,1b648723a866bce284799b7c4dc79fba6aa73a92a75f90645a846cf07f156cdd,,1,False,False,7,0.56396514,0.397995,0.6981743,0.0090289945,0.054912154,0.16597016,0.050946943,0.10856373,0.0466129,0.56396514
4433,5491,da739e128664b2c61189f0862dd9fe00af9f8d9bb40fc39ca2b28f5992ac9363,,1,True,False,7,0.46708277,0.25809848,0.75195473,0.071325034,0.1422428,0.2089843,0.0020182964,0.080778636,0.027568227,0.46708277
4434,5492,18e8b7fc0ed4db3b486d54269056b43252b33e5e0969bc1928639f2b34dbd484,,1,False,False,2,0.44218215,0.21345782,0.7181156,0.06690719,0.44218215,0.2139418,0.0052140183,0.030998208,0.012032261,0.22872433
4436,5495,3a23846908261a42fe536628e941649a77c72cfee5549cb740e6168af495b6c2,,1,False,False,2,0.5554186,0.40198037,0.70081836,0.047590848,0.5554186,0.13708164,0.006604396,0.046233345,0.053632967,0.15343824
4437,5498,60ac1423b9ac59ed6cfab72032f90353f4cb27f234e9187bbcf2f3cd53cd8a34,,1,False,True,3,0.28314915,0.09243585,0.9397614,0.092079856,0.16283841,0.28314915,0.090595126,0.122354254,0.05826993,0.1907133
4438,5499,bdc0f9638e9d4f7aeec0e3faaecf81aa2f204829387c381fa42cfce22ff7fbbc,,1,False,False,7,0.6948246,0.48558497,0.48327193,0.026833171,0.034454796,0.20923962,0.003816336,0.022007745,0.008823741,0.6948246
4439,5501,fe3eaefbcdb5a3373341804edf431415271edec5de87c21c88cc6c8158dea314,,1,False,False,7,0.39163032,0.11905864,0.679866,0.0074174423,0.27257168,0.27221856,0.0061383536,0.035808437,0.014215246,0.39163032
4440,5506,68b4c489f1f3f2bb676cef83a3020daa44f12c23e8e517b9b7a127950b30736f,,1,True,True,7,0.7248553,0.56430095,0.48069844,0.0090210335,0.040857468,0.16055433,0.00746613,0.039983097,0.017262654,0.7248553
4442,5509,aeb3e3a207ff44929c656702e3942ef573624ef56c7869c7515bb06facda9ee5,,1,True,True,3,0.5034685,0.2286678,0.6155964,0.0010675918,0.040756583,0.5034685,0.00087250245,0.27480072,0.012600944,0.16643311
4444,5512,11e2225afe3d93a4956ec8b2c16911ab270ebd3c032e85ae9e577821e6cfe056,,1,False,False,7,0.6574421,0.50203204,0.5861226,0.014814475,0.06952467,0.15541008,0.012261024,0.0622,0.028347673,0.6574421
4445,5513,ab37c35ff0f00c67279d2acbc9f36bfe20df1abcf95f169d4e22873daae27357,,1,False,False,7,0.528151,0.23725742,0.6304985,0.008645006,0.07636406,0.29089355,0.0071549187,0.07224846,0.016542971,0.528151
4446,5514,83e3ae5d67d9118751ed92cd98e9c7f7ad2b2fe38aba96127659b683a6ba5c69,,1,False,False,3,0.42104548,0.17623001,0.70573413,0.0048252186,0.11923601,0.42104548,0.00399353,0.24481547,0.009233292,0.19685104
4447,5515,4e2b01e4d5d132fd47a7e8cb65ebc780916e6ce9e847bb660965a3c2d49e8fc6,,1,False,False,7,0.5209372,0.30381495,0.67927504,0.04180972,0.08492009,0.21712224,0.0026429673,0.1264566,0.0061112004,0.5209372
4448,5516,b5b5c633adfca964c89da510f845e3cf11ff41268f25e021e6995bd6ab7fa651,,1,True,True,7,0.47032747,0.14030507,0.6326867,0.0039544655,0.057578675,0.3300224,0.0032405183,0.124938615,0.009937828,0.47032747
4449,5517,242c5c2212c3157a8e44a1ef928070b48953d17ab1135840b087c1dd322c64dd,,1,False,True,3,0.3482645,0.1106095,0.8185086,0.012505777,0.1552709,0.3482645,0.010100999,0.1540089,0.08219389,0.23765498
4450,5518,5f9e9f06becbc34733d613c023262bc6ae6d1169bbcb63195f5749fd50f1d1d1,,1,False,False,7,0.41422,0.087156415,0.70544505,0.005766307,0.038864158,0.3270636,0.0494711,0.1535853,0.011029505,0.41422
4451,5519,48d8e424ac78558e2e897703f1ef3dd51cb7c10ebe2e90f0039f3ef5c248a54b,,1,False,False,7,0.4845122,0.23488939,0.6813072,0.0042360607,0.074238285,0.15447684,0.003508423,0.24962282,0.029405342,0.4845122
4454,5522,3bd92d2c44eae87861fa55590e3c241222ed7d953c52ed21c5c66d948d47351f,,1,False,True,7,0.36666572,0.09649101,0.7757969,0.012965469,0.05954832,0.2701747,0.010730684,0.07125022,0.20866488,0.36666572
4455,5523,1078fce1b0911a29f70d2db9418979f521433bc35a8b4edaf2c2558d08e27da3,,1,False,False,7,0.36966935,0.16996986,0.8235272,0.017284438,0.15960148,0.16686891,0.014305234,0.07257113,0.19969949,0.36966935
4456,5524,0dcc28d2f6b1982592905fdbdf6bc077adf88484d4aeda228b8b8911bf3d8ba9,,1,False,False,7,0.38757652,0.17100668,0.8464756,0.023039347,0.1019146,0.21656984,0.13008085,0.09673258,0.04408624,0.38757652
4459,5529,8371a3f4c409eb22f97f2dd29f7dcafbb52f7373a0da9b9f8f8727c077a42204,,1,False,False,7,0.40954792,0.07306513,0.73462075,0.018852815,0.09823627,0.3364828,0.015603304,0.08520161,0.036075234,0.40954792
4460,5531,8fa4257900e85448b4bfd1883efdfe7a17095595c58c30b404b38d99427c8580,,1,False,False,7,0.43565318,0.19171971,0.78208333,0.025916647,0.11464218,0.24393347,0.021449601,0.108813,0.049591877,0.43565318
4461,5532,fa256afa096f16c24e148cdbd5ba08b81de827a5cd6198534f26693940ed9cdc,,1,False,False,4,0.32478967,0.035567045,0.8242388,0.010917991,0.048422843,0.10566432,0.32478967,0.045840364,0.17514218,0.28922263
4464,5536,76ceb8d0b5563ab7f83af5cdf0dab3b06c469b685d070481514296cc258b8d15,,1,False,False,2,0.3616587,0.08405292,0.782771,0.018186733,0.3616587,0.1885618,0.014303646,0.106612995,0.033070356,0.27760577
4465,5537,1b8e9ae737eb7a4800d998dc909a02205424cc72858712eb95904021d598b7ea,,1,False,False,7,0.5850005,0.39075732,0.65434825,0.017282903,0.08350388,0.1942432,0.014303982,0.07259425,0.033071317,0.5850005
4467,5539,08028e11b40fcde1113684199c08bc08f93ea8c39f36741a1ea6fa2a12166a13,,1,True,False,2,0.60426587,0.45827195,0.61446285,0.14352153,0.60426587,0.065502435,0.0020945878,0.03375312,0.0048686047,0.14599392
4468,5540,265fc038ccc263d963d3b9547b0fedcdce025463f32b0b09085b1e6b0d2ca12b,,1,False,False,7,0.6385474,0.37650388,0.5017012,0.0024808268,0.04218955,0.26204354,0.0021361564,0.04460966,0.007992864,0.6385474
4469,5541,2eec0f336aec49607a8cd9408a9df70a14cd44ff578995ca10b9630cc6579325,,1,False,False,3,0.30162817,0.08702654,0.8798288,0.080409944,0.06355776,0.30162817,0.011446951,0.14609377,0.18226175,0.21460164
4470,5542,822ba0b982df3ea3c5a120f26643b5545322c130b5b69dc625095f6340e6a620,,1,True,False,7,0.5745165,0.39515764,0.67152333,0.019144943,0.07645094,0.17935885,0.014303948,0.10315367,0.03307122,0.5745165
4472,5544,2dc96efaa8ad38c28e1bfbcf24ee44a0a01cf31e7a977ae6b2c30a9a66294aab,,1,False,False,2,0.2604568,0.044920012,0.9210567,0.12384247,0.2604568,0.17976415,0.11961845,0.027110307,0.07367101,0.21553679
4477,5549,d700e0f9b251e24007943382ace2ccdf64b5eee1b6f90fe9fa9c079d36156204,,1,False,False,7,0.3273806,0.038224846,0.7720004,0.01120878,0.28915575,0.16854562,0.009035927,0.17378196,0.02089142,0.3273806
4479,5552,ccd772f810be37fd75b6a338783a0eae7d8b9f0cf3b43e2365eb34a7960ccd12,,1,False,False,3,0.3556228,0.04453954,0.80254185,0.025935229,0.1207684,0.3556228,0.021449426,0.115549505,0.049591374,0.31108326
4480,5553,2f41b7d2c0dff8ede323edd5389f1fe0d82f0239cfd7622d1c687a6750950a7c,,1,False,False,3,0.5682204,0.28119674,0.5723079,0.0015929812,0.019329263,0.5682204,0.08352951,0.037223432,0.0030808204,0.28702363
4481,5554,253f267a5f6a02105c580e7631181d8f68d424be436120bc2ac64eb1eeeb1245,,1,False,True,7,0.41098073,0.16462232,0.77608454,0.112600945,0.07708677,0.13401544,0.005723819,0.24635841,0.013233891,0.41098073
4483,5556,9d218237d0ec1e1db4d6ecb28c3b5aebb3e4ba328bf44960613051ed9a6567c9,,1,False,False,7,0.3960211,0.1782326,0.80317855,0.018852532,0.08515617,0.18742484,0.015603072,0.07915377,0.2177885,0.3960211
4485,5561,85a8f546fce459d9551637ed5dad28d3e35e895d40e8f87ecd6908139a6519d9,,1,False,False,3,0.5153749,0.2969311,0.6938467,0.014333934,0.14443442,0.5153749,0.013315049,0.06751062,0.026587306,0.21844381
4486,5562,963963162466374b7ea7ebe563625d5523c06771f9838c4e0ea73a0593823c0f,,1,False,False,3,0.3671341,0.032664895,0.7535587,0.009880045,0.049300488,0.3671341,0.008259522,0.11680441,0.114152215,0.3344692
4487,5563,bf9ca47a2e3b08f2f6c0ba46c9522e41850c06164c0b9a78af23c364667a4ac2,,1,False,False,3,0.35946226,0.1379567,0.75726503,0.008006037,0.2067519,0.35946226,0.0066040633,0.18240112,0.015269021,0.22150557
4488,5564,eb1ded7e008934b70afb0d12e5a8db6293053ed7f82fc7a6237cc5a5793ea842,,1,False,False,3,0.36519727,0.11598341,0.7899126,0.010944748,0.1858082,0.36519727,0.009131625,0.05357576,0.12612858,0.24921386
4489,5565,6789ef0d0fc8bc63916ecd4623062bfe63489fcaf26f059e3647144d0c8d7411,,1,False,False,7,0.62606823,0.38851312,0.5448896,0.0051965844,0.072008274,0.23755512,0.004298023,0.044788796,0.010084991,0.62606823
4490,5567,a8a1b97e61803930b7d9e74fd05a6cf44c1ac76993c4320692d6cc719a8aaa06,,1,False,False,3,0.55176526,0.3632434,0.67306715,0.0016724414,0.031866357,0.55176526,0.028948369,0.1338351,0.06339061,0.18852186
4493,5572,5d0ac0a5a5e11bdaa41c7e2a4b133debffb24e8be5e40b51f64f95743582c4b0,,1,False,False,7,0.4362905,0.113494426,0.694292,0.01220166,0.32279608,0.13893293,0.010098552,0.05633201,0.023348236,0.4362905
4494,5573,9adf06bfb3123a2936a33e1f01b956a254a30f4ed8b3faa409245bc21b119d0c,,1,False,False,2,0.33679995,0.032477558,0.72873396,0.0047198017,0.33679995,0.3043224,0.0039046756,0.14590521,0.00910308,0.19524491
4496,5575,5812fed9ba60e72a326c8756c069c46a6bb1f8af44a61dd75a7d15c42b8ede45,,1,False,False,3,0.5427847,0.39448667,0.7205115,0.020127364,0.14829804,0.5427847,0.094991274,0.08780452,0.010235268,0.09575887
4497,5576,48a76b31f86daf37ebe3ac774cae5687984392f7d9522eafa59aecd789541d00,,1,False,False,5,0.36283556,0.14589731,0.8001543,0.017284641,0.18210752,0.17345326,0.014305401,0.36283556,0.033075385,0.21693824
4500,5580,819ad1f9a922b5ec6fc25e12496dfc5a5270cecb41526608f4e3a7c943a0b62a,,1,True,False,2,0.51957846,0.3584405,0.6951266,0.029903786,0.51957846,0.14710324,0.0041897064,0.16113797,0.0096875895,0.12839927
4502,5583,95a6736c90fec5a5b443b197fe0ea1ae89b8bc6fa31af27989ae6e6ea1925c20,,1,False,False,3,0.38407305,0.18799366,0.79408085,0.0028052672,0.13237038,0.38407305,0.162902,0.19607939,0.0053860033,0.11638389
4503,5584,f913e9a150c35a548791de8f3285b8af49cb73b1a0f82432e97ce768d4c0f567,,1,False,True,7,0.3513395,0.04315424,0.70173603,0.0051894663,0.07454352,0.30818525,0.004299449,0.24651672,0.009926084,0.3513395
4504,5586,949cb8cfc1bb279012ab3e72c0afce8fb699385f1c68caf52fc12b4a9164bef4,,1,False,False,2,0.31183428,0.067847714,0.8292505,0.22411247,0.31183428,0.11508985,0.004641383,0.06257069,0.037764736,0.24398656
4505,5587,78750c864012e2abd63f941540a6506a32ff8867115869e8bea696d096e15a3b,,1,False,True,5,0.35743243,0.0113019645,0.75542957,0.13332152,0.34613046,0.049669094,0.014105604,0.35743243,0.007980288,0.09136059
4506,5588,eb5aa8a1346dff9b32995359316ebc635593d4471c18501077695ffc10a0c490,,1,False,False,3,0.34360772,0.078134805,0.76585674,0.013855306,0.08461858,0.34360772,0.011444358,0.26547292,0.029797861,0.2512032
4507,5589,032f51c7c0389bad8b437bfbce1610f513c95204d81a4915ff0a0797d30dfb7f,,1,True,False,3,0.48712206,0.25075474,0.7031978,0.02927976,0.038805865,0.48712206,0.026244698,0.23636732,0.011115502,0.17106485
4508,5590,dc9f04f1b6e720416e77793ee46eeb67a3b513f83ed15ce2f91531bc42133934,,1,False,False,7,0.5887876,0.31884655,0.5921687,0.005929706,0.029600367,0.26994106,0.03853582,0.027310934,0.039894447,0.5887876
4510,5593,feebafe8121c7f448473034c3fe320188fa02374a8addf89b36436170d44ee45,,1,False,False,7,0.29739872,0.025001496,0.86835015,0.14720866,0.09493249,0.27239722,0.011449833,0.058103245,0.118509814,0.29739872
4511,5594,a3647345d28e66a73dd7cf9783806f28b5ff9b79dd6a3ba8d7cbd68563a8bef8,,1,False,False,7,0.37458816,0.12769376,0.8139722,0.025916299,0.1727408,0.2468944,0.021449318,0.10881997,0.04959106,0.37458816
4512,5595,b809ba10d5a9aa0b0d37c20f7c5e669547c60da0859b1c24a65acf93dd9f876d,,1,False,False,3,0.5296815,0.21355358,0.6173343,0.011526541,0.06022107,0.5296815,0.0095378505,0.05085308,0.022051942,0.31612793
4515,5599,777234e6c7dd7c6ecc1b070789373b6b16eafc445a54420920f509b8b0fec427,,1,True,True,7,0.37670484,0.050090253,0.7516031,0.010917942,0.3266146,0.14496829,0.009036095,0.058244243,0.073514,0.37670484
4516,5600,d3e5709daecdfcc311bfe9e884d00e7e9b48880e2546992134528fd7db4eb3ed,,1,False,False,7,0.37671268,0.10536972,0.7727542,0.014816404,0.16255446,0.27134296,0.012262598,0.13395873,0.02835216,0.37671268
4517,5601,ac17c4aef0d5af09083410d99c0ef9b19886002f000a509709a8a93e89ae8c72,,1,False,False,3,0.5363111,0.24562103,0.58043146,0.002805283,0.03271633,0.5363111,0.0023210463,0.12957995,0.0055762427,0.29069006
4518,5602,085948a04cb6d531153e38e36d49ffb0ec21f2be4ba4326c40fa30112b8487e8,,1,True,True,7,0.7189961,0.5920086,0.51218456,0.0074100187,0.04566636,0.12698752,0.0062955157,0.04234113,0.05230337,0.7189961
4519,5603,fc450028a3cdeb6ca6f36049e69af4724f04fcbc9c02ca6f3ebe61de7f22b6f3,,1,False,False,3,0.46054658,0.0049336255,0.5170678,0.0025405467,0.054363944,0.46054658,0.0021022626,0.019667527,0.0051661697,0.45561296
4520,5604,a9fa6e1b2530b29a4f09b95e8cd17a2ac3150e26e2c0bada77689aed0196f7cc,,1,False,False,7,0.49843025,0.2817347,0.73855954,0.02304175,0.10192652,0.21669556,0.019070197,0.0967439,0.044091847,0.49843025
4521,5605,a8678e78c9a17894fd888be34ee1bd53b7a091165331b1e914f5e78f5d943d17,,1,False,False,5,0.50617814,0.33258665,0.7001761,0.010150931,0.1337397,0.14926264,0.008175405,0.50617814,0.01890174,0.17359148
4522,5606,13ab9f4c62088ad114c14267238089fd9b26ba76ba387dae5d4ca64d6d765466,,1,False,False,7,0.41350722,0.052817404,0.687954,0.04258257,0.037701815,0.36068982,0.005367874,0.1267147,0.013435997,0.41350722
4524,5609,55b9b35e73a6e642819414901f5387df03e9fc26c2cd893e7bb5ec0a8ea3fbd7,,1,False,False,7,0.47660503,0.056876868,0.56546295,0.0046346686,0.029949337,0.41972816,0.030301256,0.029957986,0.008823571,0.47660503
4525,5610,a51a45304b6302cb46c54a4cd8998add03bcfc06f724cb017f862d4507b0eb34,,1,False,False,7,0.59235996,0.33613756,0.59341514,0.011524426,0.057963606,0.2562224,0.009538042,0.050117366,0.022274196,0.59235996
4526,5611,fb2eeeeb5fffd9f4565f511808ff90cdf04c965d1b67766ec4a198805aa3524d,,1,False,False,7,0.3480862,0.0136289,0.7486753,0.011529264,0.11651679,0.3344573,0.009542078,0.15710424,0.022764077,0.3480862
4527,5612,e04b8cee1e832d84a82b135c818ea36aea01d242c250c55cfdae104a72b8aa82,,1,False,False,3,0.34488288,0.024059951,0.7540925,0.006182717,0.32082292,0.34488288,0.1000851,0.031923436,0.01168013,0.18442276
4529,5614,2975ee07dbdd5fc6b5a561895085e8a4c209ee516e6dfc499cf4597f220df618,,1,False,False,3,0.41548234,0.12825102,0.7616736,0.013004262,0.10374761,0.41548234,0.0107299285,0.082508296,0.08729616,0.28723133
4530,5615,1534bd6913c596ebb50afe77452c5f9d6523778c4d2339cf556312ea06b25ca5,,1,False,True,3,0.36990884,0.08960456,0.7858491,0.015955003,0.07308837,0.36990884,0.013235442,0.06720716,0.18030089,0.28030428
4531,5616,e12b432b186c039587a6a25c3d8725389e7be60b0729ecff9a9533de3311f784,,1,False,True,7,0.6250164,0.40014225,0.5779787,0.011535517,0.052645326,0.22487415,0.009538321,0.05169493,0.02469534,0.6250164
4533,5618,ee87c3769f153b5f3e69a5d8d2b7c354ea870ad82c0bdde842e427eed70410ad,,1,False,True,7,0.66817355,0.47628623,0.5216408,0.004512861,0.067147,0.1918873,0.0037340182,0.055912692,0.0086326385,0.66817355
4535,5620,1646e4e564e965fe4cb0a8ab36dd3eba918a22b0756caf4398c05c9d72e95974,,1,False,False,7,0.37440184,0.13816695,0.7997574,0.052485295,0.052743208,0.21592256,0.007465943,0.23623489,0.060746275,0.37440184
4536,5621,4c6c535e1c60f1a346063a9237809b34a6634b25abefe73e2ee27243a4ec59e9,,1,False,False,2,0.43278438,0.22214578,0.7805249,0.036948074,0.43278438,0.09434333,0.0042932695,0.2106386,0.05748201,0.16351035
4537,5622,4e23ebee84eb20b84c77e544efff42c26b54a00a01fa29bf22b54239570d2367,,1,False,False,2,0.24969684,0.008058161,0.8576209,0.018853858,0.24969684,0.17722683,0.015604155,0.07916002,0.2178196,0.24163868
4538,5623,20dbff2c1fe1f8288d3814b2d8cdef23150556a48af5fd19464b531ab6725ba0,,1,False,False,3,0.507067,0.10423198,0.53537256,0.0031953629,0.0223153,0.507067,0.0026427717,0.04049417,0.021450348,0.40283504
4539,5626,e81f8df02a3489c76f667bc314a4e8be13084a11f1edcf0463f523964a24cc89,,1,False,False,2,0.41039532,0.10473424,0.7387295,0.010921958,0.41039532,0.1400806,0.009037324,0.050494753,0.07340898,0.30566108
4540,5628,0c878d02624553e5eb1214d7a9c5d0f3eb2921960fac1ecec9c36b0ec4467a42,,1,False,False,2,0.32551837,0.005157441,0.7467257,0.0050639715,0.32551837,0.22396784,0.0042174547,0.052378044,0.0684934,0.32036093
4541,5629,6fa19bb42315fa1c4947997f7d3c9ed32936ee075b448a74bdd9dd2302d3b9bd,,1,False,False,3,0.39667976,0.09730476,0.7724932,0.01595537,0.098502114,0.39667976,0.01320525,0.06884447,0.10743805,0.299375
4542,5631,18ad1298f7fb05b1f11c7ba10301f0a9d6656db1572d538b5c6f38de9caae9e9,,1,False,False,2,0.57590145,0.36728245,0.61410517,0.0028160152,0.57590145,0.073211834,0.0023212389,0.208619,0.019327898,0.11780258
4543,5632,a8a6d6da7e49da1c4777261c78f5b0f3da91843f75f37d3ac50f481e755435dd,,1,True,False,5,0.24849167,0.03136371,0.8629973,0.21712796,0.21466447,0.1723966,0.0030133012,0.24849167,0.028358469,0.115947515
4546,5636,a130c381a98abbbf36bed35f1298f3d7b7c2160159b6958ab75c2ae9735952c8,,1,False,True,7,0.23515552,0.020618483,0.8922455,0.005877997,0.10318429,0.21453704,0.17814282,0.20213076,0.060971588,0.23515552
4549,5639,04becbe7b691c0e08fb6dbf098c671d42499c2d5620b3d957a5650d6db09dbd7,,1,True,False,7,0.4886411,0.06571299,0.52505976,0.0024242722,0.03680737,0.42292812,0.0019971507,0.042564817,0.0046371697,0.4886411
4550,5640,eb96d2b3d52c23a4af23e10e7e5231e57c9c057f2ddd2771386ef5c0ff7b6982,,1,True,False,3,0.4919537,0.187947,0.6535765,0.004515189,0.1024668,0.4919537,0.0037347076,0.060023695,0.033299178,0.3040067
4552,5642,e5e6586759730a713b4e100bae9aab8ea779a74776713f3d1b2770f00a9c8f98,,1,False,False,7,0.49383903,0.123058766,0.5907713,0.00142883,0.03880787,0.37078026,0.008569528,0.06783234,0.018742159,0.49383903
4553,5643,7e80811660f45904ce1feb2ff9affac806754c97b0ae40dc61f2859e0f7415b4,,1,False,False,7,0.5200809,0.14777577,0.55225,0.0045123,0.041959085,0.37230515,0.0037772032,0.048733104,0.008632227,0.5200809
4554,5644,2465c955bae047122bac0b5eb4063fa3f2bf7e66af8c43e6c739b4a3ec921635,,1,False,True,7,0.33091113,0.10455601,0.84588253,0.017316597,0.13064268,0.16409977,0.0143040875,0.22635512,0.11637063,0.33091113
4556,5646,f1a8c82031097d4561c9cf8462d8fccbc9697c936b2d610a9bb5588a654da3ac,,1,False,True,3,0.350899,0.035870224,0.7216667,0.036941543,0.23944688,0.350899,0.004906619,0.04143254,0.011344641,0.3150288
4557,5647,c1e56f34a7f819d4e3597cc4237092ca0c643dae4b2baff0be5e03980cdcbc52,,1,False,False,7,0.6642761,0.46575868,0.5426399,0.010371993,0.04964469,0.19851744,0.008584253,0.047798466,0.020807061,0.6642761
4559,5649,355c74a65b28f61f07c44d11b9c4c67994467c2af48531f971d0a809ff18842f,,1,False,False,3,0.42808303,0.119790405,0.6745883,0.003915415,0.091239594,0.42808303,0.003242871,0.15773433,0.0074921157,0.30829263
4560,5650,d10085fe2c3b4dcd12ff89f2cfd201f60639a1879c3e91c02208c058542db453,,1,False,False,3,0.5029694,0.24020243,0.69004035,0.00987891,0.051621486,0.5029694,0.008176151,0.09806661,0.06652048,0.26276696
4561,5651,908296cf6a14da5863ef921d4183681ba235bdbd032bfbd0ed5a8e48160a56a2,,1,False,True,3,0.6915237,0.48009285,0.4739659,0.004070491,0.031390328,0.6915237,0.0033711519,0.050426938,0.0077865915,0.21143082
4562,5652,2f59d2546ba3f747a42835389f8db09ba6b92727cd13fe96e9d5e033843af731,,1,False,True,5,0.4469527,0.15447411,0.73987746,0.062396653,0.040898416,0.2924786,0.005366657,0.4469527,0.060378306,0.09152867
4563,5653,bb2e516075ceffe67371cffa80716a1e0e63d58a50727c201be21862e58b3e3e,,1,False,False,7,0.29975787,0.07915713,0.87299675,0.22060074,0.13818054,0.19754879,0.017162278,0.087070376,0.03967943,0.29975787
4569,5659,26464d90646150666df76c3ebbced2ac430fea6063ca9b9cde999f15e36c98c9,,1,False,True,3,0.31715608,0.013571858,0.7556835,0.0042191814,0.19140404,0.31715608,0.0033683327,0.30358422,0.027396338,0.15287183
4570,5660,14af3fdc8f561a2b4fcc511dfdf97f34c466e050b6648a58340505906a4685ee,,1,False,False,3,0.5593134,0.31082833,0.62144035,0.001992975,0.104038134,0.5593134,0.01983052,0.053396124,0.0129437735,0.24848507
4571,5661,f7818f9d02920d9faad160bdef38a04c51e0970afc4e335ef1d8f4dec020e728,,1,False,True,3,0.37978092,0.13063586,0.75754994,0.003920958,0.1932755,0.37978092,0.0032437388,0.12358728,0.047046576,0.24914506
4572,5662,657d56c155ef5328f0940fea510a3f333b46444bb42fe3306ac82804d5402b41,,1,False,False,7,0.3110804,0.067468494,0.86265874,0.025916206,0.11463999,0.2436119,0.021449242,0.10881093,0.1744913,0.3110804
4573,5663,f0cfad8c175a53485e6ef19989d098dc17ed2683c4c73df72a989133a9f904ec,,1,False,False,7,0.4657849,0.287227,0.76419675,0.01481496,0.06864576,0.16018373,0.0122614205,0.1785579,0.099751346,0.4657849
4574,5666,c4eab4ad903d04beec9f66e76e77083ff6a1a27c6e9b6deecb49d86e69b42009,,1,False,False,5,0.34000883,0.035466075,0.7287399,0.010939539,0.059382968,0.30454275,0.009102882,0.34000883,0.020894319,0.2551287
4577,5669,2edfa4821971fffa95482c46a7c37eb94f2c402a0d489b00033871aaac6a5b2d,,1,False,True,3,0.41972545,0.1185427,0.69744027,0.0061650053,0.07263843,0.41972545,0.011011581,0.1772511,0.012025674,0.30118275
4579,5672,5d970a4649f2900b6136e307e7e953953aa2a5a6d344bb305338cb7cbdb99e7c,,1,False,False,3,0.6292996,0.4469365,0.58978707,0.004415295,0.070128925,0.6292996,0.025338031,0.07998724,0.00846789,0.18236308
4582,5676,0c2e8eab9a7a833306d23a59c344a6500e290b0231ebd59680626b399a1ef92b,,1,False,False,2,0.5317921,0.29727995,0.6855271,0.08719925,0.5317921,0.057761937,0.0031229374,0.060077522,0.025534064,0.23451217
4584,5679,459043df966ca34eeb62a05f9b7007f9d0e2bd9299b12ab78a6472da6b14690c,,1,False,False,7,0.5456417,0.26744866,0.6206169,0.014364327,0.014018303,0.27819306,0.02170904,0.10544173,0.020631824,0.5456417
4585,5680,ee6cd7ca6bd7ca8086b02d13cf786efa55d533f8be60eae6501862cde5a1497d,,1,False,False,1,0.30016038,0.10058738,0.8756064,0.30016038,0.199573,0.18880159,0.010514975,0.15264736,0.04202624,0.10627648
4586,5681,f6bc7b8b3c6ddcd443c32cf3741edad3b4b2cbda136efb512c3e6a129554f263,,1,False,False,3,0.29718873,0.094180405,0.8849664,0.007416579,0.15015279,0.29718873,0.077522665,0.20300832,0.085611574,0.17909935
4587,5682,b93d370539f21dccf6c0d27da6cadc909694b87ff362a88793263940991b4b92,,1,False,False,7,0.3944845,0.06380683,0.74980056,0.035464577,0.08377626,0.33067766,0.0050508888,0.1094504,0.041095756,0.3944845
4588,5683,6c49e27105af947b08cf80f09d4e0f64062f7d0b023ff6f9aaf1f5d1064e8dab,,1,False,False,5,0.33401036,0.044582754,0.79404604,0.012919988,0.07143439,0.21448195,0.05544771,0.33401036,0.022278022,0.2894276
4589,5684,8980d874800bcc546ce014af7855c0a8d5c554650d59a51b03af407a6c00f072,,1,False,False,7,0.40818042,0.14055952,0.78554255,0.018863313,0.0834474,0.2676209,0.015611875,0.07920443,0.12707166,0.40818042
4590,5685,4d3b38d960a62d3fc0806b4262c51cc5fa327835a080bf2de5c661af60538eed,,1,False,False,2,0.43096936,0.20825186,0.74425864,0.015954746,0.43096936,0.21312118,0.013204741,0.07350239,0.03053011,0.2227175
4593,5689,5cf3e0c8314ceee17f6a8262a9f90c7ff46f98fbd39a77aaa315693887e20c6b,,1,True,False,7,0.5914605,0.35524273,0.612925,0.012963739,0.060982697,0.2362178,0.010766458,0.06280233,0.02480641,0.5914605
4594,5690,18b5725d1956a4c695d912c2c60c876091c59930e3cbfb323972f1b2f1a30e17,,1,True,False,7,0.8288258,0.7088227,0.32477143,0.0019064636,0.010235721,0.120003015,0.01991946,0.015359766,0.0037498157,0.8288258
4595,5692,98c60eceb59a606de62719fed524a0db8862dc5ba5862a3affa8374d1c1baf0e,,1,False,True,7,0.47976446,0.32629555,0.7612754,0.014502531,0.07620375,0.15346889,0.011445021,0.11384846,0.1507669,0.47976446
4597,5694,f8ca92345c39ce84833fc3a11d6e3c4242848e6c7dd419988731d1411685c39b,,1,False,False,7,0.469031,0.23688042,0.7206265,0.014846646,0.23215058,0.1725554,0.012262037,0.07080374,0.028350566,0.469031
4600,5697,4f1288e08312a5aa98f69b6142ab6a29bfce46e5bf5f05794f38c1ac09163922,,1,True,False,3,0.34512982,0.09578042,0.80132663,0.010918234,0.08499626,0.34512982,0.009036334,0.08962273,0.21094722,0.2493494
4602,5701,36f7e61bea4e7d25489f32c013167858cf960b39a2eafb71cb5efad50c7ca858,,1,True,False,7,0.44340074,0.24278428,0.70085835,0.0040024472,0.15464862,0.18609385,0.00331129,0.20061646,0.007926568,0.44340074
4603,5702,0d7e123916e85c2d31dd793c3040c8925ce5295e5673b684df7f820bb9b70af7,,1,False,False,7,0.26450685,0.024969354,0.8640098,0.020736704,0.17606689,0.19492492,0.017162485,0.08706467,0.23953749,0.26450685
4604,5703,87de161775b9e05ee8e4b67aa240bc6796409ec6b4d1849c7f06ef9af69d9b08,,1,False,False,3,0.38579327,0.04232067,0.6755986,0.0019764996,0.011787636,0.38579327,0.06731371,0.3434726,0.0037820342,0.18587422
4605,5705,184158e487f9b9a6a2c542a034d8c6c45b36b146e06ab0cce1d9475f228b8b48,,1,False,False,7,0.44469026,0.14175555,0.68097806,0.0028632502,0.11198586,0.3029347,0.0023573376,0.115390934,0.019777602,0.44469026
4607,5707,ede9cfcf530f11cd6ed736a7cd24f31ae2ade955dea016f37224019a397696c0,,1,False,False,1,0.32655215,0.08267452,0.8596516,0.32655215,0.24387763,0.14567798,0.007818748,0.10582472,0.052955966,0.11729279
4609,5709,bc96c26b7a2704db8aa5cd19060253aa3b48996a39d6b13eb68be35d63ba6655,,1,False,False,5,0.48036674,0.24561739,0.73160595,0.011554672,0.071425624,0.11477317,0.009537615,0.48036674,0.07759287,0.23474935
4610,5710,3e6f64eaf3abf6cf4e900d64cd9c923efbb0e35e7e70d8edde7172e7d5d9cdd3,,1,False,True,7,0.47978175,0.15315753,0.6415383,0.0041507185,0.11032324,0.3266242,0.0034409356,0.027724316,0.047954828,0.47978175
4611,5711,4b27ea67df0f91f08ccba563d575eaee851f62fc799c95a15a077dc3ee03abba,,1,True,False,3,0.51397413,0.3215273,0.7146574,0.056581803,0.12559061,0.51397413,0.0059241606,0.09179024,0.01369227,0.19244681
4614,5716,ec1f99aae091daf7dc5da4002f352c1afafa058e0520dd3634a0b3011490b37d,,1,True,False,7,0.6434305,0.50398606,0.5962035,0.012201345,0.110730395,0.1394444,0.010098296,0.06074759,0.023347504,0.6434305
4615,5717,7a99f664532487e8260e886e6afc84bbee50dea239653403fe5c6d47506fc011,,1,False,False,2,0.58858526,0.39505854,0.59703445,0.00485991,0.58858526,0.19352672,0.0039945394,0.056456015,0.00924959,0.14332794
4616,5718,59b62c34ea0a03124ca8eba053d1f2061de2c2ed4403fd53fafb0c6a172ff690,,1,True,True,7,0.28884655,0.0111962855,0.8205227,0.009883237,0.095296614,0.27765027,0.00817968,0.20594105,0.11420255,0.28884655
4618,5720,ee21e0056cadc3025bd9676825e0cf84ae49cf0efabcf6b38b6bf187ec2e990a,,1,False,False,7,0.7289781,0.63172925,0.5127406,0.009021425,0.05584512,0.09724883,0.0074841576,0.040769607,0.0606528,0.7289781
4621,5723,54427c14f30954582d36d124b49bd7e76dfbbade60af692be5377501ed2ac146,,1,False,True,7,0.6230841,0.44677803,0.6187749,0.01595443,0.07391005,0.1763061,0.013204482,0.06701138,0.030529374,0.6230841
4625,5727,2dd61122d7c27d3a592a3cb7df17686b70fa89bb335e207e64256f99b0521a2f,,1,False,False,3,0.49135748,0.2138437,0.6732444,0.010374296,0.06362008,0.49135748,0.008586132,0.12869552,0.019852694,0.27751377
4626,5731,891142568ae0393d723095cf741551925ba1c2fb6358125af761a12feb1c51e8,,1,False,False,3,0.46234792,0.26758206,0.750908,0.014816812,0.06730495,0.46234792,0.012262922,0.06413382,0.19476585,0.18436772
4627,5732,662d6a16fd502e9ec4f774c5c45c753676bf799b40123186167bf80fc2e9c3d6,,1,False,False,7,0.47553292,0.13377342,0.6230759,0.00691534,0.12440896,0.3417595,0.0057233963,0.031978387,0.013681458,0.47553292
4630,5736,126e7990b4eef194c54d032d4dbed0909995d89b88f7458e194471cffda5729e,,1,False,False,7,0.3827478,0.16136767,0.8281599,0.023038995,0.10191286,0.22138013,0.01906795,0.09673094,0.1551213,0.3827478
4631,5737,18f016e089337a66f18044640bab65b510c83075e5c4befb6da6bf5d1f57b7df,,1,True,False,3,0.34991422,0.05897641,0.815725,0.020736927,0.094447106,0.34991422,0.017219888,0.08712043,0.1396236,0.2909378
4633,5742,1050aa1855c331c870c2136da9a9d92127d608092fce02b6f47c3be2e53c3087,,1,False,False,7,0.7180991,0.5303653,0.463493,0.006703303,0.03929484,0.18773381,0.005544919,0.029813532,0.012810512,0.7180991
4634,5744,257146e6fe89b751f5668378d68e4e2005da5a9198fe1c5dd7ad244b5df3c016,,1,False,True,2,0.3273919,0.105088845,0.8248778,0.0019839453,0.3273919,0.22230305,0.12137048,0.094131105,0.02306953,0.20975004
4638,5748,7c94dfae7bcedfdd39e75543f9457f8a16a62f73b1f5caaf100ecacc2d345c4c,,1,True,False,2,0.3490209,0.15489666,0.8473869,0.19412424,0.3490209,0.1272156,0.010099203,0.14219867,0.024116784,0.15322469
4639,5749,4892eb7791c04c90dbf90c4a9247a72ae26095622a086c826924aab7c3242a1f,,1,False,True,5,0.48152488,0.20409301,0.66984105,0.008584923,0.062116325,0.27743188,0.0068682656,0.48152488,0.015879942,0.14759378
4640,5750,12e939e012140dfb582f8336881303da116e126faf995f24bdd5db620abc899d,,1,False,False,3,0.28614786,0.009486437,0.86014926,0.023038832,0.11782059,0.28614786,0.019067816,0.122144245,0.15511918,0.27666143
4641,5751,82cbbe86359cba3c1179a002f064c9d827a0d4640f2fd346fd74604237fcbf01,,1,True,False,3,0.30550152,0.04917589,0.8117002,0.0094402805,0.15097392,0.30550152,0.007908109,0.20647429,0.06337623,0.25632563
4644,5755,b34bc391bce059eb42a0596ad1be413f18967a702d47a107fd5cca5ed0233006,,1,False,False,7,0.3769065,0.084480464,0.80421954,0.009429883,0.06589203,0.29242605,0.06470752,0.12714177,0.06349625,0.3769065
4645,5756,24697b22146ea483121cbd0ccadc0443bf73f6c30293bac7a392acd3587cf536,,1,True,True,7,0.5481091,0.3416385,0.6891275,0.018852418,0.090420514,0.20647062,0.015602976,0.08447002,0.036074303,0.5481091
4646,5758,881ca9d5f09fcbdc50d655f0d7f272cb0fa7702c70cf350e8f65613b1a29e8fb,,1,False,False,3,0.26029232,0.07893549,0.9356052,0.10126749,0.048627563,0.26029232,0.06392677,0.17012167,0.18135683,0.1744073
4650,5762,f183ebc6ee082df85cbd0c4857e73e9d3dd26fe43ad54927d6ead6ed4b22a85f,,1,False,False,7,0.40033683,0.0010876358,0.6513221,0.0062390813,0.10257456,0.3992492,0.015372493,0.074380174,0.0018476406,0.40033683
4652,5764,adc33a09b429af8f8bc32c1cd31a77c0508ebc74b07a3a265a15cbbafa6b5911,,1,False,False,7,0.48643392,0.18667072,0.68223184,0.00978408,0.053914744,0.2997632,0.0078050247,0.07879487,0.0635042,0.48643392
4653,5765,c3bee8bd8306621e0d72c6983b4b27876bef634ee0e789b6ae9ea7db1a04ecbe,,1,False,False,5,0.33918753,0.09743038,0.84818155,0.24175715,0.11406745,0.06826208,0.0026843545,0.33918753,0.08588974,0.1481517
4654,5766,b8a745c1003f629f57574e96c6dc3fbd0a0c35dcbea655886199ae9afa7b3fab,,1,False,False,7,0.5484676,0.24572939,0.5744388,0.002695372,0.07378509,0.3027382,0.0022442865,0.064912684,0.0051567983,0.5484676
4657,5769,1d1c3e3af3e7621dc04a98ba43178831064fe6ca1a3b0abcca205a22d3d37329,,1,False,True,3,0.37954068,0.16744149,0.8117943,0.013876714,0.14466576,0.37954068,0.011448426,0.078502625,0.15986663,0.2120992
4661,5774,eeb6cd0517a7b81a0d536d682c5ab278683cd0f08c8fe575922dbd7dfa1e1741,,1,False,True,7,0.5674234,0.40796822,0.6716799,0.08317936,0.056224596,0.15945517,0.004403978,0.11913079,0.010182748,0.5674234
4662,5775,3e1ed9f71ee83c50ac676dc25ddc6f10894959b139842284c768fdd7084df422,,1,False,False,3,0.44692785,0.25244346,0.7158057,0.0029759964,0.15879168,0.44692785,0.0024764545,0.19448438,0.023554064,0.17078961
4663,5776,0b180f4732a027683ab38c4b472191ba1270495193b488dd4d9c93bb8c40f5a3,,1,True,False,7,0.4551148,0.17339152,0.73062754,0.0548541,0.10134047,0.2817233,0.0074654147,0.08005243,0.019449493,0.4551148
4665,5780,e5fe49301f777bfadfdfe91cd756b77658d5978fff0c6b25df974a432349e6f9,,1,False,False,7,0.63635635,0.36146855,0.4929688,0.0038443631,0.020108566,0.2748878,0.0031808924,0.051996183,0.009625822,0.63635635
4666,5781,7d26260cb2d86630e77cdbc6b033d8271fa0f3e4cde736ee726d4a5f9fa93cfa,,1,False,False,7,0.364871,0.09485948,0.7596283,0.0071549653,0.21741563,0.083596334,0.005921705,0.2700115,0.051028863,0.364871
4667,5782,6679bb2d7d6e0075180370fe87ed10b5400209ba7b0239d64cf27a3ba95da53e,,1,False,False,3,0.35073465,0.10519931,0.8738454,0.09335664,0.24553534,0.35073465,0.02908847,0.07864727,0.09899267,0.10364495
4671,5786,82ec0eead680495f80c56ef905488bc28b813264406fcd07c71cf46ea0ad1096,,1,True,False,3,0.2520345,0.00077182055,0.8313522,0.060094226,0.18376298,0.2520345,0.026155988,0.2247246,0.001965019,0.25126266
4672,5787,b8329741fffed8b254c71a4bc199a0e49e6508be47b9b84154e1c973297f124b,,1,False,False,3,0.4427033,0.17446294,0.6498474,0.011677354,0.005925926,0.4427033,0.0008531189,0.23317541,0.037424523,0.26824036
4673,5788,c6dc22151f2a308ea6631c9d384e4fca7bb57adc1f932075fa118876b1b63017,,1,False,False,7,0.38198444,0.07858592,0.7174229,0.0064886017,0.30339852,0.21357125,0.005366429,0.037053715,0.052137006,0.38198444
4675,5792,4655d94992f91c4860b9b0fd348e4e1fd56e1951761ee645b89e7dca87005c82,,1,False,False,3,0.43275177,0.13036603,0.7283234,0.021094337,0.12548743,0.43275177,0.014293932,0.0808104,0.023176434,0.30238575
4678,5795,00e3dc7a7721e2b09592603cb46e1406d41097dade64c298f58716ef3b8c174c,,1,False,True,2,0.369013,0.040475518,0.7191829,0.0071568666,0.369013,0.1637121,0.005921264,0.111968786,0.013690457,0.3285375
4680,5797,97f4f5fc0dfb5e46e48fbb6e55e8d581af67f335005303e58cdff5f900940b40,,1,True,False,7,0.31137198,0.15283147,0.9338978,0.15854052,0.12601563,0.11715133,0.061597504,0.15179524,0.07352784,0.31137198
4681,5798,1444595e09c0c7f77a9323a270032f71ff07dc86456d703806773e7c142aef7a,,1,False,True,7,0.68533516,0.5306189,0.5428472,0.010974413,0.057268497,0.15471622,0.009035798,0.061778843,0.020891054,0.68533516
4682,5799,3ee99801efb57d82dd105e0fac18c66f47ed4b4c3a2728e57efff947c88fc75a,,1,False,False,2,0.526723,0.33371902,0.70238143,0.105672464,0.526723,0.10651408,0.004088675,0.046881232,0.017116504,0.19300403
4683,5800,b1e60aea76535688b3223c1e23b240d7f3de37507f02cea93fe2099ec044fa0d,,1,True,True,3,0.5902266,0.42271262,0.6569332,0.025935235,0.023658887,0.5902266,0.038461316,0.12757604,0.026627902,0.16751397
4685,5803,dee99d29db1e061aafe084ab14ca880c12640c0db8a82e5dea1ba4a5dba811f7,,1,False,False,7,0.4381195,0.1768682,0.66970015,0.0064836345,0.041355044,0.23373832,0.005366096,0.2612513,0.013686044,0.4381195
4687,5807,aee2e18a89f474711cda2e0b2a202ae2dd70262816162db7d75260735585bda0,,1,True,False,7,0.27621165,0.08204733,0.9129573,0.09770876,0.10558458,0.18371679,0.015607711,0.19416432,0.12700617,0.27621165
4688,5809,3c2348b1db422a511814c8da33abf4d27e331010f973d71304c78ef224ddc952,,1,True,False,2,0.33206302,0.10169944,0.84134436,0.01728279,0.33206302,0.1785331,0.014303891,0.11108597,0.11636762,0.23036358
4689,5810,7fe8fceed67b5c6d15119dfd0abcaac1305a8d637595366ac979248206ad1150,,1,False,False,7,0.29125497,0.05002621,0.85783833,0.017282821,0.24122876,0.16655347,0.014303915,0.15300807,0.11636797,0.29125497
4690,5811,7207b32edf46febb1d463de5fb51f7138da7f23d87fb6d19973b1233993ba4e6,,1,True,False,5,0.4112845,0.15612599,0.7559706,0.007415191,0.037874278,0.17061433,0.103473715,0.4112845,0.014179483,0.2551585
4695,5818,8cab172c5ea220089667674519acf7a8c13211ede5566d94ad66a71ed64bcb1c,,1,False,False,3,0.43537626,0.21978052,0.82540464,0.05473001,0.04294969,0.43537626,0.09873107,0.08909037,0.06352683,0.21559574
4696,5819,897399f3e279d1a34a08fe19d30130881377ccd911ed3fd4212ce1139690fa70,,1,False,False,7,0.32631284,0.06975755,0.7935313,0.010918003,0.05058208,0.2565553,0.25629342,0.07844633,0.020892046,0.32631284
4698,5821,41c31d4e37a39fb94faa62f62854875bf43ba97ed51c9befc2b614558fb60fc9,,1,False,False,7,0.33504134,0.075348526,0.7743861,0.05045082,0.25969282,0.24168395,0.003908036,0.09943311,0.009789915,0.33504134
4699,5822,b8193918941358c953656961ed6d5f6f29429bea70e6e3b8cfbfd5d770d701ee,,1,False,False,7,0.321684,0.036088824,0.8053728,0.010377899,0.28559518,0.13319446,0.008584208,0.17072779,0.06983643,0.321684
4700,5823,af70884f81bf095b5f4ef16d942e03a1ffd2b94d4bd6847d28848b82a7135dd0,,1,False,True,3,0.63027537,0.4745553,0.5746002,0.00082228327,0.055133376,0.63027537,0.009095275,0.13531376,0.013639847,0.15572007
4701,5824,1f4f73bd5fed3e82efca3036ffe0c17828d813693b5a7682b285dc31c76d1c68,,1,False,False,3,0.504749,0.32630917,0.73914677,0.003917334,0.08411872,0.504749,0.07593144,0.12477274,0.028070966,0.17843983
4704,5828,72d84d6808330604c3f33a7d661ced115693653d142ae163fd3dbb27f5faf8ee,,1,False,False,7,0.5002364,0.10590866,0.5606615,0.0042353813,0.04951197,0.39432773,0.023922702,0.019647097,0.008118747,0.5002364
4707,5831,46b2e13424ce77bccb9cea9b80701033697f7675cecb0331ba4218364cd71aa2,,1,False,False,2,0.3712121,0.1048232,0.78817165,0.020740326,0.3712121,0.19496088,0.01716544,0.08984388,0.039688475,0.2663889
4710,5836,d3967d2615761aad3879d9e9d08f73d46dcec9e4830682b0fd972886bf23a163,,1,False,False,7,0.32289052,0.025614291,0.8280734,0.05913105,0.12906197,0.13354732,0.006359147,0.29727623,0.05173375,0.32289052
4711,5838,cf3c8d9d057bc5b70f063cff7ab27a61703b6fd42544e19268120781092fe8ce,,1,True,False,7,0.4700294,0.17476496,0.67168736,0.0040797396,0.070961826,0.29526445,0.0033720725,0.12890014,0.027392354,0.4700294
4713,5840,9aeab083c4f524d967f0dc7019eb5a3692e426f791dea7f2447ebffa88838675,,1,False,False,7,0.48385587,0.044378668,0.5202993,0.005187716,0.032134302,0.4394772,0.0043109185,0.024750192,0.010283794,0.48385587
4714,5841,efa72af74f927756d19a7303bff1fe3e5a3da8d2cf0ea057fedebfbe39ee2d29,,1,False,False,7,0.63691586,0.48693848,0.6113194,0.014814813,0.07448482,0.1499774,0.012261297,0.083197355,0.028348455,0.63691586
4717,5844,20e34fa3d0f268f72262545de0bcbf7fa7ef6427c69e4c1c7a468c98d76295a5,,1,True,False,7,0.4438964,0.023739398,0.5904937,0.0026427296,0.018659955,0.42015702,0.027910752,0.08055223,0.006180868,0.4438964
4718,5845,6570bda57f0efddd80a81a57e61be00446ef3c02d247f6f58d9301d3649045f7,,1,False,False,5,0.30931675,0.041228265,0.80164033,0.007980222,0.07311237,0.22093761,0.00660472,0.30931675,0.11395986,0.2680885
4719,5846,4583ba0da394684af97fa4370f10755aea71ee788d02ab9a3cf6a4ba9cd5965f,,1,False,True,1,0.3236891,0.09355077,0.8342205,0.3236891,0.1055666,0.2298557,0.013207071,0.067006454,0.030536762,0.23013833
4720,5847,cf5beaa021e379a81e2f05aeda416cccd85753c729312c8d4e5d15e00b65786f,,1,True,False,7,0.5595076,0.3439512,0.62373,0.0056084036,0.1345574,0.21555641,0.0046417126,0.06921855,0.010909948,0.5595076
4721,5848,5ce04aa6202fbc52cc183568aa66d345c57ca6428f096243a42f10e9b53a4158,,1,False,True,7,0.56941205,0.33574957,0.62825614,0.011138394,0.051650733,0.2336625,0.009036295,0.10420751,0.020892465,0.56941205
4722,5849,4de94a6e03778c38e9e7c2f9219bbfdd03a63b13bbe77935cd28f8e192ea2933,,1,False,False,3,0.444029,0.088228226,0.6604696,0.042900003,0.016296795,0.444029,0.02208947,0.11489249,0.003991433,0.35580078
4723,5850,cd65a7c449b6a4823be0c804d18b811c1bf3ceb65c5e2481031fa107ceeaf901,,1,False,False,2,0.39412114,0.042639077,0.70919687,0.0022251953,0.39412114,0.07376986,0.012470975,0.12980695,0.03612386,0.35148206
4724,5851,356407cd8f919c1787a9072459b147d5ccdf20d08af98244f1a0d1ae12f87e2f,,1,False,False,3,0.3287188,0.113880455,0.8246586,0.013839753,0.06660845,0.3287188,0.011445629,0.2047853,0.1597637,0.21483836
4725,5852,89caacd11685b43fc1375bf4c7bb737de8914b59d3ac592735c8aa93f7e25248,,1,False,False,5,0.27243292,0.0025596023,0.86160684,0.08339938,0.17812581,0.13859881,0.004641532,0.27243292,0.052928235,0.26987332
4726,5853,279376cbb9c87177c711fd3fc583d5f365a4edd744e2098fca3a696ff75a258e,,1,False,False,3,0.38098434,0.06405926,0.6983283,0.006108931,0.073551044,0.38098434,0.0050512794,0.20570002,0.011679304,0.31692508
4728,5855,a300b103954a803ed99d84d7cd873a73b43719d57ac9939107a4d3fdbf9db795,,1,True,False,7,0.48866913,0.27102727,0.738826,0.014815844,0.070106335,0.21764186,0.012262142,0.11464228,0.0818624,0.48866913
4730,5857,b09a4afd69d8c0009f97cf9fec3a28a44e0131815421252617b07e01ced5d5dd,,1,False,False,7,0.63276595,0.42574477,0.56098443,0.016645476,0.06211261,0.20702116,0.002353049,0.07347417,0.0056275493,0.63276595
4731,5858,f475141e0d9ea3e6fa6091042ad77af47255bd5b32dcb1ba4d476f3f790f856b,,1,False,False,7,0.53088343,0.3575657,0.69869846,0.01092056,0.04953139,0.17331775,0.009038231,0.1527616,0.07354699,0.53088343
4732,5859,2c5855e4ffb628f4ee99ed9474ea0ebb3eea5fe68a09931d4d0ed6b189b151fe,,1,False,False,3,0.3215173,0.054234892,0.8448057,0.020736879,0.110882826,0.3215173,0.017162627,0.12279508,0.13962294,0.2672824
4734,5861,4a249b737c57bd350934751bbee7654d95698878e531671e1648aac350c23091,,1,False,False,7,0.4288337,0.11676261,0.6916654,0.0035794582,0.02162613,0.17207178,0.037457816,0.31207108,0.024360009,0.4288337
4736,5864,ad93660efe615608f22adbd139586c65f16aff9fcfe298fe0faa0e0151386dfc,,1,False,False,7,0.4870089,0.19547355,0.67651176,0.004826652,0.04762809,0.29153535,0.05049753,0.1092677,0.009235811,0.4870089
4737,5865,71f25f66d54f60cdb22a338c966e41badb269e4bb894e431bda0224abb324dc9,,1,False,False,7,0.7222245,0.59905213,0.48771974,0.044170752,0.08754951,0.123172335,0.0021714906,0.01571555,0.0049959137,0.7222245
4738,5866,421965f73a5338bbf0c39d316ef29c1bc9ae7af24a123e39c581405e24349e8e,,1,False,False,7,0.59532607,0.32591107,0.5862881,0.033500053,0.028283505,0.269415,0.018969296,0.041149605,0.013356472,0.59532607
4740,5869,bd7fc55b7f945b7bc75d9b2d4a300a94a6219f71fd45a701b96c6dc342cd04b7,,1,False,False,2,0.39788187,0.121581346,0.7113423,0.0044216434,0.39788187,0.1606558,0.0036601475,0.14856306,0.008516964,0.27630052
4743,5876,b12ebfe498524e8f33cd4123ede2fddd68c92cdb9b7cf986428350f3f04a8569,,1,True,False,3,0.42683783,0.2020822,0.7547671,0.0132850185,0.19310033,0.42683783,0.018182358,0.09808174,0.025757074,0.22475563
4745,5879,00e405cfbe8b8c74911445cc8b61ea0ada0447f6b05604deed87fc0d92a36bea,,1,False,True,7,0.33378318,0.14716654,0.85381,0.01220442,0.1740933,0.16157745,0.18661664,0.10789835,0.02382666,0.33378318
4747,5881,d2fc4b03b519a81ee7e99d81a8a388a0de737d950f1f0a4abd2f07e5a05d7172,F0018,4,True,False,2,0.37826353,0.09591201,0.8121646,0.0103724385,0.37826353,0.12101555,0.082070455,0.056084227,0.06984225,0.28235152
4750,5886,2eb68c7c157cd6f6ecc8e76943ab5aee98ffdc95e9213e3c831add0c059d9da0,,1,False,False,7,0.42165866,0.18589187,0.7535774,0.011526412,0.19423087,0.2357668,0.009539665,0.049653895,0.07762366,0.42165866
4751,5887,6e6b495c5f85b27689348776157314990b70dad55832c8ccf013ccb25cf00988,,1,True,False,7,0.5269809,0.3102696,0.6858285,0.014817189,0.13680212,0.21671128,0.012263242,0.064071275,0.02835401,0.5269809
4752,5888,a0afba56a5f821a9a0da7b25ee29115d5e0ed59d6865a5611335ea6cb25c1ca3,,1,False,True,7,0.53241736,0.3616085,0.6876524,0.016122367,0.13412564,0.17080885,0.0019519684,0.11527306,0.029300788,0.53241736
4754,5890,3c56de1a69bfe1352db8c399130563b56745f2fd1ee306e0cb0ac0e27bb29f8b,,1,False,False,2,0.36709782,0.18259227,0.81508136,0.08271417,0.36709782,0.16238023,0.0016223999,0.18450555,0.023067247,0.17861256
4755,5892,8ab4bcbf39ce2de61449b298d66a8aeb326e4fe8c95866a476abe1442a6db031,,1,True,False,7,0.67745936,0.49771538,0.5339967,0.03081501,0.055319197,0.17974398,0.0036552954,0.04455734,0.008449794,0.67745936
4756,5893,315faf9c294b9838b3f71573cd828d4fe783576803058a255216c16ccd676467,,1,False,False,3,0.33489987,0.10319175,0.82832897,0.017456641,0.077768385,0.33489987,0.014305466,0.23170812,0.116385855,0.20747562
4757,5894,6f9b5b2ec466b4e5606b144c7c612cec29b55b54ce3710ead81607a92c7ce5cf,,1,False,False,7,0.27661163,0.059992403,0.87232435,0.023044314,0.10193931,0.21661922,0.019072294,0.20752333,0.15518989,0.27661163
4759,5896,cdad53381e3260b84dd8a82b3525e62fde3a4c529ae226b0cbc7087b08a340d6,,1,False,False,6,0.3453487,0.11865917,0.7958448,0.010372125,0.05223961,0.22516994,0.008584357,0.13159573,0.3453487,0.22668952
4760,5897,33ed8c692f30ce3387b15a605c5f3551771e643a9aae939d4936f7826cdbc993,,1,True,False,7,0.3686704,0.11613402,0.8179513,0.025977487,0.15843181,0.2525364,0.021449324,0.12334356,0.049591076,0.3686704
4761,5898,c2423f1c4aff4bc7ffed8cda0a3a12d01b4dbc0dd16f9989d731c92b04c79066,,1,False,False,3,0.43055552,0.21445736,0.7800593,0.012204611,0.09158566,0.43055552,0.16948916,0.056711722,0.023355154,0.21609816
4763,5900,5a4ea7e03d2c91318a72ec51f01816ffee44ab380d5d9685ff6fcb89245ec981,,1,False,False,7,0.47482738,0.11508596,0.6345529,0.030971328,0.07152581,0.35974142,0.0044038636,0.048347782,0.010182424,0.47482738
4764,5901,d8be2e918e72b40c86b98abaef1eccebd939f59146986e20110da435330b52af,,1,False,False,3,0.33320436,0.06452876,0.744497,0.004108807,0.09605184,0.33320436,0.0033700091,0.2686756,0.032648742,0.26194066
4766,5904,16ae1b93b7608345afaeb6b799980dbf90295d4e69671c9df9e78878238e4cdc,,1,True,False,7,0.65304667,0.4771265,0.572862,0.011524192,0.0732727,0.17592016,0.009537852,0.054094408,0.022604063,0.65304667
4769,5908,3f3bce4d0a7d08ba29c885a772ef7f862b1c1e3b4e61ea94e531009ee445d588,,1,True,False,3,0.36637557,0.050061762,0.75943685,0.015955288,0.16752885,0.36637557,0.01320518,0.090089925,0.030531364,0.3163138
4771,5910,fbc5ad6a14488fa3dcf5d8c325f50a3881425bcac1751337014ef3e149563a27,,1,True,False,5,0.33875307,0.14241765,0.8659992,0.19633542,0.10795104,0.104702726,0.0078041544,0.33875307,0.06349065,0.1809629
4775,5916,4081043964741c708375133bb7864b3213c2d74cf9634f0b36f7ab5f326848e5,,1,False,False,7,0.29091293,0.03578487,0.8637119,0.023040432,0.10192,0.25512806,0.019069122,0.15479009,0.15513942,0.29091293
4776,5917,be1e4f3e0095278aadc1b253996fb7bd5aa6c2dd0967da10d770c9a1e77b4b11,,1,False,False,7,0.44155848,0.25843573,0.7762007,0.013829293,0.06117484,0.18312277,0.011445628,0.12909144,0.1597775,0.44155848
4777,5918,e281beffbdd9f024da1a868907a7fcb188d717f0dce44d132b04e4226c1dcb0b,,1,False,False,7,0.5055864,0.25309443,0.7031708,0.009430991,0.055453476,0.25249195,0.063019544,0.095970444,0.018047148,0.5055864
4778,5920,71610bee01bb2c8565099b0e93f772351e5e347ff601323951bb1ec85ac2e674,,1,True,False,7,0.41841555,0.1412035,0.7273946,0.013828317,0.062322993,0.27721205,0.011460125,0.1902999,0.026461082,0.41841555
4781,5923,7860862ace86f27fbe48f5b473b190ecc61551b9837948dc399651187d613216,,1,False,False,3,0.55475646,0.28366694,0.627659,0.0122190835,0.06278984,0.55475646,0.010100104,0.06569226,0.023352662,0.27108952
4782,5924,7b47baba57a1bd47fe6fd66ece239ae932b5a152deaa1cb6334baaadf621eb9d,,1,False,False,7,0.3009332,0.121160164,0.9288406,0.17977305,0.125328,0.17388695,0.061666768,0.0848655,0.073546454,0.3009332
4783,5925,5f4c2ed58e991590b6268c968560d3d6b16f2ed5f8453eba7976ce228679c5e9,,1,False,False,3,0.26070446,0.010298759,0.84822935,0.018914795,0.08340395,0.26070446,0.015604699,0.2504057,0.12695952,0.2440069
4785,5928,62a9004cc24633f63988590f64acbf22005df0e93e0f3217923461262977cb00,,1,False,False,7,0.45825502,0.017637223,0.5594529,0.005193853,0.029175399,0.4406178,0.004293446,0.027579982,0.034884527,0.45825502
4787,5930,c0b12df3caf62caf73c35cbd7b31324f805830c51964a7a0f2b3e47d65f1a7c5,,1,False,False,7,0.4414689,0.07601839,0.66425776,0.0066944514,0.051069126,0.3654505,0.0055405577,0.08349833,0.046278138,0.4414689
4788,5931,b14d55e7c471a9e46f7ab5698cee7d2210bae3257b29033ed6e9bb52403fa105,,1,False,False,2,0.45614493,0.29286623,0.7586277,0.079134025,0.45614493,0.12961324,0.0037343309,0.15875193,0.009342816,0.1632787
4789,5932,a62756b0813b49673dc2df93537dca67b84b0348777070ef3d56b38cc6639662,,1,False,False,7,0.6008499,0.31628257,0.5379395,0.0051130317,0.036859073,0.05869363,0.0041924496,0.28456736,0.0097245565,0.6008499
4791,5936,5b512338e9281e7ce9768b524914507fbbd6dcff7ba28d041c02393f9ba2d2b8,,1,False,False,5,0.4228747,0.24232076,0.7838231,0.013056625,0.05810948,0.16490988,0.010729269,0.4228747,0.14976606,0.18055393
4792,5938,da1f590b7a9621e0a3d147c112215481a4ed6f5fc50add327054c0d33039b316,,1,True,False,3,0.39461607,0.1541296,0.7424631,0.011950543,0.0870062,0.39461607,0.0015336229,0.22682463,0.037582483,0.24048647
4793,5940,4bc767857851143951efa5eeabce3b089f8ef6a7c9af07db63f5246c24a52cda,,1,False,False,7,0.4790242,0.30178624,0.76934296,0.018854978,0.08340619,0.17723794,0.01560507,0.0989068,0.12696482,0.4790242
4794,5941,651e561ab27edf1f772909fee0ac0e13cf4f38805e7e0eab4367e92fbc78b68a,,1,False,False,7,0.4272185,0.23479363,0.7235892,0.006318222,0.18179832,0.17498328,0.005224964,0.19242486,0.01203185,0.4272185
4796,5945,e7ee730c00c2a38bcebbaad1e0fe36844197298c05b65030672b44b759ba3c5e,,1,True,False,7,0.24167453,0.011455521,0.86388457,0.017532824,0.09484731,0.230219,0.014304458,0.20176382,0.19965804,0.24167453
4797,5947,9ed2ca88782d98c2d01e377d96274e53f2e821c033ecdc13098695e6b870e3da,,1,True,False,7,0.653247,0.48971424,0.5874485,0.014819224,0.06555531,0.16353276,0.012264902,0.06222205,0.028358726,0.653247
4799,5949,8557c995b1aad514edf2e059ba7e823fa1722a4e083dde111b5d0bed2204262d,,1,False,False,7,0.4193845,0.2328213,0.8057347,0.01885249,0.15350983,0.18656321,0.015603038,0.07915357,0.12693337,0.4193845
4800,5950,a76fd21ebd6c4670de6c22861869bd0c120b0e38730cfb9a5caff0cacb565ff3,,1,True,False,3,0.38188428,0.043006748,0.75579304,0.01220909,0.056649074,0.38188428,0.12769656,0.05723294,0.025450496,0.33887753
4804,5954,fc0b75156f44de115b15444e13a355677be9becd3d0ec0b7612d9a23362006b0,,1,False,False,5,0.33238113,0.06248194,0.74604154,0.009479761,0.096251726,0.26612687,0.0078173755,0.33238113,0.018043973,0.2698992
4805,5955,544075b682a5aa49739598b36eec50e259bac57c8462cb7884522c9e799b0ae5,,1,False,True,7,0.6856842,0.5760543,0.51791507,0.0024126747,0.10962991,0.092678204,0.0019750935,0.10284543,0.004774455,0.6856842
4806,5956,83ec86b54f5013bf4e71677d63c4150e7daf9c4aa647f7c3109b2d2892c6b11d,,1,False,True,3,0.4409688,0.027516216,0.6194993,0.023588266,0.019466145,0.4409688,0.023550987,0.07118408,0.0077891634,0.4134526
4807,5957,e2dce6509a8aefe04470128a2aeeecd8471bd0b045ec81707aa12ff35c83a4a9,,1,False,True,2,0.27998418,0.05974941,0.90261805,0.14709054,0.27998418,0.18212906,0.07804823,0.06604457,0.026468659,0.22023477
4808,5958,6e62bb8b4ebc957e37d74858f86084508018831e776088b28bee8a9dfff50b91,,1,False,False,7,0.43408346,0.19346918,0.72787994,0.014002718,0.2085423,0.24061428,0.011445656,0.06484816,0.026463443,0.43408346
4809,5959,f179aaec04c4def54353f04a6f0df084df14afc53cffbd52a8a4d2c19ee08990,,1,False,False,7,0.7432599,0.64587903,0.49721795,0.059525654,0.038002588,0.0973809,0.020419735,0.035673067,0.005738172,0.7432599
4811,5961,5e21c1ebe6cb1b1693fe284f42145e1ec6dbd254c341e6e2dec84e897b1a5756,,1,False,False,3,0.5584861,0.22544971,0.54618436,0.0020799362,0.01444508,0.5584861,0.046226192,0.041501265,0.004225043,0.3330364
4812,5962,36a67cdc198ae42ad328ae7df6f1adfc6c61d0c54801d0a656d1b0ed2093a1dd,,1,True,False,7,0.61296344,0.4842102,0.6160784,0.0035799737,0.12875323,0.123829655,0.025003927,0.098747775,0.0071219834,0.61296344
4813,5963,4abcbb531b00acd44add7710a0984e6ebb2992dff911fb55b637c831b18bafe9,,1,False,False,3,0.3575819,0.086093396,0.8099251,0.014816173,0.0830941,0.3575819,0.0122624105,0.12933134,0.13142554,0.27148852
4814,5964,d8d5bf935a4b4c9847dd10bc2c7ed27478d209b071ebdc11790b391e180a6de2,,1,False,False,2,0.4656346,0.2507869,0.7022615,0.0065228166,0.4656346,0.13897038,0.00536642,0.156019,0.012638999,0.21484773
4817,5968,c1a9d70229c0c1913b27454b58d3facd33ab6f60a40bd31312a44c41216b5d4a,,1,False,True,7,0.3807309,0.14461309,0.72797877,0.0026287106,0.12974355,0.23091805,0.014834071,0.23611781,0.0050269417,0.3807309
4818,5970,50e0ce928f0c6954682af0d5e13747e97a1ad60ce2b2133f9b70fa61adeb6dfb,,1,False,False,7,0.40174285,0.14762953,0.74577975,0.018379828,0.07049012,0.25411332,0.013073539,0.21913357,0.023066811,0.40174285
4819,5971,cc5ecc8f1fc2a1f5e9a4029e78c9145f366de6872bdae44fd130d29a2734a45e,,1,False,True,7,0.40785992,0.13974923,0.78551865,0.018856356,0.083413,0.2681107,0.015606195,0.07917173,0.12698211,0.40785992
4821,5973,53579727d2cfdb7f8572cc39f5a3a363331fec5512cefa6805fe92f7dd0d73da,F0031,2,False,True,2,0.3254905,0.101579174,0.8539286,0.1123175,0.3254905,0.14116262,0.0007788236,0.22391133,0.052595653,0.14374356
4822,5974,10320a519a9c399248d3fc4c08423638a498717005335f6ed15972e0a92deaa7,,1,False,False,3,0.47012648,0.19393492,0.70467556,0.012971454,0.119801484,0.47012648,0.010735581,0.08534909,0.02482435,0.27619156
4823,5977,badadde133e9eb9c623718bc45a8c0e8d7c636f1ffb9be81ea7d75d215128849,,1,False,False,3,0.40093392,0.023875684,0.6850059,0.0036509084,0.100042574,0.40093392,0.036978677,0.07512945,0.0062062624,0.37705824
4825,5980,39a68c08d43b6830c8f931e5ae731b975a703d1724c77d5cc0f251ede7ebce2f,,1,True,False,7,0.71701956,0.5782907,0.5080756,0.010496545,0.057221234,0.13872886,0.008584058,0.048103217,0.019846564,0.71701956
4826,5981,52915e204d73d7e8ac60bf23930c34ce5369d61b91f04cd709f7282e6ca807b0,,1,False,False,7,0.32756498,0.061192036,0.7941499,0.03640706,0.12868802,0.21512789,0.012536344,0.26637295,0.013302743,0.32756498
4830,5988,e71ce3e96594b0c6b7562c01a25517888f6d994db0481530a288c05d5d4bac53,,1,False,False,7,0.3110804,0.067468494,0.86265874,0.025916206,0.11463999,0.2436119,0.021449242,0.10881093,0.1744913,0.3110804
4832,5991,717b80473efbb7f2ad03148d1f50aab3f84d1ccc09644a828fb5b83d76355770,,1,True,True,7,0.57971674,0.35542238,0.5866667,0.0022858162,0.076707475,0.22429435,0.0018875333,0.11070128,0.0044068326,0.57971674
4837,6000,46ce402398fc30fea7dfa47db8a781a27662fe1bfb4ee8ab12cbe997ba91b224,,1,False,False,7,0.36568433,0.12723663,0.8324313,0.023038829,0.101912044,0.2384477,0.019067815,0.09673016,0.15511917,0.36568433
4841,6004,0e4137f78ebfe20ac7d9aca571bb34c67b931619d8ae7e72d5c5380bc41bd10b,,1,True,False,7,0.65100974,0.37768233,0.47208238,0.003229453,0.034573976,0.2733274,0.0026576533,0.029090997,0.0061107487,0.65100974
4844,6007,4c59c61f263e83abc7f5e1b79dc5a308ab3c8d19e3085b0c73bcbeadae334bce,,1,True,True,3,0.34278145,0.03731531,0.78254855,0.003987662,0.022242622,0.34278145,0.04420745,0.16056363,0.120751075,0.30546615
4847,6011,268c2faf05479f32c69a9a0c7be5ace844918ece4b69929bc876dc59086283e2,,1,False,True,5,0.35809055,0.15107375,0.82311016,0.015954988,0.071417995,0.14997752,0.01320494,0.35809055,0.18433726,0.2070168
4848,6012,03e738cc74800090887f569e46f40534719663ed202ff9d52d273901436b3ca2,,1,False,False,7,0.46697754,0.22460698,0.752898,0.02303875,0.107730724,0.24237056,0.01906775,0.096729785,0.044084854,0.46697754
4849,6013,80d103fa4ed7fb9b4850695b08f19411e342f659f040333f69ce628d997878d3,,1,False,False,3,0.34788993,0.08586055,0.7331466,0.0049517397,0.22886568,0.34788993,0.0039941445,0.14262024,0.009648865,0.26202938
4850,6014,b7131192f27cb8e7da9bbc9461477e5371e2a28e081d7e48bbf1ee03bfd54c73,,1,True,True,3,0.26809663,0.04177487,0.91107434,0.01885481,0.083405346,0.26809663,0.10638418,0.1699748,0.12696248,0.22632176
4851,6015,4c5c0c44d0378e7a90f4c2154db964b63ca747b969d263cb39673ab0c835f6b0,,1,False,False,3,0.35490492,0.023727447,0.71355253,0.009616441,0.059061278,0.35490492,0.007804775,0.21938977,0.018045396,0.33117747
4854,6019,e85ba218555e5688ff1e4076582279576eedd31cf6fc948a3a71151a71221cdb,,1,False,True,7,0.39575207,0.11087191,0.755171,0.022714293,0.1235033,0.28488016,0.022110393,0.14318258,0.007857226,0.39575207
4856,6021,a608dcbc3160d71617db876a0e10963be6197603ea97aab4802d77bc778e4fb5,,1,True,False,3,0.2680296,0.017777443,0.8860194,0.010373683,0.18083741,0.2680296,0.10853995,0.062100656,0.119866595,0.25025216
4857,6022,86fc8d1ca7ef4cf872d755d34ad8e6de73ef122431915b8ac2336656ec6d8d1d,,1,False,False,7,0.31243724,0.068206385,0.8190162,0.011524612,0.22379127,0.11752038,0.009538194,0.08095744,0.24423085,0.31243724
4858,6023,c6add29a9bdec85665929939b02e5f76f4d342828fedf6998dc77d2e21685cc4,,1,False,False,3,0.4211049,0.22660038,0.7754222,0.0071764793,0.19450453,0.4211049,0.05262094,0.13964425,0.01369047,0.17125845
4859,6024,394483a53fe49f297e9793e7f2988f347f096600485a55891b092027114cbee1,,1,False,True,3,0.43115166,0.14123127,0.70754915,0.0048887017,0.15355201,0.43115166,0.004001308,0.08407399,0.03241195,0.2899204
4860,6025,ef34e316064aecff6bc977bd14e501b7ef52172bb171584494ddf882c0e07c2c,,1,False,False,3,0.32847086,0.051880866,0.84744763,0.013831165,0.080306605,0.32847086,0.07811015,0.06286632,0.15982494,0.27659
4861,6026,7e0aec3e5d60928d6f490218e911d3710db8417d303467b5afb0d4403f553519,,1,False,True,3,0.39114752,0.08605778,0.77351534,0.01595908,0.071031675,0.39114752,0.013208282,0.09607886,0.1074848,0.30508974
4862,6028,61cf248607dabed14a17bdbe6ca0ff21d226c8cdf2ccde8d5f76d58ca046dd8e,,1,True,False,7,0.34745812,0.15745074,0.8704666,0.07091996,0.19000739,0.11113617,0.0071553173,0.1320163,0.14130674,0.34745812
4863,6029,87a9943f413517656da4eff71a3a3bc3589684dcc89df487f6af0aebec1bf1d5,,1,False,False,3,0.41434407,0.2199476,0.7497292,0.0027377398,0.16023163,0.41434407,0.01956813,0.19439647,0.01824873,0.19047321
4865,6032,6d1ca574b4cf8d768acf3aad762b48d7f8563682ff18614a39d0a2b2a4f29759,,1,False,False,7,0.299708,0.06541307,0.8494776,0.017282398,0.11200983,0.20603673,0.01430357,0.23429494,0.11636455,0.299708
4866,6033,6f68bfdb6f6d7302f3a58685c1af262f5f59dbfa62d9f3ff00bd2789630062e3,,1,False,False,7,0.38311577,0.16211796,0.8280612,0.02303959,0.10191582,0.22099781,0.019068437,0.09673374,0.15512884,0.38311577
4867,6034,636fcf4c035bedcffe8930f8cfe4d505e4ae560a4e681909615f6bd0de5232cb,,1,False,False,7,0.39787158,0.022141457,0.70278335,0.013832545,0.09811891,0.37573013,0.011448266,0.074475765,0.028522834,0.39787158
4869,6038,5bce4d8bcd523c79f7eb89b3e73878632e47883915a4df35fdbbfadcac370db8,,1,False,False,3,0.36013427,0.14074144,0.8168659,0.0122066755,0.12546672,0.36013427,0.20426542,0.051605538,0.026928488,0.21939284
4870,6039,8ed7b22e861f79b68dee42bd1a47b611f5205c766b7e372cb56123e546af8a78,,1,False,False,5,0.3089738,0.051023513,0.77883285,0.0037428555,0.25795028,0.12795037,0.0030875406,0.3089738,0.053583644,0.24471149
4871,6040,cfa5a5a0ec53b791f1a8b1a556cf43be21c74cb3337528521d1e6de5b7e508aa,,1,False,False,3,0.32425076,0.12680526,0.8806698,0.08047872,0.108925484,0.32425076,0.011444926,0.18434146,0.09311313,0.1974455
4873,6042,daa0c299d24b4140a279d3d96566b24a52710f446825d192a133d0c4ef9065e3,,1,False,False,7,0.5497929,0.32928842,0.6110524,0.003991494,0.021744423,0.22050445,0.0033198507,0.17309605,0.027550895,0.5497929
4875,6045,95e551f7a63bc5f18d0f814c906dcdfe4680436bec13236fc5416babe95e4287,,1,False,False,7,0.4457753,0.21762812,0.75665826,0.011524326,0.07489574,0.22814718,0.009537962,0.15252222,0.07759732,0.4457753
4877,6048,d9014940485595af81117e0d0fa640e7491d166365b0be0d3f734ff52f132b83,,1,False,False,7,0.31568882,0.012138307,0.78981346,0.010373112,0.19053283,0.3035505,0.008593585,0.05143244,0.1198287,0.31568882
4878,6049,770889463321b6c1a3469584ae3d1edb397706c92d5ef0fdba07cc5f94b66fee,,1,False,False,7,0.38250878,0.17489271,0.7833992,0.014840635,0.20761608,0.16968705,0.012262006,0.18473496,0.028350474,0.38250878
4879,6050,e499e1fb6d7b09618c53b30ca4715175b2af87bea90d94cd2deb9e8e5c885c17,,1,False,True,7,0.35206956,0.12407504,0.7971204,0.22799452,0.14460962,0.19357456,0.0016688585,0.06669023,0.013392664,0.35206956
4880,6051,64acc0cce96ed42c0046b4815b4485ab089731f263a5d61c771a3e5baf986e9c,,1,False,False,3,0.49990326,0.2980441,0.7032497,0.034878027,0.1624863,0.49990326,0.0049066157,0.08429421,0.011672404,0.20185916
4881,6052,c94ad32a6e08fb03b218db0baf5228478018d3fa82f16f899272c12746802499,,1,False,False,3,0.3247341,0.00072714686,0.71467775,0.002760419,0.32400694,0.3247341,0.002234873,0.17446427,0.00515802,0.16664135
4882,6053,196782bc00b814ad2ebd1438122e11f52769db4c5d9dd5ef0cdac35ba7dec0d4,,1,False,False,7,0.31716076,0.05143103,0.83845377,0.018853825,0.16761672,0.26572973,0.015604128,0.088084735,0.12695016,0.31716076
4884,6055,477b833254627003d851ab61e98a1afe8a0c30ff2d4ef20c37a5b155a9f81837,,1,False,False,7,0.5800285,0.34787765,0.5928187,0.0062881005,0.12956178,0.23215082,0.00521957,0.028336206,0.018414984,0.5800285
4886,6057,3d758b08831b24951a41918eec3e3bc1fa8864f7df09259b71d1301f101dcb51,,1,False,False,7,0.561826,0.36921316,0.6526168,0.01220358,0.056480482,0.19261284,0.010100119,0.14342423,0.023352707,0.561826
4887,6058,ff9ccbc132d933a9fc877d2bdd607ecd13fc3a6db844b94db36e49cce12b9272,,1,False,True,7,0.43183652,0.08067149,0.7021545,0.017283745,0.07946897,0.35116503,0.014604662,0.072567806,0.033073276,0.43183652
4888,6059,ff1a872579215e55a51a2d02eb22721c86346717f495d40b06179c30762cf395,,1,False,True,7,0.5429273,0.34636956,0.6802249,0.014814558,0.06756927,0.19655776,0.012261092,0.13752215,0.02834787,0.5429273
4889,6060,06b51767f789e7b6db8908ff4fb150f057c4cfba964ec7f65c6d1dd9777ee5a0,,1,True,False,7,0.4106819,0.19398703,0.79784685,0.013830737,0.13145809,0.21669488,0.011446804,0.12274486,0.093142726,0.4106819
4890,6061,7c5a1ba89e722da23d3d6faf037bbcd9beaa233f92ea14df7c42562f92c8ae8a,,1,False,True,3,0.4260088,0.042826593,0.616716,0.001307934,0.07481368,0.4260088,0.001062052,0.11114227,0.002483053,0.3831822
4892,6063,98a7e1cbb6041b95b59cc458fd22fceef7368b6c16b6e8814cc55bb0ddcb85e0,,1,False,False,7,0.33843717,0.116038874,0.8394127,0.018852763,0.091813944,0.2223983,0.015603262,0.123393014,0.18950151,0.33843717
4895,6067,7a871f8730b7e4aa4ad4367665996e7288166be7f6a3ba2ed6ed2023b94d4da3,,1,False,False,6,0.3060683,0.012583613,0.79070944,0.013827419,0.06451571,0.24035984,0.011444089,0.07029994,0.3060683,0.2934847
4897,6070,f3bd88d98fa34816bbb0527fb27b2450755895db42f34209c145a1cf077e5caf,,1,False,False,7,0.46103352,0.12301555,0.64664716,0.0034047565,0.05395725,0.33801797,0.0028246369,0.11613506,0.02462678,0.46103352
4898,6071,6b5b393064b18fda61a6523d0efb8e04cfa9e865fea35ea12e8ce2e4859cb739,,1,False,False,2,0.4819126,0.29768288,0.7324926,0.019713905,0.4819126,0.10676473,0.015286192,0.18422975,0.02032587,0.17176694
4899,6072,f739799722bd4174e25544e76c4900ebe21a424c43380f6ee955007bddea5198,,1,False,False,7,0.5422853,0.24803802,0.58662444,0.005187219,0.029817995,0.2942473,0.004293134,0.113980934,0.010188153,0.5422853
4901,6074,d25603a7b67be0fe089dc1688bd62c59c71b42469a8001e111149a8e70144371,,1,False,False,7,0.42607173,0.05290082,0.6793517,0.0138285095,0.09006219,0.3731709,0.011709299,0.058695834,0.026461529,0.42607173
4902,6075,3672e01415ac5af93efca5e9c599cbe3467a95302153388f7bdc5bdb491388dc,,1,False,False,3,0.49901116,0.2571733,0.6865808,0.0047158184,0.11901934,0.49901116,0.003927282,0.09383164,0.037656847,0.24183787
4904,6077,9e26bc28b23d57f57290fabbf07f817b5f6ceec036f9304e2dc893ef9db8760a,,1,False,False,3,0.64839023,0.4875061,0.5982158,0.057472054,0.06035128,0.64839023,0.008180817,0.045814358,0.018907128,0.16088416
4905,6078,9c052be6691b01255b61d17a86b1092e36212beb1cc85e684175c4662d5180e9,,1,False,False,3,0.45103422,0.08224738,0.6475771,0.010375233,0.0478828,0.45103422,0.008586898,0.09347932,0.019854646,0.36878684
4906,6079,a0d83d82f25a50a37d5dbc20228ce7507a9987cd8970ef1992c7bea0b6cbec4a,,1,False,False,7,0.5809651,0.4145766,0.65872633,0.054850277,0.16638853,0.13004787,0.007843454,0.04175921,0.018145546,0.5809651
4909,6082,4780caa6387d20633413f2cfa2f148770a41d27175c5c5806bb82b0d1c578da7,,1,True,True,7,0.4099355,0.15497011,0.79147553,0.06504554,0.04879202,0.2549654,0.0081930095,0.066451326,0.1466172,0.4099355
4910,6086,960976815c252c9aca90a0a7656c869e1aae8575caca30711dba2e18913c3df4,,1,False,True,3,0.49142402,0.2488699,0.73715335,0.00988136,0.060923263,0.49142402,0.086458795,0.04227707,0.06648136,0.24255413
4911,6088,16514cef035cc5afe2f8c71cb3565b239728f7c149bf5369cd446821d93ddd81,,1,True,False,5,0.23480965,0.0023743212,0.8441481,0.008419079,0.23243533,0.22943065,0.0068683,0.23480965,0.17587224,0.112164795
4912,6089,34aca809a0785334c3b24ff8a38aba2563cd446711e16a8554f5a216b2b3b2d8,,1,False,False,7,0.46055427,0.21623293,0.66172194,0.0074127186,0.035956446,0.23142959,0.0061398344,0.24432135,0.014185756,0.46055427
4914,6092,159e1decf04081096dad4753516c06f8d3e53bbc040af1cf6d789e3c68d23787,,1,False,False,7,0.5422143,0.38403958,0.6677231,0.02467922,0.1405973,0.15817471,0.0026950475,0.12520294,0.006436522,0.5422143
4915,6093,753d132800690e71777b834df5b39b6a7abe33b4a83363aa8e5d6f3e40004684,,1,True,False,7,0.335401,0.062733114,0.80275357,0.09126042,0.16709752,0.27266788,0.0044084475,0.11898353,0.010181254,0.335401
4916,6094,8dee629571f26e1a00034e76afd56029a00f86cdfd11bf59b6d4b6dbe7612e45,,1,False,False,7,0.6858949,0.59189,0.57921755,0.031618237,0.06418444,0.06696723,0.0045215935,0.09400495,0.052808706,0.6858949
4917,6096,eedc88470e04715df69f52f249a2859f6afb86de98eadc17304f045a28197ac6,,1,False,False,7,0.5215856,0.2354638,0.60251695,0.0049415934,0.028603438,0.2861218,0.004088948,0.14510524,0.009553474,0.5215856
4918,6097,312dc03e330b02d5f5e414459fe503b212690a5958fdf1c0507bb783641402c4,,1,True,False,7,0.6492544,0.41918316,0.5384457,0.005764186,0.027711244,0.23007122,0.03348639,0.041008547,0.012704023,0.6492544
4919,6098,4a217af72da110c0707b536218e79470a2bf6647bdd87efcb21738a343d9b880,,1,True,False,7,0.3521403,0.025231898,0.77940583,0.0122024305,0.3269084,0.12753128,0.010204421,0.08884721,0.082165994,0.3521403
4920,6099,fd1ccc36a39d672adca23eb1d21146d67276625db1f1c75fec6bb80c4e16e7a0,,1,False,False,2,0.4676121,0.1795361,0.68281937,0.04847429,0.4676121,0.15121095,0.016721642,0.022226075,0.005679009,0.28807598
4921,6100,9ce9cdaea3e9cf7d47f9a0637e4c3f30a08f965b95eeb8655fee9d584d4e4407,,1,False,False,7,0.64954096,0.45392722,0.5485299,0.00610321,0.057891138,0.19561374,0.0050512315,0.073934786,0.011864953,0.64954096
4922,6101,16ca8bda4ee1fc514d8075a1b81258be66f7159cc796194d3af5c5f7b9dc9cc0,,1,True,False,7,0.51869094,0.2505789,0.6464727,0.024099443,0.13540982,0.26811203,0.0032435975,0.02297961,0.027464572,0.51869094
4923,6102,8267361bbe6f202e2c06c97e50a185184a9fd96168afc07a7d63ae314b9e7503,,1,False,False,7,0.5601986,0.322962,0.6527247,0.024325907,0.060765747,0.23723662,0.009175587,0.08215686,0.026140673,0.5601986
4924,6103,730b829fad67bfa22e090c20fbad530c84dd5fa4c387c11c61da7b40813e20b9,,1,False,False,7,0.45269555,0.053670257,0.6294316,0.0032544658,0.03431526,0.3990253,0.036206607,0.0346248,0.03987802,0.45269555
4925,6104,1663d24455a298720aec7a24b75eb120e467d4dd117b4cdf9f534cce71e46da3,,1,False,False,1,0.28362972,0.058492452,0.8552644,0.28362972,0.087331936,0.21540488,0.0107310405,0.1529537,0.024811411,0.22513726
4926,6105,067a8d0a1931c6d5fe731c16277cb7774e064deb136063f4d24252a7c97c2965,,1,False,True,7,0.59527266,0.41380492,0.6456141,0.015954021,0.07114009,0.18146774,0.013204152,0.092432864,0.030528434,0.59527266
4927,6106,c5becf49b2373b49f50d86b8565849d48a36279bae062d6dacc82d0c1d8cccf7,,1,False,False,7,0.4381952,0.18190172,0.7681255,0.023039674,0.10191623,0.25629348,0.019068504,0.11739991,0.044087008,0.4381952
4928,6111,f6dadcded44c159151985b7a5217b9d9ad66f0a0b11ab30c11df7d205faf8592,,1,False,False,7,0.3604335,0.016155213,0.7051737,0.009442818,0.2060863,0.34427828,0.0078043025,0.05391087,0.018043956,0.3604335
4929,6112,7e76056514681f41ef6ea8ef8b20bb1078894174186b78b1654db511c82de2c3,,1,False,False,7,0.49469724,0.07422215,0.52013576,0.0031104463,0.053096224,0.4204751,0.0025638787,0.018697381,0.007359704,0.49469724
4931,6115,12e2ea46459a602ac2f65185f321fbf973978b751ec3449368859ab424bdb74d,,1,False,False,7,0.69786745,0.49632996,0.46442458,0.0035780896,0.018911274,0.20153747,0.0029628922,0.06829573,0.0068471,0.69786745
4932,6116,2dcc9e8bb482204cbc62a656ce5047e6be46f5b94c0eb717c1d8023e18c986ee,F0014,3,True,False,2,0.38706717,0.16527395,0.81158453,0.017299717,0.38706717,0.16490144,0.014303747,0.07826927,0.11636541,0.22179322
4934,6118,af3f80127f39b482c2d7a719ff708bab4bf3f9b5b938ebbdfec67e57528bb7ae,,1,True,False,3,0.5215998,0.19735974,0.62104195,0.02546605,0.06768962,0.5215998,0.007415979,0.03451866,0.01906975,0.3242401
4935,6119,3aaca4fde2daf7d7ff28002a258090071b3262a2c8689ede34904fb619e1606e,,1,False,False,3,0.44891223,0.1659131,0.7631794,0.045481626,0.0337518,0.44891223,0.07357349,0.036968198,0.07831353,0.28299913
4937,6121,6cb0fd2cbbb32be675a282ff181f6ae9a7af860415757aaea8cae5d102c83fb6,,1,False,False,7,0.7300305,0.5680974,0.46557513,0.003959211,0.05005388,0.16193305,0.030067189,0.016462201,0.0074939886,0.7300305
4940,6124,ac0c6ba4b470c6feea3a71860e8627ba79a6af25a75ff9f95e79f0dc5e3c8b57,,1,False,False,7,0.4904311,0.30919844,0.7605757,0.054230943,0.068400264,0.18123265,0.0074655428,0.13749932,0.060740184,0.4904311
4941,6125,d04dfbd5ba747a2a5feaf500e13f6d1e76743b04a236a027e901569b8779ec40,,1,False,False,5,0.28676352,0.10469428,0.9034551,0.075454526,0.18206924,0.12624753,0.0107305385,0.28676352,0.14979142,0.16894324
4942,6126,5b922602e9f381655e47e9f7486926d46c4b6b38135cafe88fa778bb922931ee,,1,False,True,7,0.51264256,0.16599801,0.6045769,0.012295136,0.04514598,0.34664455,0.024862636,0.05425832,0.004150769,0.51264256
4943,6127,dcd91413eb53e534ff71bb8826302cc871bf008958dea3df0df5f37fe43ffefb,,1,False,False,7,0.4602568,0.25971806,0.77480036,0.06076137,0.09767072,0.1283283,0.0035051703,0.20053871,0.048938975,0.4602568
4944,6128,9906cf31e0ccb0970074a0eeb476d31b4745a68d3570e2e65065dd6adb5e46a5,,1,False,False,7,0.32662138,0.10692583,0.8560393,0.19463433,0.10300927,0.21969555,0.01430341,0.108666405,0.033069685,0.32662138
4945,6129,e3dab3440f02e19314211fcdbb5d7c49b7a11bcef7919199fd48dd3bbfe33d8d,,1,False,False,7,0.4984999,0.22934425,0.69473433,0.008300363,0.09733217,0.26915565,0.046839792,0.06398818,0.015883917,0.4984999
4947,6133,9aa1620ace5f2f6d6cf66cf7e03a2908b0ac98477038b6ff78bb8429bd71d9c1,,1,False,False,7,0.35687384,0.10421136,0.8517766,0.09107531,0.092222184,0.25266248,0.012262203,0.0786711,0.11623289,0.35687384
4948,6134,50776660f8d15cc7ef30209b35016843e9605374d55a94203f71e5e2079af665,,1,False,True,6,0.31761208,0.09018028,0.8147227,0.012205571,0.19625221,0.2274318,0.010101745,0.05124814,0.31761208,0.1851484
4950,6136,283018138d898187126f6a9b66d5fc22c46f1fbacb75a330a3eda04ada203b52,,1,False,True,3,0.28003848,0.0207766,0.8309344,0.00715899,0.10391197,0.28003848,0.048059314,0.25926188,0.048183028,0.25338635
4951,6137,3efb0f05778d350947215b7967cec7c49ca34b59564e0cadd87939301866d429,,1,False,True,3,0.51296955,0.18199155,0.5997744,0.0047636894,0.075778954,0.51296955,0.003909174,0.062493253,0.009107406,0.330978
4952,6138,0ef07cfe8b142973a2a3b756c2672b67d1aaabb175805878d3b430e1610ece81,,1,False,False,7,0.55532384,0.27245063,0.62128204,0.038737617,0.06427916,0.2828732,0.02049958,0.031320017,0.006966531,0.55532384
4953,6139,9ef6ec2f85a7ee6be276186b187c451bc870ef6312eb982ae62f4f2e54a4a5f7,,1,False,False,7,0.46229252,0.19106117,0.7283771,0.010927946,0.0926434,0.27123135,0.00903606,0.080355234,0.073513485,0.46229252
4954,6140,f8f2c5f8911c4b95dfad5a1406731869bd195d2ded86f3fcde0bb3edbe25f61e,,1,False,False,7,0.6681163,0.45033845,0.5157451,0.0079999,0.038977653,0.21777782,0.006604331,0.045254275,0.015269774,0.6681163
4955,6141,674070beba9c65cb3cd3fcd88141b5dc72dffc91af3e3e36b48ad7f68536a9fa,,1,False,True,2,0.5250249,0.2967366,0.67919606,0.013828283,0.5250249,0.13519087,0.011444803,0.058754195,0.027468687,0.2282883
4958,6145,3fcb86064c9c45c9cd7fa2602fa968e2f17014c56d9637666fafbf5a35ae042a,,1,False,False,7,0.5038562,0.105892956,0.5449501,0.005067257,0.030576015,0.39796323,0.0041910475,0.048661962,0.009684235,0.5038562
4959,6146,258f19669ac246b61fa7dac9b8e974b0b937fc91d1b00e410e9ec1643f927362,,1,False,False,7,0.46283016,0.29699337,0.7947842,0.10292322,0.08090115,0.1658368,0.0038218251,0.11372336,0.069963515,0.46283016
4960,6147,8ac8fdf4d37d8975660f42210031a81753b63b18f3363a230241223e52eba239,,1,False,False,6,0.31736207,0.016725898,0.8048747,0.012201739,0.13134685,0.30063617,0.010174232,0.06501083,0.31736207,0.16326807
4962,6149,7f442d1555a543448e4156dfc7bdee20148e4b81361a4a2dd3f563ad4b6d516c,,1,False,True,2,0.3186384,0.035630703,0.7980238,0.046653397,0.3186384,0.19768374,0.0023297179,0.12688325,0.024803787,0.2830077
4964,6152,3f625a9adac734bf8fe0b7e01938dbab6288c3a409eaca77df2ee66af838c815,,1,True,False,7,0.40295398,0.17738938,0.8291905,0.0848993,0.10192511,0.2255646,0.019069964,0.12149588,0.044091184,0.40295398
4967,6157,def3367ccb8b232de07ebc2ef8ed072e0deaee1a1967b4683410566cf81fafea,,1,True,True,7,0.3300722,0.013463765,0.82086873,0.08296875,0.133458,0.31660843,0.009538779,0.04974405,0.07760982,0.3300722
4968,6158,b930aae38d102e5890152d6d5e649e1ba83d70f4918707ed3352c07c0d8ee1ff,,1,False,False,3,0.39472532,0.14579812,0.80672675,0.020738112,0.09173578,0.39472532,0.01716363,0.087071285,0.13963862,0.2489272
4969,6160,f06f4d0ccfb22a90c15bd7cd10a16a4d0c3648f76ad42267c8393a2c86fdc642,,1,True,False,7,0.6268141,0.4797585,0.61966246,0.014815063,0.10850229,0.14705561,0.012261503,0.06220241,0.028349038,0.6268141
4971,6162,757a9b761cac4de4b57a6489006a18b49764df8efaa1cdf59145a9f77f1f7aff,,1,True,False,7,0.38450515,0.14938298,0.77643335,0.019358626,0.16762505,0.23512217,0.0009446136,0.14839467,0.04404969,0.38450515
4972,6164,e7e2b99c30d4f5380cdfe35365e703d166780e1dfb7590383e64cc5f0b0c0b69,,1,False,False,7,0.45509616,0.28394192,0.7751515,0.014814936,0.06894399,0.15111719,0.0122614,0.12661211,0.17115423,0.45509616
4973,6165,63283115e0deccbc21aff9d4fc0f216b4927fad475fd5995f8203525d57798ef,,1,False,False,7,0.6808714,0.55791414,0.53598017,0.005465891,0.06836358,0.1073737,0.0045192367,0.12295728,0.010448922,0.6808714
4974,6166,5661e5ed77c871ab5edb3cde6e9c810d1d68a47c482a58fcb106aacb50412cc2,,1,True,False,3,0.7924867,0.6782841,0.40181452,0.006915461,0.032322925,0.7924867,0.005758882,0.03508036,0.013232961,0.11420264
4979,6171,fbd4b35e51be1797f56c2b798aa2a8cec50249c2d0776a1fcf051d8f1f6bc326,,1,False,True,7,0.35556516,0.025158882,0.72248936,0.00441717,0.04546144,0.33040628,0.0036538711,0.20343573,0.057060402,0.35556516
4980,6172,ce5cf85fd82b6d5f707c6acd69125ed7f02d50576ecd76f0702d78680c342f9c,,1,False,False,2,0.4606956,0.255749,0.73524654,0.16904476,0.4606956,0.20494662,0.000826526,0.09703199,0.013852603,0.05360187
4981,6173,1630dcf622e03502b13d9a4ad1a0f2d4446c46f425e68f2fcca86046222a0eea,,1,False,False,7,0.31108314,0.06746909,0.8626585,0.025916422,0.114641055,0.24361405,0.021449419,0.10881194,0.17448395,0.31108314
4982,6174,4b6c42be3b025472245dcea20b700a6e1b62bff72242706cfb085adcb3160777,,1,False,False,7,0.3924002,0.20136674,0.8547179,0.10970612,0.08516786,0.19103347,0.015603144,0.079154186,0.126935,0.3924002
4984,6177,d8cc645e81081368ae9a0e7224296447218304e3f3f1b142c44ed7dbc4e012f2,,1,False,False,7,0.34530804,0.051490515,0.794217,0.008301934,0.11746943,0.29381752,0.0069048577,0.13133371,0.09686454,0.34530804
4985,6178,d154ecc849d3e2a41aecac7ac573522caeb4ce419220f045022e2dc9c6bd3657,,1,False,False,7,0.619294,0.38242882,0.57563126,0.0027386216,0.029930139,0.23686518,0.021617198,0.04487366,0.04468117,0.619294
4988,6181,fa47ea3b08c5a723b3e7c703bfbc2cef5de26e6ff42e5028180c53e06eef2111,,1,False,False,7,0.51606447,0.23472619,0.64271504,0.0090207,0.05053128,0.28133827,0.0074658575,0.11831755,0.017261868,0.51606447
4989,6183,7c0fda546d005b013f98f169963073485c2329102a6e8d114344e3ad5f4a50da,,1,False,False,3,0.37603015,0.007160783,0.6705906,0.0025958957,0.11401041,0.37603015,0.00214794,0.13137479,0.0049714744,0.36886936
4990,6184,89568cbbcc5afcbc0d70133f20324589735763a94021ea51f64199f4fd8cdae6,F0032,2,True,False,7,0.52802736,0.1556848,0.5414384,0.0031030583,0.017515667,0.37234256,0.0025749765,0.024408918,0.05202743,0.52802736
4991,6185,9e0e935c8af0585790430f7bc1a171d1044661922c3293e5bdda4fb3729d2df8,,1,True,False,5,0.3192139,0.07738726,0.84557045,0.047049936,0.17624795,0.1423412,0.0052047917,0.3192139,0.068115585,0.24182664
4992,6186,ad80eb6f05e19d2c368c1e6f9047c956d209024bdb76ae8436357c33234a452c,,1,False,False,7,0.41938028,0.1829817,0.7708852,0.018883381,0.10129747,0.23639858,0.015603436,0.17236121,0.036075618,0.41938028
4993,6188,191a9a9d029afc39a08cb67efdada6aa9465b785d376422737103eb0aed488d8,,1,True,False,7,0.4405092,0.01366514,0.6008809,0.009027383,0.058718316,0.42684406,0.0074649747,0.040176716,0.01725938,0.4405092
4994,6189,0baa498168c96ca882515d82b994fdfee14306d14fb680afc82731c8e58da8ea,,1,False,False,7,0.5853787,0.31802577,0.5814213,0.0037882922,0.03434743,0.26735294,0.0031244827,0.060589418,0.04541878,0.5853787
4995,6190,1d22d706ab0a69508fab247d595cab767386fee63bd1a43a35d01dd5c94da510,,1,False,True,2,0.39696142,0.10015422,0.75368273,0.017284257,0.39696142,0.16282375,0.014305087,0.07874379,0.033074472,0.2968072
4996,6192,50def9307e41306c7aa6170f11e4a5d07615e67f79c1ca95a43135a83e9f2b5f,,1,False,False,3,0.5803701,0.2697899,0.5457993,0.0044160173,0.023407575,0.5803701,0.0036591077,0.045864034,0.031702895,0.31058022
4998,6194,c85d1965e1d35c56d6728dfdfd3858b04993ea6e7f2de90b515436e569637960,,1,False,False,7,0.6960735,0.59156144,0.5417904,0.0047157872,0.025825465,0.10451203,0.07866273,0.08118088,0.009029629,0.6960735
5000,6196,91f96382a8f94f83db2ee4e2e61b779d298fa49c90c971b503647f0fd43a6b9b,,1,False,False,7,0.49490723,0.12565014,0.5810516,0.0038444852,0.0697673,0.3692571,0.003180954,0.051690158,0.00735278,0.49490723
5001,6197,d9fd36a330521fe040724a60c7f251d53e5fc2bfd3a7d62f95eaee3d9aa2ac50,,1,False,False,7,0.5350375,0.3008264,0.68225944,0.012202505,0.054019228,0.23421112,0.010099243,0.07226347,0.082166895,0.5350375
5002,6198,3300db4302ef6744e1eb741bd02ed340e433f4d6cc0003ef837759b37df12692,,1,False,True,3,0.50428224,0.12217936,0.571844,0.0016228819,0.037291333,0.50428224,0.04029378,0.0234972,0.010909727,0.38210288
5004,6200,c8d5e5b14180164ae6a7dcc7c1635d74d81b3f50c8f15d28c9e519f3f0969c8d,,1,False,False,7,0.44184914,0.2241271,0.7352723,0.016551526,0.1804543,0.21772204,0.011870111,0.11891461,0.012638258,0.44184914
5005,6201,00919734311ec36e2315584458428c3c40abf3d31e049dfa759eaf3c9b3253fc,,1,False,False,2,0.5054238,0.21100214,0.62756073,0.005435432,0.5054238,0.12696297,0.004295557,0.053533778,0.009926879,0.29442164
5006,6202,4a5fd3066f11e5e69f5b2939b76baa2c43254d387b7ed38ebf16b88c424e316a,,1,True,False,5,0.4137257,0.1946687,0.7475217,0.00651149,0.111214064,0.21905701,0.00089061673,0.4137257,0.052025445,0.19657563
5013,6209,1e6e31fd1a0ff8d93d7d2fc01d8dcfb6904755b23271292e2c6fc1dc295d4008,,1,False,False,3,0.4705419,0.023376107,0.52455354,0.00424029,0.024917683,0.4705419,0.0035053066,0.0415257,0.008103322,0.4471658
5014,6210,d5b941bd10dd4dd14cafce3b3d0ab662749083166b7792de5e78a9d83535155a,,1,False,False,7,0.8074898,0.70918643,0.37198707,0.0034044536,0.09830338,0.056964457,0.0028152212,0.024223072,0.0067996047,0.8074898
5016,6212,29cd08594a47afd6fbadafbdc7e6d123200c9186c6b16dcf7d812fc0efadb666,,1,False,False,5,0.3496775,0.14503509,0.80148494,0.07589083,0.19918391,0.20464242,0.003434995,0.3496775,0.007942175,0.15922816
5017,6217,ecc11bf53fe46dc3771a2fa5b01a30838c90c0b20cc6b298f25caa0d87e7775c,,1,False,True,7,0.487159,0.13456947,0.6266612,0.005950841,0.0451161,0.35258955,0.0049115065,0.06434654,0.039926473,0.487159
5018,6218,95306cb5d15f698bbb085b67f52dc0072d3339dc430927283a9e867da5a18ab9,,1,False,True,7,0.51234895,0.25777936,0.69812554,0.018852776,0.083395295,0.2545696,0.015603272,0.07915492,0.03607515,0.51234895
5020,6223,4e56c862e1b90521420be0b731c4213514c97655ec82559a58fda0b27d422e95,,1,False,False,7,0.56709844,0.24608675,0.54286486,0.0046413154,0.027759839,0.3210117,0.0038203297,0.06600531,0.0096630715,0.56709844
5021,6225,170c22ad7fa855035a5ede6dc1f95b01d0a2c576cdf15a477d91ba6f36fa20f5,,1,False,True,7,0.29407763,0.026191711,0.8719339,0.010383202,0.26788592,0.12147488,0.15264113,0.08364548,0.06989181,0.29407763
5022,6226,f3c1f0803dc44fb0854e8dd1b4c33057d721f074d7493ef0172359353c128bd8,,1,False,True,7,0.681453,0.5385455,0.5288654,0.0016533693,0.03232616,0.14290753,0.010337694,0.1122896,0.019032694,0.681453
5023,6227,4f9fdb44abb09780205438738ec338e1f51a05c18fed239f0807dca659117547,,1,False,False,3,0.38652545,0.06273633,0.73410517,0.0061339065,0.12805694,0.38652545,0.0050509213,0.10763057,0.042813078,0.32378912
5024,6229,1b21747d5568495fa20849e567933e1a5fc6d1b63e0d8f4f4fe811990b50f69a,,1,False,False,3,0.5404242,0.24260706,0.63207376,0.0069170347,0.03324368,0.5404242,0.039010115,0.03601801,0.046569753,0.29781717
5026,6232,862e9d73f98eaa6fbaff92dcf902bc12fd8f04d740fe29eee20f3a4ec3fb8599,,1,False,True,3,0.46003333,0.1002374,0.67218775,0.050054364,0.05880639,0.46003333,0.023057457,0.022371583,0.025880983,0.35979593
5027,6233,0a4741e9cc7d2e10c05bb0f6c3d0e61a4d023d3450ee9f5d11ebc2615044bf88,,1,False,False,7,0.5404125,0.26935554,0.59605837,0.002334384,0.060098045,0.27105695,0.0019314957,0.11970464,0.004462016,0.5404125
5028,6235,ef1cbd6a93cc3c2426b0ce1e449164b1aab1bb1d8945d7be46d981026ac20469,,1,False,True,7,0.4256955,0.13384727,0.730612,0.006484776,0.29184824,0.1603361,0.024956902,0.047006644,0.04367179,0.4256955
5029,6236,4de0364feb26c64e983cdaf56f1a8bf5678f7483589a0d0aff19f3a683386a23,,1,True,False,3,0.4629543,0.24117744,0.71331763,0.01092022,0.08109248,0.4629543,0.009038385,0.19177173,0.022446021,0.22177687
5031,6238,4f1636026aad4d57ed3e2301547a8e5c35c798fad3c6c7d024009a9dd6588ebf,,1,False,False,2,0.67455596,0.46293086,0.49592948,0.002846436,0.67455596,0.068964414,0.0023543164,0.020147322,0.019506428,0.21162511
5032,6239,9d1c101f6a13591d8b1f6e438e38a46211b1d692ffba68f8ae5de24264ef5120,,1,False,False,7,0.51903075,0.31420875,0.7026601,0.008002421,0.038590737,0.204822,0.083729066,0.13027155,0.015553518,0.51903075
5033,6240,fef3cf58adc05c799369e6af8e2cc30b40a4803c82a6b7060f09115efd890909,,1,False,True,7,0.5691692,0.38619095,0.60650104,0.0033539727,0.16850342,0.18297829,0.0027747448,0.066814706,0.0064056604,0.5691692
5035,6242,729f488cd01e3fbe273867904600bbfaa93c955b1819f4a5bda3f8e1f2691eb2,,1,False,False,7,0.26488426,0.003760457,0.8359296,0.2611238,0.10612505,0.17337947,0.0046412717,0.17888662,0.010959477,0.26488426
5036,6243,ab4705608531697074c998e5c175419f3351bcf482dbef19ce5b40613df8327f,,1,True,True,3,0.40213263,0.05567798,0.7314278,0.012968496,0.061246604,0.40213263,0.010729271,0.07918231,0.087286115,0.34645465
5037,6244,b284803c0fcd742eb93dbc708b6180d1bd660a1944749d5fbeb27d7b69882a5b,,1,False,False,3,0.39567217,0.119706064,0.7677406,0.014815696,0.06553775,0.39567217,0.012312619,0.06220538,0.17349029,0.2759661
5038,6246,fee9d38e2a6f656f94624f565ef3a4be996614b9fd7e998857bb68660b5c040e,,1,False,False,7,0.4481422,0.06736237,0.6564637,0.04233701,0.057951707,0.38077983,0.008176294,0.043708686,0.018904272,0.4481422
5039,6247,114e406d96615690f84b77767e0868ef8199640fd0fc24f17d947e039bebb5c9,,1,False,False,7,0.4338679,0.22411674,0.7948281,0.020739475,0.091742545,0.20975116,0.01716474,0.087077744,0.13965647,0.4338679
5040,6248,540afca82a434651d6b3be1a2e17feecc8899b3602456371d6613e00c445d99a,,1,False,False,7,0.26304126,0.047211275,0.9108894,0.020737935,0.09504436,0.20124538,0.11703061,0.087070435,0.21582998,0.26304126
5041,6249,c768d6a02a414878b484799a4f5df0c77304ebf0428a6fe1af01c54134cb6517,,1,True,True,7,0.5863835,0.23765272,0.48578253,0.0044237273,0.026726361,0.3487308,0.0036745362,0.021254685,0.0088064335,0.5863835
5042,6251,b3c7ed92d06e139d491c755efa1b63fe3a38bd5775c0fb8c3ecbcc545127d842,,1,False,True,2,0.35211745,0.010612369,0.7441621,0.010254517,0.35211745,0.17508289,0.008176116,0.045393523,0.0674704,0.34150508
5044,6253,aea36ada6c1cdc238a19b94817700ff7b2db4c137b7d341f3019ad38a7acd155,,1,True,True,7,0.66446537,0.5076778,0.5690555,0.011743782,0.06532398,0.15678759,0.009537879,0.07008942,0.022052024,0.66446537
5045,6254,32ebd59ab47d5d82bfe1d611e2068550046762f43b60a021a392c3535cd99355,,1,False,False,7,0.51888376,0.21838239,0.6463438,0.012963928,0.06644179,0.30050138,0.010781107,0.06537681,0.025051162,0.51888376
5048,6257,ce75c3f9a44ea7dd4f752cc154495a43c4c8cd1b3550893d0d6c0c1581838fe1,,1,False,False,6,0.35229778,0.13083373,0.8636784,0.017284868,0.076460846,0.16247897,0.0974404,0.07257309,0.35229778,0.22146405
5051,6261,c503b86955e76bda705ffacb3c0cb6664cbdedce6d64883af4b86c2ef23eb4ed,,1,True,False,7,0.42323196,0.121467024,0.71186477,0.006574007,0.04919969,0.30176494,0.0053662723,0.16005798,0.053805206,0.42323196
5052,6262,97bb97ee7302a768902cd0fbef114678a2470d1f706fef4ab7b889713b0ce016,,1,False,True,7,0.6093148,0.37744543,0.5696691,0.0039190804,0.09337526,0.23186937,0.0032423656,0.029235689,0.029043447,0.6093148
5053,6263,c1f6a38df23d8e7aff77c6d887e3c8f12009e9978bf596d282d74257ef171576,,1,False,False,3,0.4242736,0.19151033,0.7274779,0.013833317,0.23276328,0.4242736,0.011862015,0.058083225,0.026472745,0.23271179
5054,6264,37c27566d3d97f6144148ae5dea272dd3f2a4ea0bbe305bf978e9a8a80a97c66,,1,True,False,2,0.3317156,0.0756779,0.8326249,0.091805615,0.3317156,0.2560377,0.012265337,0.08861132,0.028359948,0.19120444
5055,6266,e91bb9fc58db2076ef36c7afce01e62a90c836b61bea43beced4cb0f25fa477a,,1,False,False,3,0.7093227,0.49379504,0.43821624,0.003193412,0.018982174,0.7093227,0.002646883,0.04421773,0.0061094,0.21552765
5057,6269,8f4ef22dfeaf042211add27b545649fe4544de515817f9b6b6377d906e229a72,,1,False,False,7,0.7540015,0.5983503,0.432574,0.0063038925,0.030330565,0.15565124,0.0052168006,0.03646049,0.0120354565,0.7540015
5060,6273,28f3054d470b057b8fdf1db3bfd232b581314779b71ecc033878bfe3a7c8c701,,1,False,True,3,0.4247053,0.14465073,0.71819186,0.035898935,0.09004862,0.4247053,0.0026837601,0.16034359,0.0062652477,0.28005457
5062,6275,ba3e8577ad4de175f17e8192cd93922133bafca5e34102bb96d9d791ff88bc1d,,1,True,False,5,0.53403187,0.2706605,0.62757313,0.0068806573,0.054236073,0.26337138,0.0055389195,0.53403187,0.012806226,0.12313489
5063,6276,2a967136d30d3187928365eb8846bf99eb1decd4e7003fe9e0beb946c2be8ef2,,1,False,False,2,0.3591977,0.09645927,0.7516302,0.003588958,0.3591977,0.26273844,0.025319172,0.13513535,0.00674225,0.20727816
5065,6278,8fc04976dc52277ffb5d60c1f506c9c4d5741162f326e5c13ac6f5165983aa52,,1,False,False,7,0.66967815,0.44557405,0.5117709,0.035510033,0.02794971,0.2241041,0.0050530075,0.026025215,0.011679807,0.66967815
5066,6279,702682a737299719100dc03abb4083ad2d2785c33627200dcc0d3d42d4ceea90,,1,False,True,7,0.5172301,0.34035096,0.72070473,0.03479192,0.106769964,0.13069524,0.02487551,0.17687914,0.008758126,0.5172301
5067,6280,c686031149b2ee99d7e5c4fa6f49442c46937581de1f036577396f82494d263c,,1,False,False,5,0.46113423,0.25066966,0.6784636,0.0035175607,0.10533695,0.20990534,0.0029109372,0.46113423,0.00673041,0.21046455
5068,6282,0309e9af2f391b751e3251dc4c3e094955bcc70b31f133bd74b24b72f2fa0129,,1,False,False,7,0.42133668,0.14132637,0.7752569,0.110438205,0.04858985,0.2800103,0.008587635,0.061148774,0.06988858,0.42133668
5069,6283,1208540569675aabfcea1d1989b7329876ad7e2dcb63c6da3e2a1e8632ccb8a7,,1,True,False,3,0.30861154,0.064237565,0.816097,0.011528453,0.17247991,0.30861154,0.009541334,0.056143645,0.24437398,0.19732113
5071,6285,5e403fee6e725a5f9d62a16e2b6150837c953886afc20fe6c1192c3a6ff4c4c1,,1,False,False,3,0.53777355,0.24200043,0.6300492,0.016201863,0.02998011,0.53777355,0.03154416,0.076131515,0.012595687,0.29577312
5072,6288,d022e37e3568b0db95a2621f729fc44de7a67944a2d5c47b610b436aa61be9a4,,1,True,False,3,0.6492051,0.50753254,0.5544516,0.0054641864,0.1412619,0.6492051,0.004520344,0.047423832,0.010452078,0.14167255
5073,6289,886cca3f4fec1b4e72e3767b1a01955385bef7bfacb4c5e50d3cfec26f5da2f2,,1,False,False,3,0.4664197,0.119980514,0.66815287,0.05640144,0.06563642,0.4664197,0.0074892277,0.040350106,0.017263947,0.34643918
5076,6292,52dc07feb610c8b6234c12e429bb78a35a3809f4fe928d7bf856647806a887dd,,1,False,False,7,0.56753457,0.29138097,0.62079966,0.034835905,0.03486014,0.2761536,0.033481535,0.041787118,0.011347224,0.56753457
5078,6296,bf48d66fd9a837ad8fdb0d07241d6168d7b4dbe085b7305fda3a5f3f2c689431,,1,False,True,4,0.22662364,0.048571274,0.9454965,0.17805237,0.12489748,0.15075181,0.22662364,0.1483693,0.022056483,0.14924894
5080,6298,f22f7da046cacc2aa1ee82d5488f170be4665f0d494d1a9eb0b80061c127732e,,1,True,False,3,0.28998888,0.03745693,0.83843005,0.02073637,0.09208762,0.28998888,0.017162211,0.08706313,0.24042979,0.25253195
5082,6301,87a337a950eed954dce5da84c7a07cb522ed38f6daa734f67548e4ef80c7b2aa,,1,False,False,3,0.4650715,0.17071423,0.72338146,0.08044251,0.062112093,0.4650715,0.0114450045,0.06011002,0.026461583,0.29435727
5083,6302,202d31cf03cf7411168f2ee1be4798f676e3b639b5384ca498c75f18cde75695,,1,False,False,3,0.6466466,0.50133973,0.6031523,0.011525224,0.05927595,0.6466466,0.009543538,0.04968628,0.07801553,0.14530687
5084,6303,828179b71690819c6fe26af15871bc4188c6bb1da325b5af0b5a480f563ebf5d,,1,False,True,3,0.5032365,0.24367216,0.6610978,0.009506291,0.2595643,0.5032365,0.0013317479,0.095552705,0.015334448,0.11547403
5087,6309,4537c58ab0b3a2ea979cc92ec3de96a285d28b6073cfc3c048206857e759ba6b,,1,False,False,7,0.4485086,0.21643789,0.7406516,0.012967598,0.124891914,0.2320707,0.0107324105,0.14299856,0.027830256,0.4485086
5088,6310,548fa7e6c0986a14c74a3f3049452fd86aa2ed67bd9e44bb0b7760c66107be85,,1,False,True,3,0.3590849,0.10231021,0.8415537,0.011524973,0.13967222,0.3590849,0.06901566,0.08632218,0.077605374,0.2567747
5089,6311,fb5a32fae05b0fd5f682ed846e2538bb22a60d52caf2995a59a0d33ebef1414c,,1,False,False,7,0.5090966,0.22101995,0.662159,0.012201624,0.06812323,0.28807667,0.010098522,0.08905517,0.02334815,0.5090966
5092,6314,e2cacc492a84eb0778f7dbf3fcb3cb04e7975e7c0341d4f4ec2f184a7c6b5153,,1,False,False,7,0.43326014,0.13978356,0.6853802,0.00060011045,0.29347658,0.18789606,0.016367653,0.047452673,0.02094677,0.43326014
5094,6316,1e6e0d932abf3a49aae64318887952df46133142d80868acad954af04146b8b8,,1,False,False,7,0.33524448,0.011553526,0.7992133,0.012965165,0.1537671,0.32369095,0.07320274,0.07631981,0.024809735,0.33524448
5095,6317,680ffcd8a037637a457f9cd93a5870adbcdd14fcf99684e15ecf5c19b9743821,,1,False,True,3,0.33505493,0.055233926,0.73403233,0.006485349,0.2520789,0.33505493,0.005372687,0.107981205,0.013205921,0.279821
5096,6318,2011253d3c285cf8c88402380a793911ffbd4067517d6ddcd7af95cd45aee1d3,,1,False,False,7,0.45775032,0.22555763,0.7386726,0.0172857,0.07646597,0.16892122,0.014306267,0.2321927,0.03307783,0.45775032
5097,6319,a966ae0047d532ce8e973eaaaa7b2ddde5ece6fd564b075110ebc90d0621aa98,,1,False,False,7,0.593602,0.34300238,0.6015087,0.048447963,0.03959523,0.25059962,0.0068698027,0.045001037,0.015884284,0.593602
5098,6321,a5d96e793119a9969099bc436252d9870b1065f25ce5ef82a4cc936e870680c7,,1,False,False,7,0.33758113,0.013309091,0.78769064,0.032057498,0.32427204,0.11943826,0.0035053086,0.13431108,0.04883471,0.33758113
5100,6324,8d111ff39102485714e46db3041875529c1f9adf89141edb046e8879f8be3eb9,,1,False,False,7,0.5551116,0.39720002,0.7169125,0.018977994,0.056121644,0.15791157,0.095104195,0.08778207,0.028990913,0.5551116
5102,6328,9b12a815543e90615b243828e7e162d5e2fabd347712d61f05a6d6ca2907629d,,1,False,False,7,0.38702634,0.17801893,0.8130666,0.017282913,0.13009767,0.20900741,0.014303989,0.0725639,0.16971774,0.38702634
5104,6330,52e347c3077f838331cf9fa34c08a09b0502003cd8814b456c0d88704e168f31,,1,False,False,3,0.44616514,0.12508303,0.7114271,0.017285634,0.078326985,0.44616514,0.01430621,0.08975623,0.033077672,0.32108212
5106,6333,bbb4d5680ef733317a9f3e4de10a55158477680a3d983a2880a2fe058c9365de,,1,False,False,7,0.5819078,0.36743534,0.64149815,0.014815254,0.07487844,0.21447249,0.012261661,0.07331488,0.02834949,0.5819078
5107,6334,7aca281776fd2259be602e93834b0fefb32d2f1b12dce7353aa89fb06984668e,,1,True,False,3,0.43824187,0.09459546,0.6693758,0.0038427587,0.11347722,0.43824187,0.0031871872,0.0676379,0.029966665,0.3436464
5108,6337,5444c39e5d8befd32116f43800f1585d16a104a35969f75ba55679f422148c1e,,1,False,False,7,0.5066399,0.23975372,0.68850636,0.015953535,0.093630746,0.26688617,0.013203753,0.0731585,0.030527405,0.5066399
5109,6339,b6a417f55565073da067f7bc6597a26831c43f0667ebaa77239e5744a6435877,,1,False,False,7,0.41519284,0.15314576,0.7314434,0.007356292,0.12219894,0.26204708,0.018758446,0.16552359,0.008922864,0.41519284
5110,6341,7297d45e0503ea8551545de9667a98857f02c24b982dffdae69b184a22d34477,,1,False,True,7,0.47758108,0.0947113,0.598175,0.0032949708,0.07046282,0.38286978,0.019898,0.039587688,0.006305649,0.47758108
5113,6344,0be4c67bc81680c91829abed21e2349661820a4947d363fa2d268661686490a4,,1,False,True,7,0.38723025,0.14876196,0.7880335,0.02073646,0.23846829,0.20240137,0.017162284,0.09432195,0.039679445,0.38723025
5114,6345,f507307b3f7260c4020e262190e23eb9dae8a5dbe60382f3fa0e76615663a0b5,,1,True,False,3,0.6112004,0.42913622,0.5881617,0.0033020712,0.04847722,0.6112004,0.0027290592,0.12888703,0.023340072,0.18206416
5120,6354,0b256b1aa50e3626fc3bee445f59956fc0da624dd7ddb99c9e7f74e4ea9c7af4,,1,False,True,7,0.63771135,0.4795183,0.5828152,0.009887701,0.122915454,0.15819305,0.008178005,0.044205263,0.018909147,0.63771135
5121,6355,8a083a7abc306a77244e10a7d2ca95ad6d05e4385f0c7f5485221a062e09d4f4,,1,False,True,7,0.43642673,0.13622963,0.73602504,0.0076998877,0.038741753,0.3001971,0.0433634,0.12188226,0.051688917,0.43642673
5123,6357,61ec078b87aaee681f48111be4542d2c2e15eb26d7b92f7cd85ded416b9576ab,,1,True,False,7,0.4040994,0.008754522,0.6835224,0.013828415,0.08092694,0.39534488,0.011456564,0.06231495,0.032028846,0.4040994
5125,6359,e1d2143109d120dfe95cf8b114b3b4262bd8a842039d1c6a9fd545f2bcc931bc,,1,False,False,2,0.3514183,0.11776507,0.76342696,0.0032308416,0.3514183,0.18235567,0.0025263603,0.19163483,0.035180777,0.23365322
5126,6360,a364cd3a1814a95d17b2057bbcf98eaaabdffc2893853f96f32d2f413d3c80ab,,1,False,False,7,0.39808464,0.19844937,0.78055,0.010575874,0.04703204,0.18449035,0.008586033,0.15159577,0.19963527,0.39808464
5127,6361,1094a6ab51a1c76335d23d0a5a352fb366007b8e669ada500f9af303ab607276,,1,True,False,7,0.31473738,0.07239327,0.8280926,0.13792348,0.24234411,0.21390426,0.010729373,0.055554733,0.02480667,0.31473738
5128,6362,5eb68ce75a6a79bfd2a6df2265b56a9618a5a39a6eee4d92e9afb9d0e139985c,,1,False,False,3,0.46970448,0.21427754,0.64287305,0.0022906228,0.062734604,0.46970448,0.0018873342,0.20353903,0.00441699,0.25542694
5129,6363,dd707a9aa29232d28c746ed971047d69cddde030c98962e4be6839e425ad7c9c,,1,False,False,7,0.33275947,0.08544524,0.87488014,0.018853538,0.08804876,0.24731423,0.10647503,0.07960219,0.12694676,0.33275947
5131,6365,650a85f9344422d85f9d944c61124244e6ab5c5df1f5577f000d938f1b99f375,,1,False,False,3,0.51502615,0.2926215,0.6708857,0.014881025,0.074426584,0.51502615,0.0014231893,0.22240467,0.019836076,0.15200229
5133,6370,4a1f678c456394b34fea68c9492748939e164eff3e677b1333b16d70bf167925,,1,True,False,7,0.40029335,0.053668708,0.6904309,0.0061181816,0.16206588,0.34662464,0.0050654896,0.036821235,0.043011226,0.40029335
5134,6372,7abfc22d289094b23729fe8b6ece28f3c9ec16c270c90207f41a95a2d697f381,,1,False,True,7,0.6393137,0.46552384,0.5867344,0.0031140072,0.0803762,0.17378987,0.018742736,0.063661404,0.021002157,0.6393137
5140,6381,7137c8f1b348db63a938f8d116f41702bedb422772801dd00217ce64736ba9df,,1,False,False,7,0.69875944,0.52148247,0.50598747,0.0010542524,0.048399176,0.17727698,0.0214271,0.032479964,0.02060313,0.69875944
5142,6383,bba6095999cee49cc0f9131ca51c97db25d9764081d59a18218f99c720bf4d59,,1,True,False,7,0.30946034,0.06408444,0.8720489,0.12988137,0.055200785,0.2453759,0.010101102,0.14099178,0.10898876,0.30946034
5143,6385,502cf3f6f61ff9380bc5feb67d651fe080bf55ba61310c05774907df3c0fa700,,1,False,False,7,0.3110804,0.067468494,0.86265874,0.025916206,0.11463999,0.2436119,0.021449242,0.10881093,0.1744913,0.3110804
5144,6386,5869f8f224b8c6ad79a542f558b125ba8f4c73856d4d9a497d7889d0c7707617,,1,False,False,3,0.24674249,0.048509717,0.94175017,0.075420946,0.17914332,0.24674249,0.19823277,0.05443875,0.08731133,0.15871045
5145,6388,2206719320c6f6c8dcbd147e1e0541f7c3f089964b058a87455500aff8c871e0,,1,False,False,6,0.27085695,0.06570536,0.86023486,0.012963687,0.15342027,0.203104,0.010729235,0.14377429,0.27085695,0.20515159
5146,6390,82e6539f24d129cea51860b6b1534d6fdd552704ed0957f6f7b3f5191ae7fe3b,,1,False,False,7,0.48414606,0.18960992,0.694836,0.054675534,0.058624137,0.29453614,0.0078120823,0.082162835,0.018043231,0.48414606
5149,6393,d7e22f1dc30761b0ac481be94845b8b8a8617357c9175cdd82ac8b4a15d14588,,1,False,False,7,0.42220822,0.09290922,0.6453515,0.004766527,0.034846585,0.19595344,0.003902767,0.329299,0.009023425,0.42220822
5150,6394,12a5e2bcd48c0b6fc38704ac8abe5444aaf4d5adad0df287bc5527480f56f53b,,1,False,True,7,0.5021697,0.2615201,0.7064436,0.010372244,0.06415092,0.24064966,0.008584454,0.10423324,0.06983977,0.5021697
5157,6401,44a232fa9fcb938b1ba3704e7b39b10c103d9ea90be8f391e6aa07fc8f721e1b,,1,False,False,7,0.56872946,0.29381093,0.5772252,0.005608009,0.103489116,0.27491853,0.0046413913,0.031882167,0.010731378,0.56872946
5158,6402,1ffc6e3b18db980be30ef4e32e7946feb1d6eb16fbba812c69347f292612ec40,,1,False,False,7,0.4680275,0.2677663,0.7257009,0.011526136,0.20026119,0.12072617,0.009539442,0.16786304,0.022056472,0.4680275
5160,6404,3ba6bf13c498ddb88a290c27db095c848fb5c993b6a1e21bb4997994567506ce,,1,False,False,7,0.6131551,0.33375734,0.53080475,0.0020962898,0.037405316,0.2793978,0.03860993,0.025324062,0.004011474,0.6131551
5162,6407,a8a4160e4a4a7f9d61d8535af5ddabad2fdcdf0d9fba62b2c9d26bb1c19ff927,,1,False,True,3,0.36652917,0.0959411,0.73209244,0.0066931476,0.27058807,0.36652917,0.005555488,0.117428385,0.0128078405,0.22039792
5164,6409,94a38855d98ac30b6ed8f29578f2d9cabe5f792e8db8ccbee731402dda58ab58,,1,False,False,3,0.30618235,0.030959398,0.78777933,0.007809735,0.11774809,0.30618235,0.0063602366,0.23493625,0.051740363,0.27522296
5166,6411,bda2a45cffdb640ae5f3bb36bd5e5a88efd30c2006314ae29662808c68d4ca16,,1,True,False,7,0.48688883,0.299178,0.73709893,0.018855022,0.084401205,0.18771082,0.015605105,0.17045861,0.03608038,0.48688883
5169,6414,f0b332e7a667bafce7eedf8bd8536611634a3dcce0e1e7c373fc96299bbf373d,,1,True,True,3,0.58310413,0.4130363,0.6071486,0.003518654,0.08925868,0.58310413,0.002910884,0.17006785,0.0067302627,0.14440955
5170,6415,b88d750d7b5706e2f1817d6004cc9f8cd8bc77a35e7533e570fad05b8914f518,,1,False,False,7,0.34194803,0.016028643,0.7985521,0.01885231,0.090909764,0.3259194,0.015602892,0.0798365,0.12693113,0.34194803
5171,6416,227cbf443bb1fc108ca4c9af4a0e624f2ac59a7c40b368ff6104392b370432eb,,1,False,True,3,0.33967528,0.10409185,0.81424063,0.010377506,0.15476806,0.33967528,0.19126591,0.0484699,0.019859942,0.23558342
5172,6417,1b153cae8f6c96e1feb6600e2ebaa20ca817a9cefc7fa4d4a097144b36c72253,,1,False,False,7,0.30898282,0.06447494,0.84361404,0.02073669,0.092646286,0.24450788,0.017162472,0.10338081,0.2125831,0.30898282
5174,6419,b77edaeabbc31adf3b41c2d74cc0f6e69a8a06fb2555e02b13cecea9763a9aeb,,1,False,True,2,0.3587065,0.0539577,0.7606531,0.0059363046,0.3587065,0.13402422,0.033356067,0.15188259,0.0113454815,0.3047488
5176,6421,07b79b1903632b60330a4ce26c95dd984971752a749db1d6d15385bb2f361e3d,,1,False,False,7,0.35885832,0.03988892,0.7757259,0.0122123705,0.3189694,0.14336377,0.010120756,0.07428771,0.082187645,0.35885832
5177,6422,a3783086d9a062f7fd533eba27f5ddb628dd4a09cc5527a031965eb520d121c0,,1,False,False,7,0.32660306,0.037368387,0.7966978,0.029857945,0.15885538,0.28923467,0.0041886647,0.15717979,0.03408049,0.32660306
5178,6423,272477dde48d72da40dfbb16a05ebdd7b5f0fc18e6f0d07d3af855d295e3bd4b,,1,False,False,7,0.38434356,0.064543426,0.73347837,0.017944654,0.023451239,0.18624817,0.017498197,0.31980014,0.05071412,0.38434356
5179,6424,663ecfba9e1d1e4ac0f3ce461ed28b85038e99163933c7634f43005ea7abeb0e,,1,True,False,3,0.51151013,0.27106664,0.6513405,0.0022597297,0.2404435,0.51151013,0.0018707198,0.13604641,0.015689667,0.09217984
5180,6425,545f6303bcd19606c782f85de22e23d8b86125ea092288e486fa782436209e90,,1,False,True,7,0.33943027,0.07473478,0.7723539,0.017284095,0.25844002,0.2646955,0.014506588,0.07256946,0.03307409,0.33943027
5183,6428,867900d614b8ca7f6cfba407babaf8678b650941e6c95b7da7da8868ccb97ef1,,1,True,False,7,0.58474404,0.27564713,0.5381553,0.003658671,0.038408056,0.3090969,0.0030149391,0.017474132,0.04360332,0.58474404
5184,6429,4022cac30cfb6f882e7a6ccf7c5c1595c41471547ab09798928817f53310285a,,1,False,True,7,0.6666421,0.49526,0.5439846,0.0076842187,0.045612752,0.17138211,0.0063599795,0.087533355,0.014785471,0.6666421
5186,6431,13bb06f2e5cfd65c1fd5ede724c9839fbd5f1fa5ac6dc3dbc639956e99cbd023,,1,False,False,3,0.49003342,0.13601714,0.6147347,0.008299833,0.085083574,0.49003342,0.0068685794,0.038297035,0.017401261,0.35401627
5187,6432,ccdbb5313c4d1d7d5c9f963501fa7ed23e6e6e515dd42ea58dcb07798faa93b9,,1,False,True,7,0.538222,0.33665708,0.69583213,0.06458003,0.123725936,0.20156494,0.033439785,0.027122276,0.011344982,0.538222
5188,6434,58c6d2a480917f805e0598030888daea0bfdeeee7591840cf63a3ee5fc55d064,,1,False,False,2,0.34563878,0.08832371,0.8078213,0.005062703,0.34563878,0.12466919,0.10685422,0.25731507,0.009684384,0.15077566
5189,6436,d1ce5082759de0e113b882323648fa049e7a01fdd95a646500a021cba3906bb3,,1,False,False,4,0.2586482,0.026423916,0.8674153,0.009494746,0.18285516,0.20640332,0.2586482,0.046868414,0.06350592,0.23222427
5190,6437,0e72bdf0ff5d454b716e419e08f0a521c1be08b8444ec1c6a5b3130c5dbc091e,,1,False,False,7,0.47883004,0.28032708,0.7523632,0.035864357,0.07840494,0.19850296,0.0167814,0.15970987,0.031906407,0.47883004
5191,6438,f028bbaacdd97dabdab390b2aa84dce5e914d236b10242bf0ce6d69bd969352c,,1,False,False,2,0.44183242,0.23514313,0.7304251,0.04497812,0.44183242,0.12801856,0.0013970352,0.1738395,0.0032450364,0.2066893
5195,6443,115a07e5f72919bd27f988cc09036512ba628995fc2d0b0332e6ae81f5a87980,,1,False,False,7,0.46461833,0.1092768,0.62709063,0.0062877927,0.044844635,0.35534152,0.0052040033,0.11167148,0.012032258,0.46461833
5198,6446,3eb8d3ce3855009ca81d2e0b5ea344eb57d6b6f07dcea60a58c72304f74c38b6,,1,False,False,7,0.37095058,0.10513845,0.7793594,0.019015372,0.26581213,0.20696501,0.015604053,0.085575536,0.036077373,0.37095058
5201,6451,bc1b261b28280e228a001c0afd260d8fdc9fc9783d0ff2d3fa63904a2ac77eb6,,1,False,False,7,0.5059863,0.2707084,0.7185573,0.020736353,0.09404802,0.23527786,0.017162198,0.08711008,0.039679203,0.5059863
5203,6453,816a01c40f9a08ab19c961cc3d5b79edf82b3d141dbe40e18ed00871858d25b4,,1,False,True,1,0.38432544,0.21461838,0.8057647,0.38432544,0.16403064,0.16343637,0.0045226086,0.10353054,0.0104473,0.16970706
5204,6455,e437144c3d39bf64d5d5ffcd3e64e8aae9bb6bbf35151d6e7fe6fa2edfda210d,,1,False,False,5,0.51037997,0.27594995,0.70136666,0.23443003,0.04533833,0.07958882,0.0068677547,0.51037997,0.015878463,0.107516654
5205,6456,2d364cd8a8a0d1d72b40a1f239e406b2023e367e898ef740d1d2a4783dc38f3a,,1,True,False,7,0.63809276,0.352976,0.4789322,0.0039920597,0.044090997,0.28511676,0.0033710524,0.01769943,0.0076369247,0.63809276
5206,6457,e12749cb3515a2b8a1f7a916290d761e925315c8903d371cc0a3482297120fcf,,1,False,True,3,0.4710197,0.028146476,0.5359653,0.03213784,0.025856813,0.4710197,0.0025705711,0.01978735,0.005754537,0.4428732
5210,6461,bd2b40f31c7476e2c9d975daf838b0f66c52a99c53bc7ee74b7f677928628145,,1,False,False,7,0.4827398,0.17573094,0.68178576,0.0031471879,0.045905683,0.30700886,0.05745357,0.08158524,0.022159627,0.4827398
5212,6463,08f66ff61808e46d2c247f5f786a8b91928ffb4bc2877e75490bcf68bff89959,,1,False,False,3,0.29995134,0.028388888,0.80297095,0.02073773,0.09177893,0.29995134,0.01716332,0.27156246,0.039682403,0.25912383
5213,6464,8c7419781540496cc8e6a3484e5ab0abec79e3c1af5d9fe2379ff96632ca4c97,,1,True,False,7,0.50203335,0.29877397,0.6785992,0.008793995,0.07278299,0.20325938,0.007154638,0.18943366,0.016541984,0.50203335
5219,6475,30d9796180c8b9928d613dc0c974771034793249520b20ae3bed71019889f47f,,1,True,False,7,0.38468322,0.031898886,0.73166096,0.0030536733,0.09221353,0.35278434,0.017339382,0.09853512,0.05139075,0.38468322
5220,6476,e60e60b670e6715390c7513c85f83462a8b95841102eff5b1880ef78f7bf2c82,,1,False,True,7,0.45993185,0.18614614,0.65729535,0.0071893465,0.035220698,0.2737857,0.0059953257,0.20418571,0.013691368,0.45993185
5221,6477,1c7b0f328d569d7ff38375f41703c0973a92d5fe106ff47d7823aa83ae013683,,1,False,False,7,0.3259705,0.11459774,0.8459978,0.018854035,0.083743535,0.18539418,0.015604296,0.15906072,0.21137276,0.3259705
5223,6479,0f0d5545ac299ec2172d6a984531596eab8564cf37521b652dea0374328e9115,,1,False,True,2,0.35129526,0.048356563,0.70390874,0.0034984685,0.35129526,0.057722557,0.0028663287,0.3029387,0.024140304,0.2575384
5227,6483,4bcf2c91e08321e33b3f2a0eb39eca533e1a28ccf1a8616e2f4759ad0f8d7eeb,,1,True,False,3,0.5086687,0.11008379,0.5471342,0.004717141,0.029080054,0.5086687,0.029035361,0.020890092,0.009023675,0.39858493
5228,6484,93aec1a8646e6d205f2867469da253504a71b860971b13f612bbaf140ff3b02b,,1,False,False,7,0.3110804,0.067468494,0.86265874,0.025916206,0.11463999,0.2436119,0.021449242,0.10881093,0.1744913,0.3110804
5229,6485,1228eefce06edb8c4b274fac131b94e12ede85da4f025257cc8d43181c986681,,1,False,False,7,0.5578073,0.3080258,0.5663248,0.0031012895,0.16392253,0.24978152,0.0025709094,0.015915614,0.006900749,0.5578073
5230,6486,b71aba3e1da0f8113b64f5d2579617e5ff1f1b99484680000a565c531618dd95,,1,False,True,7,0.73140055,0.6059089,0.49501637,0.010372419,0.054642446,0.12549168,0.008608082,0.04963672,0.019848105,0.73140055
5231,6487,5c5601a57e1a88b1eac8305755fa4fec1663734d16617cd2ac1004e8f69388ad,,1,False,False,7,0.48864818,0.18650016,0.6829463,0.015956847,0.07271665,0.302148,0.013206455,0.07678887,0.030535009,0.48864818
5233,6489,caa51e40430785014612fe91918af31af84588c6718fec1fdac3c4ebdf192161,,1,False,False,7,0.45604146,0.029854715,0.5824507,0.0056102937,0.034645546,0.42618674,0.0046415515,0.03513435,0.03774006,0.45604146
5236,6493,561e6633be87ab125f5725e820e85c9f69ac4c92630a02bb5765190f73978fca,,1,True,False,2,0.30655316,0.078323364,0.85815245,0.22822979,0.30655316,0.14481197,0.012261166,0.09469742,0.028348079,0.18509842
5237,6494,2f9ac213b09d167b5099ad8391b17dc9d45643d80def51b353f20b14f9127bd0,,1,False,False,7,0.32890904,0.06959471,0.86240184,0.013828242,0.25931433,0.13189442,0.11314441,0.059798915,0.09311066,0.32890904
5238,6495,9a1adc438754ada88688c4f3455f30036fc3afcd19c7a6d9e9d1840f4a146b54,,1,False,True,7,0.578166,0.38103065,0.6569146,0.015978714,0.08238652,0.19713536,0.013204827,0.08259818,0.030530361,0.578166
5240,6497,6fe0a15deb7b7725d588d819f95d13cb6127b4bb7836b558f7d1a9a3537363c2,,1,False,False,7,0.5687662,0.41555333,0.68416667,0.009430692,0.10852424,0.15321286,0.098171666,0.04321579,0.018678622,0.5687662
5246,6506,dc1799d6aa335162d428e56a48c7af04395a484ddf46a621c3b147cea0bf5502,,1,False,False,7,0.5091427,0.17390764,0.6282931,0.0071685715,0.04578284,0.33523506,0.042376887,0.046316043,0.0139779365,0.5091427
5247,6507,4e7fd1f31e74359e7a0176a8d58a9469b9b57e364ee1eb2c71298a6679c91e2e,,1,True,False,7,0.46772385,0.18706241,0.7067964,0.0059446567,0.08266307,0.28066143,0.109193735,0.042469095,0.011344138,0.46772385
5248,6508,fba05f402b3c5425dbfdba355b279f0b92a3f4ec4c6a6ea32961cddef13e5095,,1,False,False,7,0.5207953,0.17933854,0.6080752,0.03263037,0.028681686,0.34145674,0.0046414724,0.03068981,0.04110458,0.5207953
5251,6512,31f7bc6ac1a3baae513c8d370c35dfea5618d87c23ebe7af3e80935c55722811,,1,False,False,3,0.55852085,0.4205572,0.69461876,0.0102368705,0.12301273,0.55852085,0.13796365,0.057860184,0.011838673,0.10056705
5254,6515,44dad8771ad5c50d01d6a7c59aea6f15a1cbe477066be424637b7260fc96e869,,1,True,False,7,0.6139562,0.4402306,0.60209274,0.006287993,0.034457214,0.17372562,0.0052035046,0.12403468,0.042334706,0.6139562
5255,6516,96bdacaa6fb9fd7410e3bc3084708c88d70c09e454348818c946f77f55a7571b,,1,True,False,1,0.27960488,0.04474324,0.8948233,0.27960488,0.08446229,0.17935428,0.015602864,0.07918344,0.1269306,0.23486164
5256,6517,6560fb60ee31171f2ca59e4bf36239524253bc8d8ac9d90b6ec85d33ba96ae89,,1,False,False,2,0.37871012,0.05547601,0.7140084,0.033044174,0.37871012,0.19291833,0.0032405818,0.061360013,0.00749266,0.3232341
5258,6519,2f04f76994ad03de1fcada2bc0cf4f0ffcc694071231c9eead5199fd51e35948,,1,False,False,3,0.44311452,0.22675164,0.77591985,0.017291611,0.079187505,0.44311452,0.014307667,0.0797942,0.1499416,0.21636288
5259,6520,896bc4621a7b8f9e2d6c035bb20816dfb15605aade7e2b64b798865149829856,,1,True,False,7,0.5569918,0.42557052,0.6955826,0.026154406,0.1086714,0.1314213,0.0033953968,0.12637453,0.046991125,0.5569918
5260,6521,4d96fb3f3d80dde8ca1ef2aa8f7c0c2a570c6e677dc4aecce1488fcf6c014dfe,,1,False,False,3,0.43452996,0.24802527,0.73658293,0.0020765387,0.16126032,0.43452996,0.018307956,0.18054557,0.016774967,0.18650469
5262,6523,4880c0d8d808942c6fe094249a31da8161ed5cd01916c9ee171ec5d9211a20be,,1,False,False,2,0.29527617,0.11812861,0.9015111,0.11199186,0.29527617,0.17714755,0.0074649653,0.17161904,0.10420415,0.1322963
5263,6524,91f988beee99c7a71773ef0d7126d92de15fe4e8f0d4a1703e70b14e191d5238,,1,False,False,3,0.5172271,0.1420775,0.5521968,0.0054608784,0.025102092,0.5172271,0.0045196163,0.062007174,0.010533469,0.3751496
5264,6525,9f993c5dd8f7495ce01667074bb9590dc24112d454be181deb30e23807234dba,,1,True,False,7,0.43734244,0.12630758,0.7277658,0.013831527,0.075159095,0.31103486,0.01144745,0.058074806,0.09310981,0.43734244
5265,6526,b77aa8db56639d89be96f39645b75a91719c8b0deb37003b355f03d4148e8a11,,1,False,False,5,0.36259732,0.13722862,0.8082412,0.010958655,0.1589826,0.2253687,0.009038863,0.36259732,0.07355733,0.15949658
5266,6527,cecbea20299843fedb0d01bb46462965e3fef3b75500088680e02d7a4fdfe959,,1,False,False,2,0.45396107,0.21332197,0.74377817,0.0031990511,0.45396107,0.13082002,0.048785873,0.1010987,0.02149618,0.2406391
5267,6528,d1ee2832fa25c2966e51f33e8af657ea495577816e6e6a1e723407db00a2399f,,1,False,True,3,0.3408594,0.11439344,0.8112779,0.013830115,0.13290371,0.3408594,0.011446299,0.058352925,0.22646597,0.21614158
5270,6532,f487b12f9e0316455a92106e89c0ffd4000e652137359e5b2d29410fb50a598b,,1,False,False,7,0.32666966,0.009645939,0.81522536,0.020736424,0.091727376,0.31702372,0.017162256,0.08706336,0.13961722,0.32666966
5272,6535,c8c331d6e51064d9463ee2118e34f9f824dc5f8db79e58bbad8d4aadd6ce04f4,,1,False,False,3,0.33244795,0.09698884,0.8505902,0.1951638,0.08213458,0.33244795,0.010733228,0.056713097,0.08734819,0.2354591
5273,6538,0d087f109b59ae5d140ff9121e21169e928c84155db4ea61c24892b511fbc741,,1,False,True,7,0.48173708,0.19213301,0.6907123,0.01298175,0.10663408,0.28960407,0.010732724,0.06696097,0.03134933,0.48173708
5276,6543,17259cb12ac0d1f9cbff82d222ef54815be2dc5a88c9f4eea465bf35ec94c7cb,,1,False,False,7,0.3676773,0.016789228,0.7555996,0.014816244,0.07226996,0.35088807,0.012262467,0.06485406,0.11723184,0.3676773
5277,6544,ba7ffc432a3b70d99bc469553cabbdcbb06584e6c2bb0c42baacfdd011a7ab5f,,1,False,False,7,0.34865135,0.05368814,0.82856345,0.1206142,0.09178112,0.2949632,0.017171092,0.087114275,0.0397048,0.34865135
5281,6548,c9c3bb963f7efd793f1baae7bddaa84b2c43bd658434fb2ba943223e7ace28a8,,1,False,False,7,0.2943098,0.00056904554,0.7568809,0.005064896,0.29374075,0.28475022,0.05454394,0.057903055,0.009687293,0.2943098
5284,6552,1a1b4c951cb5a6d34c5b3fdfd2c6311bb3ec113607acbbdfdc195fb928c7457e,,1,False,False,7,0.5416829,0.25856146,0.63711303,0.013829992,0.061437488,0.28312144,0.011502465,0.061960723,0.026464975,0.5416829
5285,6553,19120826962770597cce8d0760665e0ffe4d16f5bc3b664a6bbb0393cfac56ba,,1,False,False,7,0.6392739,0.48477924,0.61036295,0.01632502,0.070573255,0.15449464,0.013204229,0.075600296,0.030528657,0.6392739
5288,6556,8f4c0fae866defb53f516562f543279add3f2a950ec5ffc67c4fd26f38379964,,1,True,False,3,0.47043893,0.08279455,0.59156734,0.002502237,0.012974064,0.47043893,0.0020481995,0.067813374,0.05657882,0.38764438
5289,6557,7ca3c9ccdee40e2f57d2282a994d0b2393c26edc08f7100f6f8d526326c270df,,1,False,True,3,0.58063966,0.30716625,0.5602148,0.0025693486,0.07637952,0.58063966,0.0021205798,0.05977269,0.0050447457,0.2734734
5291,6559,6ccb22e8e8023bf4a57174f90001a99d277c061341dc01887c9b8fbcb7cef65e,,1,False,False,7,0.27971655,0.015965492,0.765513,0.0018417637,0.20904134,0.26375106,0.0015240798,0.21519898,0.028926224,0.27971655
5292,6560,93d0a542ddb50a14c4669adaf2e15bbd085d3cfe1eebfe9bfe233c8e74da0f41,,1,True,True,2,0.36666507,0.10165927,0.7372504,0.0071567413,0.36666507,0.21831347,0.0059210924,0.12320771,0.013730111,0.2650058
5293,6561,cbbf0ec48d5a4960713b55edf03985e78f2e41f2e1d09449e47122afde216204,,1,False,False,7,0.45523897,0.15488034,0.66765565,0.0053532654,0.17233096,0.30035862,0.02993569,0.026104681,0.010677846,0.45523897
5295,6564,60a3ce500f0faabf8c5440053d8f45e78fcbec71f8d5719d4af054f9cc8d26df,,1,False,False,7,0.6245068,0.45118845,0.61560416,0.014814481,0.07988793,0.17331831,0.0122610275,0.06686377,0.028347684,0.6245068
5296,6566,686680a8ceccfa46c02d89b25ed9ba8cc256fdd730001b1b1a9185a6534d0dd5,,1,False,False,3,0.41269943,0.2211612,0.79464406,0.015956936,0.1886244,0.41269943,0.013206529,0.07051687,0.107457615,0.19153823
5297,6567,9a6319d393e5296a789050f825b1eb2dcc9ba4cf4b149c99b02a467b0c10efd5,,1,False,False,3,0.39488095,0.049414665,0.73209196,0.062759355,0.08384619,0.39488095,0.00082741934,0.08872693,0.0234929,0.3454663
5298,6568,936add1f3e31bbd1f983a0d213ab74873288ca1e933e98f92a2fa9c22cb7220e,,1,False,False,3,0.2988054,0.0037235916,0.74427634,0.0020978004,0.08635231,0.2988054,0.012903491,0.2950818,0.024194183,0.28056505
5299,6569,8e5b62fcb653bd642c782f489f480290241e98c5180d2792060bd10a24efa091,,1,True,True,7,0.48888072,0.2744767,0.7212618,0.0050690905,0.10166016,0.214404,0.0041886163,0.08929656,0.09650087,0.48888072
5301,6571,620baa74b9eba9b504bc0d7ae3edfa967afc3f3d9cb6e0bd5771e24a662ad729,,1,False,False,7,0.40088987,0.02506414,0.68082756,0.010390436,0.05500753,0.37582573,0.008584982,0.12929116,0.020010274,0.40088987
5303,6574,13ce5b44d748a843cab7b159bedec4a48b6625827568fdee716ff9aba1c84e98,,1,False,False,6,0.28265813,0.03779103,0.8519158,0.013953984,0.14970076,0.2448671,0.011446971,0.11947594,0.28265813,0.17789716
5308,6579,de910216feaff47305db78bc3e4a53d5358c20ced61109224a81f7ca29788e8b,,1,True,False,3,0.31835812,0.13478242,0.8944881,0.15030241,0.1049782,0.31835812,0.009040344,0.10748203,0.12626323,0.1835757
5310,6581,2082cacc1846b1e4f7e40896cfe15beab65d732d58a02e7803906591ba58276c,,1,False,True,7,0.27203703,0.05930507,0.867883,0.015955422,0.21273196,0.15533887,0.013205294,0.14639682,0.18433462,0.27203703
5311,6583,1ad7d0554a97f84431705d53911a81f12b677452017f306934651ff1b966c169,,1,False,False,7,0.4898622,0.088535935,0.5498718,0.0015380788,0.058571953,0.40132627,0.0012741326,0.037158705,0.010268683,0.4898622
5313,6585,6fd164e6aef9e03ba59d3272526857e157854afc24a31941d1bd6778249c1d72,,1,True,False,7,0.42324513,0.21255817,0.8164949,0.018854061,0.085021324,0.21068697,0.106423885,0.119690455,0.03607814,0.42324513
5315,6587,997de775c0059f051ddbd41f0af990ba1922f9ffde78f5c8eb76e41db654223b,,1,False,False,7,0.47781584,0.30666184,0.75626236,0.014814927,0.07416958,0.16379674,0.012261393,0.085987546,0.171154,0.47781584
5316,6588,f5cb3f699640b28bf7520e59c9c88a49fdb7ec8b691f48fdaee59a70d4e3f89c,,1,True,False,7,0.32898998,0.093630746,0.82076794,0.08830285,0.23535924,0.20897874,0.0068684597,0.11562029,0.015880471,0.32898998
5317,6589,ac7ee860aa7b6d917c335bb30b1de3bbe007b99f2dd0190cbeb915413795f044,,1,False,True,3,0.2656582,0.038240924,0.8994548,0.050098356,0.040685687,0.2656582,0.17125659,0.18665391,0.05823,0.22741728
5318,6590,c4747829a6ea92373266c9a645da1a41a6d9f5245c178d6f075690d8b1c313ac,,1,False,False,7,0.33930093,0.016874075,0.80028,0.01595916,0.10221329,0.32242686,0.013240018,0.0993724,0.10748737,0.33930093
5319,6591,5a3f7528c8a6b902998fffd04f149d9cdcf11458b03139b4e46ca9d38bf7e1fd,,1,False,False,2,0.43823874,0.21125807,0.73428357,0.0022889758,0.43823874,0.11929566,0.0018874264,0.15464507,0.056663435,0.22698067
5320,6592,878a49c2bfba2e21ac6967a183b15d3c57dacd0d644e869322f45b689763b5cf,,1,False,False,2,0.48237163,0.30304793,0.73811644,0.10266125,0.48237163,0.1793237,0.0014495127,0.057880018,0.020015616,0.15629826
5321,6593,2bc046042bbd5641e87362db312879ec70716ac93d22c1b473953487f07fd23e,,1,False,True,2,0.49152872,0.26904094,0.71476716,0.01595479,0.49152872,0.15460095,0.013204779,0.071510345,0.030712616,0.22248779
5323,6595,bcacc93572ec2c88086e0c7da80e86060739d5cd75e6f76f06e39276aaf58c0b,,1,False,False,7,0.4454053,0.07900053,0.65224785,0.009886046,0.048609953,0.36640477,0.008289135,0.102356136,0.01904863,0.4454053
5324,6596,fd85586fc526cb6c14fe02df607aa82ea07ec6b9da93d1f283e219526ae05417,,1,False,True,2,0.3448745,0.04699421,0.78981704,0.03888844,0.3448745,0.2978803,0.026620276,0.10502992,0.0090421,0.17766444
5325,6597,38a44e87707993eed40acd8e3cd79dadc85e7276e45b722dd0ab7cb9e3cec751,,1,False,False,7,0.43095183,0.21894678,0.72245175,0.006782018,0.17377459,0.21200505,0.005539416,0.15813947,0.012807634,0.43095183
5327,6599,48037e33abe4ab16065610cccd5a2a548f314484c32334b059800cea6172fce9,,1,False,False,7,0.34825027,0.020102352,0.7713537,0.06648741,0.32814792,0.15355764,0.0063601644,0.08249115,0.014705438,0.34825027
5328,6600,1886d570446682c43bd7abe93b478cf974f9d11f94f35c2e0605fc73fa6f538e,,1,True,False,5,0.48262614,0.30519116,0.72667104,0.012964171,0.17743497,0.1270336,0.010729632,0.48262614,0.024807593,0.16440386
5329,6602,b633bb97186cb0c2999a39a390dd6cbe323cd2ade6c95006406a74d878a85909,,1,False,False,3,0.2679877,0.041628644,0.8562413,0.018857775,0.17415178,0.2679877,0.015607352,0.07917844,0.21785793,0.22635905
5330,6603,aa02a868f731d4c966ce33a6b2aa5bd57a9165770e83d55aec2187fd9b633801,,1,True,False,7,0.5030965,0.30709952,0.73495364,0.02073656,0.12880455,0.19599698,0.017162368,0.094523385,0.03967968,0.5030965
5331,6605,2ef81672234befa743b4617a4dfb84dd8a34bfebbc3caa4d2487cf0c41d6b599,,1,False,False,6,0.2559954,0.002902031,0.8454097,0.015954314,0.07061226,0.25309336,0.013204388,0.19181217,0.2559954,0.1993281
5332,6607,bdc132cd3e1469c91979490bbd236fbfbeceaf2c8861ce7c47be7d451475a743,,1,False,True,7,0.59316033,0.45269716,0.6641106,0.14046319,0.05397355,0.12769169,0.010098441,0.05126488,0.023347918,0.59316033
5333,6608,f5ae36aff077f67cdc9430cb6c6739dee3e535b1ab36060716be8e5ca712aeda,,1,False,False,3,0.5167358,0.27650774,0.66957927,0.0036476136,0.030547136,0.5167358,0.12583952,0.07570051,0.007301389,0.24022807
5334,6609,6147a3c1b3efc37c88da1c70b79cf615d0cf51ab799421849157b08a1a25da67,,1,False,False,7,0.5206819,0.23791313,0.6515691,0.0025340554,0.035451107,0.2827688,0.038242478,0.09796258,0.022359103,0.5206819
5335,6610,75e9002eacf92248a3b576beea0120b38a9a5e17ebbcc46085f750cb81809e0f,,1,False,True,2,0.23938999,0.037103713,0.9453397,0.16468336,0.23938999,0.14488505,0.065006986,0.050567765,0.13318053,0.20228627
5336,6613,a5fe32e6d84dc7082055ade89b7e19adb5471b155d643984c691870f64181fd8,,1,False,False,7,0.45478985,0.1072118,0.63381773,0.0032432252,0.09976417,0.34757805,0.0028016234,0.08533851,0.006484558,0.45478985
5338,6616,5937689383a64f539a11452740b592ae781da89ba2b683f09e6204ff2dbc170d,,1,False,False,2,0.50371945,0.36087358,0.7605438,0.03624515,0.50371945,0.1416721,0.030825745,0.028997647,0.11569402,0.14284585
5339,6617,0a7c4c7a7010700e53f1f5b386870706187659891039836090cd530f4b397457,,1,False,False,7,0.32625765,0.104779065,0.8360666,0.015954167,0.07787294,0.16094972,0.01320427,0.22147858,0.18428262,0.32625765
5340,6618,c0dfa07a720eb03c90991ba58ebded0717409effb1a356749955f5285f72c3be,,1,True,True,3,0.35228604,0.023673654,0.78892726,0.017288085,0.08451858,0.35228604,0.014304229,0.0866177,0.116372965,0.3286124
5341,6619,e10243ab2a76d1591368cb0724a39cd3d0beaf945530cbb68d4acefc9795fec2,,1,False,True,7,0.64358485,0.5349868,0.6153846,0.0077244765,0.09701942,0.10859806,0.08688758,0.038729597,0.017455976,0.64358485
5342,6620,5b5c8e6cf9135aeb9da9dd309a21f55ea74a633338b6e979e9762ea058e572ae,,1,False,True,7,0.47029632,0.1796596,0.720269,0.05750251,0.0617498,0.29063672,0.04126629,0.07297909,0.0055692727,0.47029632
5345,6623,5a1723dabc88f59c99648a658f35f6a655554b6c9e2ce9054dfdd266b8c92977,,1,True,False,7,0.6738656,0.5001551,0.5471606,0.010926877,0.05723652,0.17371051,0.009036023,0.054332778,0.02089169,0.6738656
5347,6625,ecea1e4e2076c813a1995b137b960ef3ada9e501562f14477bbc537103af4b3b,,1,False,True,3,0.45313483,0.17905647,0.69045544,0.024746323,0.16488796,0.45313483,0.0027287425,0.073929876,0.0064939205,0.27407837
5349,6627,0794b2ebdc19bf7fe9e6c3384eabf4d890f7f770d89cb6c218e774137be66cfe,,1,False,True,7,0.32288778,0.062167257,0.8057723,0.013849012,0.06117365,0.26072052,0.011445431,0.10354736,0.22637624,0.32288778
5350,6629,33f94170ce9199e488a5de6a8b9d303e8f03cc60d3f926670ff8d25bbbf15ec6,,1,False,False,7,0.48357248,0.26205873,0.7529361,0.010921474,0.04912965,0.22151375,0.11544761,0.04585677,0.073558226,0.48357248
5353,6632,cbb1dc44c0abe3348b553248f3bcbf758b92d4519c6244f134dd2205e6f9d52f,,1,True,False,3,0.49101928,0.107472986,0.5919612,0.045726497,0.028102938,0.49101928,0.001487146,0.02949345,0.020624394,0.3835463
5354,6633,6a53116747108e4d96fe777ec2ad164f98bb5a5f8df4ce72eff5d97aef502560,,1,False,False,2,0.2877608,0.07541101,0.8559536,0.21234979,0.2877608,0.18972282,0.003578026,0.175441,0.030269125,0.100878425
5355,6634,42c42d8502e2dc9082f87d28e47a7607a6db5fad2fb456755eb49c248b92f3e6,,1,False,False,7,0.49891397,0.14788562,0.59913427,0.0041509722,0.019198392,0.35102835,0.024964439,0.09368263,0.008061216,0.49891397
5356,6635,86b2fd29e43ff394ffc4236206ed705b2a6451e4a2a55c7c161169ebf55af80a,,1,False,False,3,0.38034412,0.036340535,0.69953626,0.0033193054,0.1680229,0.38034412,0.018588379,0.07915925,0.0065624695,0.3440036
5357,6636,0ffa6e5bd01ed90fc1f3f76b64a304de2ed699581a39a979409d0ec51ad24d17,,1,False,False,5,0.405938,0.16951165,0.8070559,0.00767566,0.071076944,0.23642635,0.04180338,0.405938,0.12136441,0.11571526
5358,6637,cfe7d8712e23479b5c80f569e73603d7b44fdfdeb5b5124c980f8bce93e17be3,,1,False,False,7,0.32915545,0.08960354,0.83259195,0.020736497,0.09172774,0.21460241,0.017162316,0.08706369,0.2395519,0.32915545
5361,6641,cc78717ec82935bcc20df846fd9bfad8a1590f25ba54a3a7c843abe816f99e4a,,1,False,False,7,0.4583556,0.240672,0.7704542,0.018865258,0.08339635,0.2176836,0.0156034455,0.07915593,0.12693977,0.4583556
5363,6643,2868e26457a2627f134f6ffd3a3c6563940e1a00d8e9d240eda8c5b224226ece,,1,True,False,7,0.766123,0.6736426,0.45882353,0.006113717,0.030115474,0.09248043,0.06387927,0.029609414,0.011678781,0.766123
5364,6645,6cdb3a45df80cf9a1316aac98689aec555783199a217f19f7928b9725b1c67d7,,1,False,False,7,0.3000873,0.007058233,0.8203702,0.018852742,0.08339512,0.20984317,0.015637849,0.07915476,0.29302907,0.3000873
5366,6647,cc53b5588d8fbb716e7bb41bc07ebbed46a99ba586e184b1c9ca90c8696c7762,,1,False,False,7,0.5593489,0.22431016,0.54875445,0.006693491,0.04426878,0.33503872,0.0055392166,0.036303848,0.012807069,0.5593489
5367,6648,31d93b83f177d10654cc93ae5d8fe77e4569dd4c59643d937cd228b9e932f6a7,,1,False,False,7,0.41779748,0.026688874,0.63062406,0.0032496941,0.1309099,0.3911086,0.0026842712,0.032413866,0.021836214,0.41779748
5368,6649,9f4cac017d4965d6aa9bb1e3d840d4ac1760488a9735316a752416e16b1aeb05,,1,False,False,5,0.5142755,0.36934686,0.74518543,0.07461523,0.13636324,0.093336836,0.027234988,0.5142755,0.009245551,0.14492865
5369,6650,7c8af0e3a28cbbcebad62fe7b246f0683bbc4a68741b21a4dc78dcf181d10089,,1,False,True,7,0.5596751,0.37442756,0.6479008,0.011039965,0.15875366,0.18524754,0.008587196,0.05684104,0.019855471,0.5596751
5372,6654,206bdf2ced99690ed5f01835455ec7d8ef49844c945b7a8992cae791486bde67,,1,False,False,3,0.6276979,0.48126125,0.5943664,0.0040060165,0.12180649,0.6276979,0.003083868,0.06658543,0.030383699,0.14643663
5375,6659,276e0bdbd8bfa8a0f8c0e3366452700577c41a628c9db0173053de5ea2e99c44,,1,False,True,7,0.38075677,0.06372556,0.7428517,0.026420705,0.13753995,0.3170312,0.006832913,0.117665455,0.013753037,0.38075677
5377,6662,ec5380061f26ad3123b672b35f23cdc5196ececdfff82c75b7197c255c760bb5,,1,True,True,7,0.4342316,0.109398454,0.7227621,0.018853156,0.09058787,0.32483315,0.015603582,0.079814635,0.03607603,0.4342316
5380,6668,4cd223932c79e2c425adb598b7225c35a84769f1ab463306b27e916db532be1f,,1,False,False,7,0.40502557,0.12953824,0.7700627,0.012204566,0.13401587,0.27548733,0.010098769,0.07171477,0.0914531,0.40502557
5381,6670,7c1d6646de53c41c31aa6d51651261afb6e9b9b7ac60742aa0d27c0741541a77,,1,True,True,7,0.64356995,0.4083569,0.5133213,0.0018385807,0.07824566,0.23521306,0.028727612,0.008832707,0.003572477,0.64356995
5382,6672,1be94e0e5e85f1baebdff60367456b5b60f790b5e56b826a8c340d29d7763ff4,,1,False,False,2,0.28392938,0.09005086,0.9330316,0.17814668,0.28392938,0.12458413,0.06506961,0.0767824,0.07760936,0.19387852
5383,6673,6244e12208063342b4d1dd9203fa053c9f315c47ee7b5096b2228ec24509fdd2,,1,False,False,5,0.314034,0.028762728,0.81515557,0.0138296075,0.06321182,0.15241925,0.011445885,0.314034,0.1597882,0.28527126
5387,6677,68b739aff76ba5265e11357b43a57c40e9a70e3e39f6a01d01f5aefd63403682,,1,False,False,7,0.6751091,0.49953496,0.530871,0.0036540972,0.07897465,0.17557414,0.02056212,0.039159406,0.0069664945,0.6751091
5390,6680,c74c912c3e413a44bf2c44e128f1f53d7a0adb860e859752dfc6f22e978ef880,,1,False,False,7,0.3864053,0.017627358,0.63770115,0.0043251994,0.027805313,0.36877793,0.0035782012,0.20076096,0.008347098,0.3864053
5392,6682,21ccad837130e95c956fba2e9577d63acbf01b490cb4013ea335e57f4ae0ea4e,,1,False,False,3,0.4703532,0.24471177,0.69388473,0.00627803,0.1278494,0.4703532,0.004917633,0.22564141,0.011344889,0.15361539
5393,6683,127ba5567b598f55c7c3957d59c67aceb02ece1361f2234464ac40ee4000ec5c,,1,False,False,7,0.5988495,0.2756707,0.50178826,0.0054601026,0.025544656,0.32317877,0.004518982,0.031999838,0.010448201,0.5988495
5394,6685,b4922e52bca781d154d1e0039803b621f53c3fc65aaa6e8799f03c4bfc5c4040,,1,False,False,7,0.4138313,0.15654567,0.79146606,0.025916899,0.114643425,0.25728562,0.021449806,0.11728052,0.04959246,0.4138313
5395,6686,ccc493b6e967b0b47aeaddefcddfe0524723b406e30ebb58e1e3ed9a88c9d315,,1,False,False,3,0.5096554,0.2303606,0.6574648,0.0051881424,0.113537714,0.5096554,0.029649079,0.05274727,0.009927519,0.27929482
5396,6688,f131c47fd2ba5ecd06da996a4bf1877927af5534f3f0105a61b27465d33204a6,,1,False,False,7,0.35458982,0.1391368,0.8078762,0.012206696,0.060371492,0.14737228,0.010102671,0.21545301,0.19990404,0.35458982
5397,6689,a7a7b965f24dbb1cd8874f96952ffef8df111a017aef3e11ca25695348e57bec,,1,False,True,3,0.35416037,0.012168258,0.76791984,0.08173164,0.1107561,0.35416037,0.006359809,0.0902956,0.014704424,0.3419921
5399,6691,d89b2df8a4f235688d73de564003f988e86a8479596416b4ad778d420ba79f93,,1,False,False,7,0.34858936,0.09221572,0.8331759,0.020744218,0.09176613,0.25637364,0.017168613,0.12564005,0.139718,0.34858936
5400,6692,aef5903f6868fcb03e910db0ff36139fe2e9539313cd0bc96f63c577c25fc9f2,,1,False,True,7,0.66600853,0.41162264,0.4758477,0.0030087268,0.016673304,0.2543859,0.016939675,0.037215397,0.0057684733,0.66600853
5401,6693,3464e54b13880e172319e696c7dc641bfa62b847546bb929bdb9061c22817293,,1,True,False,7,0.34300938,0.05836472,0.7553542,0.0024496787,0.17709647,0.28464466,0.0020478808,0.03794546,0.15280645,0.34300938
5402,6694,9e9e658c98ebb9f07399a76e45f534711196827a30bc1a2268af38ebcb8379a0,,1,False,False,7,0.35438278,0.121790275,0.82663935,0.020737056,0.09210134,0.19595723,0.017162772,0.08706635,0.23259251,0.35438278
5403,6695,4984d64f9c3fd8f290f2850a6c8515a3b62002158bb7a7afaada3265680139b7,,1,False,False,3,0.3280615,0.022160888,0.73909324,0.0061081517,0.14381811,0.3280615,0.005051512,0.1993801,0.011679962,0.3059006
5404,6697,db8fc4c4ccbc5b3621eebc4c3da15835acc4e0c66c109b8186907c2fd7ed07dc,,1,False,True,7,0.27563164,0.018337488,0.8564851,0.25570136,0.038829762,0.25729415,0.07578492,0.056181133,0.040577073,0.27563164
5405,6698,0c524a7fa443850a714e7b128369131935be54e3d61b5ceb38d189d20901cd5e,,1,False,False,7,0.38756424,0.17099865,0.82676154,0.02303892,0.10191249,0.2165656,0.019067887,0.096730575,0.15512027,0.38756424
5407,6700,51a6bdb7baa04bdfdf1b527ff891ffa5f8d22185f6b308bbcddedc491e5f11f5,,1,False,False,7,0.49169648,0.26441544,0.7280465,0.07095529,0.22728105,0.11770899,0.0035885011,0.059637275,0.029132444,0.49169648
5408,6701,e5431a2e31b6edb30697953916368bd5087f9179a292b718d840473444864c7a,,1,False,False,3,0.7315811,0.55433184,0.43941116,0.0041153054,0.020274876,0.7315811,0.003407208,0.055441976,0.007930308,0.17724924
5409,6702,9f82db16d19fb59c8c11b6e596365ce440f1ef8f7c8d9d2843c316d7533f8edd,,1,False,False,3,0.50165564,0.2251108,0.66444975,0.064656146,0.021600904,0.50165564,0.0019299503,0.116819285,0.01679326,0.27654484
5410,6703,7eef2e880dee1691712ba1b7884f066d2adcf38a85e09079731117888406b908,,1,False,True,7,0.39179006,0.121021986,0.7940038,0.017283505,0.076454125,0.27076808,0.014304474,0.113022864,0.11637693,0.39179006
5411,6704,ca5332e745ce70cbf7df03b293d4642bf7bd77afa19de2ad8f7cd15437ec095c,,1,False,False,7,0.44763777,0.22805996,0.71660715,0.0016806877,0.17256275,0.2195778,0.032845393,0.12248106,0.0032145353,0.44763777
5414,6707,3132df583c9b385d3cb34eb3f3e628030a08e1651059001fb2455c9b5b2210a7,,1,True,False,7,0.3462817,0.12563562,0.83732504,0.015953803,0.15194397,0.22064608,0.013203972,0.14455228,0.10741816,0.3462817
5416,6709,f55e0c33d1a02db7dbe8466bd6b537ec77b74118e30a852c1a325ca1058fd119,,1,False,False,7,0.31739652,0.0060833395,0.74629337,0.006555936,0.06577653,0.24912314,0.0053667245,0.31131318,0.04446798,0.31739652
5417,6710,bdf05dc1d3fa0cdf5b3f857b73ccd070504762ea55c309ab47ba0b974be6a00a,,1,False,False,7,0.39807674,0.20701613,0.78473586,0.0046305116,0.19106062,0.17723651,0.003816766,0.105196185,0.1199827,0.39807674
5418,6711,c69e6ff39eb5cb5afbe43ae38fc68e548e68fd6ce0c3122d4a10888134a6e6ee,,1,False,False,3,0.59560096,0.4317853,0.6490621,0.032056596,0.08498643,0.59560096,0.027328765,0.0928389,0.0033726753,0.16381568
5420,6713,f0d999b8a24d91bfe735785fe940320ecfde325af00a65450da1c4e703f6e96e,,1,True,True,7,0.45262066,0.28551325,0.7844163,0.017283186,0.15419699,0.1671074,0.014304212,0.07811501,0.11637253,0.45262066
5422,6716,d3685a11806676797036588290f09c41401f498411e3f16a20b1c032b1ec9755,,1,True,False,7,0.69220275,0.517007,0.5035862,0.015519733,0.040699806,0.17519572,0.0004288274,0.06771848,0.008234706,0.69220275
5424,6718,1fdbbb04139ea1b4b6913c17977496a0755bba3b4a87af15810a4eaf498b2ec6,,1,True,False,5,0.44148016,0.20269129,0.70929545,0.006287818,0.1348907,0.16119187,0.005204024,0.44148016,0.012156594,0.23878887
5428,6724,9de2ca6dabbeb0790ef55e7234b10be5ebd81447880d6025a4b32cfcb03edd9d,,1,False,False,7,0.35705113,0.05218619,0.78571117,0.0098830955,0.091254584,0.10673888,0.00823323,0.12197411,0.30486494,0.35705113
5429,6725,18d1d40c455a9d11e3b85e14c34e137f679338dfc6f87b655e617f1a1d5968fa,,1,False,False,3,0.42892337,0.019162476,0.61879337,0.0031001419,0.055671465,0.42892337,0.0025700862,0.07911182,0.020862285,0.4097609
5432,6728,401b1a73611b685f2019920986f514c9df7e93f0a9464b62307cb70673a237d2,,1,False,True,2,0.6049402,0.40345907,0.5818846,0.003965436,0.6049402,0.10644685,0.0031803604,0.20148109,0.0074359346,0.07255018
5433,6729,3e79252f6215ce7bb38899045c9696de88e54dd17f6ce830af47cb4adde10565,,1,False,False,7,0.5191165,0.2985174,0.7137842,0.020736374,0.09564342,0.22059911,0.017162215,0.08706312,0.039679248,0.5191165
5434,6730,94df0e2e2289486a77ac627a4a5b20fb72a31e1bbf7fce43e3cfebb693233de1,,1,False,False,7,0.32150218,0.060273737,0.80293304,0.016914163,0.07512199,0.24453852,0.013204816,0.06748992,0.26122844,0.32150218
5436,6732,de11e95ef5d996b96abf8293d1b27869c61aff2eeec25b01b811c08124870081,,1,False,False,3,0.4322717,0.017711759,0.5996292,0.0034079996,0.05688973,0.4322717,0.0028156624,0.08350643,0.0065485206,0.41455993
5437,6733,6fe43b4bebf2e8a67cf66d9e480a6b9ca8cba0d50abe9b064606cf85f1df6547,,1,False,False,3,0.42474335,0.17950088,0.7015956,0.0061478135,0.24524248,0.42474335,0.004770624,0.041443717,0.038817663,0.23883438
5438,6734,22670cd39126f79247c74f60e0762579edd701ad1e1910a4b08ebc4795fda246,,1,False,False,7,0.49707496,0.20483842,0.68040925,0.011525729,0.05673672,0.29223654,0.009539106,0.05528852,0.077598445,0.49707496
5439,6736,69cf6237e8ed381a6ed79451037b0a8801e9ac97c7926372a153ee5413ac46ce,,1,False,False,7,0.5649777,0.39243898,0.68214905,0.01791163,0.09004332,0.17253873,0.014303729,0.10715432,0.033070594,0.5649777
5441,6740,fce352370fa72ab2e001be61d8a256e5563dd6933b2eacecd56865dd3e4335d4,,1,False,True,7,0.3740136,0.11360642,0.7988001,0.045768894,0.13991302,0.26040718,0.03397829,0.14021336,0.0057056397,0.3740136
5442,6741,c497609d01a763a6d532d11325649bd78b06c95befa97d9301fc78f117494d2d,,1,False,False,7,0.29727694,0.049553066,0.8037518,0.009440746,0.044222068,0.24772388,0.007805604,0.21591522,0.17761557,0.29727694
5443,6742,a068b92111942afd0f143ef6f8781d3a6b2912a72bc4b8142881fd2b4850c111,,1,False,True,7,0.31693918,0.055186063,0.8374185,0.018857194,0.2617531,0.17726003,0.015606903,0.08258607,0.1269975,0.31693918
5445,6744,cccdcb5a393bf37b5796c5c4deef602cef40ed11eb1309eea94faed79b96917e,,1,False,False,7,0.30952212,0.02499643,0.75061035,0.009430197,0.2845257,0.2689301,0.0078047775,0.1017418,0.018045316,0.30952212
5446,6745,49266472314dcf6f959c8c35dcc2d6a8228458cd82f0295adde68a95e125d9a9,,1,True,False,7,0.38528296,0.16933697,0.78971595,0.05167222,0.1543445,0.21594599,0.0063611884,0.17168479,0.014708347,0.38528296
5447,6746,0ec97293e9bc12f5bcc3ac6235027bd7c65dfa21048f9fa30d7c5307ec6432e5,,1,False,False,6,0.36620468,0.15875658,0.8600355,0.017282542,0.07644935,0.16245587,0.09759729,0.07256215,0.36620468,0.2074481
5448,6747,4ea12eadc1c3c59ad6fee040e50fb5dc894c6608fdc0d4c283f1314bba09678a,,1,False,False,5,0.30712324,0.023552448,0.84496635,0.102691926,0.14496222,0.1224457,0.023334278,0.30712324,0.01587183,0.2835708
5449,6748,5b5b5ad9adbf4816277cfe2c3f262d8a2ce7a29a2a687c9cfff23d1f8730e725,,1,False,False,3,0.62136924,0.31661585,0.4809648,0.0032947338,0.021208074,0.62136924,0.0027330795,0.040338937,0.0063025323,0.3047534
5450,6749,9f2b967aa7fdde6db699dbd02ba79035dc25507c99bb9cfb634579ade71c9487,,1,True,False,7,0.42553887,0.22450683,0.8046987,0.020738482,0.0917376,0.20103204,0.017163938,0.104145855,0.1396432,0.42553887
5451,6750,e7aa38045e40d46de8ecdd36e24e0d2bb1531440202176eee369ecc3e6ec9335,,1,False,False,3,0.4557112,0.09569213,0.64733267,0.009467283,0.098259084,0.4557112,0.007807625,0.050568674,0.018167106,0.36001906
5453,6755,34da73e30bd771ecce8d57b708d4d243e130c2c2fb54ad2c00ec0fafd287294d,,1,False,False,7,0.3844925,0.04543498,0.6590823,0.015519409,0.015917614,0.3390575,0.0020706484,0.22610238,0.016840002,0.3844925
5457,6759,caf8363debbdebd273fad631404c18b3ae25e5afc05fc8cd342208cbb5a64bdc,,1,False,False,3,0.33257982,0.073426485,0.7940052,0.10529244,0.25915334,0.33257982,0.00071904063,0.2106895,0.0143420305,0.07722387
5459,6762,ba88ede45b24b6e6b458af1c8ac3b2fdf9c8615647391d41b39a32d5bf9235ae,,1,False,False,5,0.46342054,0.15665528,0.678899,0.0069170245,0.031855714,0.13873091,0.03907392,0.46342054,0.0132366065,0.30676526
5460,6764,13d1ec0a99f80bf0079197f964f50b3bb8291fd191782ba4b6fd634ea00b1cb5,,1,False,False,3,0.62799114,0.42943516,0.5745282,0.085720316,0.048138347,0.62799114,0.0017547174,0.033654332,0.004185171,0.19855598
5461,6765,ee20be677d071be640babd7b3b1ad58a20eeb73f0409adbdd6b413a6c320c40e,,1,True,False,3,0.45410442,0.22384112,0.72061414,0.0071557052,0.06589617,0.45410442,0.005926538,0.18846227,0.048191566,0.23026331
5464,6768,86e9bf19188147c3d7fe6af9eec8803276f180b478fccc0bc499226d1ac04227,,1,False,False,7,0.3642354,0.18617763,0.83963275,0.017284727,0.14912263,0.17805777,0.014305469,0.16060205,0.11639196,0.3642354
5466,6771,7203cf85f78aabb4e4c4a9d8103a0fa40180582ead8bfa46859197856ca89aca,,1,False,False,7,0.55079687,0.38720584,0.70197946,0.065050736,0.1339567,0.16359101,0.0114384685,0.048928995,0.026237216,0.55079687
5468,6773,4cc8244775f353abc7e4abfc4b86c73f8f01e2cb15609eaa7738e031445ad1b1,,1,False,False,7,0.31201506,0.0036597848,0.8435901,0.010924217,0.30835527,0.1271811,0.06507199,0.10285605,0.07359631,0.31201506
5473,6778,fc9500daf0979e16409ccb0da918455bcb0e034eaaab3753b4730e117e73fd54,,1,False,False,7,0.789907,0.69471914,0.39740485,0.0037772541,0.07512015,0.095187865,0.0031227854,0.025666175,0.007218809,0.789907
5475,6780,3e70bec04e966497b045ecebf6aeb2f1aef2c48819d36226a6e76d5a1fc0f3bd,,1,False,False,5,0.28296232,0.034056425,0.85922873,0.020936202,0.09549409,0.19492209,0.017162252,0.28296232,0.13961715,0.2489059
5476,6781,3415b4f6e6ea1285ca757643ac0a62818110cf936aed5eea113be4daab5f158f,,1,False,False,2,0.45014966,0.19821331,0.745584,0.06449376,0.45014966,0.103005126,0.0059220023,0.11060002,0.013893096,0.25193635
5478,6783,b821054e9e115ba49484ae43b3ecbe64e87e2d5736f10c119e98097b386695a5,,1,False,False,3,0.45331597,0.24623375,0.7474985,0.009537339,0.17569017,0.45331597,0.0078057055,0.08179656,0.06477205,0.20708223
5479,6784,cba55132e403b260c2f8cd19fe1e4fd6c5d63c6bd9c1954cd520ffb946ab19a9,,1,False,False,7,0.56741965,0.3593408,0.6577547,0.002386824,0.0745999,0.20807885,0.072683565,0.058584247,0.016246993,0.56741965
5480,6785,62624bfdfe594c8c5312bc4dba681a1803a46bb79bb6b5e6b3bfe9692a4aeca0,,1,False,False,7,0.53180075,0.26644862,0.67139703,0.0061066863,0.063722886,0.26535213,0.03585041,0.056104746,0.041062374,0.53180075
5481,6786,dd9b90686ebe538634cb18e7f61800f0ce20d0bca58b2eefe763283f7c3c155a,,1,False,False,2,0.25860062,0.032692984,0.8305976,0.07025676,0.25860062,0.21233,0.005540461,0.22590764,0.012810615,0.21455391
5485,6790,a135e7dc12a02c7bd57fed18d83b8b83a8674aab0e6888fc86f35157ebd08e33,,1,False,False,2,0.41447484,0.20203437,0.8004754,0.04723729,0.41447484,0.21244048,0.0061340057,0.15134312,0.049916036,0.11845425
5488,6793,85a63e003f851ae1671b376df15189c10160dadc958c43963bb5b821efd0f202,,1,False,False,7,0.31108046,0.067468524,0.86265874,0.025916208,0.114640005,0.24361193,0.021449246,0.10881094,0.17449129,0.31108046
5489,6794,ced5c54a02e044398aaf4ea339aa2be8d8a477b4b1872ad307dba0055e2b1341,,1,False,False,7,0.4510198,0.10428631,0.6385859,0.0062945387,0.040844902,0.34673348,0.005203576,0.13787259,0.012031062,0.4510198
5492,6797,a841b327156da26fc7ec311eea74f25655b7df66986b180bb57e631dd3e2d9cf,,1,True,False,3,0.5222158,0.32772356,0.712585,0.011336766,0.07862534,0.5222158,0.009036966,0.1107655,0.07352738,0.19449224
5493,6798,81ad269cf42e998b87c45ef0bdfa8eb256e84b6359211043b322662b7e1b7295,,1,True,False,3,0.54156107,0.3633404,0.6583515,0.0045343586,0.040033545,0.54156107,0.0037334235,0.17822066,0.05625302,0.17566398
5495,6800,d31dc0c9d6400b2c180769a0ca8909b560e8da068d932766570cf1b191e9118c,,1,False,False,3,0.62220675,0.40341023,0.526042,0.0025946633,0.01899494,0.62220675,0.002153613,0.13026196,0.0049914946,0.21879652
5496,6801,9c8d7b6a7ea8420abe12ca8d1073eae03ec6f94f07fc8178a23e4a745f4beb0b,,1,False,False,3,0.34286916,0.03779927,0.74558866,0.0090206405,0.114478275,0.34286916,0.007540461,0.20375988,0.017261736,0.3050699
5497,6802,17797efef5d3363db5de39e56f97d4d904924a1fe4a6b19c6342c1533d3d500d,,1,False,False,7,0.33923286,0.07070896,0.7528373,0.021724658,0.08181691,0.2685239,0.01796468,0.26408947,0.006647475,0.33923286
5498,6803,9ac39f6dd8fcdcfb6a26021d09ba77651f9a1432ca17356bbc7d4f3c2d13579c,,1,False,False,7,0.3685241,0.16140598,0.838568,0.014954096,0.14137426,0.15610348,0.083574064,0.20711812,0.028351894,0.3685241
5499,6804,56b8f50bfff261b753a7ed7ba8d547a82c9c33ca44af2bc601892619aa919798,,1,False,False,2,0.5762178,0.40324813,0.65334696,0.013827451,0.5762178,0.13851234,0.0114441225,0.060448848,0.02657987,0.17296962
5500,6805,80d27b7202de45783dbbae41e3a7e989fdc383d9e437171c00fa659ded34c128,,1,False,True,3,0.36751187,0.12487839,0.8410329,0.09599257,0.13020858,0.36751187,0.007505368,0.082364514,0.073783614,0.24263348
5501,6807,138925a8c98bd4d7fc57a464af050c23bae8e4e5bc8581c70db1199cf1cf11fe,,1,True,False,7,0.5014499,0.2991932,0.6790781,0.009892916,0.055493083,0.20225666,0.008176122,0.20058332,0.022148019,0.5014499
5502,6808,c8f280e56e6214dd8251fb709ea28fec1d6530e73f89c51ab7b5abf92be2ee18,,1,False,False,7,0.4817059,0.20817903,0.61985403,0.0026961952,0.037286732,0.27352688,0.0022455766,0.1973765,0.0051622083,0.4817059
5505,6812,5c4266434442c36f4c70a0054908ee47d3ea65d114a83bb076c0912c8a6a501e,,1,False,False,7,0.4041604,0.17019597,0.7919868,0.012202719,0.23396444,0.16377696,0.11037379,0.05217099,0.02335075,0.4041604
5506,6814,7ff54bea2011d4be8fec2608487fcb5690b587ee059c8faecc3d3c8e0518086d,,1,False,False,7,0.37022293,0.0129571855,0.6832974,0.0025166,0.012448752,0.35726574,0.026461488,0.20080885,0.030275632,0.37022293
5507,6815,15b84dccfd83b025dd09d13c7855362df8a9dfc9c27ef1ef6b0c170228518115,,1,True,False,7,0.38783455,0.14559941,0.7520074,0.010538806,0.24223514,0.13413028,0.0081772655,0.19817694,0.018907033,0.38783455
5512,6820,e9b7531b22a74c188c153f8afb0d416073250f83b444cb58a0fed1033546ceaa,,1,False,False,7,0.5407549,0.3791749,0.6889703,0.05677714,0.16158004,0.14059792,0.0008924109,0.086021446,0.013376146,0.5407549
5516,6825,57edfb5f502cc11ca5b66e25960f761b349d21d42baee1240938e8bb6ac7d08e,,1,False,False,7,0.27023187,0.008154005,0.77529085,0.009033226,0.17514904,0.26207787,0.0074665328,0.25877765,0.017263804,0.27023187
5517,6826,d36789c7ad6d3d3cb144d968d57040706cce60dee855950fb91792431a99f18c,,1,False,False,5,0.33876306,0.058354616,0.7757889,0.06144068,0.09914124,0.28040844,0.0035124093,0.33876306,0.008105343,0.20862879
5521,6830,8a548916170b9bf36dc59c8ea2da73fbc424671c31ba572a172f2b35d11ec421,,1,False,False,7,0.3804222,0.08205038,0.6916075,0.008307725,0.29837182,0.24914771,0.0068779076,0.040713128,0.016159484,0.3804222
5522,6831,3197b07a07adc5ac2a0cad960d9eb707d3cbe8fb2d1757d5de4ed2c5091bb6bd,,1,False,False,3,0.37765363,0.11585185,0.7857257,0.015953643,0.070755675,0.37765363,0.013503271,0.06698262,0.26180178,0.19334939
5523,6833,975f4d469f11c763ebf6db74d16d97a39a1748bad8e880fe30e419ab718d19a4,,1,False,False,7,0.27659744,0.059989363,0.9144194,0.13386385,0.1019338,0.21660808,0.019071382,0.096750714,0.15517472,0.27659744
5524,6835,e032ec7e6c6977fb3d6fd39b3ed69f13dc27bdca2fdd8a04b01f5ee25e0242d0,,1,False,True,3,0.586859,0.3782488,0.61709684,0.04220399,0.07995842,0.586859,0.0013267108,0.077967666,0.0030739938,0.20861019
5525,6836,5ae231c6b30fb13452db380294f731de4b604be26b822e2e8b7e5b2a793320a0,,1,False,True,7,0.60387945,0.28634888,0.5006776,0.0022804255,0.027074704,0.31753057,0.019451655,0.025341254,0.0044419323,0.60387945
5530,6841,be886264ae3434be39dbaa67580ccb55464810410d15ade4e4ebda6e265896ac,,1,False,False,3,0.48146382,0.24639334,0.6913163,0.038952768,0.23507048,0.48146382,0.0055394396,0.040156785,0.012807701,0.18600902
5531,6846,7b921c03215a75a1b0a0a2bbaf50ce01aec44b2be28c5e3a5ed02eac3567c905,,1,False,False,2,0.5240353,0.35951105,0.73816913,0.058978472,0.5240353,0.16452423,0.004294108,0.11085198,0.059876543,0.07743937
5532,6847,ec329df7e7b78c188d69b7eb9be7e4ee5727d77607850e2a4e50533f8de78aed,,1,True,False,5,0.28018746,0.024308711,0.799239,0.006701251,0.19512194,0.25587875,0.005539263,0.28018746,0.045421686,0.21114969
5533,6848,9b11ed2d3aa60ef257196733236cde632236b837cc02c924286fbf69bac29c32,,1,True,False,7,0.5074779,0.3026017,0.7004679,0.0071637696,0.14600803,0.20487618,0.005723897,0.0822123,0.046537917,0.5074779
5534,6849,3025f5bbbfca91d970739554a305b6223a6f8d4e031bbeb659bd1f28238a5ded,,1,False,False,3,0.262992,0.03589949,0.84671456,0.013144474,0.2270925,0.262992,0.010731638,0.18058799,0.08732298,0.21812846
5535,6850,43ab948ba5c73ad3ce1e16194d38728026f138aac0477d276e0ea479bb7d9c94,,1,False,True,7,0.28262106,0.0031671524,0.8396014,0.020736404,0.0969436,0.2794539,0.01716224,0.087560944,0.21552184,0.28262106
5537,6852,cff948914bb439c54359eada84d66d1d9e32f44e8198fff2f73570fe9fa51719,,1,True,False,5,0.41828135,0.19613507,0.7981869,0.22214627,0.13985768,0.05585636,0.003066693,0.41828135,0.060633793,0.100157894
5538,6853,ea2c145573ab6bc41fc74546cd9a36a0c695859460969e772e06ec54b214c388,,1,False,False,7,0.47216535,0.11020884,0.6114209,0.005333655,0.103398204,0.3619565,0.0044550393,0.042508714,0.010182476,0.47216535
5539,6854,25e30641a2143e25e495179f96ebc867e3fdbd6aa4d3d0ad682e328b927d6054,,1,False,False,7,0.39247277,0.08327457,0.6843071,0.004621909,0.3091982,0.22631787,0.003816521,0.032543633,0.031029081,0.39247277
5542,6858,957bd8e5bd474982a3e0fdc854c993efc9a5373ffdf5065b18fbed71efa5f523,,1,True,False,5,0.29265958,0.014695436,0.8710529,0.27796414,0.08965745,0.11515411,0.076472856,0.29265958,0.00937377,0.1387181
5543,6861,cdd8520129f340a4dec2d3392a4e83827c29147ad32e10fc0371d209da58060c,,1,False,True,7,0.452026,0.2693865,0.7501776,0.024268951,0.1732567,0.13714683,0.02316803,0.18263951,0.007493993,0.452026
5544,6862,d8fd290a5ad35313b9a86f7874f5f7c529fb43dee699c5b7665f9ab29248cbf7,,1,False,False,7,0.43943197,0.16453776,0.7585718,0.02303893,0.10191254,0.2748942,0.019070374,0.09756667,0.044085268,0.43943197
5547,6866,467f90deaa05aabaa89dadfe6b3e61151135fc81281c65a9ed46142a4908a979,,1,False,False,7,0.51960796,0.2410579,0.6297316,0.0020462435,0.030489678,0.27855006,0.03924813,0.12609561,0.0039622914,0.51960796
5551,6870,1132c547989b7bfaec574e8fe1946c59a14ad4d7999de066a0ed05ac606c15b0,,1,False,False,3,0.25867298,0.071856976,0.94603497,0.06029966,0.15899591,0.25867298,0.10859199,0.06804854,0.1585749,0.186816
5552,6872,92557671e2eee37d2976d3722c7d64b429a21bf230a6cb7ac97e7bf1fa8cef2b,,1,True,False,3,0.41436034,0.16556671,0.75222456,0.02800644,0.079907,0.41436034,0.003993953,0.24879363,0.032496613,0.19244206
5553,6873,43d5b62042208377d6ac3a026e4d8ecdc022100040b7785bfabe04c82e2425f9,,1,False,False,7,0.5866201,0.42830026,0.6273543,0.0048614,0.05132039,0.15626816,0.003994163,0.15831982,0.038615916,0.5866201
5555,6875,984cbb0e1af0054c877420538c1a2a6001381edef7ac8a4632a82e72cc2a6b2f,,1,False,False,3,0.38372356,0.040964335,0.74040204,0.018078433,0.12007217,0.38372356,0.018344244,0.096234724,0.020787682,0.34275922
5556,6877,34d6cbb9878d287b680288f5d92d3ad11b68fabb7521337d798497e63a31a5c9,,1,True,False,7,0.5339737,0.2437574,0.6106888,0.001780232,0.067205764,0.2902163,0.0014621184,0.082649395,0.022712527,0.5339737
5557,6878,17888318e094353898630a898d1ac1acbff069fdb425eff6a7507069030ac7a6,,1,False,False,3,0.3275621,0.05101025,0.8382698,0.023039574,0.10191576,0.3275621,0.019068422,0.096733674,0.15512867,0.27655184
5559,6882,441397a408b04ed18dbdd8b07caa96e9c068565bca20b6e6d7235667225b04c1,,1,False,False,2,0.3101539,0.0675315,0.85703534,0.012978159,0.3101539,0.21161672,0.077165745,0.05812953,0.0873335,0.2426224
5560,6883,d331204b1b52065a2aaf482d275d619cd8a3c81fa06b35508e8c1b84453f6ac3,,1,False,False,7,0.31294778,0.06288424,0.832682,0.025916366,0.11464079,0.25006354,0.021449374,0.22539088,0.04959122,0.31294778
5562,6885,eda23f0df8e5936b56da70f86c179ef0a6ac3dd8e815fd31917966116ce2c2a3,,1,False,False,3,0.36810288,0.011029422,0.6780603,0.008005351,0.20856315,0.36810288,0.0066052475,0.035529383,0.016120525,0.35707346
5563,6886,64fb15691b0a042443b6e31dbb7d182e852c02ab8964007c2ea301f5e56b5b71,,1,False,False,3,0.46575263,0.121861964,0.6642221,0.012974876,0.08425592,0.46575263,0.010729515,0.057589263,0.024807075,0.34389067
5564,6887,c482919e3f51156ca6d80339fd59364934f4a91ac9ab848bbc64eabfe408ba9a,,1,False,False,7,0.35435793,0.13677177,0.78660023,0.050035655,0.21253246,0.21758616,0.003994141,0.15216112,0.009332578,0.35435793
5565,6888,1cb48028fbf5fc6fbc115c8176d790801a5417f8bcce92b3ffd560c1d8922e61,,1,True,False,3,0.29575554,0.025970042,0.86829245,0.095570415,0.15514682,0.29575554,0.0066046915,0.08493388,0.09220318,0.2697855
5566,6889,266d9315d1e814fc42c6f54a59a24afecdb940c41e90e83b6d4faf579665f5f2,,1,False,False,2,0.31929567,0.038448036,0.7889095,0.0099738445,0.31929567,0.28084764,0.028411064,0.13925189,0.01622043,0.20599946
5567,6890,b3d825ca1c7e008cd13a5f7f30468403a2af089362d6e5dba7198cdde761148e,,1,False,False,7,0.35969308,0.030020148,0.7723229,0.0110377595,0.14696336,0.32967293,0.080686405,0.04872083,0.023225693,0.35969308
5571,6894,05ab9d8dd8d918aef2c4b578524e00e75a649d5ce00d9652ab1f68872c332c52,,1,False,True,7,0.633036,0.4436387,0.5829981,0.0019255197,0.07574506,0.1893973,0.060130414,0.026788285,0.0129773505,0.633036
5572,6895,91a79d360ede4e82e97f0b783f2a3f4e9c4efc0f0194380ace8d28ec92f97611,,1,False,False,2,0.3407267,0.021809936,0.7741299,0.07874807,0.3407267,0.10126355,0.003578378,0.31891677,0.008273788,0.14849271
5574,6897,3890764e71f8c7bd5148a2cc55c9f9a20b74cb41e52e614ed66fc897cdd4ad48,,1,False,False,7,0.41179323,0.19719605,0.8055459,0.019180143,0.12674111,0.21459718,0.016188065,0.13403404,0.077466235,0.41179323
5575,6900,2566e40ff5479e96e5d0b1f1c43378a362b94c0b33e7a8621038182f1d721c52,,1,False,False,7,0.46046704,0.09210634,0.6534671,0.004717325,0.05228012,0.3683607,0.026573563,0.05587971,0.031721577,0.46046704
5576,6901,32e52e7b2cf891acc6b3e7b8bf8e2023c32e0a20c5f3afec0e51a2dd8ff9f190,,1,False,True,7,0.50913405,0.17352098,0.6001099,0.020222714,0.029346924,0.096202865,0.0028623468,0.33561307,0.0066180225,0.50913405
5577,6902,60f73d1ebdfee8bfddb144de533ec6d3aa495068af7339534f7794de290df92c,,1,False,True,7,0.5032639,0.2052579,0.5939267,0.0030764071,0.02435946,0.298006,0.0025264397,0.16282748,0.0059403135,0.5032639
5578,6903,2705eb5616b51b157ff9d19ba80e95ef7fb0a2495b01de53449f0d645f1b85bd,,1,False,False,7,0.3455229,0.110869214,0.8230054,0.014922143,0.1297381,0.1832598,0.012261401,0.07964198,0.2346537,0.3455229
5579,6904,2171919080850197c29e8929c5cc23abc6c76159f6987b699c17d34bb51272f3,,1,False,False,7,0.39609754,0.212112,0.8190433,0.01595728,0.15389858,0.18398555,0.013206815,0.12939216,0.10746211,0.39609754
5581,6907,8e03c0043374c2b2f0323a84aa1c51dabc0cb5a891646ccc5ac03e269293c694,,1,False,False,5,0.49685174,0.31653446,0.7177633,0.008646774,0.04161288,0.15702352,0.007156358,0.49685174,0.10839148,0.18031728
5582,6908,09ffc3acdf1b345dd1003bb5a3dcc346e65102072ca87f05842dc9e0dd4b10a1,,1,False,False,2,0.4196321,0.22212985,0.7901053,0.05896138,0.4196321,0.19750226,0.0015619801,0.1253474,0.03715284,0.15984203
5583,6909,fa71d8742bbde2b18a2f339622e9b1c3f540d56e633ce9dcfd64876a7287bade,,1,False,False,3,0.27999336,0.014139652,0.8536215,0.098137535,0.11285863,0.27999336,0.012262119,0.20254385,0.028350797,0.2658537
5584,6910,0d94c42195e49e3e8a2e311f676282e2f3699dc207676a01a6d7c6b583a6fec0,,1,False,False,7,0.7096338,0.5269919,0.483547,0.0076844525,0.0409259,0.18264191,0.006468664,0.03794042,0.01470478,0.7096338
5585,6911,3abef49e1746864c7461d6491d2ff097e7322ad2f78b278c187ec0bf0dea2595,,1,True,False,7,0.46020386,0.1490986,0.6516967,0.0074093197,0.31110525,0.16308711,0.0061356053,0.03783581,0.014223051,0.46020386
5587,6913,e88ddf16385cb9642cff6adf5ec1941963375d041c6f3fa59fee5cbeb66d1d7e,,1,False,False,5,0.36892855,0.038487047,0.73224854,0.010171961,0.120266005,0.14434381,0.0078042885,0.36892855,0.018043913,0.3304415
5589,6915,1d6488f829b8a01c4b0edaad0f953625897fa5c050f13cf78adea14cb9f59dcf,,1,False,False,3,0.46625116,0.18685988,0.70402557,0.07009869,0.026590817,0.46625116,0.0172151,0.13285166,0.0076012425,0.2793913
5591,6917,e1834f501138a30c0d117e4f7a7b2a98a7401f1c6455793fabf562e2ec9aa6d8,,1,False,False,2,0.2940722,0.002115965,0.77389956,0.012202153,0.2940722,0.25058532,0.010098956,0.117735766,0.023349384,0.29195625
5592,6919,9339aeaa49f20eb368eec314504a291738932b23609a511885cb7175b0f4d96f,,1,False,True,7,0.3478481,0.099762544,0.8146895,0.01220618,0.16777028,0.1317743,0.010102246,0.24808554,0.08221337,0.3478481
5594,6921,ab3e69be12df9aa48143dfeb980afd9672e89af7b7f9347a7ebe8e102589fd11,,1,True,False,3,0.32864496,0.037432402,0.7426807,0.011533017,0.26587132,0.32864496,0.009538077,0.07114749,0.02205259,0.29121256
5595,6924,8a28bb0e6b409b8e3aa175b6e0d59cb6e035c87645a3a879787eb4e0b9695683,,1,True,True,7,0.5223607,0.12397787,0.52262837,0.0061029103,0.028308302,0.3983828,0.0050509884,0.028115863,0.011678484,0.5223607
5597,6926,d2584f00c20154a333364895cc7efc536e8ee708a14677af798b40eb97621d20,,1,False,False,2,0.38899177,0.104258925,0.7126209,0.006529774,0.38899177,0.28473285,0.0054004868,0.090704426,0.0124383755,0.21120234
5598,6927,8d37146d411cb33439e8345a5bec1a721a4586f50b90959c26a44405c0605d14,,1,False,False,7,0.5020579,0.3254339,0.7562542,0.088531464,0.09037017,0.176624,0.012261807,0.101804726,0.028349902,0.5020579
5599,6928,960c2c17a788acf7f6a76d8d5ff40a7a558410c749a8eac7cc173bb37356d01a,,1,False,False,3,0.45076874,0.15936345,0.7264529,0.017285334,0.09792349,0.45076874,0.014305959,0.09523427,0.03307697,0.2914053
5600,6929,1420c77908ed8ebdc5a4bbfa3d72f1db59bb7d1c3739467c562020ac15c0b976,,1,False,False,7,0.43868014,0.13970819,0.7028945,0.01220242,0.29897195,0.15854385,0.010099173,0.05815248,0.023350002,0.43868014
5601,6930,26fb440b88bf37bdd3de74324b4bd406a3887542416e316ae8393eced74cf0f5,,1,False,False,7,0.509012,0.11727771,0.5393133,0.0031486661,0.05080306,0.39173427,0.0026222153,0.035778653,0.006901169,0.509012
5602,6931,4003e774d1fa7fca74f7e991fbb23f335637c8d2dffdb2cce8fd9b1be7b2a619,,1,False,False,7,0.36291057,0.12170409,0.8490066,0.13407011,0.10191893,0.24120648,0.019068945,0.096736684,0.044088297,0.36291057
5606,6935,fa1a76f313f64c051724e6076c966cf6d8dd768bed3e51d92e5e7e9e3f793c02,,1,False,True,2,0.4052159,0.1676904,0.7827091,0.061154667,0.4052159,0.2375255,0.0023588252,0.087434426,0.033635367,0.17267531
5607,6936,13958845fd1f70274b19d4bcca7d1a9cb95591f6bc262eed032dcc87d27573e8,,1,False,False,3,0.43649974,0.11928588,0.72401756,0.013829595,0.068126224,0.43649974,0.011445874,0.059757028,0.093127705,0.31721386
5610,6939,0a7653fb2b54326c6c80cb5d31a74a3225549e4e258f8db598f867f9c78bef66,,1,False,False,7,0.5104648,0.3708768,0.7826961,0.080475144,0.10189201,0.139588,0.07805929,0.06305997,0.026460797,0.5104648
5612,6942,dd6aa46a8a1a0630c259aeba5df26b7cc3b42e6d5233ee076b1bd9d388268cc0,,1,False,False,7,0.5654323,0.2687193,0.58849394,0.007685129,0.03468353,0.29671302,0.0063604848,0.037371423,0.05175412,0.5654323
5613,6944,faf4b9f21f8fb70ceca3ff3ccd803b83275fa10a2d7505f4dd234e444a906414,,1,False,True,7,0.3110804,0.067468494,0.86265874,0.025916206,0.11463999,0.2436119,0.021449242,0.10881093,0.1744913,0.3110804
5614,6946,5501b198645ceae11e350e3d3c6103b373f785a014d7bfed50f7ee13b4592ba1,,1,False,False,7,0.7313652,0.59713256,0.48531106,0.0035778373,0.046814125,0.13423263,0.028322235,0.04884147,0.0068465136,0.7313652
5615,6947,a8d0fb34edabfac71062e5aac5d2225024a86696883853b403c13dfe239b643e,,1,True,True,7,0.60429174,0.47121784,0.63642675,0.0076864148,0.12145516,0.1330739,0.0063615334,0.038304664,0.08882659,0.60429174
5616,6948,3e207a44e2ada2fa1811b5d50ff1da8fc07085cd978d2ef8ab1717b1b9aa623f,,1,False,True,7,0.5631548,0.39028478,0.66122377,0.00901969,0.043605443,0.17287003,0.007465032,0.056204982,0.14768006,0.5631548
5617,6951,a0c56245c2e4f23b0c4839f4982f0fb32d14d8cc3af88057e1442d9462f37c5a,,1,False,False,2,0.52264875,0.27709216,0.610775,0.0051879976,0.52264875,0.18707372,0.0042937696,0.023537332,0.01170177,0.2455566
5618,6953,b7e655081286806c670c8243a0eb4691658b67d4b53daece3614cf5819e63d50,,1,False,False,7,0.33673793,0.12105982,0.8151019,0.01885405,0.21567811,0.18732579,0.015604307,0.18972169,0.036078107,0.33673793
5619,6954,9b3d93027c5a60ac5896be59a092d6b0e50eda81d37cfb4b63f581ab826fa9f0,,1,False,True,7,0.40053877,0.11960366,0.76241934,0.011529145,0.14256914,0.2809351,0.009541895,0.05081717,0.10406875,0.40053877
5621,6956,0bc0d436492f097eca4f932348b96a89d535f3c88fb53c3a1f43af3fa5c53b7c,,1,False,False,7,0.4880453,0.3592447,0.7661145,0.028942961,0.12880062,0.10966766,0.0041576815,0.1262079,0.11417788,0.4880453
5623,6958,0fbef5ea0e8b61950a1152ae8735af528dcc3e3363104c078d42907075f5d184,,1,False,True,7,0.50872755,0.1245316,0.5549736,0.0057635703,0.058453076,0.38419595,0.004770142,0.027060745,0.011028975,0.50872755
5627,6962,2179e92b6263e181b091fea65a8f218955f873535e22dd7c6c539138b418d539,,1,False,False,3,0.34443498,0.021109313,0.7191871,0.004248881,0.118633114,0.34443498,0.003505535,0.19375886,0.012092958,0.32332566
5630,6966,de996ffd5a25edc32d7a72f7d57691a0db0971fc93f3f2c16fd948ac42e2fd0b,,1,True,False,3,0.39947063,0.12441084,0.759233,0.029593991,0.09052185,0.39947063,0.033983164,0.2750598,0.0034692793,0.16790126
5633,6969,1175b64a6de5c30685b18b4d4dc80d307af600e1e2e3a7908e92ceb9a178511e,,1,False,False,2,0.32294223,0.06623119,0.75728303,0.004343563,0.32294223,0.25671104,0.0035777711,0.2536541,0.02907416,0.12969719
5635,6973,a71e17d78f89f58ea1b6365844cdcd140beb1c8a98b62178751106644000a41a,,1,False,False,7,0.40050417,0.06627944,0.7284057,0.015954027,0.13860008,0.33422473,0.0132041555,0.066984415,0.030528443,0.40050417
5637,6976,0b85d8c4f445961789b24bcc118eac2758caad7d3e15917a029c09410ace81db,,1,True,False,7,0.56748056,0.32938832,0.6188804,0.0074143023,0.073948,0.23809224,0.0061334455,0.092750005,0.0141814295,0.56748056
5639,6978,bc85c89e07ab5118a1f6dcc8131f471915382beb2570914a60f37029e19aecd6,,1,False,False,7,0.36264232,0.113033876,0.81258374,0.013853313,0.09417193,0.24960844,0.011444993,0.10851628,0.1597627,0.36264232
5640,6979,5f1418dea80903ebb7ae59bc079ea7a97f8d2b657341369f6ca15765fb9b4bdf,,1,False,False,7,0.44287875,0.16753036,0.7265857,0.009021416,0.12745431,0.09751287,0.0074664415,0.040317785,0.2753484,0.44287875
5641,6980,3aefda9ce06f3c3120bfd9d6ba911db7229d7ce55371b11799eba45d6a8c9e16,,1,False,False,7,0.27655032,0.046256423,0.8723856,0.023039453,0.10450447,0.2302939,0.019068323,0.19141643,0.15512708,0.27655032
5644,6984,27a258886254431384496e17fc85193d5684dc114a4b7e2df4e82b99c47ebd4e,,1,False,False,3,0.45730036,0.26530236,0.7632754,0.0429309,0.18319768,0.45730036,0.0061335242,0.06853089,0.04990863,0.19199802
5645,6986,7cb3b249334d5bf03e56a591834f6041eec71ae95b5ad7dba8e76944eb5d7d6b,,1,True,False,7,0.6177057,0.4411189,0.624693,0.015953673,0.07311712,0.17658679,0.013203867,0.07290518,0.030527622,0.6177057
5646,6987,7e2b74dabffbf5387a117221bc167550624ff2e74f9b409fc1b5cf77f3a40347,,1,False,True,3,0.4358685,0.0021287203,0.5944085,0.0013750358,0.043810923,0.4358685,0.014413146,0.05486272,0.015929915,0.43373978
5648,6989,56239e6c7c6d3ea06e5a21e93235d54e575fbe4618b725e99580ccca16c21846,,1,False,False,3,0.50900185,0.30116552,0.6945415,0.010918867,0.13969776,0.50900185,0.009036852,0.10261432,0.020894052,0.20783633
5649,6990,b5530f72f01fe738676f741d08207429c14901028691a47ce6b043c6961efc27,,1,False,False,3,0.43969014,0.25539428,0.775417,0.014818624,0.18429585,0.43969014,0.012264414,0.06528476,0.099798284,0.18384793
5650,6991,7070b25061aa657d5da59ab69791977a1ceaa789ac395ad860c74b45779e2ee1,,1,True,False,7,0.31014445,0.10741076,0.86042124,0.096801735,0.18048435,0.2027337,0.004770346,0.1643396,0.040725786,0.31014445
5653,6994,a97c84529d41e30c364360e2616d86a940bd2e4a0612b01c7e6b5042bd1e83ac,,1,False,False,2,0.4250972,0.22370021,0.780356,0.050264336,0.4250972,0.19681701,0.011445178,0.08851724,0.026462074,0.20139699
5655,6996,a963653f19ec869d1129429b8d8f82da77c428829392fc79dfef75027458de66,,1,False,False,3,0.72191036,0.6011465,0.49627912,0.04655745,0.02275836,0.72191036,0.0024889812,0.07976631,0.005754741,0.12076382
5659,7000,2af4ebc56ae546c112e47f96213d2dec5239bbb855e590cfa41b8febab4fa80e,,1,False,False,2,0.36691692,0.16076322,0.78529215,0.1959327,0.36691692,0.15979101,0.0029110478,0.061563894,0.006730726,0.2061537
5660,7001,4359c7d0de89d5c23ac0a4bd272cb06a679bd337eec270c706802dd59bdda70a,,1,True,False,7,0.51527345,0.3207004,0.7137366,0.011528569,0.1264632,0.19457304,0.009538152,0.0520862,0.0905374,0.51527345
5662,7005,be36ace6655fbda8aea657732ebc087a900ea942e6a3c0e2392b942100d1df77,,1,False,True,7,0.32553226,0.091857746,0.8255947,0.023084592,0.13133289,0.2232226,0.019067893,0.23367451,0.044085257,0.32553226
5663,7006,4e7e09d2818b0d39d24281c5bfb1d73d0854b422b825469a3283e0ce3284958c,,1,False,False,7,0.3784715,0.017391175,0.74564934,0.020737072,0.09580107,0.36108032,0.017162785,0.087066405,0.039680876,0.3784715
5664,7008,9aa1178aab16caf4a0f245ffecbb55929e3c45b65276c21a43caea93ec5a38fd,,1,False,False,7,0.37057343,0.11827025,0.73518044,0.015742464,0.19921821,0.1550548,0.0021206378,0.25230318,0.0049872245,0.37057343
5665,7009,701c5c918226aba6a7156b208704bba38dc997646dd71626bf1ca2608e9485e4,,1,True,False,7,0.4427527,0.24183904,0.7913483,0.020737544,0.091732934,0.20091365,0.01716317,0.08706862,0.13963139,0.4427527
5666,7010,b10b4996c36ec6a19298e38400a8398fba53b17346eba20ee04eb062dc413e8e,,1,True,False,7,0.6667503,0.42466742,0.4843645,0.004827862,0.04873259,0.24208291,0.0040101507,0.024361642,0.009234573,0.6667503
5669,7013,06d1e73e6b971a633c92f1cf48d0af4b170f23cab9d4fdd8eac0b02f64e90a0d,,1,False,False,7,0.44836354,0.24435858,0.7557654,0.0129732145,0.18203971,0.20400496,0.01073702,0.05447389,0.087407656,0.44836354
5671,7015,dc18c979b568aeb3d2d77758bf931b71785c320f72377174ca5f9aed4c34bbf5,,1,True,True,6,0.35393718,0.014300913,0.7293964,0.009880043,0.047206674,0.19826292,0.008177076,0.042899832,0.35393718,0.33963627
5673,7018,64a1c0f91804099d6956064f35b7fb4339d7f96046cdf0bdb519958fb605d013,,1,False,False,7,0.42078242,0.17154504,0.78986555,0.025916304,0.12421213,0.24923737,0.021449324,0.1088114,0.049591076,0.42078242
5675,7020,260a8c66e1b6a38b2abafc86c46bb0c0a8a1d2d224722b92e9794e1c337d7e4f,,1,False,False,6,0.39068714,0.14343259,0.82350254,0.013827467,0.06535129,0.13436481,0.09045902,0.058055732,0.39068714,0.24725455
5677,7022,3f8ea159f04683f5e91dcd4fe7463c1f1f02c4cb3f2dd6c5cd28c578ed64e716,,1,False,False,7,0.39012364,0.054786474,0.66463023,0.0010424538,0.018060958,0.33533716,0.0064916285,0.21389125,0.035052925,0.39012364
5678,7026,0bf11e6d0b5c516944f4bbae2eb463985b664808f9e5c19905bec57d6ad30ac7,,1,False,False,7,0.49344128,0.33583272,0.72483534,0.0031974167,0.12184684,0.15760858,0.0026422178,0.13820757,0.083056085,0.49344128
5679,7028,11470610d72b7db66a74b7d1b853abf1c86287a9287ba3942ef1ea8b322619fa,,1,False,False,7,0.3110804,0.067468494,0.86265874,0.025916206,0.11463999,0.2436119,0.021449242,0.10881093,0.1744913,0.3110804
5682,7034,bc7a7a22b9a4c3208d4d46597afd41c74338cdfb1ad2cec3dad419125ed708a7,,1,False,False,5,0.44992054,0.1978814,0.7182705,0.009884572,0.25203913,0.13885807,0.008175784,0.44992054,0.018902818,0.122219026
5685,7037,b6e573fa17df0a7d1f7da69acd46fe20117b3b937290f487ffcc83eabe4eecce,,1,True,False,7,0.5498871,0.34473068,0.6880785,0.018852359,0.087302215,0.20515645,0.015602931,0.08712476,0.036074176,0.5498871
5686,7040,7e6b82992f4699e1fd1fe3b1ebe5f95baff7ff9c37368a153dcd7495ae4201b4,,1,False,False,7,0.7280004,0.60256875,0.4741244,0.005611776,0.028973442,0.09660062,0.0046488023,0.12543166,0.010733287,0.7280004
5687,7041,0333a1100a1b8af5d3e964de8d6cdb09a9660da21795859110848c722f762e47,,1,True,False,2,0.39904967,0.16924648,0.82604384,0.012964237,0.39904967,0.13759,0.07067317,0.062627204,0.08729249,0.22980319
5688,7042,b8205b5af586368bb48443bd0ec9ce25137cb73ea4235cf335bec4fbcc448206,,1,False,False,7,0.34821695,0.12359795,0.8047323,0.017282503,0.224619,0.17549717,0.014303654,0.18666041,0.033420347,0.34821695
5689,7043,1bd6a46d1f42d47ae00a70ca787b643e90e16a33867af69009be3be910640574,,1,False,False,3,0.47474915,0.16872025,0.66297877,0.024019212,0.037184346,0.47474915,0.0018701954,0.13582249,0.020325726,0.3060289
5690,7044,fdbd1e8e3fb1def458f705878620e93e24af7181ccee08e74d1c77c63fa84ea1,,1,False,False,2,0.5111085,0.31933442,0.70385176,0.0036555035,0.5111085,0.09202051,0.0030145599,0.1917741,0.07469521,0.123731606
5691,7045,f86325f5dbb5a3a56369221bb1fc658e48d4ed3b07710ca88df77160d815a7f5,,1,False,True,7,0.42019904,0.2014334,0.79011595,0.015953911,0.1019916,0.21876563,0.013204057,0.077233,0.15265277,0.42019904
5692,7046,58988c72fd3d4ed8e1c870cf88e21cc1fe7b3db0fb25f1f70e413b5c11c4d471,,1,False,False,2,0.38707197,0.16527979,0.81158113,0.01729972,0.38707197,0.16490133,0.014303748,0.07826565,0.11636542,0.22179218
5693,7047,a4c29cd878232b11520d472ee02001623b62a82ca5caea2b104bf163d36783c9,,1,False,False,5,0.26360822,0.008883327,0.82378626,0.04102202,0.22564411,0.1838007,0.024107961,0.26360822,0.007092117,0.2547249
5695,7049,157d41da4fb6c43459de39865aa68fee6e1366e6987e60d0f0e7275acb6ede94,,1,False,False,7,0.45400584,0.069720864,0.5991623,0.0038418693,0.11100434,0.38428497,0.003132291,0.036510788,0.0072199176,0.45400584
5696,7050,0bcced66997cebe1aa402a145c6fbb86990a7851f3f016695f67eb914624aa2e,,1,False,False,3,0.44442925,0.20667152,0.73593426,0.022211362,0.23775773,0.44442925,0.012334947,0.17720409,0.017016204,0.08904643
5697,7053,255117bff27e427691fc283869eeca2739f382fc4813e1162819046c911df0cd,,1,False,False,7,0.43686906,0.26001984,0.7987275,0.017282618,0.10341156,0.17684923,0.0143037485,0.13491839,0.11636541,0.43686906
5698,7054,b4e8545f2fff55ae7fd33d3fc6a529d84160c9f2751952eb64cb80dfd0c69b4d,,1,True,True,7,0.6472031,0.47253382,0.5593398,0.0028980912,0.02442699,0.17466925,0.018213795,0.018507345,0.11408145,0.6472031
5699,7055,438b20d3d878b73ed3b2fddd6891495110665f1ef3952bd71dedaada5a9376b7,,1,False,False,7,0.45473638,0.25104403,0.75476676,0.018853173,0.20369236,0.18428831,0.015603595,0.083209395,0.039616827,0.45473638
5701,7057,5664accedccbaebfde4d9a2faf2c767b9debea45ea84eee1ed330f27c6a50e4c,,1,True,False,7,0.27654353,0.052610934,0.8766691,0.023038913,0.11811514,0.2239326,0.019067883,0.18418168,0.15512021,0.27654353
5703,7059,de096ca580b5a05412d54336eb2eadba543ea68f1e80956d8ce53b708159f90c,,1,True,True,3,0.38215175,0.07380286,0.7472359,0.012429703,0.16126777,0.38215175,0.02511179,0.3083489,0.012347735,0.098342314
5704,7060,0a5704bb9d14b67a862f383ec718a10486ee2a0b1587346598164bfe1f9329e7,,1,False,False,6,0.282179,0.0450709,0.8512827,0.16889554,0.048394337,0.20835578,0.009206027,0.045861237,0.282179,0.2371081
5705,7061,c99dcda6e1be226e0e2c13d4f2e296c39a03ab11c42acb81e202f3ff71348b10,,1,False,True,7,0.5172879,0.2871266,0.6594014,0.009880646,0.16837673,0.23016132,0.008177565,0.04720794,0.018907882,0.5172879
5706,7064,d9e0221b05439be728748d340b9fab82bd59e0c2483d832e9fe50d49ba4db250,,1,True,True,3,0.37357843,0.06585875,0.7742504,0.013004488,0.082119316,0.37357843,0.010730274,0.07231978,0.14052807,0.30771968
5707,7065,8c82681730902acca7ea099939317b65d2447c5c718fc23aaac55b607e493133,,1,True,False,7,0.47441664,0.104344845,0.6208047,0.0040710154,0.02801235,0.3700718,0.043358613,0.07225179,0.007817819,0.47441664
5708,7066,7a14b94e8bf91515b96eecbb9c6963914d987694bde17d268ed9087d9558f7fa,,1,False,False,3,0.38630077,0.10188699,0.665419,0.0061026444,0.27729657,0.38630077,0.005092341,0.027668415,0.0131254345,0.28441378
5709,7067,808aaa2963367d72dfbca2bd61edb7be753705b1faeacb97aaf70e3c1129f1fd,,1,False,False,2,0.34815195,0.10245994,0.8557778,0.014816986,0.34815195,0.1468807,0.08103049,0.06365073,0.099777155,0.24569201
5710,7068,2ab3caed9b08760640987dfcaa292615835e8906464e16c1b637ef71862ab7e4,,1,False,True,7,0.38986483,0.028997064,0.7072135,0.0042353603,0.14475982,0.36086777,0.044324715,0.027400719,0.028546786,0.38986483
5712,7070,2b90388f92881f68662ea92dc3ce8e5aed906cba5c7248479ae9fcfa64fc9c97,,1,False,True,3,0.356231,0.10986836,0.8204179,0.013371805,0.19049065,0.356231,0.077031635,0.0902962,0.02621605,0.24636264
5715,7073,91308b763556bb15fd285b10e537fb245838247d46c5d7c78cd9e4a8db285fd4,,1,False,False,7,0.31438062,0.035439134,0.78699213,0.008164919,0.063746914,0.27894148,0.006604411,0.23261541,0.09554622,0.31438062
5716,7074,edabba7acc0001e8f23bf80b7bb4f7c7b1ecc9ca92a8eed10efb41c8fc39a067,,1,True,False,7,0.4803966,0.28996783,0.72505105,0.007979521,0.06338131,0.18052545,0.006604145,0.19042875,0.0706842,0.4803966
5717,7075,d2b45538b780891eabc70633865cc332d2dc83a53d745b2b1f1d51de3fcc2d38,,1,False,False,7,0.31108046,0.067468524,0.86265874,0.025916208,0.114640005,0.24361193,0.021449246,0.10881094,0.17449129,0.31108046
5720,7079,5e798fa95984ee7028384e643d6d2e977ea7937286e5b3ca0154da68d318d046,,1,False,False,5,0.44571432,0.24074076,0.735848,0.0031999508,0.10372042,0.20497356,0.049357947,0.44571432,0.00620269,0.18683106
5721,7081,3a1a3be87d21c9a452f8b893e3a15bb02caddc6b59900876f32dd9294be2e4ad,,1,True,False,7,0.5482274,0.3528249,0.6980779,0.020736514,0.09172783,0.19540253,0.01716233,0.08706378,0.039679576,0.5482274
5722,7082,eb1b63a4c4fea392ecb7b37d5dda7f475ac2abaa4fed8ce90708e3f974f23b54,,1,False,True,2,0.630818,0.44404298,0.584839,0.0045224037,0.630818,0.0935309,0.031929754,0.043792326,0.008631588,0.18677501
5725,7086,31977502137ad009015ef480984d68ae6674d6e0d5745726450c079dadd1c7ae,,1,True,False,3,0.31552634,0.020257771,0.79673773,0.009429683,0.18763795,0.31552634,0.0078043533,0.12083935,0.06349372,0.29526857
5726,7089,e576374df5f862e2de11f4058fcda760e8b32cd86ab7441986076a7802a60c51,,1,True,False,3,0.357064,0.09406844,0.7968799,0.26299557,0.09259682,0.357064,0.008584803,0.06189479,0.020041244,0.19682278
5730,7094,06404c5ba91ddc42d64c8507b8feec1274a56fc6e12ba7c9e1075848096f1ab1,,1,False,False,7,0.4057476,0.007227361,0.65953374,0.009021425,0.06003191,0.39852023,0.0074703447,0.10194742,0.017261054,0.4057476
5731,7095,f0fa979b7bc9441be61e4aa3e755caf15dce781900f94265bc91d4e04cebc7f0,,1,True,False,3,0.6242487,0.388524,0.53728414,0.001760089,0.035524845,0.6242487,0.009959434,0.08940956,0.0033727176,0.23572467
5733,7097,750c7754a8e8b19e77b98bea92ba7d8892c9c79817f5286c6082dcb71cd32e8f,,1,False,False,7,0.3110804,0.067468494,0.86265874,0.025916206,0.11463999,0.2436119,0.021449242,0.10881093,0.1744913,0.3110804
5734,7098,2c54d4e9c22d9ff3435312f0d5a9166af237cbe0f77fa8e51ea48c8814016bd3,,1,False,False,7,0.24961065,0.0070428997,0.8942493,0.16970521,0.091057524,0.17163378,0.012261604,0.06316346,0.24256775,0.24961065
5735,7099,712c251ac0b76cd2467c3d94d4a65ac1f9780a9359057ad759f133c3f0962c2a,,1,True,False,7,0.5536635,0.39059502,0.68255496,0.015954314,0.15153223,0.16306847,0.013204387,0.072047964,0.030529106,0.5536635
5736,7100,aa753d3dde1b01dd61f375f48c9a17050da2e74f9fbdd4d95887dd549e475220,,1,True,False,6,0.30872515,0.04079953,0.8221013,0.01885472,0.08340493,0.26792562,0.015604861,0.079164065,0.30872515,0.22632068
5737,7101,a430c5841c7cca481c10dc8de611a03e2adc484bcd15eec1eba5a864d560520e,,1,False,False,7,0.48045248,0.29790664,0.7661075,0.018852536,0.09645834,0.18254583,0.015603077,0.07915379,0.12693398,0.48045248
5738,7102,2fa3bb5c79c3b979a260b7af24284a044e0bbc06fa49d1539fb8ddde7cc1e054,,1,False,False,3,0.641452,0.4527517,0.536903,0.024383439,0.013974968,0.641452,0.001829677,0.18870032,0.0042266613,0.12543292
5741,7106,e5a81c89389f25dcb2c81fc67445989c84d73de24ccb03f0b1452fecf16d3bf1,,1,True,False,3,0.5077107,0.17251652,0.6142739,0.012415076,0.06814838,0.5077107,0.01772883,0.33519417,0.0021236339,0.05667923
5743,7108,ee434f1534d4a7f0a003bb9c1f76652479a5405d558f3855af73e6d5ac0ad805,,1,True,True,7,0.37307397,0.02702251,0.7063471,0.010373096,0.18683152,0.34605145,0.008585151,0.05523514,0.019849736,0.37307397
5747,7112,4f05c407c644c131ba321531c104b1a71eff71389243b60ff54d2663d75d9d44,,1,True,True,7,0.32424244,0.08773664,0.83863556,0.014815902,0.16591175,0.14649853,0.01226219,0.2365058,0.09976341,0.32424244
5748,7113,55d0f57fd2235b0a77541acaf4a1eea366166e952921449ee360dc0bdf54fcf5,,1,True,False,7,0.32271948,0.062149286,0.8640802,0.01481485,0.15256962,0.2605702,0.08364437,0.06593057,0.099750936,0.32271948
5749,7114,1bbf9afd7ea0716f921a78b9ddf5ebabb89e1b3f5363eb486aacb109f4b5acd2,,1,False,False,7,0.5994755,0.45761257,0.6348672,0.010372035,0.1057096,0.1139715,0.008584286,0.14186291,0.02002422,0.5994755
5750,7115,a2eaf6236fec11cd481d88519791ce4669df8201687667d334ca59f9551256f4,,1,True,False,7,0.5769141,0.3136845,0.56849504,0.0037056154,0.10864209,0.26322958,0.0030669007,0.037328362,0.0071134134,0.5769141
5753,7118,3dd00d54031bb26959c997240a9a8b044bb7cf6014a07c323fc8081c7f29bd54,,1,False,False,7,0.40655923,0.14628625,0.7912762,0.018915066,0.0875839,0.26027298,0.01560317,0.08413012,0.12693551,0.40655923
5758,7123,811971f08c646b67d433020aaba211c9e2d6a8f19ba814448bc6f0a371267490,,1,False,False,3,0.5584372,0.23464832,0.5323251,0.001616661,0.014100526,0.5584372,0.0013212692,0.3237889,0.011089998,0.08964539
5759,7124,9de53612d0405bf39cb5488bf259a0ba27b7f26e284ae539023c784c037dd362,,1,False,True,2,0.29650038,0.03011772,0.7732459,0.009076377,0.29650038,0.17596178,0.0074743247,0.22734466,0.017259777,0.26638266
5761,7127,80a145970fc48b0bac27f1a6101c15f3d66aa7a66b696278a0309b25b6e9bc74,,1,False,False,7,0.44846478,0.061377704,0.62637943,0.007411712,0.08242853,0.38708708,0.0061341845,0.054290187,0.014183544,0.44846478
5763,7130,99f66a6d790c755a0e56018011750705ee5d8a7f482f41e8a440d23482425545,,1,False,False,5,0.45482406,0.16679257,0.6615529,0.005948481,0.049240872,0.2880315,0.0049083396,0.45482406,0.012132498,0.18491425
5766,7133,400aab9b86f76303649ff2d6b52fa57c21dc44e9d2ae600f08c49603781fcc3e,,1,False,False,7,0.37724072,0.076319575,0.72989696,0.012234998,0.06259541,0.30092114,0.010099451,0.21355747,0.023350798,0.37724072
5767,7134,1cff3cc718bbf6e59807f77b46ad005f0d91f37a5925d1ba31042bba5390a7cc,,1,False,False,7,0.3131313,0.07040304,0.8295103,0.013828128,0.07251716,0.24272826,0.011444676,0.18659127,0.15975918,0.3131313
5769,7136,3abcbd2bd3e8a4744a14f0d8e51ac179d38f9c06755ffa16ab81cc1d59d180a9,,1,False,True,7,0.7059557,0.60301715,0.5318838,0.008298173,0.0916801,0.10293855,0.006873607,0.05614909,0.028104799,0.7059557
5770,7137,0c42c38811cce39f7f4fc3545776e5049a9f4ba7127f2a3a27d28857c7921d71,,1,False,False,7,0.4420536,0.13934049,0.702219,0.006371849,0.03990473,0.3027131,0.048159823,0.14861093,0.012185926,0.4420536
5771,7138,9aca9eaad07dff4c1e9901ca628c4e7097d0238626fa72725eb40dccb38bfdfa,,1,False,False,7,0.6560711,0.48720345,0.5333688,0.0021096594,0.016337464,0.16886768,0.0017349432,0.12136168,0.033517465,0.6560711
5775,7142,afb39b37906243bfbe7ab2839ffb23ebc400b80138edf21f3565149dedce7e11,,1,True,True,7,0.36681798,0.13065684,0.7915992,0.015955567,0.072245896,0.22855337,0.013274412,0.06699165,0.23616114,0.36681798
5779,7146,9724f45a91ba5e79f9ac7abbb3e8f6baeba81a7776142ed91fd8b74b55173665,,1,True,False,7,0.7179567,0.6102722,0.52565336,0.028241174,0.08056931,0.10768451,0.0073006656,0.025122087,0.033125572,0.7179567
5780,7147,2c7bca844192b452584490b5f279fb9bba6b850dd525b5a40122682b36945a45,,1,True,False,3,0.42912173,0.14828235,0.7559565,0.013828045,0.09739622,0.42912173,0.011444608,0.07426093,0.093109064,0.28083938
5781,7148,5148dde84a9bd659fc9abc0e8340c260c19b56ddfdfb90323ced7d38286d5da0,,1,False,False,2,0.3777888,0.14159377,0.75129986,0.008299983,0.3777888,0.23619504,0.0068685296,0.17326401,0.015880665,0.18170294
5782,7150,5af55a830fd1b323528b9b2e83d4e1fc1f972b12d2638d07cba4b6c204ce5b6f,,1,False,False,7,0.75048333,0.6234114,0.44415042,0.013358437,0.027051771,0.12707195,0.0019222429,0.07567464,0.0044375826,0.75048333
5783,7151,9057db5ad00f1624a41be0e2b24ac9f898e32a12c0545ca103f9e4fab751e582,,1,True,False,7,0.7147023,0.5450128,0.48729387,0.005928505,0.029650979,0.16968954,0.004934131,0.034646258,0.04044826,0.7147023
5784,7153,0565a4556e8b03d0474ec02fa9ca7bc7dd3598c77916f7136a1e2d4b4acb05ea,,1,False,False,7,0.60353357,0.4534273,0.64490944,0.010374287,0.052442547,0.15010627,0.008584017,0.10512623,0.069833085,0.60353357
5785,7154,51baafdfb3d95e059b56868105e7f3963517342b83de3b781398c4ea7ddc1da6,,1,False,False,5,0.42109886,0.15380803,0.7510778,0.0074096,0.26729083,0.11094747,0.0061324597,0.42109886,0.062978715,0.12414207
5786,7155,495225d04ea89ceb9e27f3801b414b8cde8d937bddc2eedef983e859b7633db4,,1,False,True,5,0.50856894,0.33589292,0.7340804,0.11590736,0.06812113,0.1067717,0.0030671444,0.50856894,0.024887672,0.17267604
5788,7158,fe8df40e2ac212f709692357ee397b90ad9791126272aed34d500bebd70b8912,,1,False,False,3,0.29792422,0.0008094013,0.76672757,0.009019845,0.21153203,0.29792422,0.007465157,0.15968402,0.017259875,0.29711482
5790,7160,5ce3a8b42d3f993ec3ffaaa5bd5cc6161627bcca34b9f3cad2ced8393e66e540,,1,False,False,7,0.44544113,0.16531193,0.72795177,0.011524198,0.065278746,0.1353366,0.009537857,0.052752297,0.2801292,0.44544113
5791,7161,24c85f5bd1d67f1c1725f91e12e9002ab359cc179824376369830e17fc57c24f,,1,False,False,2,0.34429327,0.08102846,0.7561002,0.007982369,0.34429327,0.2632648,0.0066039525,0.16281345,0.015268694,0.19977343
5792,7165,4e1598090421bac965a0ca815ee5b9dd40ca25093285f1c70ce73bbcd4ead8cb,,1,False,True,2,0.54635954,0.37516385,0.6995925,0.08825181,0.54635954,0.109136626,0.006867815,0.06230993,0.015878635,0.17119569
5795,7169,d588d9430419d8c5e27fb40d6fdf590be3bcfbbe97af955e83bce69f73a96331,,1,False,False,3,0.4718886,0.13451228,0.6029261,0.0018058796,0.025005523,0.4718886,0.0014814346,0.15007049,0.012371773,0.33737633
5796,7170,f75db7fe741daedf89437033cbaf0184fcbdb1bd1fee5f166e385092c76cc1e6,,1,False,False,3,0.5176176,0.32528064,0.6977246,0.0686656,0.022912879,0.5176176,0.0026021276,0.15913524,0.036729667,0.19233695
5797,7171,e32ca5d53db6ceb355cd7e95401bbe632d76242f55da89ad8b833bf037c05130,,1,False,False,3,0.5805335,0.25557408,0.51621383,0.0034848386,0.02224482,0.5805335,0.0028735634,0.058522508,0.0073813135,0.32495943
5798,7172,7e0eafb3d5cb8f7f4b008f3e4b18f3e1bfc1d61bbe8fb444a614ef86e3e651da,,1,False,False,2,0.42223284,0.15415853,0.7111126,0.0061038183,0.42223284,0.2680743,0.005052325,0.14028001,0.011679412,0.14657731
5800,7176,831d2c9b81e8d2c1767c7e72eb8f3eb2992d77175f435ccd8e0860486d1b0cd8,,1,False,False,7,0.54385835,0.21069613,0.56497943,0.0061030863,0.06949661,0.33316222,0.0050708144,0.030630061,0.011678891,0.54385835
5802,7179,734c281f44c678d51db3babbcf00c5b77c846b7b8efbb2639a9328e4e203f365,,1,True,False,7,0.51738465,0.2244047,0.6589508,0.027254375,0.039329417,0.29297996,0.0033674436,0.060758144,0.058925975,0.51738465
5804,7182,fbaa93fc38befc2041b2402e1ff9d03c287f53ce2204491fc9128bbbd403bc7d,,1,False,True,7,0.40281677,0.024689943,0.6341243,0.0019787748,0.036947645,0.37812683,0.0016356944,0.1650532,0.013441102,0.40281677
5805,7183,d63d8a9d4cc6c01fb87c30a14ee1816637bd78067620792125131f82281d87fc,,1,True,False,2,0.29229555,0.05928178,0.78933793,0.22716779,0.29229555,0.23301376,0.015607976,0.021330616,0.0054508583,0.20513342
5807,7185,1429a2fbb7c806c695b1d1ebe66bf2c365925c14e34c2494acf67eb9f1fcefb3,,1,False,True,7,0.7427696,0.62369096,0.48361272,0.010917406,0.05014374,0.11907863,0.009045163,0.047154807,0.020890651,0.7427696
5810,7189,a6f219daceacf9994b6230dff880baea9e9b915e6df78637d520b83932f359a1,,1,True,False,5,0.297211,0.0801128,0.87236696,0.04963255,0.15928237,0.1942726,0.06723241,0.297211,0.015270901,0.21709819
5811,7190,2e614e954d4e8e4d2ab700c22e2ded669280616d001d2ee4e7e61c53b404cf7d,,1,False,True,7,0.64529276,0.37859845,0.49744463,0.0037937681,0.019840047,0.2666943,0.040421594,0.01653683,0.0074206647,0.64529276
5812,7192,c2ecd8a4cbeb9c9b7c0ce3b20daea8bb1df59cb764d11d4393a9cc4ef0c8043c,,1,True,False,3,0.5353655,0.21817598,0.5945856,0.03593185,0.07644631,0.5353655,0.0025669234,0.026495304,0.00600462,0.31718954
5813,7194,c08c821ccd0e1bd9054e71955354a99f29251917cc4fa17098b83c65e899e3e7,,1,False,False,3,0.38857338,0.11488038,0.69159544,0.0024487271,0.05578871,0.38857338,0.0020134456,0.273693,0.023238515,0.25424424
5814,7196,ad27eb691097ca97868d1a19bed618cb01ad37f6fbef6e0605b44051c5e8f71a,,1,False,False,7,0.32422456,0.08027284,0.86266536,0.015954267,0.08907562,0.24395172,0.075069584,0.06742828,0.18429592,0.32422456
5815,7197,09c3bb45fb99374d553242c8474be4146575abb64351778b496adc6ff33707e6,,1,False,False,7,0.3175961,0.035315752,0.7621593,0.009044913,0.14223969,0.22411305,0.00746537,0.28228036,0.01726048,0.3175961
5817,7199,088c1f1d381a57edd2f33b1285aebfd9d281b58be06ced23b4d2d5e6225e2256,,1,False,False,3,0.36408937,0.07081416,0.7138941,0.0071542608,0.032764077,0.36408937,0.0059331707,0.043280337,0.25350362,0.2932752
5819,7203,5cc232c26fd71aa02dec18e462884eba2d333dbd905eb1e13a775f9ded169996,,1,False,False,3,0.38188973,0.092576474,0.77633554,0.10577067,0.14564459,0.38188973,0.0052034813,0.029844012,0.04233427,0.28931326
5820,7205,f2898c122c0dfd910408c5e241d6e5cb54b1cd279533e905e3692a8bd6aba63a,,1,False,True,7,0.28728294,0.05967474,0.8487374,0.01730016,0.076455966,0.18130204,0.014304777,0.19574586,0.2276082,0.28728294
5821,7208,cc75cd3d6d4ce6e7b8225b3de490cf010214b0ea9c09e8b5947d332e1bf1f07a,,1,False,False,7,0.49609953,0.29358315,0.69400847,0.012964111,0.19588488,0.20251639,0.010729582,0.056998294,0.024807267,0.49609953
5822,7209,c661f45a0efd4e1b31c4305aec00df3598af461399e31a372a92179b993c9a07,,1,False,False,3,0.43783605,0.10399923,0.6919969,0.008427772,0.03745913,0.43783605,0.0068698493,0.11050098,0.065069415,0.33383682
5826,7215,490a094a1a6a50a7a8bbfb061826ba2cb46de5133fa737b429eeb770d793cdb6,,1,False,False,3,0.6238275,0.4068989,0.5654398,0.002563242,0.024105016,0.6238275,0.21692863,0.040333334,0.0051929085,0.08704933
5829,7219,6d396dd7e20d50da2a2f582ad6f146adf16de3c536ae02a22060baa6dd6b3793,,1,True,False,7,0.42436323,0.06423053,0.68964964,0.012965005,0.09217069,0.3601327,0.010730311,0.07482871,0.02480934,0.42436323
5830,7220,e6b7c9c65d9d287b950d184f0a6f20d4bd839da8e9906f448440e6be717961ca,,1,False,True,7,0.6499892,0.5019768,0.5753396,0.005934932,0.12066606,0.1480124,0.033433482,0.030619847,0.011344131,0.6499892
5831,7221,4131041d2567961ea42e43433b97b90f5dc6f22713bc0728f26ebd119f70b492,,1,False,False,7,0.6483564,0.3945012,0.50807655,0.006725391,0.03939731,0.25385517,0.0055392385,0.032541327,0.013585196,0.6483564
5834,7224,49884434b0877559b6bd121e99497fdfcef9b6835c7036cb786064df1bc3f545,,1,False,False,7,0.5786496,0.42504507,0.66173,0.014815261,0.07107195,0.15360449,0.012261665,0.14024085,0.0293562,0.5786496
5835,7225,616849568af3d9c3e32175adb4e11af771a94e8b84837a63fb600e58b5de0081,,1,False,False,7,0.5838903,0.44834235,0.6579911,0.013069784,0.13426441,0.13554797,0.010729397,0.09658613,0.025912022,0.5838903
5837,7227,4bd74534b18eeb61b74114750b08b83328431703fbb4cb1ed6bea4225e409588,,1,False,False,5,0.41172588,0.06598285,0.6953136,0.009499566,0.081746,0.12502508,0.007804049,0.41172588,0.018456364,0.34574303
5839,7230,d4dd89e51c5c0854ffb7f3dfeeb5452f3bfc2a06a3d94afb40576db7c16f96c1,,1,False,False,7,0.5547679,0.3471706,0.6821713,0.018853065,0.08794606,0.20759733,0.015603508,0.07915631,0.03607582,0.5547679
5840,7231,26744ca5e481fbeb229f2a224b5d2a63375104f4ccea3fe8f11b1866b2d49008,,1,False,True,7,0.285808,0.022927344,0.8846197,0.107354775,0.07288148,0.15044665,0.013204352,0.26288065,0.10742409,0.285808
5844,7237,dd98de877a46f14527d2b160a7784c6fe0b664aa643b78d86a3748b4283774ff,,1,True,True,7,0.43123925,0.18023115,0.6818564,0.007710061,0.046019614,0.2429587,0.0063598296,0.2510081,0.014704483,0.43123925
5845,7238,fa498da82c0b23116de236dd1c1c6626c69eadc0bf4829734739dd3ad001cf8d,,1,False,False,7,0.50009114,0.27963638,0.6867619,0.012201599,0.22045477,0.17771919,0.010098503,0.056086663,0.023348097,0.50009114
5846,7239,c2ecaa525b9c5124552eb1a462e89fba8e643a4a24c831eda5a8005e01bb1443,,1,False,False,3,0.39586827,0.055753052,0.74389064,0.014815526,0.07354294,0.39586827,0.012288881,0.0643078,0.09906135,0.34011522
5847,7242,d5008a4bfc8414b9fd5451202a3e167d7598e30a70b31960a8860a325975968b,,1,False,False,3,0.41503206,0.12085307,0.73485744,0.007411029,0.294179,0.41503206,0.07774928,0.03645557,0.014203146,0.15496992
5848,7243,c44c5b5766694afa0ddaf54d330f095453a2be839c8d5961efc115035684f78d,,1,False,False,7,0.36289838,0.17160161,0.8380548,0.16977842,0.070674896,0.19129677,0.013205455,0.16161391,0.03053215,0.36289838
5851,7246,399cda961e6395b1e59e95ce2ff6585b81eff40b127da4280ace8d59ab29b398,,1,False,False,3,0.606397,0.43139106,0.62633884,0.008644551,0.06007856,0.606397,0.007154547,0.042868257,0.09985124,0.1750059
5853,7249,0cc8b4d002387386bb7e696f76458afaa355ac02fdbbd641698fe120cc066d9b,,1,False,False,7,0.4037801,0.06752953,0.6589148,0.034005184,0.33625057,0.20090152,0.0022311073,0.01767467,0.005156864,0.4037801
5854,7250,db192b2d46e5a4618f440cb6e7a328391cb305c0ae61501536ba8cfda0c8a59b,,1,False,True,7,0.62154496,0.37398794,0.5329058,0.0029765042,0.04683406,0.24755701,0.002453576,0.0729499,0.0056840032,0.62154496
5856,7252,c55d99ff83fae0c1258afd45637555d56d29e50850bd325d2c18d70338c8bc99,,1,False,False,7,0.35355833,0.041316777,0.77982265,0.013074009,0.15931219,0.31224155,0.010729233,0.06379913,0.08728553,0.35355833
5859,7257,7e9c30f71ef8a6f012db24ff3096006587dd9c74010cd9f49f35db8415967441,,1,False,True,2,0.67894495,0.5250812,0.5134176,0.025096588,0.67894495,0.15386374,0.001974022,0.015090278,0.0047395923,0.12029086
5862,7260,f33ec457a567a15a22f0f01e3aa0e7ae868dd13b30d4b55da7138a4eae140641,,1,True,True,7,0.5735726,0.377028,0.6199763,0.004943806,0.1078883,0.19654459,0.0040989215,0.1034979,0.009453919,0.5735726
5863,7261,1bb99982947a86635642e60f92e7076fbfbf1949bfd3faaa70f9ce4cd5182d47,,1,False,False,6,0.412055,0.13932493,0.71889293,0.008298739,0.05276629,0.27273005,0.0069104084,0.03699743,0.412055,0.21024211
5864,7262,0f9d1ae0afdca2041e03c2496bf68ec72f2f986b631e066fd40dc2b53524f25e,,1,False,True,5,0.3805577,0.04744962,0.7057278,0.006318017,0.10240057,0.33310807,0.0052046212,0.3805577,0.012034034,0.16037703
5865,7263,f1fe59fc2ccdce35f3bc99c6731820e0f83beb13c4b61b315fc3268e6fa30795,,1,False,False,7,0.3875321,0.1709572,0.8267789,0.023039853,0.10191712,0.21657489,0.019068649,0.096734986,0.15513238,0.3875321
5867,7265,8ac7b2a0f2c984991145dc540a1f5ab3d985f7b403505f8942afc994cb8aed76,,1,False,False,5,0.41657218,0.15434337,0.768454,0.041619673,0.11597836,0.1324418,0.014695615,0.41657218,0.016463606,0.26222882
5868,7266,2e91f148a74e7145d2e49ae1db29969cc98598d24794a747c432e0273feb6368,,1,True,False,2,0.33087787,0.05230552,0.75829345,0.12227539,0.33087787,0.27857235,0.0023852244,0.035214923,0.005514816,0.22515944
5869,7267,a5472aaa6ed34f414939b53880366fa32c9f29e21dfee5ddde5a93cf539c8248,,1,True,False,3,0.4177667,0.1408878,0.758627,0.012244434,0.065159425,0.4177667,0.010098778,0.13271718,0.08513458,0.2768789
5870,7269,4bcb1b355663e7dc357b7214bd6f725e678962650c1df6a52c8baa612bfa1b98,,1,False,False,7,0.5229805,0.21421689,0.6235013,0.02957307,0.031924896,0.30876362,0.0019744774,0.08639791,0.018385481,0.5229805
5872,7271,d2a945acccb7852046821430674552f325fe988780887869319f2fe5a9e002c0,,1,False,False,5,0.344801,0.07832208,0.80506134,0.102860205,0.053176574,0.26647893,0.0026836658,0.344801,0.03803295,0.19196665
5873,7272,49d8adecc07dbdfcab0ad7ea411448282cc187b18198f661bfa4ffb2b876d239,,1,False,False,3,0.2821333,0.055620104,0.8665297,0.2265132,0.043722365,0.2821333,0.007585185,0.19824877,0.082011275,0.15978588
5874,7273,8f71161b23268e93be208d4e30510d21a5a205e1136f728a01af275bf9ae6279,,1,False,False,2,0.4084806,0.0072638094,0.65130156,0.008331744,0.4084806,0.103962824,0.006868267,0.0552598,0.01587992,0.4012168
5876,7277,5838caa0565d5fe202a5ea7c481ede2fb5d7cc3666526486d506a14a14523799,,1,False,False,2,0.42897108,0.18522564,0.7891431,0.11236496,0.42897108,0.031753093,0.012813703,0.24374545,0.071736164,0.098615564
5877,7279,1ae5fee4bab1bf8de72e4f92edec6fefe6ab8c34411020a582506a55fcb613fb,,1,False,False,5,0.44154632,0.1629785,0.6235474,0.0034051652,0.021629084,0.27856782,0.0028153243,0.44154632,0.0065092477,0.24552706
5878,7280,eceb83210d394a65b7004ecf3d2bbff08ece7abc444b572a0a297014cf57f4e2,,1,False,False,3,0.3789944,0.13623972,0.8454032,0.015960604,0.08611945,0.3789944,0.09008263,0.078633875,0.10745436,0.24275468
5879,7281,d9d123b3538dd043705e45208e4a2a9122652cbc92d563dabae7d880388605d9,,1,True,True,2,0.33312267,0.0067610443,0.75688344,0.010924016,0.33312267,0.15676898,0.0090360455,0.14289485,0.020891756,0.32636163
5880,7282,3d7e9feb418ca55ef4b81f44b0a931fa270053c1983c2e7ade79baf6efcb7218,,1,False,True,3,0.5985466,0.38901225,0.63123924,0.0035194263,0.05476656,0.5985466,0.04039161,0.052640572,0.04060086,0.20953438
5881,7283,fb97a4cc259e18c979bbce0b92f677d9c20af235c449dd41a80a6e9681eff9d7,,1,False,False,3,0.45059407,0.048163354,0.62588674,0.0050625494,0.05599665,0.45059407,0.028550567,0.023285052,0.034080356,0.4024307
5882,7284,9a5ecbc1d7f6b22573c0ca12af2b1822d7ae0d5f6d049f1d002dc53f9cd20de8,,1,False,False,7,0.64116096,0.50430274,0.6281055,0.04380019,0.03319706,0.13685821,0.074889764,0.05640281,0.01369097,0.64116096
5883,7285,7af1f8d4df9a255539ea1ac0a930eac123c6ce1675d5a69c44441894f53e877f,,1,True,False,7,0.57346207,0.30103603,0.59927195,0.010373013,0.0468154,0.27242604,0.008585084,0.06848889,0.019849483,0.57346207
5884,7286,d2112a9893bd671cf50135e4617757a95316b3ecf3da41dbfe49e44eb67ec27a,,1,False,False,7,0.35911316,0.049488306,0.7796711,0.008300157,0.13139588,0.30962485,0.053449236,0.12189491,0.016221825,0.35911316
5886,7289,83a0100719f0536c82813a2a58e47ca9d0f8a188ad62d48fd0a30676a2f422f2,,1,False,False,2,0.3852363,0.19909108,0.8322014,0.009434506,0.3852363,0.12309957,0.18614522,0.051392473,0.06349027,0.18120164
5887,7291,2214750e0a6cb95d19c395e2df4dea45b2d8ecb717e4c6de9b339065a8052518,,1,False,False,7,0.5002007,0.13575399,0.5752122,0.0048253178,0.026330242,0.3644467,0.00400754,0.090955935,0.009233513,0.5002007
5889,7293,af4280009fe0e0d369507eafeae99fbecdc1d3e77eadf91b30a8050ec11fd8ff,,1,False,False,7,0.40369135,0.16664928,0.80588657,0.020736348,0.09447682,0.23704207,0.017162193,0.087274924,0.13961627,0.40369135
5890,7294,966699168c3115e8e1ab511d3906751b5cbd93d0f6248cfea759ee2bf8c69103,,1,True,False,7,0.48312315,0.2625441,0.749075,0.023039257,0.113372155,0.22057906,0.019068163,0.09673217,0.044086035,0.48312315
5891,7295,b9d795f0cd01b01eacd21457bbc67a3c29fdda88870f7ce7b4fc49c0230feadd,,1,False,False,2,0.33456552,0.027627379,0.71920675,0.0034811287,0.33456552,0.20407592,0.002862117,0.30693814,0.006617371,0.14145982
5892,7297,108c89e5de3386898d7f5cd61ce70080e1c81ce3b81da79a813784e375fafec7,,1,False,False,3,0.4263379,0.119703025,0.69421285,0.00798007,0.1620367,0.4263379,0.006603959,0.07513784,0.015268713,0.30663487
5893,7298,fa6143b8e8f3c8ed400aac62df54714263ae09b97f01b77d5c32e249c9d02856,,1,False,True,7,0.44238186,0.12233418,0.6860533,0.004153125,0.042477958,0.12515526,0.003439922,0.32004768,0.062344175,0.44238186
5895,7300,e7085699d7350095f5f42bb0029bf1590861626445ca5eb9b48c9cbb5be37320,,1,False,True,7,0.28744447,0.035765886,0.8691139,0.023039104,0.12949786,0.2516786,0.019068038,0.13414928,0.15512267,0.28744447
5896,7301,cebbe6a9c4149db3df1be29eb7c1007641102dd2a34b8a913cdb4bbf9643f13d,,1,True,False,7,0.6335947,0.46772534,0.5946141,0.023324268,0.040567454,0.10897255,0.023666091,0.16586936,0.0040055653,0.6335947
5897,7303,e2d0fa14ab63e21d7cd612c22a78bc91cac4624de875ae4d9a9092c25e98c526,,1,True,True,7,0.63127714,0.35831812,0.5211886,0.013622421,0.016897082,0.27295902,0.012736626,0.037303098,0.015204599,0.63127714
5898,7304,fc47ce91cf0c4edf1028479f250e8d4363581c5a5e2d6caf2ba719ec929bfcd5,,1,False,True,2,0.61447126,0.430461,0.59286356,0.006484714,0.61447126,0.076011084,0.0053657005,0.18401025,0.012405651,0.10125136
5899,7305,2c225e33369205b5c083a0879d26c4f3cb3e5f3143e45443081cc119742e3ab2,,1,False,False,7,0.34572256,0.16811001,0.85804594,0.013827882,0.14999066,0.15474108,0.13164522,0.17761254,0.026460068,0.34572256
5900,7306,2f5f62f2b810b07aaeb303c97970ab920467f0d88379008e02234ac2679bcbe6,,1,False,True,7,0.6377851,0.34844866,0.48165584,0.0106019955,0.01653928,0.2893364,0.03281114,0.009743526,0.0031825705,0.6377851
5901,7307,8e8273a08f2510b0c755c0a033da74c72565d24faea7c9355e229031679abaf6,,1,False,True,3,0.3157463,0.07814999,0.88542575,0.1886411,0.053976648,0.3157463,0.06888823,0.052988973,0.08216236,0.23759632
5902,7308,904eb5d335971670c0436273e38a8183a77c724035d663ecf6d2b5ffc745a6d6,,1,False,False,7,0.8098432,0.6877024,0.35167778,0.0015495658,0.042296432,0.12214075,0.013441134,0.0077622305,0.002966699,0.8098432
5903,7309,425718866a44003c23bf8b891a8a8e0f0ccda00e88e929ed80531f9c55e12c4b,,1,True,False,3,0.48114455,0.20285249,0.6462279,0.0061029783,0.04273524,0.48114455,0.00505055,0.27829206,0.011677219,0.17499734
5904,7310,9ebdb483688985adf5765069e65c10ed00f3d64fff6eb9a5c89bad7ad391cac1,,1,False,False,7,0.56662875,0.35157168,0.6439144,0.005928799,0.0837067,0.21505708,0.0049304278,0.08382198,0.039926242,0.56662875
5905,7311,a4c8778f5270b6924221ea60222ccebf25b9dd5cd96a9a380bb71ecc69bc703d,,1,False,True,2,0.2985671,0.023440868,0.8680887,0.009892017,0.2985671,0.102973424,0.103378445,0.27512622,0.066515274,0.14354755
5908,7315,2ff99be28f95b580cad3958f36a90114c4d1ba80260309b6358a0ce7660aa604,,1,True,False,7,0.3107813,0.077622846,0.87878215,0.06884217,0.14805831,0.23315845,0.009538258,0.10372781,0.12589364,0.3107813
5910,7317,7b821ed6094489da2c3c3175339ed0df6620d6044cc728b5a5c6652806e5c99a,,1,False,False,5,0.4100315,0.103832364,0.7582168,0.008298618,0.04372661,0.12590027,0.04527153,0.4100315,0.060572337,0.30619913
5913,7321,b5f02015c69aae1baba6d4b9b03a4fa73274f467c9789f90d6cbe6ff48c798cf,,1,False,False,7,0.6328871,0.34993613,0.49956208,0.0065117655,0.030710667,0.282951,0.0053664944,0.029165436,0.012407502,0.6328871
5915,7324,556246a935f7d8de2de8d4f307a150cc371eec243435b96d02926c9544143024,,1,False,False,7,0.37403718,0.07718688,0.7286629,0.0069170725,0.039427273,0.2968503,0.0057237693,0.2187759,0.058268517,0.37403718
5916,7325,467c8207de92aba1f302eb45170fcac1d436097bf70b441e81a1b99e74f98a3a,,1,False,True,3,0.53428924,0.1887308,0.57195216,0.027213559,0.022433331,0.53428924,0.003734882,0.057972595,0.008797967,0.34555843
5917,7326,4d0abeeb7e5ea84bf30fbc467dc6f27578a5563f988c8464867eb5bbe7cc0c52,,1,True,False,2,0.39520574,0.104363054,0.7553381,0.08249093,0.39520574,0.123837195,0.003015097,0.097642,0.0069663706,0.29084268
5918,7327,0059bd12604edc253e03b0026d3562f8e41f3cd78596da93d9822513c11f94bf,,1,False,False,2,0.37383258,0.11743814,0.72855556,0.0046132365,0.37383258,0.18235257,0.0038213113,0.25639445,0.009299621,0.16968624
5919,7328,474c30bc97e5e65876a33a2c4169cb097c8e84d52e0736bf20f18c873b615c95,,1,False,False,7,0.46840942,0.30963165,0.79203033,0.14707477,0.06311923,0.15877779,0.011456523,0.05805725,0.09310501,0.46840942
5920,7329,e2e4ded24cb24b2e52763335e03b8c05fb37544f3c2cb0a33ca4052c2f3002a5,,1,False,False,3,0.40159103,0.008953601,0.68892413,0.010920197,0.05659341,0.40159103,0.009036568,0.055699892,0.073521465,0.39263743
5921,7330,19dd336ecf9b9df336659efba3c2faf53df1c627f4554a46531aa45899736c5e,,1,False,False,3,0.2523627,0.023481429,0.86496806,0.017288072,0.14722504,0.2523627,0.0143039115,0.22888127,0.116367966,0.22357102
5925,7335,926078f52120f3e41431a3dcf8b69749b32d9f7dde2f7005a9f86f5ffe939af1,,1,False,True,3,0.4402724,0.07555878,0.65343297,0.0017380826,0.06077413,0.4402724,0.018734612,0.10125125,0.0125159295,0.3647136
5928,7339,a1a52e1ec215f0bc0c1888831281b50167eb1232d3ef9572ac7ebd73bb51106b,,1,True,True,7,0.322212,0.11075547,0.88521165,0.018852727,0.08373207,0.17815061,0.10644134,0.079154715,0.21145654,0.322212
5932,7343,81cd4170677c3d559e2a8d2b728e6d520e4b0248033cfea84b8f27e7ee023bd9,,1,False,False,7,0.6215605,0.41783786,0.59055847,0.005062745,0.06516134,0.20372267,0.0679921,0.026777273,0.009723312,0.6215605
