dataset,source_row_id,text_sha256,gold_label,predicted_label,primary_topic,secondary_topic,primary_topic_name,secondary_topic_name,recovered_request
2,1,00e91c4ca4ab3e97d93a0e1498226af8d6111cba8f7215eaa8168c05b1fbeb06,0,0,T12,NONE,"General conversation, community, and leisure",NONE,False
2,7,cd4c37f27239945eca14230492993f435bf8f27f435aa52a8a7145d6f5022cc9,0,0,T12,NONE,"General conversation, community, and leisure",NONE,False
2,13,3b06a178009907ed43ce0d9dae756cc296ae6b3258a31731e72f00a8c0eaf1c6,1,1,T11,T01,Self-harm and suicidality,Emotions and feelings,False
2,18,7b3eec6e63c7ba3c4797530f8485413ccaea2ed7a444aefa55c2be2714ff7c82,1,0,T00,NONE,Other/unclear,NONE,False
2,26,b76dd676682633ca8989d780305749b74488d9e55a0f3c2edd7cc8dcf566111d,0,0,T12,NONE,"General conversation, community, and leisure",NONE,False
2,34,21bef5c12bf7bf15ee803ce2a532d1d22b936f7b60291b97f9350fd05ba3208b,0,0,T00,NONE,Other/unclear,NONE,False
2,37,d34e94f2137c4261639829fcb06f6fde760e8e710328b782da84d4727493f9b7,0,0,T06,NONE,"Work, study, and financial/livelihood pressures",NONE,False
2,38,32dd5951899388af2289e379dabfe0871ab4e5f1cead5208c56cca284a6feaa9,1,1,T03,T06,"Motivation, hope/hopelessness, and purpose","Work, study, and financial/livelihood pressures",False
2,41,70158c44c005c0c7ff00f653ed2f8664b84ee0aa10dd099f6b8f6272ebc0d662,0,0,T00,NONE,Other/unclear,NONE,False
2,49,45a2417f6822a788f51b557345dc671d0802ef5b55edbb1ad871e472a532e52c,1,1,T01,NONE,Emotions and feelings,NONE,False
2,53,2018c45ba26ec4af2889947ad0e2c1406795d7e0b13f42ba846f9895b2236485,1,1,T01,T02,Emotions and feelings,Self-perception and cognitive patterns,False
2,63,301d2c4ddb93c51a880878c1f394aa9b63f103090ded43b1ec8af0a4f04bb1f9,1,1,T02,T07,Self-perception and cognitive patterns,"Daily functioning, sleep, and physical/vegetative state",False
2,73,83f93d007cecc9e210be57aa78cd0ffaff06a1adc4da87ffd1d4ecbd8c9f8153,0,0,T12,NONE,"General conversation, community, and leisure",NONE,False
2,74,fe12e64aea8a8d261657d46c7b424da2af60a75a0d5578fd05d5c77c5ce70370,1,1,T11,T05,Self-harm and suicidality,Family and parenting,False
2,75,aad7c3c65a7c0fb1eee33e99a964b8bacd45f0b669688431bb87496ab5db363c,0,0,T00,NONE,Other/unclear,NONE,False
2,76,471073f7735c57eaeebd33b3263eb9e7c622009e3a424e55de082c6cf0924c2f,0,0,T00,NONE,Other/unclear,NONE,False
2,78,c839037140c8ca0044daadd9734b305ace907b922596202dc50ba0825019c558,0,0,T09,T04,"Help-seeking, coping, social support, and recovery",Relationships and social connection,False
2,82,39a393cfbc34c51b3816540c80bc5395f7607bb6b4788309165dc025bb2a435f,1,1,T01,T03,Emotions and feelings,"Motivation, hope/hopelessness, and purpose",False
2,93,c39c5ed95cb6ad89e3c4757ead5e9a1f3d8b9f5da31dacfef1c2347c74ee58d4,0,0,T12,NONE,"General conversation, community, and leisure",NONE,False
2,99,59fa4205d2b2eb29086aa83d4274d9665e72061172cfe1210b2c41f97cf86431,1,0,T08,T01,"Treatment, therapy, and medication",Emotions and feelings,False
2,100,b2058ca8eddffdbb4c26326fe2559a03991a69f5161ebb5bde04359a922a4013,0,0,T12,NONE,"General conversation, community, and leisure",NONE,True
2,104,167e2976aea1c8a11f60e69266a0ac7392f31d50602681cfe936df62293f00c6,1,1,T11,T09,Self-harm and suicidality,"Help-seeking, coping, social support, and recovery",True
2,127,2004ba41a184ec6660949d9f27c432576171db8e4df64f80ce1ab73b233e0bd1,1,1,T06,T01,"Work, study, and financial/livelihood pressures",Emotions and feelings,True
2,136,bd01949bd0af1ce5c2a13cc03886cf0bea253fa3ea76100d85e5ad54323b4d3e,0,0,T01,T06,Emotions and feelings,"Work, study, and financial/livelihood pressures",False
2,146,d582b8b62b612f6ae2670887730643cfdb369640d1e67a5acd1f76245990f6d0,1,1,T04,T09,Relationships and social connection,"Help-seeking, coping, social support, and recovery",False
2,153,5e613bac069b20f43f46e9d1d8c1bbcb4b4347539ef1a4315367b5888f5085f6,1,1,T11,T09,Self-harm and suicidality,"Help-seeking, coping, social support, and recovery",False
2,157,3a49ac1201e4cd0f5b224fec11fca5c6e71d33f7e4374c58b2e9d847bffc94d8,1,1,T11,T01,Self-harm and suicidality,Emotions and feelings,False
2,163,451226b715733e04c344e2ea5ff87b8079d14a66d8d66a51e29092803309bc7e,0,0,T04,NONE,Relationships and social connection,NONE,True
2,187,fb3e8d17ece3315754f654819b6ab157b2efd7b6ece70d77426e36d8113b4dad,1,1,T06,T01,"Work, study, and financial/livelihood pressures",Emotions and feelings,False
2,188,0829906a050ee67ff4a54925b7b4cee03edb38e0cef2d94446f91fcce1fb37b5,1,0,T04,T01,Relationships and social connection,Emotions and feelings,False
2,195,6c37fe1ec88aab4eb1a3dae1efaa67c710eaffc10e64289f9d637a887391e701,1,1,T01,T09,Emotions and feelings,"Help-seeking, coping, social support, and recovery",False
2,199,f699dde42d53eb208a9eec136cec7489c5a829fbe3d3a90ce329ba9be4c5ef32,1,0,T07,T01,"Daily functioning, sleep, and physical/vegetative state",Emotions and feelings,False
2,204,2016c31640bac83c7eca6026a3811b5c3a7916f76ab4f83ea7e63db9f4d5e679,0,0,T12,NONE,"General conversation, community, and leisure",NONE,False
2,205,2f8efe9c376190765f83992d0f1f53beeba019fa4ada2258deb08ec1174d8a39,1,1,T02,T04,Self-perception and cognitive patterns,Relationships and social connection,False
2,207,3efeeaf0bc0d25b29f5421338ced117508b06f35c754108632590aa1d1c33646,1,1,T01,T02,Emotions and feelings,Self-perception and cognitive patterns,False
2,208,5ea83fa3ba8f5c0583131b1487bb4a1ed2149f7a1e8140f38b069e630d825ea5,1,1,T08,T01,"Treatment, therapy, and medication",Emotions and feelings,False
2,209,e0d1b3f333f7faefaee245f81e66adb30887f5d1b99c277157987254758757d6,0,0,T04,NONE,Relationships and social connection,NONE,False
2,219,79c39413be0d639edaec65f7d84c0c2a1935449d0709137d1bce2e74aaae3bee,0,0,T07,T06,"Daily functioning, sleep, and physical/vegetative state","Work, study, and financial/livelihood pressures",False
2,222,7925abd8902014999e58f2ab3af62388c0492c415910123b38d6adf85c16f99e,0,0,T09,T08,"Help-seeking, coping, social support, and recovery","Treatment, therapy, and medication",False
2,232,dc8a3a269c729958589724439fdae3bed8304a122de488e085fc49f437463397,0,0,T12,NONE,"General conversation, community, and leisure",NONE,False
2,246,2fcf8f993297b87c6b59b331c26029e57f507c39b7a4a8145c32a7123742157b,1,1,T05,T02,Family and parenting,Self-perception and cognitive patterns,False
2,250,fb9729ea8e9d826a3605b6270dc26e945989e5321ed7f3d6c273d5e09238303e,1,1,T10,T01,Alcohol and substance use,Emotions and feelings,False
2,256,3ad4ac90ec16c85f7ab62d27d2f01bdb897afd6d64c4aaafba2612554c7d8de7,0,0,T12,NONE,"General conversation, community, and leisure",NONE,False
2,259,f8d38299b674bca134fd47498deb0e082082edbd78ac29a7c4f5a097a41d11b7,0,0,T12,NONE,"General conversation, community, and leisure",NONE,False
2,263,57569bfb6b8e2657c1a4aa1a29ea9acf355a8ba7a362e45aeb549d8041395f7d,0,0,T04,NONE,Relationships and social connection,NONE,False
2,268,8e1d10e66b226fd30e812bdb766b329b6b2b7b72a1cefef001f6b8adb491a2e7,0,0,T12,NONE,"General conversation, community, and leisure",NONE,False
2,279,dc73c1fcb18f0d6e195859f704a32ca76063a0fd3581446dcb43e645b5ab0d1c,1,1,T12,T01,"General conversation, community, and leisure",Emotions and feelings,False
2,280,14bcf8d9dcde415479051517f464eee058be2c0b4a1ffc0d3d74bb3d02abede1,0,0,T12,NONE,"General conversation, community, and leisure",NONE,False
2,281,c623fbbf5cd7e1c02f530ab13cf1f99a7da59bf8d28122fca23941f182932d87,1,1,T01,T09,Emotions and feelings,"Help-seeking, coping, social support, and recovery",False
2,288,0eb3e8ee350bf89cb9b517a349bf7c3bcde6c4369607b125dad1f50018344dda,1,1,T02,T03,Self-perception and cognitive patterns,"Motivation, hope/hopelessness, and purpose",False
2,289,883973793aaf52a378231834e5592203cb2c139d9ca89ccd57e2eb18094e7149,0,0,T12,NONE,"General conversation, community, and leisure",NONE,False
2,292,06cc8efcba08f4a19363db4377968c5756a749ba357c6863c8d345586d100264,1,1,T11,T06,Self-harm and suicidality,"Work, study, and financial/livelihood pressures",False
2,294,d0138a4b5ed2400960046c9801f2c55497690930aaf6d208d1ff2e32a8b35c08,1,1,T08,T03,"Treatment, therapy, and medication","Motivation, hope/hopelessness, and purpose",False
2,304,baeac1e46a235d04e5e11e949ddc529ea330c9407d06d7ac4307b31a613ba9cf,1,1,T08,T03,"Treatment, therapy, and medication","Motivation, hope/hopelessness, and purpose",False
2,311,b60820e9356974048d987d8256c46536055abb0948cff96e86496af5783dcf7d,1,1,T02,T05,Self-perception and cognitive patterns,Family and parenting,False
2,317,8b36ce4957064ceaa607438b9faac6768a13e65effa285df01bb331b476f0867,0,0,T12,NONE,"General conversation, community, and leisure",NONE,False
2,318,bfbf4f12f8c39fa5c146c2968d3597d736f8117cc67bcae07b1d2d5e7ba9e4bf,1,1,T11,T07,Self-harm and suicidality,"Daily functioning, sleep, and physical/vegetative state",False
2,323,0ef5cb2823a47482abb81b0e9a9b5128e837d7d783aace0f438d27dcc13e46ad,0,0,T00,NONE,Other/unclear,NONE,False
2,327,749b48745c7fe1ec449e20a278069db39cf2cd174778f61bd5a78a15709e44ae,1,1,T11,T02,Self-harm and suicidality,Self-perception and cognitive patterns,False
2,330,f14b250eb6ccf9adacfa01511c8fc292c3c00859fcbdf1c931f1619a41405531,1,1,T09,T08,"Help-seeking, coping, social support, and recovery","Treatment, therapy, and medication",False
2,337,88f33574d0308333e19814c41c979aabbe39294646c8b4cb4534622a8252b91c,1,1,T11,T04,Self-harm and suicidality,Relationships and social connection,False
2,340,536a89fe9ee4ce443f8688c1b53956267b6cc8fb7afa1f46fada640cc6c3a56b,0,0,T12,NONE,"General conversation, community, and leisure",NONE,False
2,341,1359bc33b94540580e24b8ca9ce598d6f574ac93372a94acaeb323008ed71064,0,0,T12,NONE,"General conversation, community, and leisure",NONE,False
2,344,6c6737048d711ab66ef97a9a8e7ce720a298da611f8511d52442806ee85711e8,1,1,T11,T05,Self-harm and suicidality,Family and parenting,True
2,351,d460a81f2f26b6bc9e9a8eb0286cb8aa321ff70efe02761b9e27e984f33d1fc0,0,0,T12,NONE,"General conversation, community, and leisure",NONE,False
2,352,f054aaf0517492927589afa5f9fa1a1c1f09c82ceb6a60bd0f10150d219289dc,1,1,T11,T03,Self-harm and suicidality,"Motivation, hope/hopelessness, and purpose",True
2,355,a2ca7e7a6347301666946f7747c860ddb59ce0eb00101175bcce9ebca155c880,1,1,T11,T08,Self-harm and suicidality,"Treatment, therapy, and medication",False
2,356,f4ee2503285156a8ce56e47770ed7f95cf0d19f05c41407260c2829d35c879a8,0,0,T12,NONE,"General conversation, community, and leisure",NONE,True
2,361,f2594a02b983920d66c73722494df1caaabe3d2b97485831e7d2239848b93b31,1,1,T01,T02,Emotions and feelings,Self-perception and cognitive patterns,False
2,374,ba02ba646dc921335ec1697bd3b64c1bd78bd6ee680a82057c83cca2fe79351d,1,1,T06,T08,"Work, study, and financial/livelihood pressures","Treatment, therapy, and medication",False
2,381,9e56cb3bdc3cd6dc2a6ffc3abde65fe0493fb369d554c48c6d502ec4c689a432,0,0,T12,NONE,"General conversation, community, and leisure",NONE,True
2,391,0cc501d4e6a2ebf98046dc9a5d7a1c982d8448beec1513606eaf46acc147f9dd,1,1,T01,T04,Emotions and feelings,Relationships and social connection,False
2,392,d75cc49fdbd5668d7b5d1a750c135682d0c88d8997e16db1b3757d375b32ad0b,0,0,T12,NONE,"General conversation, community, and leisure",NONE,False
2,397,d35af8b87960b6b3727b402529fcde0ce49d36db2ad78a11d88acb7c49c4487e,1,1,T11,T02,Self-harm and suicidality,Self-perception and cognitive patterns,False
2,400,430a10ffe2e0bcf943a72044e9f8ff8f27a63edcd72b3bd5fba1c394ead9a914,1,1,T11,T03,Self-harm and suicidality,"Motivation, hope/hopelessness, and purpose",False
2,401,76ceca9071cd7f17b7f6cb78ce83726336325021745f21dbf4695905f85e86d9,1,1,T01,NONE,Emotions and feelings,NONE,False
2,403,6d8e9204a7468985aad315067efb5d5ae204e34cc572f995ab2bcc1572057e07,0,0,T05,NONE,Family and parenting,NONE,False
2,407,f3fc256d09952dabde598701121afea2314e3b6a4613ccbe34b72530204971f1,0,0,T00,NONE,Other/unclear,NONE,False
2,410,bbb647edc25d7295f2a5fa5acdc6a011794117429b6749522b9f952d78b991e7,0,0,T04,NONE,Relationships and social connection,NONE,False
2,411,b2b1884bc0aa87d141bb65faaac8b4dae6e95f7529bce243fdd832becb42ec76,1,1,T02,T06,Self-perception and cognitive patterns,"Work, study, and financial/livelihood pressures",False
2,415,4d55a11ce2532fca88dcfaa62519e8f065cbe3894308e1b83f8fadd250129541,1,1,T05,T01,Family and parenting,Emotions and feelings,False
2,418,8720e8424493b13b116432f60f9fb22d01b16d9ebe0215eb369a1fe00ce4bbb0,1,1,T12,NONE,"General conversation, community, and leisure",NONE,False
2,427,233fc62d7c283d970ae0da0fa32c23cd74d390eca3e93f3e134ef9e959ec35f2,1,1,T01,T03,Emotions and feelings,"Motivation, hope/hopelessness, and purpose",False
2,431,eaf85fbd5ab73297ed34acc8e443bd8e7b8400e88da79819a3ec283b73c05995,0,0,T12,NONE,"General conversation, community, and leisure",NONE,False
2,434,0f332bcb91f3de7a393818cffad538d80f28b806120882eaeeb2b78a72ae4c1d,1,1,T11,T03,Self-harm and suicidality,"Motivation, hope/hopelessness, and purpose",False
2,435,f180ce7af22aef6433c40ed87074cdef1c8f1bfd42a5a821f1ccac572707cff5,0,0,T12,NONE,"General conversation, community, and leisure",NONE,False
2,436,34301b7216e5e73b2cad0859282e7b8157340bc8ce3ce4fa5cf030a070caffb6,0,0,T03,NONE,"Motivation, hope/hopelessness, and purpose",NONE,False
2,438,f0c8218969eefef268a15636032a33330188b3d75cbd6d45a084ddff989bf54e,0,0,T03,T02,"Motivation, hope/hopelessness, and purpose",Self-perception and cognitive patterns,False
2,442,f5383dc61c5e0748a8a846438b54d7909054f2f531dd0ddd57310ee8bc9e5838,0,0,T12,NONE,"General conversation, community, and leisure",NONE,True
2,459,104294a016dfa73d810674c84155ef2b0da4118ede5e28db5ad96b86b0352533,1,0,T09,T10,"Help-seeking, coping, social support, and recovery",Alcohol and substance use,True
2,462,a6d338c747a66fda153bd061dffad4d59d1411c5532ce60d1c3235596e1a13fe,0,0,T01,T04,Emotions and feelings,Relationships and social connection,False
2,476,599dbbfd90d1e051984493e5c5246d91408b9c59a02c123e365bb27f522ff022,0,0,T00,NONE,Other/unclear,NONE,False
2,482,09a36c292f357cf3dba6faf87bcdafe018870a583b2a8811fdb8a2a32d0e94d0,1,1,T11,T02,Self-harm and suicidality,Self-perception and cognitive patterns,False
2,494,308962ef8a6976e825e1dea08a59517f78e078e0896d51c4367e25c6d6dd40b9,1,1,T09,T03,"Help-seeking, coping, social support, and recovery","Motivation, hope/hopelessness, and purpose",False
2,501,e30c040c7ea5928d76cc09076ceba9889e07f74fdde17b3a15945f742292d9d3,0,0,T01,NONE,Emotions and feelings,NONE,False
2,511,80f6b1129098a900804f72e7a5368c236964c06fea41c15598e1888d466b08a5,1,1,T11,T01,Self-harm and suicidality,Emotions and feelings,False
2,512,c7251f565a3a28cd5c5421eb4cd0162bd8852ad27cef64c2bced3ef57ebbb8e7,0,0,T12,NONE,"General conversation, community, and leisure",NONE,False
2,514,e7ece2820c9d4ad8461ec08fc6c08f51c1cfd88fe328b9ad06de6f7d700ead9a,1,1,T04,T01,Relationships and social connection,Emotions and feelings,False
2,516,f6cef95ef6bfff33cfd904b8caf1783f96cf3a7cc7f8e9ea46b12c3e7ec5d8e8,1,1,T07,T01,"Daily functioning, sleep, and physical/vegetative state",Emotions and feelings,False
2,521,288666596c6fa95a3b24acb108121ede7360ce4bd22b1c14dca5789d63d3dd22,0,0,T12,NONE,"General conversation, community, and leisure",NONE,False
2,528,71f5aae78e670717995ecb81dd71e2119bd1da4417269ede53fc5f5ef59a8019,1,1,T11,T03,Self-harm and suicidality,"Motivation, hope/hopelessness, and purpose",False
2,531,57d71be5cfd5ed3c251fcdb7bade3457929a4ae24895ceb7aecf73fd45d68b85,0,0,T12,NONE,"General conversation, community, and leisure",NONE,False
2,532,63536e5f4224de2b731783a2a32ea7f05bea52e211f5144a83e40ba8139c79b2,1,1,T11,T09,Self-harm and suicidality,"Help-seeking, coping, social support, and recovery",False
2,545,04594dea2a0dc7e7c92ee118e0bf18ca5f3a82a4112e847f7c6fb08d16db3bdb,0,0,T12,NONE,"General conversation, community, and leisure",NONE,False
2,552,12eb31fe53287d38091d337b8acb92c09f6bf93ce410256fcf4567ef8f448cc4,0,0,T12,NONE,"General conversation, community, and leisure",NONE,False
2,554,79e69683c8fd73bebeb24dae3b1aca6010cfd0b9bfd3b583e315919253ff6e12,1,1,T03,T01,"Motivation, hope/hopelessness, and purpose",Emotions and feelings,False
2,559,ebe705da7ed0d2dc173a2af45801abb55cdb7a972021be39d3322dd8b5860218,0,0,T12,NONE,"General conversation, community, and leisure",NONE,False
2,585,41401ec3731cec9f7f26431a340cdcbaf80b63d8f20fa0fad6f4d593ec7b8cb3,1,1,T11,T07,Self-harm and suicidality,"Daily functioning, sleep, and physical/vegetative state",False
2,586,43b5d9cec5cf3570910cc86d6f369596695f57888076da930bb18f2e3a31e431,1,1,T02,T01,Self-perception and cognitive patterns,Emotions and feelings,False
2,591,f229307af08d8ceb720b44fe5b0338e25f0306d16e2d692a71a5fc582830ac68,1,1,T11,T01,Self-harm and suicidality,Emotions and feelings,False
2,595,4d0262b25f123d2ad532eeec5b73e998b116953a255cca444f7e09008eef74b4,1,1,T05,T01,Family and parenting,Emotions and feelings,False
2,597,8d7a5030e334b3e1db94c6725e2f0234e9042eaab346a66a3d275bc3510493c9,1,1,T04,T01,Relationships and social connection,Emotions and feelings,False
2,602,3f6a70aa16649762515b58f7d449709b64f732e900cb306ef07866d59b1b9f85,0,0,T12,NONE,"General conversation, community, and leisure",NONE,False
2,612,6391439d965c28f98d89f249e35b17e698dc347a78f34ec0af211af23a697b44,0,0,T04,NONE,Relationships and social connection,NONE,False
2,627,e60140cf3663375604a2f36e1fcb79f80796b98dbdfa8ea93126f724f3214512,0,0,T12,NONE,"General conversation, community, and leisure",NONE,True
2,629,3c3cdb1b844a687c442c99b3b84af2a354af8001c6aa3456ff493cc05fb5bc8b,1,1,T09,NONE,"Help-seeking, coping, social support, and recovery",NONE,False
2,638,f09014634dc3ad21dd4e2e5dcf4924cf3041d2e20e75f85ab9232f85c8ed8e48,1,1,T07,T01,"Daily functioning, sleep, and physical/vegetative state",Emotions and feelings,False
2,644,a56c21d6eb2abdfacd345b51bfc4fb10a8c84692668c21774dec08e5a7177603,1,1,T12,T09,"General conversation, community, and leisure","Help-seeking, coping, social support, and recovery",False
2,655,756519569d26d94ee59dd3776ec373ab80d1cc180cafedc94a2d7db392fae310,0,0,T12,NONE,"General conversation, community, and leisure",NONE,False
2,668,109574d1fa7174fc17f947716ab70ac58c782e86b4287598311779567f8e15d7,1,1,T08,T01,"Treatment, therapy, and medication",Emotions and feelings,False
2,675,c91785ec2dcb02f4a0b7735c1d4075859bb0fac1776a447b5b2f41527a32444c,0,0,T02,T05,Self-perception and cognitive patterns,Family and parenting,False
2,680,abd8d02e4ed29a21582a128016593262e16bd12faa5a7573e32b1a5d4d625881,1,1,T01,T09,Emotions and feelings,"Help-seeking, coping, social support, and recovery",False
2,685,db38e8ab032bad99ab1910db322d8f8efe373869414986a174195638b0940c5e,0,0,T12,NONE,"General conversation, community, and leisure",NONE,False
2,689,7e3c8f91e0cbf07922883e41e7f9976fa12268f22a67471f114f02168794e269,0,0,T12,NONE,"General conversation, community, and leisure",NONE,False
2,691,337fc99a8fdd47e57295546415512e865033b458d7b9ecda36638db5e3b41434,1,1,T11,T01,Self-harm and suicidality,Emotions and feelings,False
2,693,8e727ba4826a8cf3f48f5febe5f06e33a989f79d25971dae648f1ac74614dd2d,1,1,T11,T04,Self-harm and suicidality,Relationships and social connection,False
2,695,e6de5875a206014f439cff06b0545dbbb96be600d037a02dbf4461ed3a6509cb,1,1,T02,T01,Self-perception and cognitive patterns,Emotions and feelings,False
2,696,ab086ae0666d20e46b606d6aacc3a5d7699d13e059563eda27483e1e36fa2f69,1,1,T01,T07,Emotions and feelings,"Daily functioning, sleep, and physical/vegetative state",False
2,717,dad107a1eb056a1b70c234c28ea6d7b1deba559790e8542a387bce0534cdde72,1,1,T08,T07,"Treatment, therapy, and medication","Daily functioning, sleep, and physical/vegetative state",False
2,726,91ac0bd65450229975894f6ab10c1bee403b3eb28a783e5762b927ab8fd1b522,1,1,T02,T08,Self-perception and cognitive patterns,"Treatment, therapy, and medication",False
2,739,09382c09fda1d63159cf175c5817dca285f4836cb9ffff562c46c3798ffce059,1,1,T01,T06,Emotions and feelings,"Work, study, and financial/livelihood pressures",False
2,740,97e96c4c6c2547620dedf707224118f262e4102157f737c5feea935a35c4d3e4,0,0,T12,NONE,"General conversation, community, and leisure",NONE,False
2,743,5879746d1eb1d852dbc195743a6eda2dcc6c83a6cf5697685186070c0fd58882,1,1,T07,T01,"Daily functioning, sleep, and physical/vegetative state",Emotions and feelings,False
2,748,4945f29585124222c8b0158dd8ea7eb3d1f439645b7d706eacbb50d9f450684c,1,1,T11,T04,Self-harm and suicidality,Relationships and social connection,False
2,754,42dcfbda74b50db35a2917611d1faebdcfbe22d87f8e1e1bc5ab16c3f997d097,1,1,T07,T08,"Daily functioning, sleep, and physical/vegetative state","Treatment, therapy, and medication",False
2,760,6cee308f7a0b113304a495f6ac42f17edec4f6d325b0c0ec0d2d3dad27479f07,1,1,T06,T07,"Work, study, and financial/livelihood pressures","Daily functioning, sleep, and physical/vegetative state",False
2,761,d519ca28554fed761e9d98b2e8245256460dca64d4b9fb4643278c2c341e9e4c,1,1,T11,T01,Self-harm and suicidality,Emotions and feelings,False
2,771,a9368d749db153eb4c1203dbe28a93585d6dabd564d7daa2786be3963497a417,0,0,T02,NONE,Self-perception and cognitive patterns,NONE,False
2,776,fa15bb48a77fedfb015d2525597dcddfde63dfac8c7ede8a906c95ab3552b325,1,1,T07,T01,"Daily functioning, sleep, and physical/vegetative state",Emotions and feelings,False
2,779,60fa8bdc45e90b305afa015f708f4242cc7c53907ef76c70f3d18cd5bc3ff75e,1,0,T08,NONE,"Treatment, therapy, and medication",NONE,False
2,788,d30efc44d55fe90482785619c6b700b04456381d2f15974bfebf3784a0b03d38,0,0,T12,NONE,"General conversation, community, and leisure",NONE,False
2,789,7559cc6013e8bc40d7110f28acacf887a1dd2c8001c62d4e9db4cada46c06931,0,0,T00,NONE,Other/unclear,NONE,False
2,808,f89bb485d8c7349fc35228be36e8db40715303556406d6edb9bd7c21451a7c15,1,1,T02,T01,Self-perception and cognitive patterns,Emotions and feelings,False
2,814,ee8ecf0e2d92f9d78305ee2b46db7c181812cd8d4e5f754399a42837c254b32f,0,0,T12,NONE,"General conversation, community, and leisure",NONE,False
2,815,24e461d36f3677de365950ef64bc00b21158d00818623daafd2834a82efddd06,0,0,T12,NONE,"General conversation, community, and leisure",NONE,False
2,822,17789982db935390691b288d78289404810ad41cebeb59e63f08ee69ac87942f,1,1,T01,T09,Emotions and feelings,"Help-seeking, coping, social support, and recovery",False
2,824,ea78e8bde37549bf364c43a87e8da1b057320b97873794444aa765cdbe7356e6,0,0,T04,NONE,Relationships and social connection,NONE,False
2,826,157216aa5e1f44f06d6fe21aceca3cecd95dc48e2f2089c26680364ba2152eab,0,0,T10,NONE,Alcohol and substance use,NONE,False
2,827,ca2ea8cee9af3a2a7e8b7cf224c44719589b75ab58d1f20db8c20264d26275e0,0,0,T05,NONE,Family and parenting,NONE,False
2,829,159b1082a92307ad9689deede2e6ab2c0ef8f4d4b7a60ec639a3cbae5363c88a,1,1,T03,NONE,"Motivation, hope/hopelessness, and purpose",NONE,False
2,831,43cb0fe105641b3e9a956553bd4d5e7630e41aba7bcb5e2c34d08dab659986ac,0,0,T04,NONE,Relationships and social connection,NONE,False
2,832,b6d8aecd083e7efdcacfc50157006eefec13d2979fe0eab3a54716088b65b0ed,0,0,T12,NONE,"General conversation, community, and leisure",NONE,False
2,834,0ad05b3023ea83b466b66167280c8b1b3b299070d245f04267d8c54e3dc06659,1,1,T06,T01,"Work, study, and financial/livelihood pressures",Emotions and feelings,False
2,839,87eb690c9b2bc4860b59d6aa502b98cc3f2cc81e64cf7e767688ad86cb3dd220,1,1,T11,T09,Self-harm and suicidality,"Help-seeking, coping, social support, and recovery",False
2,840,74f7ede68ef6f90999ed8a5260ab66994035b981ab5c4dadd3b4ca1282b6fcec,0,0,T06,NONE,"Work, study, and financial/livelihood pressures",NONE,False
2,854,59ac2d6d78891f5af6f0c5171c7329896f08ee718baedd42a3bce7d8d486122a,0,0,T12,NONE,"General conversation, community, and leisure",NONE,True
2,856,c3e1f88233d2fda40ba2aff45889d5f0bb36e93a4ad4f351885a0ab40aa600b9,1,1,T11,NONE,Self-harm and suicidality,NONE,False
2,865,5764b0d684c73a73b5f93a3b1d7be9d314859bf8dd0d767c72c1125351061e29,0,0,T00,NONE,Other/unclear,NONE,True
2,867,22bd4b39106b8f681b1d69cbd09ed1f104694caa3f5113281a5def149db4ef99,0,0,T12,NONE,"General conversation, community, and leisure",NONE,False
2,868,62fe957b73f5fc77a84eb9b068e9b2308aa0996f04d8a512f52abfb95f88cca3,1,1,T08,T01,"Treatment, therapy, and medication",Emotions and feelings,False
2,869,be6d699c7acbc14cfc429c6cf40764e68311a0fe3e18aa290c8e4bf123110663,1,1,T11,T03,Self-harm and suicidality,"Motivation, hope/hopelessness, and purpose",True
2,871,fc19f754e35f504b7296a81151f20272184329371b469b8b56de089c71958c24,1,1,T01,T05,Emotions and feelings,Family and parenting,False
2,883,0fe751ec0ef6d5d2bf0517fe1166ff22077f4c78c7d2b57ade1179542949e961,1,1,T05,T01,Family and parenting,Emotions and feelings,False
2,892,ba4318d4ade800413428f10027947d5f2fc4411fb3f4f5dfaa17a1385372db34,1,0,T00,NONE,Other/unclear,NONE,False
2,893,70e805c970867c934fd65f63d91bc419c19bd2c4b0681c3df552d9ea661b34c3,1,1,T09,T01,"Help-seeking, coping, social support, and recovery",Emotions and feelings,False
2,895,391ee933dbd32db75f9761c2953c1dbab357a9b1aede271c67cedd704a7c9d7e,1,1,T11,T02,Self-harm and suicidality,Self-perception and cognitive patterns,False
2,912,0d497ea1b4fcaa72df5cbcd30b461acc1b6ff52a7be8219f63fefb7d3b4d760f,1,1,T08,T01,"Treatment, therapy, and medication",Emotions and feelings,False
2,919,3c4191b971ee1e8abe963a1b76516747591c643eab17f46b0cf4c2702831083f,1,1,T03,T05,"Motivation, hope/hopelessness, and purpose",Family and parenting,False
2,930,89530bad58150be39e771df94c2452fd6a28a8153313f4db3bc362b4d1903eeb,0,0,T12,NONE,"General conversation, community, and leisure",NONE,False
2,933,fc02f436ca0964424a4d32b66b1aa58043b1caf13b6dd7c99e707bda9e7b8af8,0,0,T05,T03,Family and parenting,"Motivation, hope/hopelessness, and purpose",False
2,940,359ea1037069b5c802534777ff0f4012b1199e6800efbabace38c488a7a0922e,1,0,T12,NONE,"General conversation, community, and leisure",NONE,False
2,947,726157db3207f61dcba1d02fe22c39a36a20cbaf2496f446e61dd91dee3d1201,0,0,T12,NONE,"General conversation, community, and leisure",NONE,False
2,949,fa35867e5b4b48a98a4df92ae0c4c175501d4e7890116242a7195876b227b5ba,1,1,T09,T01,"Help-seeking, coping, social support, and recovery",Emotions and feelings,False
2,951,de1faf42a5173e949389e5650ca7174edcb0e63dc4106d13c9e7ae9ed3b00cf7,1,1,T02,T06,Self-perception and cognitive patterns,"Work, study, and financial/livelihood pressures",False
2,954,390ecd88d1630f4f18edc8c498f8546d598c5d05c1e1291a0e8cbb28489f87ef,1,1,T07,T01,"Daily functioning, sleep, and physical/vegetative state",Emotions and feelings,False
2,959,c5604af1a7921e63b5a204820db67c26513e50789f498ffbc66ddb9570e16665,1,1,T11,T04,Self-harm and suicidality,Relationships and social connection,False
2,961,ddfb31d7a60ee58dfd86dcbc4ce5c70ac239d2697c3bb869d58701377a1c2326,1,1,T07,T09,"Daily functioning, sleep, and physical/vegetative state","Help-seeking, coping, social support, and recovery",False
2,965,97569c01cbf983e88e00e9a3c2db25b97b2ab0bea045e6b438364225edf6e0e6,1,1,T11,T03,Self-harm and suicidality,"Motivation, hope/hopelessness, and purpose",False
2,966,5f1b9decd5b075a600c90e33c382b3ef046a2057d9e204cbbff0b0feb0411177,0,0,T12,NONE,"General conversation, community, and leisure",NONE,False
2,970,e3d0fa9bb827096f2f9cf325ded1cf0bbc5d497454078e2ba1ef3905be35b6df,0,0,T04,NONE,Relationships and social connection,NONE,False
2,982,c26810765c37893687f1359ee459ad6dd0775fe9a42399329af1f02e637bc087,0,0,T04,NONE,Relationships and social connection,NONE,False
2,983,f1e188814f03b9cd7e7f4b95860b7405113138698b3a54d21702af528b3caa7b,1,1,T11,T03,Self-harm and suicidality,"Motivation, hope/hopelessness, and purpose",False
2,992,6fe2fb4fca5f76847662989f00880535cce267e61edb67510dfd1add283df36e,1,1,T01,T08,Emotions and feelings,"Treatment, therapy, and medication",False
2,993,d1f68eff2036190ff76753efdae6a37cb37fd21c6a086110277d95979b3ce28a,1,1,T06,T01,"Work, study, and financial/livelihood pressures",Emotions and feelings,False
2,1001,fecec13353b760e39c7d9a6d723eb90bcc2534d21fea3c8f6596e1e935c8ad54,1,1,T01,T09,Emotions and feelings,"Help-seeking, coping, social support, and recovery",False
2,1003,8d136894d153a3454e4dd918bb727ed70bb7fad3c728ffc2e179a6e4a91037ee,1,1,T11,T01,Self-harm and suicidality,Emotions and feelings,True
2,1006,17bf27297bfdaa45588d34130d2484e39984c43df69b4106b05489590d8ff3eb,1,1,T07,T01,"Daily functioning, sleep, and physical/vegetative state",Emotions and feelings,False
2,1008,370e2ab8f60f93441e03a65a98fc83f361b034d299dc63363bd327556f8cfb7f,1,1,T11,T01,Self-harm and suicidality,Emotions and feelings,False
2,1018,6282ea6d2fe94dd3e6fc19886eca73cd6aa3e88fd75d830f043f7f3c0d2fd454,1,1,T05,T09,Family and parenting,"Help-seeking, coping, social support, and recovery",False
2,1023,fef1159ca8ff1c262f691cb2b966257fa6eb0159534d97da26d49fc9faced355,0,0,T05,NONE,Family and parenting,NONE,False
2,1027,3982b7d284af60ba7e874a60ad14cfd13f37ce7da416ee9c9f5bea60fd4e8ed7,1,1,T01,T07,Emotions and feelings,"Daily functioning, sleep, and physical/vegetative state",False
2,1028,2dbf1b2d7b41172415bbacf21644a262fddb2a9557fff1fe5a710bbbfe38630c,0,0,T12,NONE,"General conversation, community, and leisure",NONE,False
2,1030,b8398698db5c48ce8c5b8ea99acd1044e9bd13f7fafa81e8527cbe18577e6392,1,1,T02,T01,Self-perception and cognitive patterns,Emotions and feelings,False
2,1036,3122a78769ae256aab6c4d70545c8a3e75b60ba6e9d59b2bb06da63216508f9b,0,0,T12,NONE,"General conversation, community, and leisure",NONE,False
2,1045,979c2d90cf1425d19c4d4b6e572e0953050711111cbd919d5f41a66c9ec2a94d,0,0,T12,NONE,"General conversation, community, and leisure",NONE,False
2,1048,d3ecdd3183b6488592d1da2eea54fa9099cdc0363960b600dd44c61d881c7e77,0,0,T09,NONE,"Help-seeking, coping, social support, and recovery",NONE,False
2,1052,22bd90604373c0be2e5a974d0540f455177458a53f6bd373770677cec894a3ac,0,0,T00,NONE,Other/unclear,NONE,True
2,1054,2aead3a04c394d0363616b47ff49514bf6f4cba620746d3d75f17865d3f67ce8,1,1,T04,T01,Relationships and social connection,Emotions and feelings,False
2,1065,8ab848f1dda5ddd804d2ea09e213fc6d3af6299440a70112bf72e1bce0611003,1,1,T09,T08,"Help-seeking, coping, social support, and recovery","Treatment, therapy, and medication",False
2,1069,d0024d07e91f7a81b83c440fb4b93c5c19a2b94d18bcbd418273f8e30f555e22,1,1,T05,T09,Family and parenting,"Help-seeking, coping, social support, and recovery",False
2,1075,70130ef8c14eab22e13521d3bf601e645f393c2790d00729a90709c45e9d4e45,0,0,T08,T05,"Treatment, therapy, and medication",Family and parenting,False
2,1077,3a674c2ac3a3269ff87a0b8dee7804a68b1efc57444a8e07723d97ed6808e619,0,0,T12,NONE,"General conversation, community, and leisure",NONE,False
2,1087,c85f525724d9b5bb22b9375ff6037840bbc3930b5491b59f7c6b22a208a8227c,0,0,T12,NONE,"General conversation, community, and leisure",NONE,False
2,1100,d93c31b9fc85a18889cc5d4088f659c3f478297f38964047d89e33a9aee10599,1,1,T03,T01,"Motivation, hope/hopelessness, and purpose",Emotions and feelings,False
2,1103,a00d015397ab882b49f06141d05e876ac37a61b08abccb2c6c923a7e06ba1fbf,1,1,T11,T08,Self-harm and suicidality,"Treatment, therapy, and medication",False
2,1104,f08f7baf1b25e156334f2895dd78b0479894c8b63fa95e25399adec3a7bf6007,1,1,T08,T07,"Treatment, therapy, and medication","Daily functioning, sleep, and physical/vegetative state",False
2,1108,9e1d7ec86258994b14e25c07c1f52dcf4e946034c109e2d6cbecdfd52adff811,0,0,T12,NONE,"General conversation, community, and leisure",NONE,False
2,1128,f92f85dfa6e70dca1a960bcd7364bcb85305c8c01e7ba1cf064a60b23ca5b303,1,1,T05,T01,Family and parenting,Emotions and feelings,False
2,1133,0d128d374b38e6d3a6f55d01da5df52c48530d16d88f8d61e828f0c9ca1a7ee8,0,0,T12,NONE,"General conversation, community, and leisure",NONE,False
2,1136,5dedfe06173833626d374722819f81d21502c54c8849ada674aa61504f862d74,0,0,T12,NONE,"General conversation, community, and leisure",NONE,False
2,1146,a2e7fae52bdfdec77ccccb0f2be702a6c6dc4114ca3fdae8a36a1dde927bd2ec,0,0,T12,NONE,"General conversation, community, and leisure",NONE,False
2,1150,eb1295e9d50780573d8c9cf67ff4a80baa09fe46b6dd86c39aa2ebb54ffbbde5,1,1,T11,T05,Self-harm and suicidality,Family and parenting,False
2,1152,5f081a84dc9ad382d1368871730d2679ce6fb4276b5a86c2899d68f2f991bffd,0,0,T01,T04,Emotions and feelings,Relationships and social connection,False
2,1170,d6c7af212f5f3debea44ad89e1d47f3aab1b496a9df6c30190b9f75695ba077e,0,0,T04,NONE,Relationships and social connection,NONE,False
2,1175,b912ed1fe1a05fae3b2a972f83a5b892a3319868f4054e5370a904a30f239a0c,0,0,T12,NONE,"General conversation, community, and leisure",NONE,False
2,1176,5a4e329f691d7a8801c9928e2ed56de6fcc4ac2b9eae42f13d919dd63cf199d7,0,0,T12,NONE,"General conversation, community, and leisure",NONE,False
2,1178,6e6b859a3981363f73f22efd63ea78d19aac9536d0c1eac11c028604e76465d4,1,1,T11,T05,Self-harm and suicidality,Family and parenting,False
2,1181,cf714347870b5158899ec0cca525be1fba2007a925f95775cc97f57eca124b65,1,0,T10,T01,Alcohol and substance use,Emotions and feelings,False
2,1186,da55a9ba736e12c986ca3945b29e24f78f586a24929a40c6205ebaccb4a4b5fb,1,0,T07,T08,"Daily functioning, sleep, and physical/vegetative state","Treatment, therapy, and medication",False
2,1187,267e1df4e1c2e14dd7e23411dea7d407290d21e6934ce9b6af6cf1bdf8aa556d,1,0,T07,T09,"Daily functioning, sleep, and physical/vegetative state","Help-seeking, coping, social support, and recovery",False
2,1193,b1e6af1311f68f74c6a106535117ac6519bfd10d25d94c263f5332e8edecf52b,0,0,T12,NONE,"General conversation, community, and leisure",NONE,False
2,1201,7c90ed2adbdba70f89537e6d7fdeb0774972ba299c364cd0a4e5f4023663836d,1,1,T11,T06,Self-harm and suicidality,"Work, study, and financial/livelihood pressures",False
2,1204,b48632925c157319b5497709a090c0605a9fb6023de40ce2d02ca4e2da962b90,1,1,T11,T02,Self-harm and suicidality,Self-perception and cognitive patterns,False
2,1205,635923b88bd63ad866be74717f7df6d0d93f12d59ed47d9ed5e6c55481ace228,1,1,T03,T02,"Motivation, hope/hopelessness, and purpose",Self-perception and cognitive patterns,False
2,1206,5fe7d6875dd6552d1c4ba503e179b0e0e6deb1f67668e92142dd4979f298a5ea,1,1,T11,T05,Self-harm and suicidality,Family and parenting,False
2,1208,434e3c49530076251eea8e759da5df5c8db67845f8e1b58b22b3132aedf10578,0,0,T06,NONE,"Work, study, and financial/livelihood pressures",NONE,True
2,1222,dcb10435df35337ac32e4d41f2992f12c82984c19d7f777134c6775534f61988,0,0,T12,NONE,"General conversation, community, and leisure",NONE,True
2,1226,d3c8c5b2e5ce9035a38c6511bb17a9d01fbf9710bef94a3a52a94b5dc0d96d18,1,1,T11,T03,Self-harm and suicidality,"Motivation, hope/hopelessness, and purpose",False
2,1234,75baf06f31edd2418c45ebe844dabc1ebb693074643827a4c9dbaa73d3488e2f,0,0,T01,NONE,Emotions and feelings,NONE,False
2,1235,7bbc8a885ca658075b3b845cd05a872c16c9577739951b2dffa9ad1994ecc304,1,1,T07,T01,"Daily functioning, sleep, and physical/vegetative state",Emotions and feelings,False
2,1241,cddd92bb3b99fd1c62fec8bac60c58f4b32b7f69b962fa9f953873a9e7356d0e,1,1,T02,T01,Self-perception and cognitive patterns,Emotions and feelings,True
2,1251,5beb009a43a955e694012c2d35a52b9df392a0cc8de95706cf6f883cfb12bd29,0,0,T12,NONE,"General conversation, community, and leisure",NONE,True
2,1255,0d62ed9c8d3b9e702374ef88e3a04c778c1b14f3d6f572e7e9f971d913f6e443,1,1,T11,T02,Self-harm and suicidality,Self-perception and cognitive patterns,True
2,1256,06863e459cdf3eafe904b8150a3f0963391dd5d3d28042364cc5cd2df2f9135e,1,1,T01,T03,Emotions and feelings,"Motivation, hope/hopelessness, and purpose",False
2,1257,8aa7c2e78b207f73dbd909abfd6bce8916a8d6d408abe906bdc30d599d5a83bc,1,1,T07,T01,"Daily functioning, sleep, and physical/vegetative state",Emotions and feelings,False
2,1263,dfaa5ae413886183ac25b166980031814ad93815df6234fe862f820534e0d0e1,0,0,T12,NONE,"General conversation, community, and leisure",NONE,False
2,1265,2cfd4d8afb90aa049d3ff5f18353a1e9af82270d313aa568325b2c8f386d97c8,1,1,T08,T07,"Treatment, therapy, and medication","Daily functioning, sleep, and physical/vegetative state",False
2,1272,842aa0936c673390649c9d8c8b231ed63deb6f9f65e45879899271fff5cb2661,0,0,T12,NONE,"General conversation, community, and leisure",NONE,False
2,1273,fc4f621f61ccc3c9308c2ad04a6690cd7ee95c7e4727a7917521154dfafced02,1,1,T00,NONE,Other/unclear,NONE,False
2,1275,3df9671b6d2eeb553ab0f41595731fe35e5108463b02ef3538f5a4689f5e7703,1,1,T00,NONE,Other/unclear,NONE,False
2,1278,84d6048924f77555cbec1a0a0a02ee09e8328044af9a464218feea37e4353027,0,0,T02,NONE,Self-perception and cognitive patterns,NONE,False
2,1286,18bbed9cb6f8192280847b363c4c58a2fcc77d3b0d47c9d6c4ee4fc01fdacf26,1,1,T06,T01,"Work, study, and financial/livelihood pressures",Emotions and feelings,False
2,1287,1562fa9c91ecf19b911a1d48f3cc17fa40383e640386543626130456cab079f0,1,1,T09,T12,"Help-seeking, coping, social support, and recovery","General conversation, community, and leisure",False
2,1296,a76205544f046df8c416a3b20ca93078bc3b008670dd0281430f1aee00250ff2,1,1,T03,T07,"Motivation, hope/hopelessness, and purpose","Daily functioning, sleep, and physical/vegetative state",False
2,1300,501dff9c4cd275c451a8658d1328772fac37c2ce41f7a59f9f234d6200573996,1,1,T08,T01,"Treatment, therapy, and medication",Emotions and feelings,False
2,1301,8afe44658a6f56d0da55d1202b7d8ac1af6efde09acf1aaba7928a714a506ce1,0,0,T12,NONE,"General conversation, community, and leisure",NONE,False
2,1302,54bed0449be21419ca988c2e1b515ae27d28e562dae7551bdc4be22e434606d0,1,1,T01,T07,Emotions and feelings,"Daily functioning, sleep, and physical/vegetative state",False
2,1312,708c7496f4ce3411bbc6991e84f87a6b27ccd69c25d4571ef1ee2ba926f452e9,1,0,T07,NONE,"Daily functioning, sleep, and physical/vegetative state",NONE,False
2,1321,bc6c64c01ba9658953d972987384e3ba463878840f931afcc76e5ced4917283a,1,1,T07,T04,"Daily functioning, sleep, and physical/vegetative state",Relationships and social connection,False
2,1322,73ea20c83574c984073d41dbdd8b85fcd6216c8aa476b56a2b0ea19f4e3544c5,1,1,T01,T02,Emotions and feelings,Self-perception and cognitive patterns,False
2,1326,7de2bf65f9096a5029c03747dd70082dcea903a2d575ca4650ef17a2bc020867,0,0,T12,NONE,"General conversation, community, and leisure",NONE,False
2,1328,c96747bd17c3227e44e57785c55b752edb097ee7a01f5fe847d2982536950561,0,0,T12,NONE,"General conversation, community, and leisure",NONE,False
2,1332,39520d2af45ab69312ea20c0beb2cdf254391b3cd61404b1272386908b5ddd5a,0,0,T01,NONE,Emotions and feelings,NONE,False
2,1341,2010ebad392b442368988d8496ac0e0c3c302c7728e5f1c9bcdf1a1f2ef862ec,0,0,T12,NONE,"General conversation, community, and leisure",NONE,False
2,1343,c2ea7f358330fbcf626d86b1e39e63f9cda1077df31d4e6ae01e80928a3612ba,1,1,T01,T06,Emotions and feelings,"Work, study, and financial/livelihood pressures",False
2,1344,70ff36301ae983b947b4ab30a9e885bba400e389cf365716005a4c768e0f2195,0,1,T02,NONE,Self-perception and cognitive patterns,NONE,False
2,1353,8226492dbf0fa8ff7b3df53a772db8f720f0b8fcd2c7afcd35fb739af855846f,0,0,T12,NONE,"General conversation, community, and leisure",NONE,False
2,1354,99bb9171e9f7a424dc43bcc373cfc2d73d91c013245f09a284ece10466e389f1,0,0,T12,NONE,"General conversation, community, and leisure",NONE,False
2,1355,7b7318ab64a634569806cd93e6e97825d03a59a52cb6932c8b1482ee248a19ce,0,0,T12,NONE,"General conversation, community, and leisure",NONE,False
2,1364,90e92fd81564fd4ea5409df32c6aaf5e373b7bc8b3a3c1408c57c615309f5f5a,1,1,T11,NONE,Self-harm and suicidality,NONE,False
2,1368,c83c9b99cb620bacd98fa0f584bfe3b55eae705ce8d49e85b385eee909dc783e,0,0,T12,NONE,"General conversation, community, and leisure",NONE,False
2,1373,1ecc982b6f32a74be60779bde5f91d4ed8c77696beb6693818713a6046b8b062,0,0,T12,NONE,"General conversation, community, and leisure",NONE,False
2,1375,490cf33ff2003dd43278d6a16f890cec58519bd7c3996f99d1ce3406f269bede,1,0,T07,T09,"Daily functioning, sleep, and physical/vegetative state","Help-seeking, coping, social support, and recovery",False
2,1378,16903c9f59e65d9c2da2595ce4c6ab95c848524db01f17877a40047649113578,0,0,T04,NONE,Relationships and social connection,NONE,False
2,1388,eb539b75466afb48858345bb9fc339061f83bd04f7ae446a56417ba7ac9baec4,0,0,T12,NONE,"General conversation, community, and leisure",NONE,False
2,1397,f775797b57cf8fd5be74d89f512dd3e73d6d710a7d43e036888ba1be5ae01965,0,0,T12,NONE,"General conversation, community, and leisure",NONE,False
2,1398,87762030d9a3730943022534e94a38c0a40c453513ea74376887e5653a6d917c,1,1,T06,T01,"Work, study, and financial/livelihood pressures",Emotions and feelings,False
2,1400,9762507b293c4d8aa556ad03d5a0f9eb10ef3d9ac501f11ea81b4abfa435b085,0,0,T04,NONE,Relationships and social connection,NONE,True
2,1405,fc523057ccc6d2f7151aa1ea5e2a770e6e68990d889746231f0442594e728eae,0,0,T04,T12,Relationships and social connection,"General conversation, community, and leisure",False
2,1432,4871971841a8c7e54caa74cfafeb452a79b49a1a91cd796b6898ec450ffc54c4,0,0,T12,NONE,"General conversation, community, and leisure",NONE,False
2,1434,3cbb98d396ac7d2497cb66fec88baf075784e25c51ccae04aafeccd71330cbcb,1,1,T02,T07,Self-perception and cognitive patterns,"Daily functioning, sleep, and physical/vegetative state",False
2,1438,95c1895b40a9f11bfd4aac9ee867eb68ca13424b12153cd444557e63d86fe14d,1,1,T11,T09,Self-harm and suicidality,"Help-seeking, coping, social support, and recovery",False
2,1447,e33e7d3b711b14f502dd09d34f9df7a6db6304f44558a135c409d29c7675d54d,0,0,T12,NONE,"General conversation, community, and leisure",NONE,False
2,1449,2bfa2adb80921d695dd9ec4bd16a52f3a2328d01eb2592d08f8eaeafb7375b2c,0,0,T12,NONE,"General conversation, community, and leisure",NONE,False
2,1450,8a48763c182a73c7ce3b237008ed11313a6a807a55cec40431d48bd217c4c8c7,0,0,T00,NONE,Other/unclear,NONE,False
2,1471,673042e0bc18f8f5eda31765d49e171d84db5384a68a05aa598c4371270288ea,0,0,T12,NONE,"General conversation, community, and leisure",NONE,False
2,1473,5c0ab5e3ab65f9a0db20c63029945603c6a9da62a579ca28cf9368895b415005,0,0,T05,NONE,Family and parenting,NONE,False
2,1477,fb82f9c470adfec0e97d472aa7e169c80b0d8ab52e11f619793a0027b585e4ab,0,0,T00,NONE,Other/unclear,NONE,False
2,1478,5ad1f3aad71cb5bd739fc49b4b0ace0da17f5d04a718c7f9e1c595cd3d95d25d,1,1,T11,T03,Self-harm and suicidality,"Motivation, hope/hopelessness, and purpose",False
2,1479,8b83a7b66760433b32c7a508287fc2009e1fb62bca364949283967c112809cc3,0,0,T12,NONE,"General conversation, community, and leisure",NONE,False
2,1492,8711968476153c3af4f97432f662ed48334bd42103237bf26af0d5b2dedcc40c,0,0,T00,NONE,Other/unclear,NONE,False
2,1496,5ddfac84309b321bd264dab319bfbd5702d0c8f7fda20e0b8cea2aaf749aac52,0,0,T12,NONE,"General conversation, community, and leisure",NONE,False
2,1503,73eddd68ad495c95d3757bcb5c118164e6478774de42086db9e5066e704344e4,0,0,T05,T04,Family and parenting,Relationships and social connection,False
2,1520,f3bda2e886edbaea2b6d4d7b397053813a7b133c4ae60563cdfbcd346343046f,0,0,T00,NONE,Other/unclear,NONE,False
2,1522,252701cebcd0b85573ed2c93a9f627ee8bff1a934fd27382a73ea7e1785c5bc2,1,1,T09,T08,"Help-seeking, coping, social support, and recovery","Treatment, therapy, and medication",False
2,1528,f5af1a2f4d1ae0f6a430551984ce0c1ac764ce832ce04003c16ee94f64d9668a,1,1,T09,T04,"Help-seeking, coping, social support, and recovery",Relationships and social connection,False
2,1530,2540cb79c49b91a4ffeb27aae8a60a7f63045b4c33c843d800d4408e201cfc19,0,0,T05,T06,Family and parenting,"Work, study, and financial/livelihood pressures",False
2,1554,4fde26ed56c796b194d65c25e6b07cb2b1c8e402d578945f5b2a785d722647be,0,0,T07,NONE,"Daily functioning, sleep, and physical/vegetative state",NONE,False
2,1564,02876e1ab449af8a9fe9dd36fe565ef90dc9f96404050f406c6e678e718c5542,0,0,T05,T06,Family and parenting,"Work, study, and financial/livelihood pressures",False
2,1565,4fd6657a03d30a1d7e1f59708aff1fd38193e942f97dbbd514462ba855db7f4f,1,1,T02,T06,Self-perception and cognitive patterns,"Work, study, and financial/livelihood pressures",False
2,1568,5188984e41e89b520f3b0ef537249e55f1bf2b029d047b5c8b8e009b038b9e4a,1,0,T00,NONE,Other/unclear,NONE,False
2,1569,0638cf89316b67078135bea7785ede993615f117df7271611c7f851a79d6cac7,0,0,T12,NONE,"General conversation, community, and leisure",NONE,False
2,1574,f11cda4cc4ad706da5f21679a2dfeaadf3a5f7054347c7aac24a2d6a5aee6318,1,0,T00,NONE,Other/unclear,NONE,False
2,1577,fafe8691ef2e59cd335abf286f50076faca66e0fbeb72bf036e4aef6eca7a54d,0,0,T12,NONE,"General conversation, community, and leisure",NONE,False
2,1578,1f41ae5413d8666d105f8023358f4e94f08f36394a7268f4a9a71da74726fa45,1,1,T07,T01,"Daily functioning, sleep, and physical/vegetative state",Emotions and feelings,True
2,1598,f137066dbf9abb9665062a34ed9f16cf7debf80a8b76c027fb9d9f76b8e3af70,0,0,T12,T05,"General conversation, community, and leisure",Family and parenting,True
2,1605,7729f04cf0d79fe44a43c133648dedac49317c6949a5412f42c24ea774578f8c,0,0,T12,NONE,"General conversation, community, and leisure",NONE,False
2,1606,3e9757bc82f9dbd2f72ef383ab0eaff9244558f0a13f43cdaeae7e3d112e77f7,1,1,T03,T02,"Motivation, hope/hopelessness, and purpose",Self-perception and cognitive patterns,False
2,1611,11ce63805b717382485a2f3993398ecb98301f30923680d38ef0a45848dca5bd,1,1,T04,T01,Relationships and social connection,Emotions and feelings,False
2,1616,6ef5f5b3a5283d7e6f28c883d9aa8abff415a2f59b8aad1f1b8f7dcf0f634571,0,0,T12,NONE,"General conversation, community, and leisure",NONE,False
2,1620,3dec8ec0f807aa5992f03db15d0c61c2fb3b2c841927b17620cc06ad6b4eeadd,1,1,T01,T06,Emotions and feelings,"Work, study, and financial/livelihood pressures",False
2,1622,d315f5654985447503bf2eaeecad1f063c767cf2ce83f3084b697d535d0a5448,1,1,T04,T02,Relationships and social connection,Self-perception and cognitive patterns,False
2,1624,895009bb513e86043118636684c38615876bcac1d5dba1fbb0aea6fd92a382de,0,0,T12,NONE,"General conversation, community, and leisure",NONE,False
2,1626,83366d300b667bb9c996405a0dfbef376e451e8d9f9a372f903c70a75e62aede,0,0,T12,NONE,"General conversation, community, and leisure",NONE,False
2,1633,7caca183c10b519c744d2e1a2a368de2442bf643269328604124829bc3896266,0,0,T00,NONE,Other/unclear,NONE,False
2,1643,6093556b484470c6be27a49bc34cae14de668ca6b188588a5686383e2bb68214,0,0,T04,NONE,Relationships and social connection,NONE,False
2,1651,a18558689791d4940411ce6a49969ef44fee8b12e66e8bd2632bed6a02308658,1,1,T07,T01,"Daily functioning, sleep, and physical/vegetative state",Emotions and feelings,False
2,1652,b205d329a7c8a11dbec0a8b5484eec9bd4e0c0feb826c7c1377f6818c52309d4,0,0,T06,T03,"Work, study, and financial/livelihood pressures","Motivation, hope/hopelessness, and purpose",False
2,1655,b0046530ee6216ccedf58e451e1b678bd42f4f7be649e06ffb7b762c7f4e88e9,1,1,T11,T02,Self-harm and suicidality,Self-perception and cognitive patterns,False
2,1662,67f002717942b34199f86499f488176b143a3be7562a9e60c48d93d312969efc,0,0,T00,NONE,Other/unclear,NONE,False
2,1665,fa2ef7dd306471bbb46d8b1cb8ea1f93fdbb4303527345a4a0a0a39cbc2f041c,1,1,T05,T01,Family and parenting,Emotions and feelings,False
2,1666,e794595ebe51281f6ac67e77d1e551d74139b28ba99ac6f00cbba2668503c49c,0,0,T12,NONE,"General conversation, community, and leisure",NONE,False
2,1667,f224d16891778c9da8428da4ff9a8ebbf7f057391eee0818e3cf1006b1873365,1,0,T07,T01,"Daily functioning, sleep, and physical/vegetative state",Emotions and feelings,False
2,1673,a35a95493393e88566acb7e41506de0634b0684fba6f91392716c95caaaf35b4,1,1,T11,T05,Self-harm and suicidality,Family and parenting,False
2,1674,d95ddd5ae431e12e0f8e15cf21c568aa3224e3c1b257032e92c58b9f4cb48878,1,1,T10,T02,Alcohol and substance use,Self-perception and cognitive patterns,False
2,1677,9d10867d67937bc0af5d1cf0d48426d913807622cd3976b94828ef6349185fb6,1,1,T11,T02,Self-harm and suicidality,Self-perception and cognitive patterns,False
2,1678,5e6a76e3818e43e861c8e93e896dd72a2c1f532bb1f5b2800059f40401732158,0,0,T05,NONE,Family and parenting,NONE,False
2,1697,79fb0d92751eafe8c72d3d317f0b47c16444818505154d5c3b42af3a1552d458,0,0,T06,NONE,"Work, study, and financial/livelihood pressures",NONE,False
2,1699,21148f9de494bfbcb80995e60e441535c9a1c9803b19c5efa2a547fa764ab79b,1,0,T07,T08,"Daily functioning, sleep, and physical/vegetative state","Treatment, therapy, and medication",False
2,1700,6a63a2b67a7ed93139bf7e187a953646ba3f81e5d37901afd041465fedd6adef,1,1,T11,T03,Self-harm and suicidality,"Motivation, hope/hopelessness, and purpose",False
2,1702,047c81c478d12f2e096542f62fca2d53c231cc9e88496e87825120362e9fa353,1,0,T00,NONE,Other/unclear,NONE,False
2,1704,4c5b9c18f3a2ef4ecb434e1f083f0729ac932d5a8be2a40657fa34042c8be394,1,1,T03,T02,"Motivation, hope/hopelessness, and purpose",Self-perception and cognitive patterns,False
2,1705,85969f56905aa7cc5b62b791826ed55be32354b61b536131f5ef09970cb230c2,1,1,T03,T01,"Motivation, hope/hopelessness, and purpose",Emotions and feelings,False
2,1709,3e17505fe3a812c3e0f6c3ad5ff4500bc6a96cc94ab829c4e0c1c16db7bc3c9e,1,1,T07,T06,"Daily functioning, sleep, and physical/vegetative state","Work, study, and financial/livelihood pressures",False
2,1711,3c2d535460ac73f3fc0a0374e633e974f39dfdaf54092a9acb6bcecd5a0f2e4f,1,1,T07,T03,"Daily functioning, sleep, and physical/vegetative state","Motivation, hope/hopelessness, and purpose",False
2,1718,1fd1bed716beef6df06b9515984f63091744ae989e29c50e3d0d1fa6413255c7,1,1,T09,T12,"Help-seeking, coping, social support, and recovery","General conversation, community, and leisure",False
2,1720,ad68dcb6b29f0283d5091bc30f84a5de4708388b167c7554a613989df0e69288,0,0,T05,T02,Family and parenting,Self-perception and cognitive patterns,False
2,1726,5834c05db33b38d94a455598595f45633bf3e70bd953ed34b7f514c98bd27428,0,0,T12,NONE,"General conversation, community, and leisure",NONE,False
2,1731,467290b728731499ee2f6375f4b0ee0789262c19e5df4f0529d80c92036347ed,1,1,T08,T09,"Treatment, therapy, and medication","Help-seeking, coping, social support, and recovery",False
2,1732,6d357a7626db55757fe0e9e1dfb8f50a28af1317a2606c6fe66ca8bfd2942dbd,0,0,T12,NONE,"General conversation, community, and leisure",NONE,False
2,1738,d4af62c45f9e16b083b1fb0b0945c323680c8b7702f70fafa240321e68217ed5,1,1,T02,T11,Self-perception and cognitive patterns,Self-harm and suicidality,False
2,1739,d74bcef4a65b87a399256be2cc6ebbdd0ba00892f69fef1849d281720f4551cf,0,0,T12,NONE,"General conversation, community, and leisure",NONE,False
2,1747,2288bdb28e25d35922dd46714ca857069aebb1cc2beda2e134749a3b454ea449,0,0,T12,NONE,"General conversation, community, and leisure",NONE,False
2,1748,f0ef87083c36ee7af73e639fee672a0e2955610f3993c8c51314ef5e9e60e42f,1,1,T05,T01,Family and parenting,Emotions and feelings,False
2,1750,f4b25d68d7d3157b62284dc6d73de0c4bdd96c3d128781d46571df66b74b8261,0,0,T04,NONE,Relationships and social connection,NONE,False
2,1772,970a0c7ccb8372c5ba7aa9a2d4b892230d75b1b323d28c67c415c2241f11de61,0,0,T00,NONE,Other/unclear,NONE,False
2,1776,d01e9dd67b26524275a773095ddfe2fe304094332584ab7abe12a59bb96ab1a1,0,0,T12,NONE,"General conversation, community, and leisure",NONE,False
2,1781,fc7d00b7a24819e52cfb2736d28c7fc43e34b292538cc330d067470eabcb58a7,1,1,T03,T02,"Motivation, hope/hopelessness, and purpose",Self-perception and cognitive patterns,False
2,1782,7fbf98461f021139a7b004d66b948d87ebd5c1bbe28a2f66fa8c9c178b6fd8e1,1,1,T11,T05,Self-harm and suicidality,Family and parenting,False
2,1783,8135593e477cbe82bb087c27ad8ea3ec2ce074cac038e1c21f587db0ea8305fb,0,0,T12,NONE,"General conversation, community, and leisure",NONE,False
2,1784,ec9e6e2a6a7f80487dddf107d20ea085abff958bae5d4660bc9e11a5dd55f8c1,0,0,T12,NONE,"General conversation, community, and leisure",NONE,False
2,1798,b57db8cab88b8bc060519dea2ee89f6fe7080eb1b1f25f2295a1f7e5b52b4114,1,1,T11,T01,Self-harm and suicidality,Emotions and feelings,False
2,1802,5bdd8f772ee914d8064b7ffdb79d99e825e1f848334333c3961478794f1a143f,1,1,T11,T10,Self-harm and suicidality,Alcohol and substance use,False
2,1805,db601799cb90a1520699796c8327665eaab8d49d4952c31c7a3fc4634383d358,1,1,T09,T04,"Help-seeking, coping, social support, and recovery",Relationships and social connection,False
2,1811,6d2c28d0daecabc1fa100085f775fd87d9fea682afeb174f0dfcd1d70867e7e0,0,0,T12,NONE,"General conversation, community, and leisure",NONE,False
2,1812,a09fb333d56a6aa89ecfb8a10f4e73b9013750e8744c21d103025c3c743ac0cf,1,1,T11,T03,Self-harm and suicidality,"Motivation, hope/hopelessness, and purpose",False
2,1816,3023b18f66116209f04aa396b7a009b47d3c490bd02582bf8392b39695ce6d14,0,0,T00,NONE,Other/unclear,NONE,False
2,1833,f2ba86ceb037763468c0959b8b778da5a4f90bbe2e29806b25b11766b3e705ec,0,0,T09,NONE,"Help-seeking, coping, social support, and recovery",NONE,False
2,1836,bd8ddb5b039af529fb7e83e68fb303ee1533df55dfa9e1c18e457df34a3a7018,0,0,T12,NONE,"General conversation, community, and leisure",NONE,False
2,1842,aee942900ca3ba019f0bb08ac38b524b0937ec0730feb20c9bd44f9941dfdf8e,0,0,T12,NONE,"General conversation, community, and leisure",NONE,False
2,1843,a0a7df2181baf8b7fde64508013f0975ad89270cd001f934aff56bcaec052588,0,0,T12,NONE,"General conversation, community, and leisure",NONE,False
2,1844,19a7f83fc1c51a9b626cc8a88b010903067e9339c3cff191543f1605ebbcbba4,0,0,T04,T06,Relationships and social connection,"Work, study, and financial/livelihood pressures",False
2,1849,e811781ae56b72993724c4d920c08d3eee3c5dc0524beb3fec574dd0667e9186,0,0,T04,NONE,Relationships and social connection,NONE,False
2,1854,4a901709d63f6cadf24b92153a4adbfc4ac95a156f5c93163d9e65d37e42ecad,0,0,T12,NONE,"General conversation, community, and leisure",NONE,False
2,1857,ec6975dd39ad9dd7b7c26264e852bcd46351955736e6d531681015979fff7468,1,1,T02,NONE,Self-perception and cognitive patterns,NONE,False
2,1858,7f3cb65c004ec4588a2dd03c6a25d1e9c6cdc3b2fb8a59e273962e559636c9ce,1,1,T11,T08,Self-harm and suicidality,"Treatment, therapy, and medication",False
2,1861,e25062737d7780eb95826b40484201912fb7a098d66d36792846004251d14199,1,0,T09,T07,"Help-seeking, coping, social support, and recovery","Daily functioning, sleep, and physical/vegetative state",True
2,1868,499d225e2bde39b5808d73fd359122b783daf4830074f6e0a64857b240f82b5b,1,1,T11,T02,Self-harm and suicidality,Self-perception and cognitive patterns,False
2,1883,f11ea494812af0c727fb6db37c45bc3e0855c73114f258007f9e3b1ef0bd7837,0,0,T12,NONE,"General conversation, community, and leisure",NONE,False
2,1884,7885b72bc1f574252af9857bd9a62f59cbd33fa8a090e5a5b20db3649bb189ff,1,1,T01,T04,Emotions and feelings,Relationships and social connection,False
2,1885,fadf02d7de7b947bd9b22ac97c5b99c8e3c7de601995657cdf95bf3c1ab7fa5f,0,0,T12,NONE,"General conversation, community, and leisure",NONE,False
2,1886,b50c19d32e28da66153934459c87c7fbc5967b083d5fb6d6830c0f8005fd0a1b,1,0,T01,T02,Emotions and feelings,Self-perception and cognitive patterns,False
2,1888,db8dbb45df37812a580024b64cf34efe3a45eed1a16e32348f6bf3ef843325a9,1,1,T07,T01,"Daily functioning, sleep, and physical/vegetative state",Emotions and feelings,False
2,1889,074b78a1b61cfc558fce8eff0839150fb9e1ec303b0b17c2997190e8bf95742b,0,0,T06,T04,"Work, study, and financial/livelihood pressures",Relationships and social connection,False
2,1891,89a5b8d5ec80ca82d716fb9932d8630fa1ac3f44319fc37c27b6fdd6ef367a50,1,1,T11,T01,Self-harm and suicidality,Emotions and feelings,False
2,1907,1df6285830b9ff54f05ccff4af5a13145de27187d9b0fbe0c4fc1e2767b96d0c,1,1,T11,T06,Self-harm and suicidality,"Work, study, and financial/livelihood pressures",False
2,1914,1bc07f67aee30fbbd621144c8428fcd95e5f7b1a356c2198b9cf22b6841c5179,1,1,T11,T10,Self-harm and suicidality,Alcohol and substance use,False
2,1923,d20279fb2072d84d2397f40bb8b991f8aa0ef42d37350f564fc7ca5a8f0f7e49,1,1,T07,T08,"Daily functioning, sleep, and physical/vegetative state","Treatment, therapy, and medication",True
2,1939,2671c68ba69d9ae9115bc3d6a1fed3445c17ca45d3980e0a167630a3f9734aa9,0,0,T12,NONE,"General conversation, community, and leisure",NONE,False
2,1945,8b167efa15161e093769c3503b4b736c2d15d371bcf64b5bd2a39ba26a855d4b,1,1,T11,T04,Self-harm and suicidality,Relationships and social connection,False
2,1966,24ba5c7942e2c64bcb4fb682be5e22c12c222e0deba368bf04da7c8c99a12810,1,1,T00,NONE,Other/unclear,NONE,False
2,1969,7c5edb6cdcc1299d46b1a5b36ab91a2d1f70463f50c9e2fe62ecf9f7c95ea0dd,1,1,T01,NONE,Emotions and feelings,NONE,False
2,1978,9d61de6e3159cb73ca38c82238f184469157caaa66ea6a929bc8c93978622798,1,1,T04,T09,Relationships and social connection,"Help-seeking, coping, social support, and recovery",False
2,1986,31d94c834e484c7d01cf0d905567aa7b5f01484e80a3d3f35a317aa937130606,1,1,T11,T08,Self-harm and suicidality,"Treatment, therapy, and medication",False
2,1989,002c30558dfbbdce19550bcd01444300ba1097095080d60d404ed7650b8b98f4,1,1,T11,T02,Self-harm and suicidality,Self-perception and cognitive patterns,False
2,1991,36bf00420f34e573ab6c141589138e62d44ba4ddd6dff87eeb9f504fc65b2c2b,1,1,T06,T01,"Work, study, and financial/livelihood pressures",Emotions and feelings,True
2,2008,6ad2c3dae425596a626ed76653e42dd86f29c139b2bfeac300d6c7a86b6f9b1f,1,1,T04,T01,Relationships and social connection,Emotions and feelings,False
2,2012,9c1d178585e64c7259e0e7f4633e6be55672d2fb2b1f2f507a3b3c0b9732f183,1,1,T11,T01,Self-harm and suicidality,Emotions and feelings,False
2,2019,f00a29285d8a237bcaca171bf2a21beb1dbe4d468fd9cfef5375664ad50ca257,1,1,T08,T09,"Treatment, therapy, and medication","Help-seeking, coping, social support, and recovery",False
2,2024,ba6616352015ba668e052a4db1b19d60e7fd72639b4f35805268d33727c72495,0,0,T05,NONE,Family and parenting,NONE,False
2,2026,f7f01cdd46cc94bd3b86ffae4ac1d86c5def8e7d05c0a37823a6f47b04fa84f2,1,1,T01,T07,Emotions and feelings,"Daily functioning, sleep, and physical/vegetative state",False
2,2027,b625bb1fab52fe32a0fe77e6d4bea6af58450f64bff590768af06de75382d289,0,0,T05,NONE,Family and parenting,NONE,False
2,2028,b71e4a10f6161bd5f1a47747de4239c820d3ba60507a5bbcf06e5ca93aca39b2,0,0,T07,NONE,"Daily functioning, sleep, and physical/vegetative state",NONE,False
2,2030,1f5666df72f47f3da8dc2effecb300a343b5b6e15388bb04ba56bf1c46a9c77e,0,0,T12,NONE,"General conversation, community, and leisure",NONE,True
2,2033,29f6f4af01f2c33bcad7a50ff1b29000483883ae2f3e0de3141ddf17f9c6bd59,1,1,T11,T03,Self-harm and suicidality,"Motivation, hope/hopelessness, and purpose",False
2,2035,e8943d322cfa27a2f633c3a95f86b397472de23e0bd6ae29cf748a9291c9a39d,0,0,T12,NONE,"General conversation, community, and leisure",NONE,False
2,2037,46c27e305c6784f121908812b9a906ac4bad6e3b4ebdf70721ddc387376092ad,0,0,T06,NONE,"Work, study, and financial/livelihood pressures",NONE,False
2,2039,8275fcd8b88475a7066238089f5dc155e2a5aa013b9b248824700537b911dcc0,0,0,T12,NONE,"General conversation, community, and leisure",NONE,False
2,2047,56030797e9df795f79791f82e87b4d79935bbe6e763ce1a6ca3f312afd974736,1,1,T11,T04,Self-harm and suicidality,Relationships and social connection,False
2,2056,d0ee6fd8081aa25dcc6579919514d8e1bb9b32a84fad3b822546090ac586bacb,0,0,T00,NONE,Other/unclear,NONE,False
2,2060,4e0965126e7fd9e86cd073db63a8974319c8f682992291026c4cc239bb9a3a46,1,1,T01,T12,Emotions and feelings,"General conversation, community, and leisure",False
2,2061,d448feff4bf9ad66c40aa179d167574166ac59bc15706e8466bd955b6ea9bcc9,0,0,T12,NONE,"General conversation, community, and leisure",NONE,False
2,2062,6662966e6a930f06bf13453ef7f3894fa1a796b6a37bd56aa8d7827001fa724d,1,1,T01,T04,Emotions and feelings,Relationships and social connection,False
2,2066,a44591364ab0a2be3ab04fe93321c6c8f431ba221afe01ae4849952374e26569,0,0,T12,NONE,"General conversation, community, and leisure",NONE,True
2,2068,2aa8d1a803e43585c8addbdf66e3ab28f676ee9f6e99c4da21c10898783ede84,1,1,T12,T09,"General conversation, community, and leisure","Help-seeking, coping, social support, and recovery",False
2,2069,e947df212ffe8b29624a6fd1772581118ced27df4322b69d5f19cf821d088911,0,0,T12,NONE,"General conversation, community, and leisure",NONE,False
2,2074,f505ac7ccd2f32a10c82730e2c09fe60169b992483fa036f4451e3c55421a348,0,0,T12,NONE,"General conversation, community, and leisure",NONE,False
2,2084,ccd5016da1aa4faf129df05794a13e50d9f81043f010f975b268631098b23ba7,1,0,T12,NONE,"General conversation, community, and leisure",NONE,False
2,2085,e3390ec5226636984eec10046ecdd62d54ee73f257c0c3a80aa63e09d2b735b3,1,1,T03,T01,"Motivation, hope/hopelessness, and purpose",Emotions and feelings,False
2,2090,11824f2cbd52b5b98d4917da7fc0700c7e572aa60251b10461c8c19eb8ffbc3e,1,1,T11,T01,Self-harm and suicidality,Emotions and feelings,False
2,2094,c38d4e12c0eca926a0c8aaee30cff38e9d6c782a2289751580c6a25f09de213c,1,1,T08,T01,"Treatment, therapy, and medication",Emotions and feelings,False
2,2095,2c9cb575892e0fb8590517d6267e16dbdee342e8b9c5eb4a7040f5a69c25c8e9,1,1,T06,T03,"Work, study, and financial/livelihood pressures","Motivation, hope/hopelessness, and purpose",False
2,2097,8deb107320663c7f999ba6f05f5666d1be2a0782cee3af83e2a8d034ed2c48ee,0,0,T12,NONE,"General conversation, community, and leisure",NONE,False
2,2098,73b2548e64548ca9387857426408afd18f60d97753598a24ff8d1b4326de0f7e,1,1,T06,T01,"Work, study, and financial/livelihood pressures",Emotions and feelings,False
2,2099,e7bfbd4bea882b5ddd3944d0d359579d890eb44f084331ef6b36fb6a9c0924b2,0,0,T12,NONE,"General conversation, community, and leisure",NONE,False
2,2102,de4b798039213bfa9662fa0f32ad0327c3c58c8e5140fa4823e9108158047732,0,0,T12,NONE,"General conversation, community, and leisure",NONE,False
2,2103,fca3d3b0e700d64ecfdb399b8d28b3cb9f4e1d2d9429733f1c2dcf821c9c3c55,1,1,T11,T01,Self-harm and suicidality,Emotions and feelings,False
2,2104,746d5025f261b2aea3f81a2d43f9683bd424c88b3d9e130b2d43ecdf82e7b524,0,0,T05,NONE,Family and parenting,NONE,False
2,2115,29c4d6f32eae37c0ba9495c088aba4ff820066d262e29b16a8a17c2161b6d808,1,1,T07,T01,"Daily functioning, sleep, and physical/vegetative state",Emotions and feelings,False
2,2119,7865503c827289f82a5a765591d1f364ee13786fee5e34510126fe2bfe0a5818,1,1,T01,T09,Emotions and feelings,"Help-seeking, coping, social support, and recovery",False
2,2123,8acf1e36dc0fd19d6f9bd36c154e4eab7f419363d1a8cb6fd5bf17ea07898f51,0,0,T00,NONE,Other/unclear,NONE,False
2,2126,3daede64b2223a0b0478d5fdd441fa60abf2811f3dd5b197f6e4b5edf30df2d9,1,1,T11,T06,Self-harm and suicidality,"Work, study, and financial/livelihood pressures",False
2,2130,64dc85d7db29fb825a2ddc9b54f2c8cd26409d296fb1b4c99bffa03b9d3b5286,0,0,T12,NONE,"General conversation, community, and leisure",NONE,False
2,2135,9bb252d9d05226fa5c28843d31190b5c08b196774d8e39fb3e1ef22a0e0a313a,0,0,T12,NONE,"General conversation, community, and leisure",NONE,False
2,2136,6d934f2d643473e3d0de0a906faf43b1c7bfebab7b1cd2c13af9e68faad276cb,0,0,T12,NONE,"General conversation, community, and leisure",NONE,False
2,2140,4843100da0b71d71f873e9c09c9b9b4bbf1836331be5f57c9fabc53121b5339f,0,0,T00,NONE,Other/unclear,NONE,False
2,2142,4f28b921989b561c8c3681c6e2cf17f8f245b90184a6538b92d4a0020be6176e,0,0,T12,NONE,"General conversation, community, and leisure",NONE,False
2,2148,acad331bfb5a5f6cb7be706b736e9be084dcb837cae37c7778b6422ec6fde0eb,1,1,T08,T07,"Treatment, therapy, and medication","Daily functioning, sleep, and physical/vegetative state",False
2,2152,acdbc788f0207be91721bed632484de6242f66b05f7495f73a477b6c8269a422,0,0,T00,NONE,Other/unclear,NONE,False
2,2153,dadbcdffb8aa943f01141d2c5ef1212e6c16a2386576643905374b7805caa603,1,1,T11,T05,Self-harm and suicidality,Family and parenting,False
2,2160,a3269687575d613d0360ca2376632814baedc759df5d26d065d47cc5c8676975,1,0,T07,NONE,"Daily functioning, sleep, and physical/vegetative state",NONE,False
2,2167,d0dab34ae084b0a3ea92afc9cdf328599784f89da35d2cb377c9717d5629be8b,1,1,T11,T04,Self-harm and suicidality,Relationships and social connection,True
2,2169,15815bda3bcc05420f52e7291bde2b01e77338889509de447eb1657f2c97092f,1,1,T06,T03,"Work, study, and financial/livelihood pressures","Motivation, hope/hopelessness, and purpose",False
2,2171,d3ae1c9394a2e38df932e77fb1d78c5e733005f4e70950780c7a8d83e24cb0dc,1,1,T11,T02,Self-harm and suicidality,Self-perception and cognitive patterns,False
2,2177,f782be7b3b7aa4256735a3e531b2a6cb60c6df78b550a4c2e2ce3aa4fb6054c4,0,0,T12,NONE,"General conversation, community, and leisure",NONE,False
2,2186,71775e77e6d15124392e8e7c3e697bde5bd339ce4ffaca5841a3be45a11e8604,0,0,T00,NONE,Other/unclear,NONE,False
2,2195,4606e6ef13dbded65e6426cd60fc7dd5969b89ba5463a8faab20e3c61739be0d,1,1,T05,T01,Family and parenting,Emotions and feelings,False
2,2197,1abcbe3934397bd52904d9420a7cc64efb9a5fd8d3b1623ec86b1f1cb662196a,0,0,T00,NONE,Other/unclear,NONE,False
2,2203,7cb39a40de32748abeb8bfc65f33473571a2ee97562809a16e7e3e4000e4bec0,1,1,T04,T01,Relationships and social connection,Emotions and feelings,False
2,2204,6413aef844651acc2f53a9da53a2c14761b047dbc8380e04686e8aaaaab54b76,1,1,T04,T01,Relationships and social connection,Emotions and feelings,False
2,2210,0dc9f4560806eb7955e0c19fce0a5a02c333d058d4d8e795c4f5cbfe082a415e,1,1,T01,T05,Emotions and feelings,Family and parenting,False
2,2211,087809934a2fe66283606130d2f8c14c414300c911b1d31e087d4b41d5acc290,0,0,T00,NONE,Other/unclear,NONE,False
2,2212,34749a9f4d4739dc614047026b7c42e5e3a11af069e15f1ff4fcfd243e1abf9c,0,0,T12,NONE,"General conversation, community, and leisure",NONE,False
2,2217,c240a355dc316432d8f952f6d77e949525690cd9ebc09fb120b500a5f3fe2380,0,0,T12,NONE,"General conversation, community, and leisure",NONE,False
2,2222,74fc4aa21cfcb603f43de7dcf67aef455a23359b24216d40cdd18221055938c2,0,0,T00,NONE,Other/unclear,NONE,False
2,2224,0a8d042490a7a994c917b6d6ab3d2e2fe906d3c99076a766c2b6c5451b4ea4c6,0,0,T05,NONE,Family and parenting,NONE,False
2,2228,46b5d0899d0f7d04498941d21a9d7f16c33bedc04785e624c16726bba27169a7,0,0,T12,NONE,"General conversation, community, and leisure",NONE,False
2,2238,361a9254fd1e2223861b9e6f7604661a429055a51910d864ae35ae2e237a85d8,1,1,T06,T01,"Work, study, and financial/livelihood pressures",Emotions and feelings,False
2,2240,5a2f2de48978711c53e339e3072a68416741a073029bd3445b8967b55d0f2907,1,1,T04,T01,Relationships and social connection,Emotions and feelings,False
2,2242,acc7c260ec16334be9f7825b3f7cc249058756b7b0c772a1d7b06aad224dde3c,0,0,T06,NONE,"Work, study, and financial/livelihood pressures",NONE,True
2,2249,6dd0e23320d5bbc4e30e670acc75000a8c322703931575a18f7085e1538d2bb2,0,0,T00,NONE,Other/unclear,NONE,False
2,2259,a5c916406bdca0bd442a048d66846fe9bba2abf91d1b679aa23803b6afd47391,0,0,T12,NONE,"General conversation, community, and leisure",NONE,False
2,2261,4c1763638e870f1c1b3db1d77845f4c172bd0a1089537bc78b3c0083d985eda7,0,0,T12,NONE,"General conversation, community, and leisure",NONE,False
2,2263,f22cce3974897921b4bafa887307539d68c7d0b7202ceaacebd6e4ff394f65b2,1,0,T07,T01,"Daily functioning, sleep, and physical/vegetative state",Emotions and feelings,False
2,2282,052d33261dd03e14db0f52f1b74ff2b834f0478c818e0068321db96d61be57d5,1,1,T07,T08,"Daily functioning, sleep, and physical/vegetative state","Treatment, therapy, and medication",False
2,2284,d49b45ccd33f6d693204179e179671a193d68856e8fce4e69710845713f5b30c,0,0,T12,NONE,"General conversation, community, and leisure",NONE,False
2,2288,00534e2d19ca0687fbe72e94b279e0e5e32863dc210a82fde493e63722a0c8ea,0,0,T12,NONE,"General conversation, community, and leisure",NONE,False
2,2293,6cd9e9e8bbf9e8a34e76e7014d3d009b6cde13eef46c87f080c1a1489f3ef687,1,1,T01,T02,Emotions and feelings,Self-perception and cognitive patterns,False
2,2327,dffe232a73e78793760b078a3bf6341001978b85597d2de7ec105fbf1afa6f24,1,1,T01,NONE,Emotions and feelings,NONE,True
2,2329,e92d952d2c5d150f922bcd3dc81d09ebbe9bde7505245cce2c9f85d8bba07547,1,1,T11,T02,Self-harm and suicidality,Self-perception and cognitive patterns,False
2,2335,bcea51d16f2b984f0a14cdd5d697e995f45d64ee41c7203ac28ccf2ef07b7853,0,0,T00,NONE,Other/unclear,NONE,False
2,2343,624c1176d1373033ff2173dc92e52265cf0b67907e6ba138559b737800fe99b5,0,0,T12,NONE,"General conversation, community, and leisure",NONE,False
2,2348,0884fd2c012c730ad10874f460099861e0f3e13b1cf30eef82b4779108b7d04d,0,0,T05,T09,Family and parenting,"Help-seeking, coping, social support, and recovery",False
2,2351,1d0553d645f352fe29237091d0fc6cb49830315b520ca57c2a53b7348dc04857,1,1,T11,T03,Self-harm and suicidality,"Motivation, hope/hopelessness, and purpose",False
2,2357,74a91fc2fb880c037b2e190390026f835729435dd16f27f5c47e5fa2cc0ea09d,1,1,T08,T02,"Treatment, therapy, and medication",Self-perception and cognitive patterns,True
2,2362,e6cbc4a4a307e127172f95320e59194e8f57f0f901b9d0b0beb8eebf3ccd175a,0,0,T12,NONE,"General conversation, community, and leisure",NONE,False
2,2365,3d928e6f5a3f46ebed900ed08262ce46cf24308bf18698b18ef3fea750e8f5e8,1,1,T09,NONE,"Help-seeking, coping, social support, and recovery",NONE,False
2,2370,cf4d8d83a0823dde0728d07137f7252174cf3f522070ab0c5ea09d13067d829a,1,1,T11,T02,Self-harm and suicidality,Self-perception and cognitive patterns,False
2,2371,16f2d5bc224027de4ec4f50a1c072dab18d07bac56f5b929e2057af738e26a1f,0,0,T12,NONE,"General conversation, community, and leisure",NONE,False
2,2373,e503ada7a2a3b05ecc0b0c85e7519a7a67db6798629c253e2875ca2b3221fc48,0,0,T06,T04,"Work, study, and financial/livelihood pressures",Relationships and social connection,False
2,2385,ed98c57e5eb9be5588aa4addce2b9a3e21b6c6d27cd8859e60a5557e90a7a7c0,0,0,T12,NONE,"General conversation, community, and leisure",NONE,False
2,2388,608d2facbeb310da0d561094a5b94a6e003925488181415843ac19794f4ff6d4,1,1,T11,T02,Self-harm and suicidality,Self-perception and cognitive patterns,False
2,2389,6ced844a6b2145f6c5fef17204a05f41fcc5fcc8b7ae2852f7460c1e35263da3,0,0,T12,NONE,"General conversation, community, and leisure",NONE,False
2,2391,af9522a41fde8e60524085472b5e70a4eb602295215722dfd80eddb55cd2f1c5,0,0,T12,NONE,"General conversation, community, and leisure",NONE,False
2,2404,092ce750da832a3fdff94d874b84f0e08d747069b0a80a9e39b8fa8ac7b216d1,0,0,T12,NONE,"General conversation, community, and leisure",NONE,False
2,2405,b522d78319306ca1a5d724f4dc71783df25ff495c0158d8cc4d7b4e923a6926e,0,0,T05,NONE,Family and parenting,NONE,False
2,2407,ba0101ec92d7bc7e4abb45f2acb5695b20283a4a0d74ddcfa142a5a6ec7509bb,0,0,T12,NONE,"General conversation, community, and leisure",NONE,False
2,2411,a9a1fbf198e35b19ea04bc36a04330dc6c480fd974619748c23aba624cdea06a,0,0,T12,NONE,"General conversation, community, and leisure",NONE,False
2,2412,d1e3b481e479cbd56d68247da10bdd201f4ca01f67f52c9e89fc03c2fe526031,0,0,T03,NONE,"Motivation, hope/hopelessness, and purpose",NONE,False
2,2413,16e3f93875fcc1fb1581b5815b90df25f3567005992ea1a3640e7319129c32c0,0,0,T01,NONE,Emotions and feelings,NONE,False
2,2414,b20ae493b3e80780a4442b510785e5d536ca4a05da848968e6eff7f613b39d15,0,0,T12,NONE,"General conversation, community, and leisure",NONE,False
2,2415,b6ad6acc05fb705ab20cdc24802b6bfd34cb733d5a520b2d16213b8f186616d0,1,1,T11,T01,Self-harm and suicidality,Emotions and feelings,False
2,2416,fc81c9781751520b7e4d01783ef843a9153e2ba2529eb94609fac83d94d22cb6,0,0,T10,NONE,Alcohol and substance use,NONE,False
2,2419,fa455a24d3a53ac2e41250fc76563ff68d5507c1bb795d0345c553aa47e088d9,0,0,T12,NONE,"General conversation, community, and leisure",NONE,False
2,2426,bd11c0514c6ae84bf6c1e7108646c230dd5679aee0df521cb76318caf2399a07,0,0,T12,NONE,"General conversation, community, and leisure",NONE,False
2,2427,ff99a848c2fef7cc0269f1bc207753842b8ed2d536a489ae51167d5b1b13a8a8,1,1,T08,T09,"Treatment, therapy, and medication","Help-seeking, coping, social support, and recovery",False
2,2436,fae437bd9822dfac6bfc7b25ad0050ab7b8cda38d33918ae69556098ddfd2e67,1,1,T03,T04,"Motivation, hope/hopelessness, and purpose",Relationships and social connection,False
2,2439,51e183d02a7cedab4df80d0e9f7cb1280fb53c622df5f1ccf92fca6269bef260,0,0,T12,NONE,"General conversation, community, and leisure",NONE,False
2,2440,e3e3de980eeeba1aa7aa87d6f334ee6af28282c9fa8cc1a3e8d3fd68873a87a4,0,0,T04,NONE,Relationships and social connection,NONE,False
2,2446,23f28fcc5246c27d2456d419b491ff215a0cb170bc49aa2e5d5bcad0e1c41fb8,1,1,T07,T04,"Daily functioning, sleep, and physical/vegetative state",Relationships and social connection,False
2,2463,461cab3fd0d620c7146d524ba2498ed0e22f0d83957d15d1ba0aa2b683185fbe,0,0,T04,NONE,Relationships and social connection,NONE,False
2,2464,a17535cf87d541e436577fb30fe88c2bff6a14c1d7328054e3796748cd38a35d,1,1,T09,T12,"Help-seeking, coping, social support, and recovery","General conversation, community, and leisure",False
2,2468,2b6f372be06b2ab06a63265ccfea2049aebc32097378d71e075fd3b0683d3a28,0,0,T06,NONE,"Work, study, and financial/livelihood pressures",NONE,False
2,2469,77c5d1be1ec7a26efbd9ea3de8fe2e344996a2b4b812386247979c8f6e61088a,0,0,T12,NONE,"General conversation, community, and leisure",NONE,False
2,2479,5407813f4a16080477333512cdc9facf6b10d39793eead94b558dd5413723bb9,1,1,T01,T02,Emotions and feelings,Self-perception and cognitive patterns,False
2,2481,67e5d0ecc6800ede666dde017969f1a134ff5ec133cfd63772803de3f418fb6e,0,0,T04,T01,Relationships and social connection,Emotions and feelings,False
2,2490,40ae24bd7c4f10be1630b3c2284f4e88ac6446ab17c2d1830b3ae1979443dd26,0,0,T12,NONE,"General conversation, community, and leisure",NONE,False
2,2492,9c17f7a664b287073ceec47964c1fa5e29c946e17574f68dd2b9e22612af6f23,1,1,T04,T01,Relationships and social connection,Emotions and feelings,False
2,2500,7f75356452475a733e1cb9740af3c44e154fcba17c653435ab87e5fc0e5aeb8d,1,1,T01,T09,Emotions and feelings,"Help-seeking, coping, social support, and recovery",False
2,2502,efb32ecf95c0e6dacc86cdadcdcb24933646633560dbc9e2d3ae9ebf8e0394f5,0,0,T12,NONE,"General conversation, community, and leisure",NONE,False
2,2511,7a568bf12b0d417fafe65c0c71fee457eed5aba0c86cd88b0fdaa8146e191b5b,0,0,T12,NONE,"General conversation, community, and leisure",NONE,False
2,2516,0b554b311e9da0c298e89307fb44c7904f2877ccaed4f8a150d336664fe589fd,1,1,T01,NONE,Emotions and feelings,NONE,False
2,2518,6b15163cd0894c17cca0157c9ac6f20f768a7372e18d86917d8d0bace2664332,0,0,T07,NONE,"Daily functioning, sleep, and physical/vegetative state",NONE,False
2,2523,b00f76e5ecf42cd259960b264dcc78c331c0487e6503edbfbab507c0c49c1e13,0,0,T12,NONE,"General conversation, community, and leisure",NONE,False
2,2525,6d152e2568a89705681e6ab3fdc36d4d28249e245660dd3689c7cb327434214c,0,0,T05,NONE,Family and parenting,NONE,False
2,2527,5a0de079b687977763a834a6e2bc5c3d47686a72dc933ca3c98b83efdcf74217,0,0,T12,NONE,"General conversation, community, and leisure",NONE,False
2,2528,6cf668c86e4bd542fcbaa83905a75bdac960e529ccab1a48bd3112a90b90f77f,0,0,T00,NONE,Other/unclear,NONE,False
2,2540,3307a7db99c6f7fc0b599b70ab8b83f420518c4cfa681d3247595e8417c20c2c,0,0,T01,T05,Emotions and feelings,Family and parenting,False
2,2541,5df434289515a327946816ac219044dc0673e9f7ed8a9c6fbd29bc6c4b92166a,1,1,T01,NONE,Emotions and feelings,NONE,False
2,2548,2dfde28381abecbb1b65b235012b116ece5ed2d074c0cd639a954157949c5d3e,1,1,T11,T04,Self-harm and suicidality,Relationships and social connection,False
2,2562,18dbd964f4b4236d98d91935cd0df3aeb4cf53a5b7b065333920cfbb6ef369ec,0,0,T12,NONE,"General conversation, community, and leisure",NONE,False
2,2570,afaa240ef908b6280bd45bc38c3bc6261f3ba65f52a464d314d7e50b0ac712e5,0,0,T03,NONE,"Motivation, hope/hopelessness, and purpose",NONE,False
2,2576,e18110efa2f1b5f3b3852540ceaf6220f0903f2976ee2e77dd7e8893a101c29a,1,1,T11,T08,Self-harm and suicidality,"Treatment, therapy, and medication",False
2,2583,aa026f573cc75e181e90fff4b17335b66863fa695ae0f4d5fde18d33107fb152,1,1,T11,T02,Self-harm and suicidality,Self-perception and cognitive patterns,False
2,2592,24d761ee018477877222de0c1be18e28765a3245e99434d7786c08309866ddfb,0,0,T01,NONE,Emotions and feelings,NONE,False
2,2604,ff2541af4e97af6f9ed3d37be0dd8f025968806f8ab7c952c451e83b88b93c9d,1,1,T11,T02,Self-harm and suicidality,Self-perception and cognitive patterns,False
2,2616,2999362ec8d6cb3855701327a2f8ec341e1e4276a6651b0e602a854403983ecb,1,1,T07,T06,"Daily functioning, sleep, and physical/vegetative state","Work, study, and financial/livelihood pressures",False
2,2617,b662e9e0664edb3d293b37b33efec7d88ae830c6c089067e90b2b74addb04ed3,0,0,T04,NONE,Relationships and social connection,NONE,False
2,2627,a596fddb3edf7bded75ee4af6a53554d95810240eafb49a71e74b9bddb3e84d0,1,0,T07,T09,"Daily functioning, sleep, and physical/vegetative state","Help-seeking, coping, social support, and recovery",False
2,2631,0cefd43248b2eec9481818e9a1e2a94ff3e0353c856185fe04c2339655c80bbf,0,0,T08,NONE,"Treatment, therapy, and medication",NONE,False
2,2641,b6d896f488512fd339535ec09c3854081f120e897f5f77f9e728e332f66dacac,0,0,T12,NONE,"General conversation, community, and leisure",NONE,False
2,2648,632de743d9dac4a606fd1286311625a5ce439ff54ccd392bd3a71747f242e817,1,1,T08,T01,"Treatment, therapy, and medication",Emotions and feelings,False
2,2661,ec453501d04a33fe5aa98596b8de00a4aea3a29434e7c10eed03bc9e29aaebcf,0,0,T12,NONE,"General conversation, community, and leisure",NONE,False
2,2666,5f134c620087e0caadb53110bde4de89c53d9e6d6a0c3bbd14bec6449d55b0fa,0,0,T12,NONE,"General conversation, community, and leisure",NONE,False
2,2670,bc48e0a5c6c51e087413137af9040417fe2dec10a0aa598ad701cce647431c09,0,0,T00,NONE,Other/unclear,NONE,False
2,2673,2dc120e4087c34992da1bcd62386df2c554b5d0fa427a9e4711e32bd4c47dd5b,0,0,T05,NONE,Family and parenting,NONE,False
2,2678,ad37804fef2999337f08f0db2392c3f9e98cb3e32186d060a26122cb894d55e6,0,0,T12,NONE,"General conversation, community, and leisure",NONE,False
2,2681,d18bab7c79a2db068736deca91e106dfafd06e735358647d85a731cb422bdab0,1,1,T11,T09,Self-harm and suicidality,"Help-seeking, coping, social support, and recovery",False
2,2686,22e232f72d8f0ce591e6aba0589b1c3ae75beaae1bc0650d610810748eb3786d,1,1,T01,NONE,Emotions and feelings,NONE,False
2,2689,f8bc6851ff45db6541c088894b0358c1ef85a7415e15487db70b58485bf13234,0,1,T04,NONE,Relationships and social connection,NONE,False
2,2701,a2e33e0115cd0c3a048e0e67e1f557f61e102901943f0290381ca7428e2c8da7,1,0,T06,T01,"Work, study, and financial/livelihood pressures",Emotions and feelings,False
2,2702,cc383fc2d5f766fb6bc496af8c5451284cb5c795be55e5dcd5466f848db2b4a3,1,1,T08,T11,"Treatment, therapy, and medication",Self-harm and suicidality,False
2,2710,eb317c2a6fc7177bd90de1c4c1babdce50db46c5173803ee38e2ebd64732e21c,0,0,T12,NONE,"General conversation, community, and leisure",NONE,False
2,2715,d935a305b481ae30e841696b96b9f1766ae36b33db4eab387cd8022fd188d5a3,1,1,T03,T04,"Motivation, hope/hopelessness, and purpose",Relationships and social connection,False
2,2732,31ba1cc66d98ddce49d8912a539d899949ec8282c989ee680b64e1306207d3a6,0,0,T12,NONE,"General conversation, community, and leisure",NONE,False
2,2738,340fd9178e5668bd319feb59495254f1e7fe619aa297b368964224efe8902274,0,0,T12,NONE,"General conversation, community, and leisure",NONE,True
2,2749,c633c3ea96381f8ecf1ea65a42cab409542e764c9c2b030f451e9cb357b04dbb,1,1,T03,T04,"Motivation, hope/hopelessness, and purpose",Relationships and social connection,False
2,2754,e8c2912b2bfbf74e9e0f6e0038c0a333e8e39735817b5c1e6eda444d99d839de,1,1,T04,T03,Relationships and social connection,"Motivation, hope/hopelessness, and purpose",False
2,2764,4b98e058282834810f3c4b608b8726807e9d4f5237762f090abd350cc21958da,1,0,T12,NONE,"General conversation, community, and leisure",NONE,False
2,2766,c72d460b90456534935702c3bdce55052bcbbba019ff1f9411635d223e138d33,1,1,T06,T01,"Work, study, and financial/livelihood pressures",Emotions and feelings,False
2,2770,dca02fb86fc4f3871199d6f3a73dd59b20765f850d69ee519ae3ccfcd50fc033,1,1,T06,T01,"Work, study, and financial/livelihood pressures",Emotions and feelings,False
2,2774,b208add80bafa3d825cae9c1cb3737ab8fc1f7eae9ba995562417107a1bf62c9,0,0,T12,NONE,"General conversation, community, and leisure",NONE,True
2,2781,de80c36d1dd72ca9a4ef6c31bf1361d38300826f63f3a4f4ed825599cf524db2,0,0,T00,NONE,Other/unclear,NONE,False
2,2783,11c1f87fe55bf0c876e1705ddc7dae206786fdb67417f83edc7a61c37bf66109,1,1,T11,T09,Self-harm and suicidality,"Help-seeking, coping, social support, and recovery",True
2,2795,f5a1829413458d0617f5323146851ece364e9f55ad6e6054045f68ae1ec3e9ae,0,0,T12,NONE,"General conversation, community, and leisure",NONE,False
2,2800,6e3d54f1834f53315bb89c9f598caa115b4167ecb37747aa1b51e3e1172f8b69,1,1,T11,T01,Self-harm and suicidality,Emotions and feelings,False
2,2820,377dc011f26014ea73cf8f70e450b9b05d604dd4b093f879b7c13da0c0288f23,0,0,T12,NONE,"General conversation, community, and leisure",NONE,False
2,2823,66d0de3c600916df47ed7e3f469a4c918978552118e52ad94821d9b12e5877cb,0,0,T12,NONE,"General conversation, community, and leisure",NONE,True
2,2826,f0be8c47f432ffb710b6c759ad53888c54f3290eb219dbeb84e71fc958fcc235,0,0,T09,NONE,"Help-seeking, coping, social support, and recovery",NONE,False
2,2830,c44221d48f56cf544387e9bd79024633e7d32be271dd77963344396129283d48,0,0,T04,NONE,Relationships and social connection,NONE,False
2,2831,7b68ee9720b4aaed87b3ebea57fb4e4f906d316de25529d99b9c504198a41179,1,1,T11,T04,Self-harm and suicidality,Relationships and social connection,False
2,2839,ebc8292762f93b98c742d3e48c7a5c8339ff24dc6715aa95f55a1dd9d1826881,1,1,T01,T04,Emotions and feelings,Relationships and social connection,False
2,2848,3712c947354a934963d04fbd80d61f242a9a7f6c5e75b83e97389e1131f07c5a,1,1,T11,T06,Self-harm and suicidality,"Work, study, and financial/livelihood pressures",False
2,2855,ba612c57545c9c01880b8b8c0543d54d56f074c9a30ee651a17f8ced923d7813,1,0,T01,T07,Emotions and feelings,"Daily functioning, sleep, and physical/vegetative state",False
2,2858,c311b0b27860e4eead500fcf77020e3f509b7abf43b98a30f14323048a75bbfd,1,1,T01,T02,Emotions and feelings,Self-perception and cognitive patterns,False
2,2859,649f06147d5d11b7e70b623be7092fdd9bcc852bc4449bb5204056249fc1d6e4,1,1,T12,T01,"General conversation, community, and leisure",Emotions and feelings,True
2,2862,e8ab29620e1db0c60996d13d20afaea169ff4af9fc6eabc162a9f96d56e0bc90,0,0,T12,NONE,"General conversation, community, and leisure",NONE,False
2,2865,b468459ada05c82975d537098dcf85c9a3587a331fec6c4ff2f7c4737ae9e409,1,0,T01,NONE,Emotions and feelings,NONE,False
2,2866,1dc3881716a86c97cbcbd7da153f5d57c9406fe0bb99d7c8a46191c8a69302bc,1,1,T11,T05,Self-harm and suicidality,Family and parenting,False
2,2868,702591c4a95c4119e2e425613f32c9015d2b69b33cc6fca5c0eda0de9848ecc2,1,1,T01,NONE,Emotions and feelings,NONE,False
2,2869,e2aaa852f7db3595c4df2dae8d87b7515239732f80fb34de9b0442fa777905ac,1,1,T09,T03,"Help-seeking, coping, social support, and recovery","Motivation, hope/hopelessness, and purpose",False
2,2872,11c53278b2e28e26cd12bb6d594ffe2d3a58f229285f3ed933da2abaa9b03c89,0,0,T12,NONE,"General conversation, community, and leisure",NONE,False
2,2875,1830f47566500cdf19713e324fc4b0ef955598f05fb777c25fdbb4dfd57fff1c,0,0,T06,NONE,"Work, study, and financial/livelihood pressures",NONE,False
2,2884,d3223d3eed2186b54d8135f32a98b73b869e9675c7c5882953d745317aa65872,1,0,T07,T08,"Daily functioning, sleep, and physical/vegetative state","Treatment, therapy, and medication",True
2,2894,f8b062b01f6ef14cd748a0329fe231063615e284030cdb51609eda26386b655e,1,1,T11,T02,Self-harm and suicidality,Self-perception and cognitive patterns,False
2,2895,6ff3e2a3ac110a08853bd4ada6902143d6c47a5c25e18091d995da5b3cd6f8e0,0,0,T05,NONE,Family and parenting,NONE,False
2,2903,20c3f71c17ae60863ff6f4bb3871d47e3274cdcb420b5fd0a635f8b4b46b3181,1,1,T02,T08,Self-perception and cognitive patterns,"Treatment, therapy, and medication",False
2,2906,d5da1bcc7838c2caf593af386d48db0252a91ab6734723f6755bd4b7140a5bd1,0,0,T12,NONE,"General conversation, community, and leisure",NONE,False
2,2913,392ec8b47808e09df3ce904c5cf645dbe9aa462d8c7b7a3260ff9199398f03df,0,0,T12,NONE,"General conversation, community, and leisure",NONE,False
2,2918,a6ff4400743e143a8397883552f64bcc104841fe9ce58147a6f2e002e446a326,1,1,T01,NONE,Emotions and feelings,NONE,False
2,2926,4e22f3a9c37206e1de741dd699982b296f8308c8521938f233eb9bafaf503cf1,0,0,T00,NONE,Other/unclear,NONE,False
2,2928,5e7756aa6e2f380ae684cca23616afd9ced361ee3765e1ade45c6aa59212aa75,0,0,T12,NONE,"General conversation, community, and leisure",NONE,False
2,2939,cf9eff30677e232ad9ed4759a4f2f868c23ee878a1df463c4dab26586a0203b5,1,1,T00,NONE,Other/unclear,NONE,False
2,2943,1814b691f44c7e5c869d182d1e4ced4971db52d984e996becac7e3f11bdcb0ce,1,1,T11,T01,Self-harm and suicidality,Emotions and feelings,True
2,2946,23e234f5d50f1367ad38283579fe430f77433b4d8d327e54623bc51011785608,1,1,T06,T01,"Work, study, and financial/livelihood pressures",Emotions and feelings,False
2,2947,e09e326e1a48949d429e1717b30e9118a2c952acf99c4b7b75cbb8da8a72089f,1,1,T06,T08,"Work, study, and financial/livelihood pressures","Treatment, therapy, and medication",False
2,2968,9a3d31c499f52c4272b01ff52faf24bbc625204dcb86ab1cf83375ff64c125e8,1,1,T02,T03,Self-perception and cognitive patterns,"Motivation, hope/hopelessness, and purpose",False
2,2969,02cf5b512808df18cf2f129a815bc11930f77e373ec8811d958ca95ebeec7af5,0,0,T12,NONE,"General conversation, community, and leisure",NONE,True
2,2975,d89db55d82554b803d5ba18ef027044d4c47c452582333e02f698a88106d432b,0,0,T00,NONE,Other/unclear,NONE,False
2,2976,811d82e2d2c853347a0e3812c6d740c0a701b3c533560ef9c5dbc9e904aa7acd,1,1,T01,T09,Emotions and feelings,"Help-seeking, coping, social support, and recovery",True
2,2977,2d6c3439960fd8603c52469f666e386c0bb31161f0fb50b62740c48b1a03cd9b,0,0,T06,NONE,"Work, study, and financial/livelihood pressures",NONE,False
2,2978,1dd84bc064dac4f192d0c4ddffca0c4f2f0f938a47d281b1d35251e141482cc1,0,0,T12,NONE,"General conversation, community, and leisure",NONE,False
2,2979,00b4b1e39e79ffacbfc700bef37610925047d6e28a01a0473a86e089bf134de6,1,0,T12,NONE,"General conversation, community, and leisure",NONE,False
2,2983,d606fa93b5691146e80f07f891a49461acaaae92b9a4fa4ed5718198d2c5f9cf,1,0,T07,NONE,"Daily functioning, sleep, and physical/vegetative state",NONE,False
2,2987,70d91916907cc32395668836036cf0e7903c4756468fba3346d465cd32a5123d,0,0,T10,NONE,Alcohol and substance use,NONE,False
2,2991,524aea76fc32328ea4dce226cf9057e7ac66377d30e7fba366d115df2325216e,1,1,T11,T09,Self-harm and suicidality,"Help-seeking, coping, social support, and recovery",False
2,2992,6af4e3e3d5462e088e5f1551b5da6a91bd6e4e4c16f89cbc2c4cf9960fa61f12,0,0,T12,NONE,"General conversation, community, and leisure",NONE,False
2,2995,047c8fa310f58e7176b74cf0d5b38482ca9932d5e6b3b5b5b70a431ed0e35c00,1,1,T04,T01,Relationships and social connection,Emotions and feelings,False
2,2996,1d4503f5600a9b5db08801632fc75e3788a536eb02fbc79bf3043524f527392b,1,1,T08,T04,"Treatment, therapy, and medication",Relationships and social connection,False
2,3001,8549dea518c18d7f0359a2685c1b4d49561767375057c6dbf76d5682a25bb0dc,1,1,T02,T01,Self-perception and cognitive patterns,Emotions and feelings,False
2,3002,990a89c6d0bf9be74a9c9417f3e0b86f25457943eae254fce8f82ead395533c6,1,1,T11,T03,Self-harm and suicidality,"Motivation, hope/hopelessness, and purpose",False
2,3009,27fc5f88bbf2e05b7a41de78e645806d5c25858f58a3b4765364d0a9cf54cbbf,1,1,T09,T01,"Help-seeking, coping, social support, and recovery",Emotions and feelings,False
2,3035,0e7491c17ab99a10c09650e119b5861203962ae68a4cf570294f6e38333aa0a7,1,1,T01,NONE,Emotions and feelings,NONE,False
2,3042,d17aa8176946055689a849ea94809a5cc134bc923c718c9070a1647887cf5ff3,0,0,T12,NONE,"General conversation, community, and leisure",NONE,False
2,3051,cc19a0388aaabc5c20cff84cd4b08bd02043638785aedf2fc738ab08b79a0e0f,1,1,T08,T01,"Treatment, therapy, and medication",Emotions and feelings,False
2,3059,b48df382d1b077e5d0d4b7256363500cfc83a10ffd7746397dd2f83178d32828,0,0,T00,NONE,Other/unclear,NONE,False
2,3060,289386f763fb144cfd942bab4021e68880ca7a9efe7ee4823eff4383aafe069b,1,1,T01,T09,Emotions and feelings,"Help-seeking, coping, social support, and recovery",False
2,3062,a9cb6eb7e8e77a8b5c49f490f98ff023c1d73c26bb6c0b7abb509da4167080e6,1,1,T09,T03,"Help-seeking, coping, social support, and recovery","Motivation, hope/hopelessness, and purpose",False
2,3063,fbd5ffbaf7da2e761c02bc500cb41d06fe13ad4f0a78d00290471816a25e6666,0,0,T12,NONE,"General conversation, community, and leisure",NONE,False
2,3068,76a97f606c50b6cec4d14bea13c625200e49041fcc8ed2266cc0094ebe485646,0,0,T02,NONE,Self-perception and cognitive patterns,NONE,False
2,3071,271e83766c54e536316a1cd092885dae7100fcf9ba903a79a7bffd6dd9a3ff4a,0,0,T09,T04,"Help-seeking, coping, social support, and recovery",Relationships and social connection,False
2,3072,231bde0e4243501859e89ea80cf4bc2533b11b178da7411c76c7733417541133,1,1,T03,T04,"Motivation, hope/hopelessness, and purpose",Relationships and social connection,False
2,3073,584f7c00615679de2c67ee0d608bf57071e77cacd355c20cdc9dd0299cdd633b,1,1,T11,T03,Self-harm and suicidality,"Motivation, hope/hopelessness, and purpose",False
2,3074,b7849f1378a6c4eefd9a0c35bcb463abf434effc9536e6f2b0017653cf4f7d31,1,1,T11,T02,Self-harm and suicidality,Self-perception and cognitive patterns,False
2,3075,b5320dc50b8cec7d19d3ada5b4781efa2dc16841ccfecda9a45a95a5bc062b28,1,1,T01,T10,Emotions and feelings,Alcohol and substance use,False
2,3076,38b7275bd13c33d85e538e5575e6ab86bca4e44be6fc618178bce8d06e423dd8,0,0,T12,NONE,"General conversation, community, and leisure",NONE,False
2,3079,193067258f9817056a72aadad36a8f64629c667c641263a8a3a0199b9a09fa55,1,1,T11,T08,Self-harm and suicidality,"Treatment, therapy, and medication",False
2,3081,f37bd8c7be80918676564d5063596cdbc35bcbb46875994667b066eacb51e309,1,1,T01,T02,Emotions and feelings,Self-perception and cognitive patterns,False
2,3095,5910df2fe19149914d0776e9517ad960ff481423d6ec9ab33a90916b7dbdf9b9,0,0,T04,NONE,Relationships and social connection,NONE,False
2,3096,fbb1215c1c02a56b0fd4583b120bfaf2e511e1fcd234abd7f923536d171d5240,1,1,T01,NONE,Emotions and feelings,NONE,False
2,3099,73cd395542e90e8c8fd5e183297d1f24f33390d2c5a6ec2f4ef198572638a6e1,1,1,T11,T05,Self-harm and suicidality,Family and parenting,False
2,3101,7b783056b93c4f725ab81826f68073c07c92d139c973ba4b3fe6aad503670e99,0,0,T12,NONE,"General conversation, community, and leisure",NONE,False
2,3105,e23b0ac44e1757797b1fbc3f0afccfced4f64d7eefd7fe8819f277c22652ef42,0,0,T12,NONE,"General conversation, community, and leisure",NONE,True
2,3112,5cb1418e8c45f5ab46bfc0ba8884280233bb538e3999464ca449dc4151eadce5,0,0,T12,NONE,"General conversation, community, and leisure",NONE,False
2,3120,b971df644c0b16465f5540f5024883ec45e774f34412fe485514abc45bba195a,0,0,T12,NONE,"General conversation, community, and leisure",NONE,False
2,3136,14343ca907e6800ee2ab4bd90487254aafb15aa8792af257804a95a17037dd6d,0,0,T01,NONE,Emotions and feelings,NONE,False
2,3139,63d103f9290f72ce85db754bcf71eca1906ca711cb08919e4021471a582a899b,0,0,T12,NONE,"General conversation, community, and leisure",NONE,False
2,3141,d3600069f182d0bdf2e60b313d83ba0a163b94dcfc00d50b6f29ba5821ee6701,1,0,T09,T01,"Help-seeking, coping, social support, and recovery",Emotions and feelings,False
2,3143,051a4675aa5496031b0a39b74cd532491d960fa2f65e5af698e9a1ea6831d225,1,1,T06,T07,"Work, study, and financial/livelihood pressures","Daily functioning, sleep, and physical/vegetative state",False
2,3145,365346ac23dcb5daa0dc06774868fb2a2f17a1bca6526b6ca65b5917507aff54,0,0,T00,NONE,Other/unclear,NONE,False
2,3146,5926aeee2995f47f6b508174acae79b84ba5723c74454a13008b30a91c46c133,1,1,T01,NONE,Emotions and feelings,NONE,False
2,3148,30bf02665c287c77c5dec4c9f1509344f96282652c83303d8a88e9c3d00a6791,0,0,T12,NONE,"General conversation, community, and leisure",NONE,False
2,3150,28d42046d219dbb14bd896cc353be66a49ee376c59be00acc54994a3fe7ebb66,1,1,T02,T01,Self-perception and cognitive patterns,Emotions and feelings,False
2,3154,d71fb6adf3e3d2fe1db5fe260ab98800afb7c8c0713b565d007d7afbff908e37,0,0,T12,NONE,"General conversation, community, and leisure",NONE,False
2,3163,80bcab9fdbc0edfb623920115c7e038ac8f921dfc5f1075d1415a6eda0a5e552,0,0,T01,T09,Emotions and feelings,"Help-seeking, coping, social support, and recovery",False
2,3164,99257e487020188d0a0a29c382d45f2e4bda638cba210ec13c651cb58dba4779,0,0,T12,NONE,"General conversation, community, and leisure",NONE,False
2,3165,abdf48bf88143b8f5c5607d502576d4cf4c3d54c562b67df0518c3c955422d6a,1,1,T12,NONE,"General conversation, community, and leisure",NONE,False
2,3167,e821b26e44b2ef5f54a2e5b5651e95039e84ccc9f71a0204c43dd5bdf5b20ca0,0,0,T12,NONE,"General conversation, community, and leisure",NONE,False
2,3171,9a66a06e8892196737e55ed37f56b64f943cfef2b945ce604155b5654ce7e241,1,1,T01,T03,Emotions and feelings,"Motivation, hope/hopelessness, and purpose",False
2,3175,27248e2cb4404a85eaf2fc03289fad622d4e1a119699718107f920439cf4eb4b,0,0,T12,NONE,"General conversation, community, and leisure",NONE,False
2,3178,1e5650854b1ab51987b32527020fdf8e7b84653f3889020c8563db967cae8506,1,1,T11,T07,Self-harm and suicidality,"Daily functioning, sleep, and physical/vegetative state",False
2,3196,30e167aa53f287ccfb41c2ccd91fa25b24225f31066844e38e353c7beb43daf5,0,0,T12,NONE,"General conversation, community, and leisure",NONE,False
2,3199,a9675fb6803492f137a824f9c2c3ae6490c6ae54ce0d6b74d8b8ee82ed4120a9,1,1,T02,T01,Self-perception and cognitive patterns,Emotions and feelings,False
2,3202,90b69adf3e4c2c8d39f731df1fdc5964f0d9886af3f9277023424833e21b0e14,0,0,T04,NONE,Relationships and social connection,NONE,False
2,3204,0805665f860eb459db5b08899bf393b9e578896be51871934815e6092bf3adba,1,1,T11,T03,Self-harm and suicidality,"Motivation, hope/hopelessness, and purpose",False
2,3214,bed7cabd04aded3bf411b139542815e7efda696331c6049db685fbe71a805337,0,0,T12,NONE,"General conversation, community, and leisure",NONE,False
2,3226,392f89f769eb2c8086a4c0aed5648d9e7fecf164f4af7e5660837e8b45e76893,1,1,T11,T01,Self-harm and suicidality,Emotions and feelings,False
2,3230,885b13b3f1abb4146731b5dcedaca14821e5b77826707c7b3c14383329cec8c5,1,1,T02,T03,Self-perception and cognitive patterns,"Motivation, hope/hopelessness, and purpose",False
2,3232,fbfdb99d76b985f0b099578cd59e4d776594c7f4b15b66a6e465752e55289c0a,1,1,T06,T04,"Work, study, and financial/livelihood pressures",Relationships and social connection,False
2,3238,ec509b5dffc53f2f9a1e66ab79a07fb6c652f7b01f36383bb42a75d2c4980d14,1,1,T09,T03,"Help-seeking, coping, social support, and recovery","Motivation, hope/hopelessness, and purpose",False
2,3240,031f13d77ba46ab21ea7081179e98fe415a6b5638823d331f262e13bb86e0e1b,1,1,T03,T01,"Motivation, hope/hopelessness, and purpose",Emotions and feelings,False
2,3257,52bb980f87c5e812ee6294df582a32dd79201ff66a5160b974ecd59795c1756a,1,1,T11,T02,Self-harm and suicidality,Self-perception and cognitive patterns,False
2,3261,fcfd0bee70169186c261533dcc9fe51217cb17e0dcfc6ebd813495817302e79d,0,0,T12,NONE,"General conversation, community, and leisure",NONE,False
2,3262,c91b2a744e8434b2adb0ac16f47da0aa0c4e7a72ecd3ff269e5a022d6bc2a219,1,1,T11,T03,Self-harm and suicidality,"Motivation, hope/hopelessness, and purpose",False
2,3266,aa0f33b627c48e9041f3e650a5213c2d5ed98307ededa89b9c3df2a7890a3b46,0,0,T12,NONE,"General conversation, community, and leisure",NONE,True
2,3267,efe3e5748891a5583d5c5abd196cad80c93eec00c493175a24116757c1562934,0,0,T12,NONE,"General conversation, community, and leisure",NONE,False
2,3269,e5472cf2e2c810d0d1b865865cdd3aed93b5d2f7a94b88011331306d6f4cee5a,1,1,T11,T04,Self-harm and suicidality,Relationships and social connection,False
2,3270,7566297e79f52d260c1664a858d9ed12b4c54442e8183eb52809bb080a0287ee,1,1,T11,T03,Self-harm and suicidality,"Motivation, hope/hopelessness, and purpose",False
2,3283,4d4b119dc242ea5d1c7202a028d83f89375001dc0118309b6f1ec7e7eae5fdf9,1,1,T03,T11,"Motivation, hope/hopelessness, and purpose",Self-harm and suicidality,False
2,3287,9ea1ae7739adeac6d85b95b20e5cd76c5cacb0583d22acde41d9d222c54f2674,0,0,T02,T09,Self-perception and cognitive patterns,"Help-seeking, coping, social support, and recovery",False
2,3296,f736d48ec54764ee09161b078fef4dd4d1ed1afed46330d42457aac2e3314eb6,0,0,T12,NONE,"General conversation, community, and leisure",NONE,False
2,3301,afa0125443beef9afb070bc712b555df0c8721cc09b50b9ddf3fd0faa3767635,0,0,T06,T03,"Work, study, and financial/livelihood pressures","Motivation, hope/hopelessness, and purpose",False
2,3307,8fc1d88c049fd59749d211c22f5be32040b5279aaed7d1c268d3b88edd0ed28e,1,0,T09,NONE,"Help-seeking, coping, social support, and recovery",NONE,True
2,3312,b44b9eff2e2b22b2f4ba780ffb16af5a143d79b2a8acfe764ecf50e52775d7a5,0,0,T12,NONE,"General conversation, community, and leisure",NONE,False
2,3314,44446abdec8ce4aeade65202a6465158ad8154b2dc137ee70cc4e8ffc334e726,0,0,T12,NONE,"General conversation, community, and leisure",NONE,False
2,3325,e626c82442262a6603b6d82bf1112a98cc88febdeb0845120cb05769eb10fd8c,0,0,T12,NONE,"General conversation, community, and leisure",NONE,False
2,3328,4b10ed96e7ab91773c1639f42b96e6cc10421f5fce56be068e46dd24c31256a3,1,1,T11,T05,Self-harm and suicidality,Family and parenting,False
2,3332,6c9d8c9f419ef00c6b2fed9f6b4aa08aff22a7e5e543e21e0cf560ae20f19ec9,1,1,T11,T08,Self-harm and suicidality,"Treatment, therapy, and medication",True
2,3359,096fc98eb70bf2afe38c6971bee1e7fd36644141332054dbc8d9d270b747e4fe,1,1,T02,T01,Self-perception and cognitive patterns,Emotions and feelings,False
2,3363,bdec72bf10e523d95537550fd73a7f7fb5e644aa9e5efe2efb12b7bdb8bcff05,0,0,T06,NONE,"Work, study, and financial/livelihood pressures",NONE,False
2,3368,e02a13358a02231e77961bae30f356a4f490270682252a8cc17fdc2a62b3c562,0,0,T04,NONE,Relationships and social connection,NONE,False
2,3370,6f76f4dc11a403a4786af53b6e2001bfc538c05873c684f5bfe67858a0f4ff1f,1,1,T11,T01,Self-harm and suicidality,Emotions and feelings,False
2,3372,8bb4139cddd3c5c70197401500f07f6090256d9ef14cc3566eede025a6992f4a,0,0,T12,NONE,"General conversation, community, and leisure",NONE,False
2,3380,cd55de5a7fa191624b7df20c7d3874173699f98030ae18db921d9735f09be170,1,0,T01,T09,Emotions and feelings,"Help-seeking, coping, social support, and recovery",False
2,3381,25bb59d6621351c55f08a04bce333207d2c333cc5463314e536bea75df8a3aec,0,0,T12,NONE,"General conversation, community, and leisure",NONE,True
2,3385,401c25e10c08677c8827d28ada533855d499cc0fef7050c41bfa620606b395c9,0,0,T00,NONE,Other/unclear,NONE,False
2,3386,f9e5b934cc22751dac1656546b57e43a30ab056101858c6b68456be03ba1d331,0,0,T12,NONE,"General conversation, community, and leisure",NONE,False
2,3389,f6998e4e01fed6fa67169cf1498aa8cb18f6bbca37e93b3bdec32454c18badf3,1,1,T11,T02,Self-harm and suicidality,Self-perception and cognitive patterns,False
2,3390,d28c5148b413247950881f1d31c5cfb9376751b83e8c7a0cea79c2a2110c30f5,1,1,T11,T09,Self-harm and suicidality,"Help-seeking, coping, social support, and recovery",False
2,3392,cf062f002408496fa68f142cd98549a0fa878fb1e9d7fb5b79ff9c97e541a08d,0,0,T03,T02,"Motivation, hope/hopelessness, and purpose",Self-perception and cognitive patterns,False
2,3398,ca0fbd1c7cff1c2fe472d358c50d341bfde5246db6f32dea966d6c43133dca3a,1,1,T11,T03,Self-harm and suicidality,"Motivation, hope/hopelessness, and purpose",False
2,3402,30ba3bbc4669e4968469453e370ed5635e8894fe736e02060e3d4fba06b066d7,0,0,T09,NONE,"Help-seeking, coping, social support, and recovery",NONE,False
2,3404,e793f8604f6f1ef611fd022d25b8adf7e2fee5f1731092a4120d675b6fdc73a2,1,0,T08,NONE,"Treatment, therapy, and medication",NONE,False
2,3409,745015ff9c3eba4afc7f66d57085b55a9b6578d72bcdcf067c82f8f76447caa6,0,0,T12,NONE,"General conversation, community, and leisure",NONE,True
2,3410,d9ab1d470eba73a51d8bffa906e92d73cc36cb554d10bf8e005f424fc73b7c57,0,0,T12,NONE,"General conversation, community, and leisure",NONE,True
2,3425,5d758beffc50f18333c68abd32cc138415cb03810efee2ec984693fa869a85bc,0,0,T12,NONE,"General conversation, community, and leisure",NONE,False
2,3427,6789b15ceaa29fdb98293b3bf8795e1baa38ff8445669893448bad52c0fc3a69,0,0,T12,NONE,"General conversation, community, and leisure",NONE,False
2,3428,a5066544637f36a28356268212faf13524965b75ecd834d252c574863c76dca5,0,0,T05,NONE,Family and parenting,NONE,False
2,3448,99ccfeaa5a90fa055f543a581bf922a6d2cc49d3d3dbca500bfa3e5ca9c18874,1,1,T12,T01,"General conversation, community, and leisure",Emotions and feelings,False
2,3450,7afc7d2c417d4fe4665b31fcabec1973e9f25256aa8d4b97e283477edfab0b53,0,0,T12,NONE,"General conversation, community, and leisure",NONE,False
2,3454,f9320de3ebcc3fd8c9d130d37dd3a5b28d868e2dfbc106f58c96fb19b7415e76,1,1,T11,T02,Self-harm and suicidality,Self-perception and cognitive patterns,True
2,3456,63658a6e94df35102a099d2234e549c9b33d81948e45183298fdd296235fc0d0,0,0,T12,NONE,"General conversation, community, and leisure",NONE,False
2,3464,d11f8053c73188c3774d5724d1a77a715fb88b3aa1df0684396a1c45c904fde7,0,1,T02,T01,Self-perception and cognitive patterns,Emotions and feelings,False
2,3466,30d98ae492d0162db9e8290c26f1fe1302c9b43c7cf3d46f58e04b6c723aedb9,0,0,T04,NONE,Relationships and social connection,NONE,False
2,3468,8909882d7737999e788fb84f5eed3b43822e4ac2e84235d132fe4cea8e8e79e3,0,0,T05,NONE,Family and parenting,NONE,False
2,3470,c1364f4e4e9bcdf75846f35b5ff69fbc33208fe228120be3dee5501f6d05fdc0,1,1,T08,NONE,"Treatment, therapy, and medication",NONE,False
2,3475,64a6859999c6ebbfde042c71a4e26a2ef97b14468bbb7338065b787129f022c7,0,0,T04,NONE,Relationships and social connection,NONE,False
2,3477,dbe356b32fcb89997999243ef7bcb67a6f16f985ce29fd750b99b347b6cbebf5,1,1,T02,T01,Self-perception and cognitive patterns,Emotions and feelings,False
2,3478,054dbb75a30084b85da0167c8cc1a9f5989151d930800b99654f24a026392c85,0,0,T12,NONE,"General conversation, community, and leisure",NONE,False
2,3479,71c5be668a5e1e019b095a747880871b3f46618a25858e215e689eed6725b890,0,0,T00,NONE,Other/unclear,NONE,False
2,3480,f48cf0e912891deea2ac7a85154c37bfd7efe6785e78c865d42bb2089d49defc,0,0,T05,NONE,Family and parenting,NONE,False
2,3492,5013b54693ff90ccb08da8467e11ac8e3e2ee6e888caece967125330a4509d53,1,1,T11,T09,Self-harm and suicidality,"Help-seeking, coping, social support, and recovery",False
2,3493,2826dcf5136910191a88b5a5defcde6da6345a04cd8cf9f976b54708dd064478,0,0,T12,NONE,"General conversation, community, and leisure",NONE,False
2,3498,270c9669facd4b74223ab2a829c2fc5b7868d1d7ab9d2fe164a8e295c030d0c4,0,0,T04,T01,Relationships and social connection,Emotions and feelings,False
2,3499,ba1b682acc06644da19cfcd4f7a34f9106e7ddf5efe0896afe2bc90afb9a3e3b,0,0,T06,NONE,"Work, study, and financial/livelihood pressures",NONE,False
2,3503,d1a6172e4ffa86cfa8eed96e7cf465f804bcf50184a61f9c28690ff5f5a0d9c6,0,0,T00,NONE,Other/unclear,NONE,False
2,3508,b45a9a95a7806d0fe1cfee448e28b560dc0838f9f3a614ccca2c0ac24db22d7e,1,1,T11,T05,Self-harm and suicidality,Family and parenting,False
2,3509,ed9587c0b6b4d2faaa66c38b3cfbd7ca67272b44d60793bd633d436a9cb8a81a,1,1,T01,T02,Emotions and feelings,Self-perception and cognitive patterns,False
2,3515,51abcd242fae697ba83915eda12bdd12e7b2126a5e8815c67120606d947a093d,1,1,T11,T03,Self-harm and suicidality,"Motivation, hope/hopelessness, and purpose",False
2,3522,04f9fdefad5b5cf2f64c5667972d8315930937e40911f8da96a6a4d812883a55,0,0,T12,NONE,"General conversation, community, and leisure",NONE,False
2,3526,69e634f7cf5bc10f418a8032036adfe6d003fd8404bbf6bd7117b70d669dc5ad,0,0,T12,NONE,"General conversation, community, and leisure",NONE,False
2,3529,d925fbe6d225e83ee90fc2fc4ac5079ac4caa1f1cc1ac5cf6a1b0f2d32fb19b2,1,1,T01,T07,Emotions and feelings,"Daily functioning, sleep, and physical/vegetative state",False
2,3530,9135ba31f0ca2355161773b2b91151e12600c9b3251b6cee1bf9eb1467826564,0,0,T04,NONE,Relationships and social connection,NONE,False
2,3535,3ff9897d4ec458505f4662c79b313c97df2c36c2f666a7cd216864bb092eec75,1,1,T04,T09,Relationships and social connection,"Help-seeking, coping, social support, and recovery",False
2,3538,3982842dc96021ef01f4340f0bcc8138e239252ea1fe5d25e9b99b84ac33fe5a,1,1,T01,NONE,Emotions and feelings,NONE,False
2,3548,3d87fee7438e033ebde51c3db12d6cf2c69a7bc5232af13c4f4d5d4aa44803c7,1,1,T11,T08,Self-harm and suicidality,"Treatment, therapy, and medication",False
2,3553,25965c29bb424d89f773d50994fb973e7684e2e1de4ad29c37119ae47d3574c9,1,1,T00,NONE,Other/unclear,NONE,False
2,3556,cd532ee74283df810f9b976633c8e0abf9fc223179a2206fc6edfe32b158ddab,0,0,T12,NONE,"General conversation, community, and leisure",NONE,False
2,3565,46892ffb511ee876499f6dcde06dbc20393bb217d920bcaf83bb26b6cbfef17e,1,1,T01,NONE,Emotions and feelings,NONE,True
2,3567,8a81cb8894be39c20379706d53a1bbf5209305c4f33bcd69a77cd74c95ab4b3f,0,0,T04,NONE,Relationships and social connection,NONE,False
2,3572,506fa07b4c7be72655747b526ac76550a3e18f31c8bf3eb98f0565f89b927789,1,1,T06,T01,"Work, study, and financial/livelihood pressures",Emotions and feelings,False
2,3576,c419172fb277e333a256a3b51cd2ea685dfd35da97450503534f99d236596650,1,1,T01,T04,Emotions and feelings,Relationships and social connection,False
2,3585,55ffca5e885e53484962781fb8a202e8b31ebcf4e091f352be25b7ee25042e2e,1,1,T01,T09,Emotions and feelings,"Help-seeking, coping, social support, and recovery",False
2,3586,9986860dee822acf447cd46160e896412044296a84aac237b93877bc9986a13f,1,1,T06,T09,"Work, study, and financial/livelihood pressures","Help-seeking, coping, social support, and recovery",True
2,3605,7a715034f29cb7d209616df8ec428bb846e92e3e6fb61711b950c05a70675e25,0,0,T12,NONE,"General conversation, community, and leisure",NONE,False
2,3606,7f8e8bc521bbb104a0831bba5e43df59ea581186b2c400a3129fc47f6e90258f,0,0,T12,NONE,"General conversation, community, and leisure",NONE,False
2,3620,c60cc4c853a386ce3fa074ac84a0c2d34ae6b1e03e3e82c4538c3f3ff97173ba,1,1,T01,NONE,Emotions and feelings,NONE,False
2,3624,98de3a20ae6b2a20e9fb440f03a8b1f6c8d4224085e45aa0f3d7ae33956d6bad,1,1,T03,T02,"Motivation, hope/hopelessness, and purpose",Self-perception and cognitive patterns,False
2,3631,2704045667095e1efcb8f43019548117e66bc4d039aa29027e016f0cd066d63a,1,1,T07,T08,"Daily functioning, sleep, and physical/vegetative state","Treatment, therapy, and medication",False
2,3639,a6b4ccdc3f2ce6f996b7f0f875207c3b5c1e3cb8c64868ff9eb2fa505ac5da61,1,1,T06,T01,"Work, study, and financial/livelihood pressures",Emotions and feelings,False
2,3643,91fb7c4785bc7ffc6047d588ee6674706d565812d18ae3fd5556d67b99e70862,0,0,T12,NONE,"General conversation, community, and leisure",NONE,False
2,3651,df508c6f677b11335087b450890d400438d5b76f73aefcead2f7f34d5b0d3575,0,0,T12,NONE,"General conversation, community, and leisure",NONE,False
2,3652,e265820da26d31613994562de949dab48eee49d3eed4e17ef939deab7ad853e6,0,0,T00,NONE,Other/unclear,NONE,False
2,3653,892735709a228dfc8919912a8252a2c13c4dc5b312c52bd22c26e261fc695709,0,0,T12,NONE,"General conversation, community, and leisure",NONE,False
2,3663,e315acde14eb88c71655f186907b6384f3590a742a250cbe118a59d1ab6e4de8,1,0,T04,T07,Relationships and social connection,"Daily functioning, sleep, and physical/vegetative state",False
2,3671,481b4a3e3429d482b00d0fcf8f69931d60bd01d70fadd147d1b7067e60b557d4,1,0,T01,T09,Emotions and feelings,"Help-seeking, coping, social support, and recovery",False
2,3672,0837022f9f93b732718f2001000bddcb84690b05d0594a0afbeae8fd3295f187,0,0,T12,NONE,"General conversation, community, and leisure",NONE,False
2,3680,144702833fca8112dfa6b2a427b2790cbb107bd4ba92e7e2295140b6f24c073b,1,1,T11,T02,Self-harm and suicidality,Self-perception and cognitive patterns,False
2,3681,920e05991ee0ccbffaee7e61046869ce621bf8a7ba1e0837801b724acd5acf84,0,0,T12,NONE,"General conversation, community, and leisure",NONE,False
2,3684,be585cd0e608c26d5f4cdeef8ec895e685490903abc76e8a4a98e6efe26b82ef,1,1,T08,T07,"Treatment, therapy, and medication","Daily functioning, sleep, and physical/vegetative state",False
2,3692,e02377b5e9a9584c99ee11821ae6b9d117de87432dd8604ca7d59c7ee7268ac5,1,1,T09,T03,"Help-seeking, coping, social support, and recovery","Motivation, hope/hopelessness, and purpose",False
2,3693,e59cf939b6790f88cafcbde9ff302a7db22202aaa9a0679da18e0940c01172e0,1,1,T09,T01,"Help-seeking, coping, social support, and recovery",Emotions and feelings,False
2,3700,13a9db69ed05b6860507b69a31a8f4673ac70a65946489e31fa0d5eb8d805265,0,0,T06,NONE,"Work, study, and financial/livelihood pressures",NONE,False
2,3702,45aef08945301f7d72e1b3c330983ce38979f66fabf81b72bf289cd7adb7e53c,0,0,T00,NONE,Other/unclear,NONE,False
2,3705,2b2128e868d073f2d21290b88f3ef898b0aa690dcae0d7bd3d4c97677c4243c8,0,0,T05,T08,Family and parenting,"Treatment, therapy, and medication",False
2,3707,c5aa03284865c7e6a051a82d05fe5d9dbfb1d89a31c79b37f5e128e71078f24c,1,0,T07,NONE,"Daily functioning, sleep, and physical/vegetative state",NONE,False
2,3708,ad8df4f0cf5fb5c78772c808351621125b60c36dd3fdf883b92ebc531f006dbb,0,0,T12,NONE,"General conversation, community, and leisure",NONE,False
2,3714,5a46d7e412dea2d18b880b843e5ea11a319d34847ec9ad1ca1cc5f6e72a95f0f,1,1,T01,T07,Emotions and feelings,"Daily functioning, sleep, and physical/vegetative state",False
2,3716,8c870174b0072d2d58987ec9d3e2fcca161b8ad119fdaa2d74797e8b7865131b,1,1,T09,T08,"Help-seeking, coping, social support, and recovery","Treatment, therapy, and medication",False
2,3720,b47d1f316d86464c947eb012500e92017e2f3f730d69325769743dacc3f072e6,0,0,T12,NONE,"General conversation, community, and leisure",NONE,False
2,3724,ea5087c20e788cda3400c4626624167ffdd476a29a4fe0edc173f8e761fe53d4,0,0,T04,NONE,Relationships and social connection,NONE,False
2,3730,7fdde018bdd1e9aa1ad47751204d44712c053e6b32a8f4dd19bd6e8e78bc15ef,1,1,T01,NONE,Emotions and feelings,NONE,False
2,3734,5435bb3c55aaa02e730ec975619a0743dcd3a55a5601a59ef9f7acabd3ee195f,0,0,T00,NONE,Other/unclear,NONE,False
2,3738,bedce699ab7b877f133fca399fea1dd2324c0cac22db40e5de5332f8deb54568,0,0,T12,NONE,"General conversation, community, and leisure",NONE,False
2,3742,1125e72a17ce9e44ba13725f18ac1037ead1a538d8f819b0304c024b37ca95ec,0,0,T04,NONE,Relationships and social connection,NONE,False
2,3744,a9702449b4bfb67145fb06c122e934581c1194b8ea4dcdc01d8e664adf99d829,1,1,T08,T09,"Treatment, therapy, and medication","Help-seeking, coping, social support, and recovery",False
2,3750,3d30da82830b49eed711399fc024f018454810668cd078d5dc935d624d6f286e,0,0,T04,NONE,Relationships and social connection,NONE,False
2,3762,11ba07d1f2a504d1ef649f1809f488e2c9e09c8580bf80eaa89e5ff24856f471,0,0,T12,NONE,"General conversation, community, and leisure",NONE,False
2,3765,08133ed2d7f9e9593c0f4a7384d3bc83dc385e82ea6c5ec36d7190076ce45bca,1,1,T04,T01,Relationships and social connection,Emotions and feelings,False
2,3766,9c54f87bbbfe2d8d578d1b100d24527e23778ed469eb2f882bffa067f5d40d4d,0,0,T12,NONE,"General conversation, community, and leisure",NONE,False
2,3767,573b9428ae09afdeaa685a469309f12908f40e1ab2ae4f9e87699045b39966b5,1,0,T01,NONE,Emotions and feelings,NONE,False
2,3768,90a4a7c050e23fccb562e93b3f613bd7ad7aa684277da5e85b9b0f25ea763d1e,1,1,T03,NONE,"Motivation, hope/hopelessness, and purpose",NONE,False
2,3771,1d960eff14579704e3affbbae8540573b1558f0a651f1b009a2b064bc33cad6a,1,1,T03,T08,"Motivation, hope/hopelessness, and purpose","Treatment, therapy, and medication",False
2,3772,2d20650f1486ba5def624cea19a9593416928c809df96f678de5b262745a2331,0,0,T06,NONE,"Work, study, and financial/livelihood pressures",NONE,False
2,3774,53809ddbc191f2e0d7c2df4ab3c3aff15fe8372a8e39a2200e7eec72869524c0,0,0,T12,NONE,"General conversation, community, and leisure",NONE,False
2,3780,08045cf7489c87832c8349b03f45ba6a5ac8dac7f5048fb688f8944b176b6848,0,0,T12,NONE,"General conversation, community, and leisure",NONE,False
2,3788,c1baa3da687daba0dfe46580a93fb38bd4af7945321885351d333e067e02a1fe,1,1,T11,T07,Self-harm and suicidality,"Daily functioning, sleep, and physical/vegetative state",False
2,3793,3abe1275d14a3d06df06048fa6602df3a84dde5e9f07916f4aef57675eed815a,1,1,T01,T04,Emotions and feelings,Relationships and social connection,False
2,3814,9b3252d74a716855f23c653635fe91a5306f4451f4da5670f071fe39e1ca890b,0,0,T12,NONE,"General conversation, community, and leisure",NONE,False
2,3816,cba1d2661adf5dd12947c0ae53c7680cb0dfcf09ace0c7d20128c6a095be4ec0,0,0,T12,NONE,"General conversation, community, and leisure",NONE,False
2,3835,b5f937b047019abaf9147a5b5ded0cd0ad0dce38386796fa4067fed6305e5aa1,1,1,T04,T01,Relationships and social connection,Emotions and feelings,False
2,3838,0f8cbfe6fb4df382503fd33617df139779f6d8968533bf106f24b737b0e24bc0,0,0,T12,NONE,"General conversation, community, and leisure",NONE,False
2,3843,4c27536f20c0eb14e7cdf2d975eaa08d2485fd8099214afa0802ee38476003f2,1,1,T11,T02,Self-harm and suicidality,Self-perception and cognitive patterns,False
2,3844,9fb91a145f4d43de33856540d698ad13f0aa56544c0aea662d62536d61d8fc62,1,1,T03,T06,"Motivation, hope/hopelessness, and purpose","Work, study, and financial/livelihood pressures",False
2,3845,3e74a4e9cfd9e36bf5ddc6a482992f9cdc22a8f8fa4608c8cd4131cc75f10d24,0,0,T12,NONE,"General conversation, community, and leisure",NONE,False
2,3854,5d7d9834d053cf89a20b820ae5bb6813ec2b5796edd2c0fa6f85d50a2c4424cb,0,0,T04,NONE,Relationships and social connection,NONE,False
2,3855,58b1efeb981be8025be0fbbff4fa66f4eebd8350254b04de5b3c6b68097155d1,1,0,T08,NONE,"Treatment, therapy, and medication",NONE,False
2,3861,1f6bf3e08c56454898363ea6b576bbdf7755b869a3aa34de8b9147894a407ad1,1,0,T08,T01,"Treatment, therapy, and medication",Emotions and feelings,False
2,3864,bb4915cc5c3ac97a1f97d5d637317568827c82ad0050504d3bbec134237531ab,1,1,T02,T11,Self-perception and cognitive patterns,Self-harm and suicidality,False
2,3868,1d87123532d4d02d9c527ebdd823322e975362b873b51234f59dae3641e3e39d,1,1,T11,NONE,Self-harm and suicidality,NONE,False
2,3872,78d208fd15bceebd9508d8b5f1e31d58a3f3892985d888c2f2af46a3a5005bf7,1,1,T06,T04,"Work, study, and financial/livelihood pressures",Relationships and social connection,False
2,3876,84c8280133200252e87894c643e5cb68818ee8db0ea8e782d29869e18428ae53,1,1,T09,T11,"Help-seeking, coping, social support, and recovery",Self-harm and suicidality,False
2,3883,fb78e6d0a70f414eac864114c3232d0da99b3d4cbc8eb00faf77bced057cc502,1,1,T07,T09,"Daily functioning, sleep, and physical/vegetative state","Help-seeking, coping, social support, and recovery",False
2,3886,8d77e1c16b6ad479c99e26d0afd120cc403daa6207d80ba491641db2dba87b49,1,1,T01,T04,Emotions and feelings,Relationships and social connection,False
2,3891,06208f09cfd4ec0a6d889c0f78eebdc287c8c8ea7a3f05da32022cfdfbdab2a2,1,1,T00,NONE,Other/unclear,NONE,False
2,3892,e18b7470ec10679826f9daf291817c9921c53dbbe356f29a7aa921f22be03745,0,0,T12,NONE,"General conversation, community, and leisure",NONE,False
2,3895,cef24ee30aabee8faabb4339b3a8d5da56a4d7cfbe0b1bc10e2f6d5ce0d6ce4e,0,0,T03,NONE,"Motivation, hope/hopelessness, and purpose",NONE,False
2,3901,aba7366269cd2a2764013c7d0fcab6d9fedae687b025b55f133f550fb412b2e8,1,0,T06,T01,"Work, study, and financial/livelihood pressures",Emotions and feelings,False
2,3905,3e947e43710f8424596382ce530c2374f98d3f6f53fc5ff816338a6a99ed8963,0,0,T01,NONE,Emotions and feelings,NONE,False
2,3906,ee1cf17b9fc85a124c75d8dda4054662cd3046eb283e6ddd597023c6e4f9127c,1,1,T02,T06,Self-perception and cognitive patterns,"Work, study, and financial/livelihood pressures",False
2,3907,3e2b2c0bb3c4053919eefb252e709c005c2d966cbeaf371ec718e6c738ceaa09,1,1,T07,T02,"Daily functioning, sleep, and physical/vegetative state",Self-perception and cognitive patterns,False
2,3909,c9000589931a710d83f5b497bd24c266fc4c66a20cc3c8fffa68b76c94c4b3ab,0,0,T06,NONE,"Work, study, and financial/livelihood pressures",NONE,False
2,3914,2d909bf22ecae320a4043cc201a7c0f89eeb6cf51d9513d4b916fc3b48d6b9de,1,1,T11,T06,Self-harm and suicidality,"Work, study, and financial/livelihood pressures",False
2,3916,d7064a58f1b07682f6c77af6298ff2fa4d5cd6eee7bc9b68f13584695fbfad87,0,0,T05,NONE,Family and parenting,NONE,False
2,3922,875112a992b0bc68e20cc44acbc0b26f075161ea27b2269c10b9869bc7d04e2b,0,0,T12,NONE,"General conversation, community, and leisure",NONE,False
2,3927,19727c518ed0ee81d19170efd3a17fbc4d6c3cbd87a4cf2b34386f5891ca3363,0,0,T12,NONE,"General conversation, community, and leisure",NONE,False
2,3932,41c054d3681a942e965b3f548d64edb95ca6c01ffccd394c3a6dccbca9afaf80,0,0,T04,NONE,Relationships and social connection,NONE,False
2,3956,8d69505579f1ac8246d254597d1b9ab7ecdca1c9c3d65c1daee7cf1f7f105fe7,0,0,T12,NONE,"General conversation, community, and leisure",NONE,False
2,3958,c37b09ac3abb9307adb14e3dee871951f624c20c73eccfb412c2f7ac63c6bc0c,1,0,T07,T06,"Daily functioning, sleep, and physical/vegetative state","Work, study, and financial/livelihood pressures",False
2,3962,9aeecae324d910a7566fee991243fb253d42f08288b533b4ab7c1356de7c65dd,0,0,T12,NONE,"General conversation, community, and leisure",NONE,True
2,3976,ff7af836eac8970e33001f29ae2e856131b11c14f284186a41ea9bf8468f6d0e,0,0,T01,NONE,Emotions and feelings,NONE,False
2,3981,78e1c859e398b527458bd059598440b5756b1eb8d61ed225b72e89ba60badd6e,1,1,T11,T06,Self-harm and suicidality,"Work, study, and financial/livelihood pressures",False
2,3983,8135f4a82f1c3bd7ff14344468630e83ff23f36b1dd3f4ec8e8446a7fed6d248,1,0,T07,T08,"Daily functioning, sleep, and physical/vegetative state","Treatment, therapy, and medication",True
2,3985,0e2c8347612380e82125a99c530df7194758ed0935cc8dfd4da83c970a5103e6,0,0,T12,NONE,"General conversation, community, and leisure",NONE,False
2,4004,9cc449fd46268c01af91bf239422ec18d158c2ea085df80dce8e8ac24a5759f9,1,0,T05,T01,Family and parenting,Emotions and feelings,False
2,4015,85c7475a4a8177a21c963d669fe1ac829abcd13648409f587b4463ac9490e898,1,1,T02,NONE,Self-perception and cognitive patterns,NONE,True
2,4017,67541d5950c11773551ab008f6ad8a95544c5db549437707ed171439f85aa265,1,1,T01,T09,Emotions and feelings,"Help-seeking, coping, social support, and recovery",False
2,4027,084d4460ca0f87a16c365e676966405fd20128751d52ca35537b29d3bd8ec504,0,0,T05,NONE,Family and parenting,NONE,False
2,4033,4ffe612e8273b1e962cd546e1d3e1de71ee95e0c1a033b1aef5b83b454295119,0,0,T12,NONE,"General conversation, community, and leisure",NONE,False
2,4034,f56a1df7a33fdbb91c1a47f262ac6963448fd3e3ddd1776d716a0eb89290c506,0,0,T00,NONE,Other/unclear,NONE,False
2,4040,d8c502db96f60d768c5697827affefd96dfa1d5c3701ce368d0ba099ae5a2177,1,1,T11,T05,Self-harm and suicidality,Family and parenting,False
2,4042,69d112d88a9eeafbab060260334f4a0abf55d8743092c132a1808e6affd09cfc,1,1,T06,T01,"Work, study, and financial/livelihood pressures",Emotions and feelings,False
2,4055,6b24df1330772b96a4d86f34a34893d4b8af2bd519749be7b651a871c9599aba,0,0,T01,NONE,Emotions and feelings,NONE,False
2,4066,78824b9a3fa6634cd19ab7c22c26631dba27d4b2f0f611f8ffbd4bf2809a81b1,1,1,T07,T01,"Daily functioning, sleep, and physical/vegetative state",Emotions and feelings,False
2,4067,be8fb06edbe8911bfa83f3322427188116b8c1aec533af60f5c3505e643b2fc3,0,0,T12,NONE,"General conversation, community, and leisure",NONE,False
2,4071,7a1a1f325d355e1741eb9144972025b6b0674f4e1704210ca6711b6b1ca7810d,1,0,T08,T01,"Treatment, therapy, and medication",Emotions and feelings,False
2,4072,1a96c85e969aae185b5b2e80f877b184bc1962229af1edaa492ad3c2062a7a2f,1,1,T11,T01,Self-harm and suicidality,Emotions and feelings,True
2,4080,bfbb104aa9c8329c512ba3524ed512ac7a5713fbb61584faaadb98d875e974b1,1,1,T01,T09,Emotions and feelings,"Help-seeking, coping, social support, and recovery",False
2,4082,e1b382806901e765dc10f41973129f99ffe4e368ce903b69ef631543df6c7d07,1,0,T04,NONE,Relationships and social connection,NONE,False
2,4083,96fb5b80d35686d5d73f0ed695e2700b5ee7f18d74054cf8b93ca3419bc9917d,0,0,T07,NONE,"Daily functioning, sleep, and physical/vegetative state",NONE,False
2,4084,98ed34e0459729355acf00e00dbb1747e79e5a8a1d0bfe6a0d729a1cda3d205b,1,1,T11,T03,Self-harm and suicidality,"Motivation, hope/hopelessness, and purpose",False
2,4085,3371f0c813e593168ad3de87b00f3003fa7bad140c378b122b06678c2bb06f1e,0,0,T12,NONE,"General conversation, community, and leisure",NONE,False
2,4090,3f09a7be262dad80093d7e7d2d50218f392ac49c10a690f38962b9ea9e976b70,0,0,T12,NONE,"General conversation, community, and leisure",NONE,False
2,4106,55e7f2b9a605ba2a0d4d1568bd425fc5dc5cbfd1871954d7f298b50a4b62b4c5,0,0,T07,NONE,"Daily functioning, sleep, and physical/vegetative state",NONE,False
2,4111,d8664e75c06345d32d5c86b02dc2e070037ee1ba0e8edabaefddb26fcbf9fc36,0,0,T06,NONE,"Work, study, and financial/livelihood pressures",NONE,False
2,4125,f78d49977525978a58e4ef79800b8b4ccf4836eb40cb4eb400ca0b34ff71ed18,0,0,T12,NONE,"General conversation, community, and leisure",NONE,False
2,4130,ab25b348f5ca3d7ff7e3e00bbd55facad7b48e044eb8597ff209796727282031,1,1,T11,T03,Self-harm and suicidality,"Motivation, hope/hopelessness, and purpose",False
2,4135,2916c1284cecf3e7c18cf0a79714e11ce4ff04ab67a05046116099843eeec203,1,1,T02,T03,Self-perception and cognitive patterns,"Motivation, hope/hopelessness, and purpose",False
2,4151,620a90a6f9249d391ce470289829c916aff75b6813d352c9909a5ab61b230229,1,1,T11,T03,Self-harm and suicidality,"Motivation, hope/hopelessness, and purpose",False
2,4162,92bb0d38fb1cded93d184d8e074c83adb12637561376cd8ed3bbf9a263d052f8,0,0,T06,NONE,"Work, study, and financial/livelihood pressures",NONE,False
2,4178,fcc3f669f614a5c21382e7d7459a2c6a13daa63a721a86217a19b378a392ee2b,1,1,T01,T10,Emotions and feelings,Alcohol and substance use,False
2,4180,9d21307acee9358ef6053a9d18d8643cb27c63bddd24065eaaeea3236aecbddd,0,0,T12,NONE,"General conversation, community, and leisure",NONE,False
2,4186,f08c9950565c1bb2b9832aabda2b77014def665cabe1ae5fd7f80a02b4a71cd6,0,0,T05,T12,Family and parenting,"General conversation, community, and leisure",False
2,4188,e6f75a4305ca64669cc6bfb79039b85380f6cd9af1871ec02d989e2d6c5b92bb,1,1,T11,T03,Self-harm and suicidality,"Motivation, hope/hopelessness, and purpose",False
2,4197,a916744574345ec5a45277dafb2ea2e0b030dc0d2aaf69483f6318d36f3103b4,0,0,T06,NONE,"Work, study, and financial/livelihood pressures",NONE,False
2,4200,30b202090d5573287c576bd15a386a710ffeb40b5c2d23b1afb0d31b7bb0cca1,1,1,T11,T01,Self-harm and suicidality,Emotions and feelings,False
2,4202,87553117d15282462db75f737a7fc771c66c8a35c771a32aea802ca197d48f1c,0,0,T12,NONE,"General conversation, community, and leisure",NONE,False
2,4209,9d041a69ea0fd01d18c257251a8669bf054c7fddfa543a3c4b180f375160f869,1,1,T06,T01,"Work, study, and financial/livelihood pressures",Emotions and feelings,False
2,4214,ddae438a610da2da82edfd85201461e500651580ea0196d38a5b02bfb1baa7ae,0,0,T12,NONE,"General conversation, community, and leisure",NONE,False
2,4215,bbea1582b5e6529bd455425e994c70d8add3bf8bb8bd1ef80a16c8671f8ed6dd,1,1,T02,T01,Self-perception and cognitive patterns,Emotions and feelings,False
2,4219,c53663520dde491b4ff65dc31d1a80c8d8223d40187ca22a44e1828419bf4b9b,1,0,T07,T08,"Daily functioning, sleep, and physical/vegetative state","Treatment, therapy, and medication",False
2,4224,c7f03ffe7fbfee42331894d5a25e07365c7b0e6fbd8e68f9e3d1aa70ed8e57ba,1,1,T01,T06,Emotions and feelings,"Work, study, and financial/livelihood pressures",False
2,4230,65ff2c79a4c2e5cf6750c12bed36e5d1a155517093d73c73dc102cc2b78a085d,0,0,T12,NONE,"General conversation, community, and leisure",NONE,False
2,4231,b14fc48f7b8e748506497bff718da77f9cb917f9bf222cd447ba91003c140e4f,0,0,T12,NONE,"General conversation, community, and leisure",NONE,True
2,4236,17dd2e6725cbed743267d8aaa88196730aecc297b7d9bac80bb222b60791401c,1,1,T11,T04,Self-harm and suicidality,Relationships and social connection,True
2,4241,4c4d744314744a12e98f32dc4785f47cf2ae3cf8bd7435b768375b81f7c04811,1,1,T02,T01,Self-perception and cognitive patterns,Emotions and feelings,True
2,4243,ef3b8a518bc0a67e3e8917bc90001373376a3367b538ae460068847c036df3ab,0,0,T12,NONE,"General conversation, community, and leisure",NONE,False
2,4247,00f2f45ffc8a083231e6adae3afeeea7d7c01d663bf1c77a0adf6a5323371a9a,0,0,T06,T04,"Work, study, and financial/livelihood pressures",Relationships and social connection,False
2,4248,bb2d0ccdec89f29e54c716c4eb0cc0ed9b9072effbf6410668dc83b10b660cbb,1,1,T01,T02,Emotions and feelings,Self-perception and cognitive patterns,False
2,4252,f9d3bd0f2aba117afe183a4c2d96aff430ffd3305f455c446c0126f3150a758c,0,0,T04,NONE,Relationships and social connection,NONE,True
2,4258,b9b7bc410d0669aac0478639973055e9ed61d72605b14da9a8ee8fb196d8b013,0,0,T06,NONE,"Work, study, and financial/livelihood pressures",NONE,False
2,4261,8f5bb1e297af1808d6dc539ac5a5345e51600d111ff77f445b20936c160451bc,0,0,T01,NONE,Emotions and feelings,NONE,False
2,4269,ff2b085c719634c8dead482446ebf0bce26acd5c26149f32f77df72dac3d6bd3,1,1,T11,T10,Self-harm and suicidality,Alcohol and substance use,False
2,4271,9a037548377091096d18a521bc9e9761c7596db94f945a86388f2c93b5112603,0,0,T00,NONE,Other/unclear,NONE,False
2,4277,fddd19ea5814255a8c8663b602300cff4997ff50e6fc14730823067a340c6f89,0,0,T06,NONE,"Work, study, and financial/livelihood pressures",NONE,False
2,4280,adf9589c6caaca61479a57f31d7a7bc808c7eae2684985f8148fffeef084ef78,0,0,T00,NONE,Other/unclear,NONE,False
2,4301,20b2bde16a07693f499004c1038d805c82c25b6562c5485ad6acee75154ac9b8,1,1,T09,T03,"Help-seeking, coping, social support, and recovery","Motivation, hope/hopelessness, and purpose",False
2,4303,daa66e172abde3bf987c8b7631efbcd798b6e8e705603366c3a2c71a8d1cd5b4,0,0,T00,NONE,Other/unclear,NONE,False
2,4307,cf8eb1b874b05cc485e040d1229d1c1b37332e4465dacd97a6d976459e095c06,1,1,T06,T01,"Work, study, and financial/livelihood pressures",Emotions and feelings,False
2,4313,0522fe692798714f0ce0430a0e4b1dab8389f11e19278df58faa9b4dc5066e4f,1,1,T01,T12,Emotions and feelings,"General conversation, community, and leisure",False
2,4316,db1bff957ec806eff2f8af591af101f16162bd20b5a5a03934db46fb9df9e4f9,1,0,T07,T09,"Daily functioning, sleep, and physical/vegetative state","Help-seeking, coping, social support, and recovery",False
2,4321,ec699b49c3b8c1a3abd52ea86e967a8dfa052062fb659d75e8b9854c35b6b3a7,0,0,T00,NONE,Other/unclear,NONE,False
2,4331,c5af0fd8eeaf7313137989876a82dc44ab0f4a9862987f3b507b7ebbba9d0820,1,1,T11,T09,Self-harm and suicidality,"Help-seeking, coping, social support, and recovery",False
2,4332,d99374f687358049fcee1bebfb39a28371225e192d48f036351af7cf5eeacb8d,1,1,T00,NONE,Other/unclear,NONE,False
2,4349,0633d7ec59e095c7583c4b9dacd0b643a3ed552f64c4949618cd960c743e1970,1,1,T01,T11,Emotions and feelings,Self-harm and suicidality,False
2,4357,c4895f03a1515f13df02263085cf2839ee7a0c5ce3c50a1eb849d90bf1a0abb0,1,1,T06,T03,"Work, study, and financial/livelihood pressures","Motivation, hope/hopelessness, and purpose",False
2,4363,625b50a662f7165d42ece532d86a3ecd7888140ed0d47b9e15a6553854b2604d,0,0,T12,NONE,"General conversation, community, and leisure",NONE,False
2,4369,7bd2ce023643dbf07e093b84489a79cfb407b5d682bd03957f037900e6345552,1,1,T01,T02,Emotions and feelings,Self-perception and cognitive patterns,False
2,4370,34041db31ef89f2fa18f98cde29e519217cce5b2a78073ce0ac753081b0b879d,1,0,T01,T09,Emotions and feelings,"Help-seeking, coping, social support, and recovery",False
2,4371,4528ec0f55ddf32f91bba5be7acd391c13aa16b04dfd0597a390adc799967b06,0,0,T12,NONE,"General conversation, community, and leisure",NONE,False
2,4374,011ab2c62af684d71c4760a7415a2310db984a297e6b1a599bb53daa602b9de4,0,0,T04,NONE,Relationships and social connection,NONE,False
2,4379,5a6e7480dc9268278be36b5a48b77c9f7796c32c0093f9fbffcd0b421446683a,0,0,T12,NONE,"General conversation, community, and leisure",NONE,False
2,4381,0003e50099fcbadb49b4a1ae1fdc5d30a166ef73ea5c503b8aed56720a382b58,1,1,T11,T09,Self-harm and suicidality,"Help-seeking, coping, social support, and recovery",False
2,4385,a4071a42e4702be23318bf45b21d0dc940fabbb76d8bbd625ae9e8ad1b6071bb,1,1,T11,T02,Self-harm and suicidality,Self-perception and cognitive patterns,False
2,4390,dd9f6449ae3b088bbfe65e5b6fb7aad100763672df474a14b27b18f7d9feb0cc,1,1,T09,T08,"Help-seeking, coping, social support, and recovery","Treatment, therapy, and medication",False
2,4392,7a45ce1844b4044e2fe0e0237d96369cd33297689f4086685bca419944e22355,0,0,T04,NONE,Relationships and social connection,NONE,False
2,4394,7c52100d7a7dacc64a2485157bdb14974ada29dd025411a9596797e6a3a42d80,1,1,T01,T04,Emotions and feelings,Relationships and social connection,False
2,4406,d6eb7a8ec28d270fccae362201a33ce6337cd23e18ff22b26599f5182e538299,1,1,T11,T03,Self-harm and suicidality,"Motivation, hope/hopelessness, and purpose",True
2,4407,25f58d429844ec5f293d1c58bf55fa0dfcce371dbf6517e33ea37ace350f4f9f,1,1,T09,T01,"Help-seeking, coping, social support, and recovery",Emotions and feelings,False
2,4420,58741c481f3686b1d8d97a334ab08d5e43907d095a2f0df2c808d8d39fba4239,0,0,T12,NONE,"General conversation, community, and leisure",NONE,True
2,4422,51931f45d232d78bcaf15d7c3021332532ca194f9ef58fbc98a2d82895727377,1,0,T04,T01,Relationships and social connection,Emotions and feelings,False
2,4429,f9125e296bbde821e15bffe24d63fcef9aea687c666d706baea5fe9a83c9fbc9,0,0,T12,NONE,"General conversation, community, and leisure",NONE,False
2,4437,35abf3ac43399853da03aa7742d14b4c9c2b8700340099102879414e65bfe7fa,1,1,T01,T02,Emotions and feelings,Self-perception and cognitive patterns,False
2,4441,1cd57a34516c5a82f6fae01cbe5ee4673e1eecc1e141e99d26bc21b1f0db5478,1,1,T01,T06,Emotions and feelings,"Work, study, and financial/livelihood pressures",False
2,4453,5235d8c022cac01464d0a51900343a5b4e921bb69a3cd10d8a1d19fcde6e4166,0,0,T12,NONE,"General conversation, community, and leisure",NONE,False
2,4474,0bd55c9dfb0b770b4da5268b63d130fd553bfa9b65e49e1fef9b47bae6425338,0,0,T12,T04,"General conversation, community, and leisure",Relationships and social connection,False
2,4475,bbec1362d4af4ca7870bae300e79259358f1a3e2201f51086a90f39ba5be18e5,1,1,T02,T01,Self-perception and cognitive patterns,Emotions and feelings,False
2,4481,7e0eb6fb12960d216044a76c5ecc5385864404d1274abfe4e7302669ea6ec0a8,1,1,T11,T01,Self-harm and suicidality,Emotions and feelings,False
2,4497,6dcfa73f2526b68d3a4494aac9debeab3b39cf9f7236381233d47a538ec7230b,0,0,T12,NONE,"General conversation, community, and leisure",NONE,False
2,4500,89016b197c2c915a68402b6ac4866d884c358a2b51259e1a24f15d18f4e13d4a,1,1,T07,T09,"Daily functioning, sleep, and physical/vegetative state","Help-seeking, coping, social support, and recovery",False
2,4509,6045eecea0fb8e48fdfd8d9cdd005242556b9ccbe1ebb18ad9b79e096359da3d,0,0,T12,NONE,"General conversation, community, and leisure",NONE,False
2,4511,dea801ed18ee561784ebe1208d31099673416774f5e7e5152745e1b4cff86445,0,0,T12,NONE,"General conversation, community, and leisure",NONE,False
2,4512,24a3e78129e7525dc5ea3e926e9dbfeab580a74f63acbab2e953e0d9e7a2db33,0,0,T04,NONE,Relationships and social connection,NONE,False
2,4513,40ff376cb5cbfc3d7617a65381ff9ae53fac10f8b82511d98ce6e9e6b742ab17,0,0,T12,NONE,"General conversation, community, and leisure",NONE,False
2,4515,253ecf0c84663c5a730e99d71d73fea808a3e38d8e56cf729e6c7fb01c954fb4,1,1,T11,T09,Self-harm and suicidality,"Help-seeking, coping, social support, and recovery",False
2,4522,1cfea532b5e88900f866651a7f3f2fc0dbf4899f52bef316a5dea6fed10019e0,1,1,T11,T08,Self-harm and suicidality,"Treatment, therapy, and medication",False
2,4525,fbabec66863b257ff81a7c8771c9523c3c5533e479935168a93bffbeab8d021e,1,1,T11,T08,Self-harm and suicidality,"Treatment, therapy, and medication",False
2,4527,2d508c47f335ff479af40c898edb8268cd60dabcf265a3748b42a460e86df01d,0,0,T01,NONE,Emotions and feelings,NONE,False
2,4531,7dfb114c6df807326407756e8097ba86f3d4c9f688ac71c0ce293c1138a6a2c0,1,1,T11,T03,Self-harm and suicidality,"Motivation, hope/hopelessness, and purpose",False
2,4532,11c19898b8ac5217c83fef6507f37d3cb4296513203341659b54f4c8c94624b7,0,0,T12,NONE,"General conversation, community, and leisure",NONE,False
2,4542,c62bb874bd8d4a2959e02bc86af13dc3aadaec49ed0d5758176856bd7329b198,1,0,T01,T12,Emotions and feelings,"General conversation, community, and leisure",False
2,4543,c1ee3b1533724f60d38a580a7344452eab1348e1bb5a30addd736830a40845a2,1,1,T06,T02,"Work, study, and financial/livelihood pressures",Self-perception and cognitive patterns,False
2,4547,221221a7a1cbd683207174906144831386c39cbc9dc34778464973671ca20315,0,0,T12,NONE,"General conversation, community, and leisure",NONE,False
2,4553,eeafbaebe595847172962645b16b49b12141d8d1e339ec7800af3fc430f6df4e,0,0,T07,T12,"Daily functioning, sleep, and physical/vegetative state","General conversation, community, and leisure",False
2,4556,fa5274faabebfd421c3ea53c597a11758ecd7801b5e4d4717980fc6d2c051243,1,1,T03,T10,"Motivation, hope/hopelessness, and purpose",Alcohol and substance use,False
2,4564,15cff937c4fa2fd6c6b5983fd88e1968e4e14914f3af3e7eeab8d884337a93ae,1,1,T08,NONE,"Treatment, therapy, and medication",NONE,False
2,4566,1fb7a8979116fb971f0b84b4ec6fa10f843ad14f1bd7750e458b8fc12879371a,1,1,T02,T03,Self-perception and cognitive patterns,"Motivation, hope/hopelessness, and purpose",False
2,4567,56cfc48283502fcf67bd07c8ed2516126c248e33c20e30bc6b789d5179aeb27f,0,0,T12,NONE,"General conversation, community, and leisure",NONE,False
2,4583,81e742a6519511024421f93959882af00d0b3100727a59059da198ffc9f76306,1,1,T11,T01,Self-harm and suicidality,Emotions and feelings,False
2,4589,fe98c62cee0ff5be15fbcf576deef37ff8d848a3e0617f012b1dec18926e5838,0,0,T12,NONE,"General conversation, community, and leisure",NONE,False
2,4595,8532acd341cd549b5ab2333884152fe15bd74e24473ad6bb29ec4dad43570b27,1,1,T08,T11,"Treatment, therapy, and medication",Self-harm and suicidality,False
2,4596,d85fca70fc4a3e94df020e6f81146c4abfd354e223f36a232910de6f97f4f249,0,0,T00,NONE,Other/unclear,NONE,False
2,4598,297806231b4a299dd3478038dbff55a0e458afb1d4575d315069cc5a85bcdfdc,1,1,T01,T12,Emotions and feelings,"General conversation, community, and leisure",False
2,4602,95c8b10f6b5eb37dfdca8fcd810275bfa0f5f8b2893a9b97c7bb4e69dd1d1110,0,0,T12,NONE,"General conversation, community, and leisure",NONE,False
2,4609,4841055fd7e41ba078c57166008d487df869b27b9fb1532352437b25a338a53c,1,1,T08,NONE,"Treatment, therapy, and medication",NONE,False
2,4612,484c5c9ad5eae0a0034eaa3d97308eb8b6f08ae33a6963cac17e8ceb839fca17,1,0,T07,T09,"Daily functioning, sleep, and physical/vegetative state","Help-seeking, coping, social support, and recovery",False
2,4617,811154260fa262304260533649f5a246756aa5400d321a8c96ecc2cac507d234,1,1,T09,T04,"Help-seeking, coping, social support, and recovery",Relationships and social connection,False
2,4619,fb9327b742ef0083d0f8ecbffb5232faeda32ea89b3400872ded3bcc30ed1390,1,1,T07,T01,"Daily functioning, sleep, and physical/vegetative state",Emotions and feelings,False
2,4620,3e30e77cde2475c23fc9b28553e177496ec432b9416e23961535292e178b32ca,1,1,T09,T01,"Help-seeking, coping, social support, and recovery",Emotions and feelings,False
2,4621,036734e49c4e4b19354f0ec39333bff8ed55ce1c0dfc2dfef60ce222b746b2e6,1,1,T11,T06,Self-harm and suicidality,"Work, study, and financial/livelihood pressures",False
2,4627,13277e0add71aa1d6c8a7ba366748107acacddd80a33ed0568dc1fc3e954cfd5,1,1,T06,T01,"Work, study, and financial/livelihood pressures",Emotions and feelings,False
2,4630,b9031421b1b2f526471302c2e16e7a206efc69dee5accc0725e98a3cce2697f5,1,1,T11,T02,Self-harm and suicidality,Self-perception and cognitive patterns,False
2,4635,9b0f1b132c9c1b7af40dfdfcd2e4541873e4913f2b7006a7c42be95d511edb4c,1,1,T11,T02,Self-harm and suicidality,Self-perception and cognitive patterns,False
2,4639,d381d1c3e4d82e18932d1e98e089d4b3b9b73c4197a14d78c73e6ec773c9bd50,1,1,T01,T05,Emotions and feelings,Family and parenting,False
2,4642,f1515717b8d7c51cdf3e9ebfd915b1daad84d83a707cb2a556d663432b82f272,0,0,T04,NONE,Relationships and social connection,NONE,False
2,4645,b3255c5b8d2ed2575f0f1655390b8d8832345bc2ce484031eee3230a903e4017,0,0,T06,NONE,"Work, study, and financial/livelihood pressures",NONE,False
2,4659,a1a431eec22dd16ecc499fd89ead1ea9cd78a15cb3fb5752e811a0c4fa60476e,0,0,T12,NONE,"General conversation, community, and leisure",NONE,False
2,4661,9e632ac777039dad333f7e5e4f18ccca50c9aad9220818721a27ad3f25494b9d,0,0,T12,NONE,"General conversation, community, and leisure",NONE,False
2,4663,0ac54008400b2b7f8c09f384567317c83559dbd3b7aa1dab287bce91c7f53b80,0,0,T12,NONE,"General conversation, community, and leisure",NONE,False
2,4677,1e711465280b487092e734bc6363323861f09954d476497d5cf3b2f32bc0c790,1,1,T11,T05,Self-harm and suicidality,Family and parenting,False
2,4681,16e9bf3d1e0743e4d8292062997fa9d08bb6e1923109f7416dbdf841cc9e08c3,0,0,T12,NONE,"General conversation, community, and leisure",NONE,False
2,4682,0aefec797fbded0d961d4ad4d7dbe5d2f9aa67abc9460b144ef5faab754913e7,0,0,T05,NONE,Family and parenting,NONE,False
2,4693,8ac6b7b733234f9d4c2d2372aa511b4fb52a0cc1949407cc6fdd2364e77b604d,1,1,T02,T06,Self-perception and cognitive patterns,"Work, study, and financial/livelihood pressures",False
2,4695,d2b4a3dbf56b0530e0725683139b87b6621a47b5186b15f52e1a2e398108bbbc,1,1,T11,T02,Self-harm and suicidality,Self-perception and cognitive patterns,False
2,4710,21591ef1d140b4b2bfe089d39fa5b362b6959c7eaf097a96a72911f1922a6954,0,0,T05,NONE,Family and parenting,NONE,False
2,4716,d8e33bf01b421fe7b3f9a10536b645f2a6c92105887858cb938969512cda96de,1,1,T12,T09,"General conversation, community, and leisure","Help-seeking, coping, social support, and recovery",True
2,4722,79d7b2ba80c6dc2c3e3fc8782a5867ed1576c97a306fd81331ed46ff8f6ab12c,1,1,T08,T01,"Treatment, therapy, and medication",Emotions and feelings,False
2,4723,cc0171b671552954b998c7c12e4dc3bbb07ba6534a61a2fe518cb06a3b9ae5d8,0,0,T01,NONE,Emotions and feelings,NONE,False
2,4724,c47b41699867f5d8ccb685a098fcac2ed6ac47787a1c1162ab87cc86d478faa1,0,0,T12,NONE,"General conversation, community, and leisure",NONE,False
2,4731,568fb3b2b877d3bd122c810601eb922e6e25a10f9a3b9cb6bb354193feec9553,0,0,T12,NONE,"General conversation, community, and leisure",NONE,False
2,4744,2ff9a45191e8e8871a28ba7f4997108f8ef0f7e0dac92c315a7593726ad9b357,0,0,T04,NONE,Relationships and social connection,NONE,True
2,4753,80ad5e9869085afebf52366537f10d4714e46b5e8e762ea72276a7a95108b993,0,0,T12,NONE,"General conversation, community, and leisure",NONE,False
2,4755,fd6be8ea53aa7b1cd1afecdfd196fab6274d733704e4fa676ed6ec49230554a0,1,1,T11,T07,Self-harm and suicidality,"Daily functioning, sleep, and physical/vegetative state",False
2,4759,712e0b3fc266589dc7a5f05792c08dde5fc226227cdc484de8a3ca236e86e814,1,1,T11,T03,Self-harm and suicidality,"Motivation, hope/hopelessness, and purpose",False
2,4765,59f5688e1b22f78573ca8939b7c998b13c7ab71907785c66c1ad0a6ad8392668,0,0,T00,NONE,Other/unclear,NONE,False
2,4767,884763303c7be98d5cc982ba61b4afc4854e397c7372acac31bbf83a1beb31d4,0,0,T04,NONE,Relationships and social connection,NONE,False
2,4768,edb4f47ab9e8fdb18f4b6afd5e530a27503dcb8e0bde2fdd86ea2c18d1122945,0,0,T12,NONE,"General conversation, community, and leisure",NONE,False
2,4774,0ac5d2acfbda80f519ec08c10489492ff7367ce79259e769386e7cd991c7879a,0,0,T12,NONE,"General conversation, community, and leisure",NONE,False
2,4781,f538bc5d2517c2721cf606588717cea5f1bdc35eeb19e09a447b5941e9579e67,0,0,T12,NONE,"General conversation, community, and leisure",NONE,False
2,4786,ccf4e22403b17a8d5c8796f138926d23ae3be59003ca83094766c80d62244405,1,1,T11,T02,Self-harm and suicidality,Self-perception and cognitive patterns,False
2,4791,b741e67458ccb944be0ddaaf89de455b40fb3895539475030c378cc306b6c7b5,1,1,T04,T02,Relationships and social connection,Self-perception and cognitive patterns,False
2,4792,4e91089ca9c481ba02175493479c363ee987a2539b5dc91e19e2b293f637473f,1,0,T07,T02,"Daily functioning, sleep, and physical/vegetative state",Self-perception and cognitive patterns,False
2,4797,33583ad506e65981c97311d11b61dd8d7f23bb179f2ab04a46b92eaaba209d1b,1,0,T08,T07,"Treatment, therapy, and medication","Daily functioning, sleep, and physical/vegetative state",False
2,4799,f10643e3df7954003483e57d2239d3cfde6dc59186239d04f8997bd49e26629d,0,0,T06,NONE,"Work, study, and financial/livelihood pressures",NONE,False
2,4803,e0609a5216147ae669bb1504cd254aed8ceae1c99665b732dc5fbf639eccb755,1,1,T05,T01,Family and parenting,Emotions and feelings,False
2,4806,48a74b75bfa73685612f114c1c5cd56e4d8770d60264bfb1a0e356deb128e883,1,1,T07,T04,"Daily functioning, sleep, and physical/vegetative state",Relationships and social connection,False
2,4819,7da8b4df30fc11a02db39d8ac20a886293511d1a527b73b8045c24eeaeaa337f,1,1,T11,T06,Self-harm and suicidality,"Work, study, and financial/livelihood pressures",False
2,4820,455548122577fb5d97acfd8891e4b6052cb7f0a80b4350298d0362eb1324e09d,1,1,T07,T01,"Daily functioning, sleep, and physical/vegetative state",Emotions and feelings,False
2,4822,854da7e6f9389789e8f8bdef40e31ffda0c1fec6ba7eb8beef1cac309aad5689,0,0,T04,T03,Relationships and social connection,"Motivation, hope/hopelessness, and purpose",False
2,4833,83d42a76e3021463e0f4249c08322fef9bac0b34f8961bc74c3c6a1aafe4b462,1,1,T00,NONE,Other/unclear,NONE,False
2,4841,4e94cb8b1c4820d208e34bcd309a69d1bddb9f8e1c47a839328f26049e6bc0a7,0,0,T05,NONE,Family and parenting,NONE,True
2,4842,1dab13ef3b7271065856026869dd77b2c0de0eb13140fce2cb26f1acf3a88416,1,1,T01,NONE,Emotions and feelings,NONE,False
2,4845,f55b9ae8c2526196ab0c5deda6db8cf2e717c3ec4e4fbdc419763f4d112b6fa7,1,1,T11,T03,Self-harm and suicidality,"Motivation, hope/hopelessness, and purpose",False
2,4850,62f3fbdffb54eeb9529baf40225dfb59e4ae15b21cc56c3166da15e9e8af0e5a,0,0,T12,NONE,"General conversation, community, and leisure",NONE,False
2,4856,93a066ac6a55bb6fbabf6640c293545f0a0f54650a267bb9d4a5f60f4223f152,0,0,T12,NONE,"General conversation, community, and leisure",NONE,False
2,4869,adc209b34dae74e0de4cab6eaee89a8cd97881b913693ed9d3d240af0a2fe094,1,1,T04,T05,Relationships and social connection,Family and parenting,True
2,4877,ceb2325cd8ad17af47213d36197a49b31a2e78a2ee8372c98c12d6ee9b065f4b,1,1,T04,T09,Relationships and social connection,"Help-seeking, coping, social support, and recovery",False
2,4882,3c01c0a456c975a2597141ce6cd04cbf138fa4ec419b6ce61813b5ad4bb95a91,1,1,T09,T02,"Help-seeking, coping, social support, and recovery",Self-perception and cognitive patterns,False
2,4888,c6cb47a41005dfb606ef9e827514096402c45457c6e6d0644528a0c2da875bb6,1,1,T09,T01,"Help-seeking, coping, social support, and recovery",Emotions and feelings,False
2,4889,ba35836905a8ed35834b4a545d88a2cd609d669b5c643d3abea7cab59f69f76e,0,0,T12,NONE,"General conversation, community, and leisure",NONE,False
2,4892,da95bfb1398d44db8e334e702f327ad163e1cc69d536be5ece4ca200de4b6a26,0,0,T06,NONE,"Work, study, and financial/livelihood pressures",NONE,False
2,4894,e66b5cebed4b7eca012b76c97ed1b142188abf7e9db23688485641f06062ffbd,0,0,T05,NONE,Family and parenting,NONE,True
2,4895,75406785b307a493e288e352aad93336dd1af407ac6d82c2579ea2e3ffd566f5,1,1,T08,T09,"Treatment, therapy, and medication","Help-seeking, coping, social support, and recovery",False
2,4898,2642bc0ea5295e2dc7b245abe7a12559726a80b40fff81b252ddbd0d642cd26c,0,0,T12,NONE,"General conversation, community, and leisure",NONE,False
2,4900,fd1609de22b6444dbc9fcaa73a8bcc07605b4b4a6475b38b42d42ce0e207acf1,0,0,T06,NONE,"Work, study, and financial/livelihood pressures",NONE,False
2,4903,ffe56a52e2581888a45d661fd5f75c66ac33e49b876f29074c5f95de53613cbd,0,0,T04,NONE,Relationships and social connection,NONE,False
2,4916,efa09a7d000e11e16bd25397c2b9b24d412410f2774b9d44f1a3836d30fd2221,1,1,T11,T01,Self-harm and suicidality,Emotions and feelings,False
2,4931,a0b9c3ef21fb318dd422a19ba72acc4e0db67c25897274a10371c368bc6d7a6e,1,1,T01,T09,Emotions and feelings,"Help-seeking, coping, social support, and recovery",False
2,4945,8de25f049be260a116304bb40de98524a23ccda933e5ee790c6d05da8fc187b5,1,1,T11,T02,Self-harm and suicidality,Self-perception and cognitive patterns,True
2,4946,c4d50527032f5e8d5f5fbe4c5cb34c52c1037cca3f771ea70d707933d53e9016,1,1,T11,T06,Self-harm and suicidality,"Work, study, and financial/livelihood pressures",False
2,4956,9fddd06885d5eed274c598f79185bd71e6bf09f0c4716ca102d7e28c91a05dc1,0,1,T03,T01,"Motivation, hope/hopelessness, and purpose",Emotions and feelings,False
2,4967,2fea2609dd69742757b6d3019a4340fd382f98e43318eb1607afba78317d4d50,0,0,T06,T12,"Work, study, and financial/livelihood pressures","General conversation, community, and leisure",False
2,4968,59558b3906ba9fdba67eb220c1d472b5f31f2df6571631acfb5530a66721f90c,1,0,T09,NONE,"Help-seeking, coping, social support, and recovery",NONE,False
2,4969,1e68602e41f2c7ebd8d663514a8ab37c27ce4e36da6153f5a77c441e2f07daff,0,0,T00,NONE,Other/unclear,NONE,False
2,4970,e25420d1fb96be1743de34ebe9ba4053a9e32f1c1de0de52fed07bb691fb846c,1,0,T01,T09,Emotions and feelings,"Help-seeking, coping, social support, and recovery",False
2,4971,15d8953befc952ce29c7b413ca289e6d88b264298608325242d742fea0c80c74,0,0,T12,NONE,"General conversation, community, and leisure",NONE,False
2,4975,f77d522ccd0bfc2e5b2e9a7c96ad8ced1d83b2f1a6851db96c6bef56ea432052,0,0,T12,NONE,"General conversation, community, and leisure",NONE,False
2,4994,034b759bbb89af8ae5fbdc951252564136ba34f977a696e8f8651a57190bd995,1,1,T01,T05,Emotions and feelings,Family and parenting,False
2,4996,fda57794d80bf0d775d066b87a172695d496dea88e250fdc8710dd1ad69e6a62,0,0,T06,NONE,"Work, study, and financial/livelihood pressures",NONE,False
2,4997,fcc2aefcee6a4b1498d2ebc1c61fb640c3b9786a845afb4b14ccad42a2b6ef86,0,0,T04,NONE,Relationships and social connection,NONE,False
2,4998,2e8edaef064a12aace1f1a18e5476f129eb66d2c3897d6782997ae86d0a8f2fd,1,1,T01,NONE,Emotions and feelings,NONE,False
2,5001,7fe4c0bd3a4ecee6b630df4e6bf9930a086987f5536bdc280de9072206f211ce,1,1,T11,T01,Self-harm and suicidality,Emotions and feelings,False
2,5002,bf66ed04379013e37fc31a9194c8b1955a91d305aa4f31fe24f6963ab7487deb,1,1,T01,T05,Emotions and feelings,Family and parenting,True
2,5007,f81622b854ef81905386868a43a942d9544c6ac0707c1cb2c5eb7c77f49db04f,0,0,T12,NONE,"General conversation, community, and leisure",NONE,False
2,5008,edfb8fd70fa89799de06910a22d4e2edacda6dbc57f9e70367a98baf9f950d47,0,0,T12,NONE,"General conversation, community, and leisure",NONE,False
2,5015,d35cfdf782be24c0825185b4e62a468d25e252efb7bca75709c1f0af5172fe7c,0,0,T06,NONE,"Work, study, and financial/livelihood pressures",NONE,False
2,5021,46b0b7668a885f0b4562f2255aa5090b30ca815bc5b073a1ba1c756841a306fb,1,1,T01,T05,Emotions and feelings,Family and parenting,False
2,5022,3373fbd757512509671f9b094b7cb5f61cd4bb692e8b33172864e916577c18e3,1,1,T11,T02,Self-harm and suicidality,Self-perception and cognitive patterns,False
2,5023,3a71079b52a30d5d9b3a411b84c8389488325dd3e81bff202c3a9dabfd570ea4,0,0,T12,NONE,"General conversation, community, and leisure",NONE,True
2,5056,eaee918e7179509b37a5202d4c1553d83dd866a1fb1bdf50e833d3ea8b268d52,1,1,T11,T02,Self-harm and suicidality,Self-perception and cognitive patterns,False
2,5058,f2a410c8033f034a28c235e945b54deeabd080438565597e23f5dbae16728a1e,1,1,T11,T02,Self-harm and suicidality,Self-perception and cognitive patterns,True
2,5061,3b2a2f7dcddba90c3a56e0d909751e9a1771ad0b99e32fb6b4525e3a10d2850a,1,1,T12,NONE,"General conversation, community, and leisure",NONE,True
2,5067,54438b2cd59d0b946ccd084e6963128be6875d61bc353ff702ed781d9c5216e8,1,1,T11,T03,Self-harm and suicidality,"Motivation, hope/hopelessness, and purpose",False
2,5069,17e5bce4dde80a0e5da70c072d24a7a612f291a6bd6b7944693a42aeb7b9987c,1,1,T09,T05,"Help-seeking, coping, social support, and recovery",Family and parenting,True
2,5079,fd205dbee6e64fa561b2595e27f75388762cf1662a3c10cf7171cb6c6d53b985,1,1,T11,T03,Self-harm and suicidality,"Motivation, hope/hopelessness, and purpose",False
2,5080,95f19119c4419689d75d4d846444901e51dcc1738157196c492fbc77a2cab4bf,0,0,T12,NONE,"General conversation, community, and leisure",NONE,False
2,5082,749f11e0fff92989984ee858f35fa06ae1e830f3ef42b981c099809a9e0600fa,1,1,T01,T05,Emotions and feelings,Family and parenting,False
2,5089,f4bb54e423f402a105c77d418cd90bce29531b71a226f1086ce5ceb76f4df3d8,0,0,T12,NONE,"General conversation, community, and leisure",NONE,False
2,5093,11099dc4fc521280cfdb67aaa46dd8ac0c60dde4964ce31ba2ac56e49b10de1d,1,1,T04,T02,Relationships and social connection,Self-perception and cognitive patterns,False
2,5094,531a1667ccb7b6fad3b916c0054d5ce020672550dbda7a70ff26bc839552437e,1,1,T08,T09,"Treatment, therapy, and medication","Help-seeking, coping, social support, and recovery",False
2,5098,e06c54e6465fa4f724e6ef6d623c50acba0f33d874003fc495e142cba7371d44,1,0,T06,T09,"Work, study, and financial/livelihood pressures","Help-seeking, coping, social support, and recovery",False
2,5100,ea5e652dcc5b13600824f451dc79593c78e33300722b71039c8acdeee8096abf,0,0,T12,NONE,"General conversation, community, and leisure",NONE,False
2,5101,fd0632723c29c3e6b71a905fab77c1a4257847a124e8f8cc9639e9738540c793,1,1,T01,T05,Emotions and feelings,Family and parenting,False
2,5102,341b2501ed23b8000682b7e229f428f37b5c42efbfacc3fbd93f4ab545e665c0,1,1,T06,T01,"Work, study, and financial/livelihood pressures",Emotions and feelings,False
2,5104,9be6fcb9ec5e3e55c70e276cc555b1b7e774862743d2a932a3c3f26cc0d5fc05,1,1,T08,T02,"Treatment, therapy, and medication",Self-perception and cognitive patterns,False
2,5105,63adbd48c8543c1f358b51fefed58987db46ccd3603402c704b490811237a19f,0,0,T12,NONE,"General conversation, community, and leisure",NONE,True
2,5107,11d81db21288b589370751549c1f2f88a6e1726dfc4cb30d665c6c5653089749,0,0,T12,NONE,"General conversation, community, and leisure",NONE,False
2,5112,f9c9acf49d29ada33fdacb2dc0e53f40c539b5f64b922f6fc7fe4734a3275086,1,1,T05,NONE,Family and parenting,NONE,False
2,5124,12f1d2b1707d85cd35f0f3dd3cb15ed605549d596c513553383f2d595d6a78ad,0,0,T12,NONE,"General conversation, community, and leisure",NONE,False
2,5127,564f24ce5d63cf6ca7f7abf72f7a7b62c7872d3915ed886419b8d3ea289c2772,0,0,T12,NONE,"General conversation, community, and leisure",NONE,False
2,5133,063a0ca8d4d7eb4f86be8d53a549dff1b07e4e051e007c583ee8db451c78af9d,1,1,T11,T06,Self-harm and suicidality,"Work, study, and financial/livelihood pressures",False
2,5138,9857683bfbb3dbdb6788b68101d14a7594e1bf93287989c7f6c21ac6d3cade31,0,0,T12,NONE,"General conversation, community, and leisure",NONE,False
2,5153,15db3ee0d25fd62135dfab19cbc58295a33f0d6924e0081b11100257d9d4f93c,0,0,T09,NONE,"Help-seeking, coping, social support, and recovery",NONE,False
2,5155,4239980ccd282402fdcfc7388b56a674f54d24db78bff82c0126f50999315a58,0,0,T05,T01,Family and parenting,Emotions and feelings,False
2,5156,d3d9b06584562f8c7189479bda7f9ac87c0c0991418e3813d12f19b98c45e4e0,0,0,T12,NONE,"General conversation, community, and leisure",NONE,False
2,5157,1086cbaf44fc43f46f6691b86006d6eb0df56843fc5bb6c6fe91a36e2e7c9aa3,1,1,T05,T09,Family and parenting,"Help-seeking, coping, social support, and recovery",False
2,5163,7806746d14359a6d26b78f37a6809d52ed62c461ece0f9f4f73e9366aaa1a42a,1,0,T07,T01,"Daily functioning, sleep, and physical/vegetative state",Emotions and feelings,False
2,5165,e9ed000248490ce5f34f932f3c28dbd45cbfa8a47c6fa54860f94bb2cc3db38e,0,0,T00,NONE,Other/unclear,NONE,True
2,5167,91744ad03af10ca882729e9887cd99f924d6469228db1ac16451e34b5993ad6e,0,0,T04,NONE,Relationships and social connection,NONE,False
2,5171,925df805721515698e0aaa18d7b3284863ea4bca82092533608e4770f0a90d12,1,1,T07,T08,"Daily functioning, sleep, and physical/vegetative state","Treatment, therapy, and medication",False
2,5181,8e4df5b6f3ae3ae03402d144227a4d089af396dcbc513b8642a8df8af978c2fd,1,1,T08,T03,"Treatment, therapy, and medication","Motivation, hope/hopelessness, and purpose",False
2,5185,948138025f8a3d70af68573945dbd6ee0b69bd3bd2e168e57e7d905351ea7796,1,1,T01,T02,Emotions and feelings,Self-perception and cognitive patterns,False
2,5187,fc53c6744947fae1841112d9ccc1b1e8987e0b78b637b01c2aaa4f671627e463,1,1,T11,T02,Self-harm and suicidality,Self-perception and cognitive patterns,True
2,5190,9d6833964ef82e402e4124c517d149eeca4215d4ac6d97991e18fc1635c4dc41,1,1,T08,T01,"Treatment, therapy, and medication",Emotions and feelings,False
2,5191,a8fb8ce6bb79844dacf608963ec07150bfc39e74ea50568f642dfbe6fbf997e5,1,0,T12,NONE,"General conversation, community, and leisure",NONE,False
2,5192,3d7405c0669099e0829721a47140114e3b0ab63be13c544f7b3447117a02e2bf,1,1,T10,T04,Alcohol and substance use,Relationships and social connection,True
2,5197,33e9770416f16dc7e49353dedb9dea1d64f80daf5e55b51688649bbf2785be85,0,0,T12,NONE,"General conversation, community, and leisure",NONE,False
2,5202,8a51a6d95228eca144d51f8af70342b24154e7da02285e92d1a4522d7aed9f51,1,1,T01,T05,Emotions and feelings,Family and parenting,False
2,5205,e18bd0f1bc49b9dc5fc0e7b6a10b79d5abd05a0c065f39528fa1f5b61c1eae00,1,1,T03,T12,"Motivation, hope/hopelessness, and purpose","General conversation, community, and leisure",True
2,5208,05a04be953a5dc9b7710fd5449cf73fba1e3262bf9e5a09916cb02036bf57383,0,0,T12,NONE,"General conversation, community, and leisure",NONE,False
2,5210,1251425c8bba75ff3d31f55eecf2012bcf59db1f398680ae19a79fe8b70d8437,1,1,T11,T05,Self-harm and suicidality,Family and parenting,False
2,5211,0472b660ef3781d3a0ef689aed2dc2bb5d8da7f204fdfd615c4f5e591a6947a8,0,0,T12,NONE,"General conversation, community, and leisure",NONE,False
2,5218,bb4846d1b8ba1d3749d2a18cb665b90a56bec39b1dba3d52faf31b9a54c02158,1,1,T01,T08,Emotions and feelings,"Treatment, therapy, and medication",False
2,5220,09b10b2a427c80086866b147bcb599e792fca7c3bdb37fbc120a0134fe850627,0,0,T12,NONE,"General conversation, community, and leisure",NONE,False
2,5223,0d5d12dc9dc98cfeae2971fc1f1b95fdde16a66489b9a094ad0a4f94762b8c9b,0,0,T00,NONE,Other/unclear,NONE,False
2,5229,38d2b40d17b092e5adcffb545da21f53f9e99ae286d0ab2a5261dc6723b23540,1,1,T11,T03,Self-harm and suicidality,"Motivation, hope/hopelessness, and purpose",False
2,5242,1237455f0f8c7dd7ccd58fbb37b014588cc235ca9348aeda7a46060c436ec69c,0,0,T12,NONE,"General conversation, community, and leisure",NONE,False
2,5243,4d7af532f09f010c746de85f1ceed031972f294b754c874561e2fc0a63cd5da5,0,1,T04,T02,Relationships and social connection,Self-perception and cognitive patterns,False
2,5244,273a5a58be4a0f13f1212150a7fc72b3508cde4bd8d20ce660eba23835163dae,0,0,T04,NONE,Relationships and social connection,NONE,False
2,5248,58c10f3822882b8d1730f8896e0719778cf1186be7fbd5a60666803b396788d9,0,0,T04,NONE,Relationships and social connection,NONE,True
2,5259,5b800d10f2393b5596303ffd850a59a7506ae33f8d493f1ed98199eed8af7ad3,0,0,T12,NONE,"General conversation, community, and leisure",NONE,False
2,5265,c9f7206427adb553e03cddfffe31afca28fe360834ddc6a2594909f2b77af0a0,0,0,T12,NONE,"General conversation, community, and leisure",NONE,False
2,5266,61476c0785b73548c22f35fe94991637c71f5617b0893a36ada79f0597274aeb,0,0,T04,NONE,Relationships and social connection,NONE,False
2,5271,48ed8c83b89ede5a92966fa18d26bd4f981c59670db439d7525cea2eca46ddab,0,0,T12,NONE,"General conversation, community, and leisure",NONE,False
2,5286,f6034abf4b6e332d629921a743cecb68ae6ee6631f74ba4764274a2ab3a9d8c6,1,1,T11,T04,Self-harm and suicidality,Relationships and social connection,False
2,5321,5c85ab09378a74020f37329defd492024b98d9801d10ae777c40305ab8094bc6,1,1,T11,T03,Self-harm and suicidality,"Motivation, hope/hopelessness, and purpose",False
2,5336,6a44c9157edcfb37cea71b8aba69ea16f2bfee1ee85216624b2eac05c4ed8d41,0,0,T12,NONE,"General conversation, community, and leisure",NONE,False
2,5337,b7cd45764c7871c32607b032e31f78a0d01bdd4972b5f5cf435d2f2c5d6388e0,1,1,T02,T05,Self-perception and cognitive patterns,Family and parenting,False
2,5344,716049655a1dd4c91562bfdac616e91c43ac8fd0449023d9018398b4ddb6b6f7,1,1,T03,T07,"Motivation, hope/hopelessness, and purpose","Daily functioning, sleep, and physical/vegetative state",False
2,5346,f06ffdd12e0484c3a4859f2446a730c4165cac51c171aa41f471907572af55fa,1,1,T09,T10,"Help-seeking, coping, social support, and recovery",Alcohol and substance use,False
2,5353,4b3508001af14af659243ebcb295bb95a11d093c353dba717f2d67914b94bd13,1,1,T11,T04,Self-harm and suicidality,Relationships and social connection,False
2,5354,3f34b4f734c8a8f17ade07acc00062b11bc02adbf1cbb16f71252b666bb7cab1,0,0,T04,NONE,Relationships and social connection,NONE,False
2,5355,fb9df373717a894f6ef291ad0ad6e5fa0fff73b04038f71226b269226fe8bf87,1,1,T01,T02,Emotions and feelings,Self-perception and cognitive patterns,False
2,5361,1a706a4180f131fa117218c9c8b275d9dae33cd52dcf21548d8835e6beada1e8,1,0,T08,T09,"Treatment, therapy, and medication","Help-seeking, coping, social support, and recovery",False
2,5373,f62e49527241da4ce0c85ca50c2f40ee31ddda8e9163024bfb5d0aa18c559a2c,1,1,T12,T01,"General conversation, community, and leisure",Emotions and feelings,False
2,5374,4afd140ceef6c5119d3768647ef39c7dddc2e337b238b4db91ffc6bf6463c4c5,0,0,T12,NONE,"General conversation, community, and leisure",NONE,False
2,5375,6b4fb985175b32f544194a366546d6e4a7adc333541ce572cdffa4ffa4968fe9,0,0,T06,NONE,"Work, study, and financial/livelihood pressures",NONE,False
2,5377,bc012d35cb68e68b9e648ba9dd4411379991416f7fa538fa571f2212d79b79ff,1,1,T05,T01,Family and parenting,Emotions and feelings,False
2,5380,cf86a05e2fa6f6e219b761d5f71f5dd9aa9d733098457d177075885db0a24b91,0,0,T05,NONE,Family and parenting,NONE,True
2,5381,6978c2ff8fb5fe77f8921b16e48a154c66607ca2359c26df8de4903aa5f4a731,0,0,T06,NONE,"Work, study, and financial/livelihood pressures",NONE,False
2,5384,c9b14c29683559e24833b8455f8265cff24ab15479ea92752f178898ff0432e2,1,1,T08,T01,"Treatment, therapy, and medication",Emotions and feelings,False
2,5398,76367a73cc0f8f635d57b7a0baa88b32ea6aea811f0955fd902f204bc5c7c3ca,1,1,T07,T01,"Daily functioning, sleep, and physical/vegetative state",Emotions and feelings,False
2,5399,8c644da67a0d371c17f462401b83d1ba8d690209a08c42451fceb6b0e19dd0d5,0,0,T12,NONE,"General conversation, community, and leisure",NONE,False
2,5404,4db849afa743f8b30cca7f1f3453b467c21922b8b5c9e4743e92e8b82f9edba0,1,1,T08,T05,"Treatment, therapy, and medication",Family and parenting,True
2,5405,1b64435d966db838cf2c455c675bfd88a5f55b5e19acc23a2650d4a117469b25,1,1,T07,T01,"Daily functioning, sleep, and physical/vegetative state",Emotions and feelings,False
2,5409,9dc12603599f7fec5e1058c947b89d05be3eef37000722e1731e4acc968158b8,1,1,T06,T01,"Work, study, and financial/livelihood pressures",Emotions and feelings,False
2,5416,581d2e6852cbb4911959624fbfdd5da254b88d5d4f8becd632228ba07cdab295,1,1,T07,T09,"Daily functioning, sleep, and physical/vegetative state","Help-seeking, coping, social support, and recovery",False
2,5421,ffdefcf93822690b32d3d5ed5b9928bca96455dcabc89a66a7e13aa255e043fc,1,0,T09,T04,"Help-seeking, coping, social support, and recovery",Relationships and social connection,False
2,5422,f0d5d515b66d8d6823c275e4e47a5b4093492be84f566ff38c4b938c2ce48c86,1,1,T11,T09,Self-harm and suicidality,"Help-seeking, coping, social support, and recovery",False
2,5426,5d471a302131f197c544c76e746c6437f7e2e7831f4bba6527d61a050b97e454,0,0,T12,NONE,"General conversation, community, and leisure",NONE,False
2,5431,43208dd9e366f1c2e4ff8dade89a30cb5134108e3fe429a825a6e20c07ff806b,0,0,T12,NONE,"General conversation, community, and leisure",NONE,False
2,5434,b074e3f9eb788fdb53ef900761b74f237323fd16f49a3fe1cdbb112756375aad,1,1,T01,T03,Emotions and feelings,"Motivation, hope/hopelessness, and purpose",False
2,5445,173264f2706534c297a80c6c4a6beb9e3de8bee8afa1aae0a5cec5ce276ae469,1,1,T07,T11,"Daily functioning, sleep, and physical/vegetative state",Self-harm and suicidality,False
2,5449,ddf67e1a53e8a25441f5f52f8006210791c1c2384467444be794fedadd8488ad,1,1,T11,T02,Self-harm and suicidality,Self-perception and cognitive patterns,False
2,5452,d4eb62e09f12adad2df504a56d57a0828567ec6650ac704cedd6e3db7939e6a9,1,0,T01,T09,Emotions and feelings,"Help-seeking, coping, social support, and recovery",False
2,5454,ae5d5e48822165e776550f1a985b1620531e9ca24363579fed8d116254b674ca,1,0,T12,NONE,"General conversation, community, and leisure",NONE,False
2,5458,02fa88776080b9e916af9402503088f8b950485a2883ccb3d7d044fe64cc680b,0,0,T12,NONE,"General conversation, community, and leisure",NONE,True
2,5473,599a88d97b903c138c219037173cd1e849024bde836b524ae7381ba9ecc648e7,1,1,T11,NONE,Self-harm and suicidality,NONE,False
2,5475,5cd58d880c56174bb3f849047cb2254814327a646ae612221e5770b6c17376cf,0,0,T04,NONE,Relationships and social connection,NONE,True
2,5489,76f7f8280dec7a58e557fe665155215d691885938635ca8e680e46f1ea261e80,1,1,T01,T08,Emotions and feelings,"Treatment, therapy, and medication",False
2,5498,60ac1423b9ac59ed6cfab72032f90353f4cb27f234e9187bbcf2f3cd53cd8a34,1,1,T06,T07,"Work, study, and financial/livelihood pressures","Daily functioning, sleep, and physical/vegetative state",True
2,5506,68b4c489f1f3f2bb676cef83a3020daa44f12c23e8e517b9b7a127950b30736f,1,1,T02,T01,Self-perception and cognitive patterns,Emotions and feelings,False
2,5507,2d5a1524e270045d32b2d87e9f558092a8032d6055dc945b9c1a15a0e62e8522,0,0,T03,NONE,"Motivation, hope/hopelessness, and purpose",NONE,False
2,5509,aeb3e3a207ff44929c656702e3942ef573624ef56c7869c7515bb06facda9ee5,1,1,T11,T01,Self-harm and suicidality,Emotions and feelings,False
2,5516,b5b5c633adfca964c89da510f845e3cf11ff41268f25e021e6995bd6ab7fa651,1,1,T01,T02,Emotions and feelings,Self-perception and cognitive patterns,False
2,5517,242c5c2212c3157a8e44a1ef928070b48953d17ab1135840b087c1dd322c64dd,1,1,T06,T01,"Work, study, and financial/livelihood pressures",Emotions and feelings,False
2,5521,7ee708c4d5c96efda4018e4e4e7b2571ae3cec0bc9131e91979987df2315a087,0,0,T00,NONE,Other/unclear,NONE,False
2,5522,3bd92d2c44eae87861fa55590e3c241222ed7d953c52ed21c5c66d948d47351f,1,1,T01,T12,Emotions and feelings,"General conversation, community, and leisure",False
2,5525,c35d2dc093a765ad8334043896dc65da7cfab78374339b5378e8a6a8b10ecda6,0,0,T12,NONE,"General conversation, community, and leisure",NONE,False
2,5543,268b33b942dd0648e171b18f177ff8769b6f21a4b4cf0b7d8113314851a070b5,0,0,T12,NONE,"General conversation, community, and leisure",NONE,False
2,5547,3c0199451eb2d0096c8cb3dac3a68ea3392a4de73efb44763ca069b765d3343a,0,0,T12,NONE,"General conversation, community, and leisure",NONE,False
2,5550,8df5f11a6473600e01f1e17cb63ddae0d576b31bd1f52bfe45f90a860a3b07f9,0,0,T04,T01,Relationships and social connection,Emotions and feelings,False
2,5554,253f267a5f6a02105c580e7631181d8f68d424be436120bc2ac64eb1eeeb1245,1,1,T11,T10,Self-harm and suicidality,Alcohol and substance use,True
2,5560,fd237d8705ef226c947076ebe96e726da1be8755395d6b9a6359868c977c253c,0,0,T12,NONE,"General conversation, community, and leisure",NONE,False
2,5568,85a7331e2f038de70bd8481f30d2bc5bd8327f2ceae1f6546e94ce1059cd080e,0,0,T01,NONE,Emotions and feelings,NONE,False
2,5570,5bcbb4d9a223e028f032265f4490018e91d1e90de8f8d6c48fe5fc597dd1ad74,0,0,T12,NONE,"General conversation, community, and leisure",NONE,False
2,5579,b0a66ba42cb8b5353eed953bbb85677b07877ebf676855dc0985600a1cab1557,0,0,T04,NONE,Relationships and social connection,NONE,False
2,5584,f913e9a150c35a548791de8f3285b8af49cb73b1a0f82432e97ce768d4c0f567,1,1,T11,T04,Self-harm and suicidality,Relationships and social connection,False
2,5587,78750c864012e2abd63f941540a6506a32ff8867115869e8bea696d096e15a3b,1,1,T08,T10,"Treatment, therapy, and medication",Alcohol and substance use,False
2,5599,777234e6c7dd7c6ecc1b070789373b6b16eafc445a54420920f509b8b0fec427,1,1,T07,T03,"Daily functioning, sleep, and physical/vegetative state","Motivation, hope/hopelessness, and purpose",False
2,5602,085948a04cb6d531153e38e36d49ffb0ec21f2be4ba4326c40fa30112b8487e8,1,1,T11,T02,Self-harm and suicidality,Self-perception and cognitive patterns,False
2,5615,1534bd6913c596ebb50afe77452c5f9d6523778c4d2339cf556312ea06b25ca5,1,1,T05,T01,Family and parenting,Emotions and feelings,False
2,5616,e12b432b186c039587a6a25c3d8725389e7be60b0729ecff9a9533de3311f784,1,1,T11,T03,Self-harm and suicidality,"Motivation, hope/hopelessness, and purpose",False
2,5618,ee87c3769f153b5f3e69a5d8d2b7c354ea870ad82c0bdde842e427eed70410ad,1,1,T01,T03,Emotions and feelings,"Motivation, hope/hopelessness, and purpose",False
2,5634,3f9525230c214f887ba209e22bb1e29d70d58e6f0b67d38869b5cec1bdd610ce,0,0,T12,NONE,"General conversation, community, and leisure",NONE,False
2,5636,a130c381a98abbbf36bed35f1298f3d7b7c2160159b6958ab75c2ae9735952c8,1,1,T05,T02,Family and parenting,Self-perception and cognitive patterns,False
2,5637,ddbbbd90c1ec70875187a8d0eb97f15852376e88e19e97322944b43f93319b80,0,0,T00,NONE,Other/unclear,NONE,False
2,5641,6975e57d97195a3510025622631419c7449233ae31195709e701622762734361,0,0,T07,T08,"Daily functioning, sleep, and physical/vegetative state","Treatment, therapy, and medication",False
2,5644,2465c955bae047122bac0b5eb4063fa3f2bf7e66af8c43e6c739b4a3ec921635,1,1,T04,T01,Relationships and social connection,Emotions and feelings,False
2,5645,a4409d2cddd62aca30a17b810f03e2309d20aab22284a0b80a539102b601fd94,0,0,T12,NONE,"General conversation, community, and leisure",NONE,False
2,5646,f1a8c82031097d4561c9cf8462d8fccbc9697c936b2d610a9bb5588a654da3ac,1,0,T01,T12,Emotions and feelings,"General conversation, community, and leisure",False
2,5648,3e6a1cbce18a21965f8fb2236dccc505f92156b53ab5b4b54b66f00836e03e9c,0,0,T12,NONE,"General conversation, community, and leisure",NONE,False
2,5651,908296cf6a14da5863ef921d4183681ba235bdbd032bfbd0ed5a8e48160a56a2,1,1,T11,T06,Self-harm and suicidality,"Work, study, and financial/livelihood pressures",False
2,5652,2f59d2546ba3f747a42835389f8db09ba6b92727cd13fe96e9d5e033843af731,1,1,T05,T08,Family and parenting,"Treatment, therapy, and medication",False
2,5655,c2ddc2e4746764ad9a174dffc3a416ece82a402693257e9c776caeba57316933,0,0,T01,NONE,Emotions and feelings,NONE,False
2,5656,d19a7ac637f8b87844e910f7b2541b6390b45880d50f2b03eccc4408224f0ba2,0,0,T05,NONE,Family and parenting,NONE,False
2,5659,26464d90646150666df76c3ebbced2ac430fea6063ca9b9cde999f15e36c98c9,1,1,T11,T08,Self-harm and suicidality,"Treatment, therapy, and medication",False
2,5661,f7818f9d02920d9faad160bdef38a04c51e0970afc4e335ef1d8f4dec020e728,1,1,T11,T08,Self-harm and suicidality,"Treatment, therapy, and medication",False
2,5668,ae3d5d3e9157bccf201d886aba7f2cadaec12b81ee6f063962e06c1bce9936c1,0,0,T12,NONE,"General conversation, community, and leisure",NONE,False
2,5669,2edfa4821971fffa95482c46a7c37eb94f2c402a0d489b00033871aaac6a5b2d,1,1,T11,T04,Self-harm and suicidality,Relationships and social connection,False
2,5673,7645b2967dc91e97db75802b0874dce409ffeb637ba544c87627e5fdf55615a8,0,0,T02,NONE,Self-perception and cognitive patterns,NONE,False
2,5692,98c60eceb59a606de62719fed524a0db8862dc5ba5862a3affa8374d1c1baf0e,1,1,T09,T02,"Help-seeking, coping, social support, and recovery",Self-perception and cognitive patterns,False
2,5710,3e6f64eaf3abf6cf4e900d64cd9c923efbb0e35e7e70d8edde7172e7d5d9cdd3,1,1,T02,T11,Self-perception and cognitive patterns,Self-harm and suicidality,False
2,5714,c43555868fde82f96d5df8a150cbf571915ecfde481aaa744d59bfca5a8e0227,0,0,T12,NONE,"General conversation, community, and leisure",NONE,False
2,5718,59b62c34ea0a03124ca8eba053d1f2061de2c2ed4403fd53fafb0c6a172ff690,1,1,T08,T09,"Treatment, therapy, and medication","Help-seeking, coping, social support, and recovery",True
2,5723,54427c14f30954582d36d124b49bd7e76dfbbade60af692be5377501ed2ac146,1,1,T11,T03,Self-harm and suicidality,"Motivation, hope/hopelessness, and purpose",True
2,5725,7ddc248851151f79743627ce57252e9f805cd5145950a9c37c29b9ca2c68944c,0,0,T00,NONE,Other/unclear,NONE,False
2,5726,87fb14fab236c2dae2d8c4a66fc3454407a49e43b04da9fc6ab98f8b323c7e65,0,1,T11,NONE,Self-harm and suicidality,NONE,False
2,5730,0607074fd42340e1501ceb21a19c9be9bb78040b87e2fca08860ea140af7a8c1,0,0,T12,NONE,"General conversation, community, and leisure",NONE,False
2,5739,83fe0202762d09c6744f12291f78ff866d3f194a811e6037ae95e51b9d2ff3d5,0,0,T01,NONE,Emotions and feelings,NONE,False
2,5744,257146e6fe89b751f5668378d68e4e2005da5a9198fe1c5dd7ad244b5df3c016,1,1,T01,T07,Emotions and feelings,"Daily functioning, sleep, and physical/vegetative state",True
2,5745,9609259dc6705f8bcdec9513f276df72f99f3bcc1a8f358c210ca8428875fe71,0,0,T05,NONE,Family and parenting,NONE,False
2,5749,4892eb7791c04c90dbf90c4a9247a72ae26095622a086c826924aab7c3242a1f,1,0,T08,T06,"Treatment, therapy, and medication","Work, study, and financial/livelihood pressures",False
2,5753,94850081b991a5229b006dc42fca802ac0589687a0d51c1a82b32b6f8b799fae,0,0,T00,NONE,Other/unclear,NONE,False
2,5756,24697b22146ea483121cbd0ccadc0443bf73f6c30293bac7a392acd3587cf536,1,1,T03,T01,"Motivation, hope/hopelessness, and purpose",Emotions and feelings,False
2,5767,d07bed20d0893b3b00a58851873d39d8fb1ae063bb2198d21a9ac09a9b2ec88f,0,0,T12,NONE,"General conversation, community, and leisure",NONE,False
2,5768,b3315b9df41970745bb7232417fc82e80c0f5fef21da57c4c931116a786fe5d6,0,0,T06,NONE,"Work, study, and financial/livelihood pressures",NONE,False
2,5769,1d1c3e3af3e7621dc04a98ba43178831064fe6ca1a3b0abcca205a22d3d37329,1,1,T05,T01,Family and parenting,Emotions and feelings,False
2,5771,3440c6801f30b429d507490fc6b08fb6c7014edeb0d5a6f9440386d8847425ab,0,0,T04,NONE,Relationships and social connection,NONE,False
2,5774,eeb6cd0517a7b81a0d536d682c5ab278683cd0f08c8fe575922dbd7dfa1e1741,1,1,T10,T09,Alcohol and substance use,"Help-seeking, coping, social support, and recovery",True
2,5785,98c03f2a0b5780078a7aeb1e2e80e2520c69163ca61e710d3f385eec116196a6,0,0,T12,NONE,"General conversation, community, and leisure",NONE,True
2,5790,1639d33b6c2a6511af8dd1ea38578215f83e68f82542978cbac79387f9950312,0,0,T12,NONE,"General conversation, community, and leisure",NONE,False
2,5791,e28b1276f589e949b54c68620abd3be31ad1612b34524418f454923b9fdf1563,0,0,T06,NONE,"Work, study, and financial/livelihood pressures",NONE,False
2,5794,a53cc570a2f8de7c3f6159e815651b93ec9407d162802a1b5af5690f63f8e522,0,0,T12,NONE,"General conversation, community, and leisure",NONE,False
2,5795,00e3dc7a7721e2b09592603cb46e1406d41097dade64c298f58716ef3b8c174c,1,0,T01,T09,Emotions and feelings,"Help-seeking, coping, social support, and recovery",False
2,5798,1444595e09c0c7f77a9323a270032f71ff07dc86456d703806773e7c142aef7a,1,1,T03,T01,"Motivation, hope/hopelessness, and purpose",Emotions and feelings,False
2,5800,b1e60aea76535688b3223c1e23b240d7f3de37507f02cea93fe2099ec044fa0d,1,1,T06,T02,"Work, study, and financial/livelihood pressures",Self-perception and cognitive patterns,False
2,5802,82ea8f95ae393e73cd77ee11388c391ab400305d566933e163309d3dae6eb303,0,0,T05,NONE,Family and parenting,NONE,False
2,5805,69053a29431da4014a75905ecce57501f6ddb096ffac635d636a49ca2f1488f7,0,0,T12,NONE,"General conversation, community, and leisure",NONE,False
2,5815,b9abcaa1cc07b2052131acb8a3aaabfd9aa3166f2956b41b0f2945fd23829422,1,1,T08,T09,"Treatment, therapy, and medication","Help-seeking, coping, social support, and recovery",False
2,5820,fdf682f91fbf0a35f72d0e9e22cb05e2d1f491a6c80fcab95b5d3e0bf1bd6702,0,0,T12,NONE,"General conversation, community, and leisure",NONE,False
2,5823,af70884f81bf095b5f4ef16d942e03a1ffd2b94d4bd6847d28848b82a7135dd0,1,1,T06,T01,"Work, study, and financial/livelihood pressures",Emotions and feelings,False
2,5843,81829ecb6ba35cfcc343a1b7220afe99bcd39728e405eff7c37a8445f88a03d6,0,0,T12,NONE,"General conversation, community, and leisure",NONE,False
2,5846,4583ba0da394684af97fa4370f10755aea71ee788d02ab9a3cf6a4ba9cd5965f,1,1,T11,T08,Self-harm and suicidality,"Treatment, therapy, and medication",False
2,5848,5ce04aa6202fbc52cc183568aa66d345c57ca6428f096243a42f10e9b53a4158,1,1,T03,T04,"Motivation, hope/hopelessness, and purpose",Relationships and social connection,False
2,5854,1aa51ab5f5845b21d73448c95af4050686eeb41ced0c36800bc4b10257d3f96f,0,0,T01,NONE,Emotions and feelings,NONE,False
2,5856,8bce62f466fa60a60ef3b1e24d81ad0a5eaa64aa66739b42d41f7a8d4fd7c87a,0,0,T04,NONE,Relationships and social connection,NONE,False
2,5863,e692a731a23c471b897c08a57a3066eeba8e5f25be995ccec2b9ee4da2096194,0,0,T12,NONE,"General conversation, community, and leisure",NONE,False
2,5873,9e8df9944ef18a36609bb4cb99639275f68a805d3f5ecba0f1ba1a128738d3e4,0,0,T00,NONE,Other/unclear,NONE,False
2,5874,ac748ad9a03ac6163c5d53c775a7224194cd4579906a2d2e5232acaa0cb8f822,0,0,T12,NONE,"General conversation, community, and leisure",NONE,False
2,5879,00e405cfbe8b8c74911445cc8b61ea0ada0447f6b05604deed87fc0d92a36bea,1,1,T11,T02,Self-harm and suicidality,Self-perception and cognitive patterns,False
2,5880,40eea05de3c3b5af11241f05715c85b7d35e656a033db796b2a8e7665ebc1382,0,0,T12,NONE,"General conversation, community, and leisure",NONE,False
2,5888,a0afba56a5f821a9a0da7b25ee29115d5e0ed59d6865a5611335ea6cb25c1ca3,1,1,T01,T02,Emotions and feelings,Self-perception and cognitive patterns,False
2,5903,54ef6fc7d2b11502bb2f52dcc9fa2687160e633a144a530d0f088030da3b8d5b,0,0,T12,NONE,"General conversation, community, and leisure",NONE,False
2,5912,0bc05fa524a00836ae4d0d91b973db4cb12cee1807f03125f15c823041f78c93,0,0,T06,NONE,"Work, study, and financial/livelihood pressures",NONE,False
2,5913,012f193dc8e13c292624d77b38d5dd190bc0245431de1a1a182eb920b38e1edb,0,0,T00,NONE,Other/unclear,NONE,False
2,5922,06a3951d674b019387bc3cc4f34214bcd00c4bea0c1d5880aa95cdf1b8aaefcb,0,0,T12,NONE,"General conversation, community, and leisure",NONE,False
2,5933,2f659a18f1e5fd7144175636ae2fc156d2af74cb9558ddc7d3f9d1438ba9ad92,0,0,T12,NONE,"General conversation, community, and leisure",NONE,False
2,5948,6a25ff35f81abd1bf53c8222edfe439b6f69505560551a7de1421344be190025,0,0,T12,NONE,"General conversation, community, and leisure",NONE,False
2,5955,544075b682a5aa49739598b36eec50e259bac57c8462cb7884522c9e799b0ae5,1,1,T11,T03,Self-harm and suicidality,"Motivation, hope/hopelessness, and purpose",False
2,5956,83ec86b54f5013bf4e71677d63c4150e7daf9c4aa647f7c3109b2d2892c6b11d,1,1,T11,T02,Self-harm and suicidality,Self-perception and cognitive patterns,False
2,5957,e2dce6509a8aefe04470128a2aeeecd8471bd0b045ec81707aa12ff35c83a4a9,1,0,T12,T06,"General conversation, community, and leisure","Work, study, and financial/livelihood pressures",True
2,5968,c1a9d70229c0c1913b27454b58d3facd33ab6f60a40bd31312a44c41216b5d4a,1,1,T06,T01,"Work, study, and financial/livelihood pressures",Emotions and feelings,False
2,5969,e2edb1bb326578ac6df93247a2537081fb763653635e4c7f796389449959ced4,0,0,T01,NONE,Emotions and feelings,NONE,False
2,5971,cc5ecc8f1fc2a1f5e9a4029e78c9145f366de6872bdae44fd130d29a2734a45e,1,1,T01,NONE,Emotions and feelings,NONE,False
2,5973,53579727d2cfdb7f8572cc39f5a3a363331fec5512cefa6805fe92f7dd0d73da,1,1,T08,T01,"Treatment, therapy, and medication",Emotions and feelings,False
2,5979,e09e1d6187ccbddc44619f66f9a558149bd1523348540896047da1fcba53c31d,0,0,T12,NONE,"General conversation, community, and leisure",NONE,False
2,5984,9684b9ab196cf37244905128d8c07e330ce973e5b91ba4b817be6c7f3ec247c2,0,0,T12,NONE,"General conversation, community, and leisure",NONE,True
2,5989,839d25f67373966ea55dcc52d487642b4d84c6e1c6d6ed0d17608a3856be1f72,0,0,T12,NONE,"General conversation, community, and leisure",NONE,False
2,5991,717b80473efbb7f2ad03148d1f50aab3f84d1ccc09644a828fb5b83d76355770,1,1,T11,T03,Self-harm and suicidality,"Motivation, hope/hopelessness, and purpose",False
2,5993,8978a3401ff96c55ba001a7eb6ceddea21a4df2196b2af7fce54f273b151a6f2,0,0,T12,NONE,"General conversation, community, and leisure",NONE,False
2,5996,3ba26e7e785dec90509fe61d4aee4efefaf492b79035de4c0371671369c18d93,0,0,T00,NONE,Other/unclear,NONE,False
2,6002,022f53af50f4f03a0d3f88cd3b48db756061f59d955ce0fb001480282731b09c,0,0,T06,T02,"Work, study, and financial/livelihood pressures",Self-perception and cognitive patterns,False
2,6007,4c59c61f263e83abc7f5e1b79dc5a308ab3c8d19e3085b0c73bcbeadae334bce,1,1,T04,T01,Relationships and social connection,Emotions and feelings,False
2,6011,268c2faf05479f32c69a9a0c7be5ace844918ece4b69929bc876dc59086283e2,1,1,T08,T07,"Treatment, therapy, and medication","Daily functioning, sleep, and physical/vegetative state",False
2,6014,b7131192f27cb8e7da9bbc9461477e5371e2a28e081d7e48bbf1ee03bfd54c73,1,1,T06,NONE,"Work, study, and financial/livelihood pressures",NONE,True
2,6016,7bf8f907c3c1c22d3dd0fc41ece24c98196a9cc2c0e89d06c29ce9e48a144e2a,0,0,T12,NONE,"General conversation, community, and leisure",NONE,False
2,6017,bed3c06623776c922c8293e9c128fc895f0ec47a949e5ae4ee81915444091f5a,0,0,T12,NONE,"General conversation, community, and leisure",NONE,False
2,6019,e85ba218555e5688ff1e4076582279576eedd31cf6fc948a3a71151a71221cdb,1,1,T01,T02,Emotions and feelings,Self-perception and cognitive patterns,False
2,6024,394483a53fe49f297e9793e7f2988f347f096600485a55891b092027114cbee1,1,1,T11,T02,Self-harm and suicidality,Self-perception and cognitive patterns,False
2,6026,7e0aec3e5d60928d6f490218e911d3710db8417d303467b5afb0d4403f553519,1,1,T01,NONE,Emotions and feelings,NONE,False
2,6030,3db08452404baf4004abe56ffeadc92b9073e1360170b0be58ed104d7454edc3,0,0,T05,NONE,Family and parenting,NONE,False
2,6031,438784df102b5ee357e47ef8b821a69e5d896870bbc059ed1b2c9cb005f3fa34,0,0,T12,NONE,"General conversation, community, and leisure",NONE,False
2,6046,022c411611674c8eba302f277e068923fec41be74ac292ac30571f6203f07d05,0,0,T12,NONE,"General conversation, community, and leisure",NONE,False
2,6050,e499e1fb6d7b09618c53b30ca4715175b2af87bea90d94cd2deb9e8e5c885c17,1,1,T08,T09,"Treatment, therapy, and medication","Help-seeking, coping, social support, and recovery",False
2,6058,ff9ccbc132d933a9fc877d2bdd607ecd13fc3a6db844b94db36e49cce12b9272,1,1,T11,T02,Self-harm and suicidality,Self-perception and cognitive patterns,True
2,6059,ff1a872579215e55a51a2d02eb22721c86346717f495d40b06179c30762cf395,1,1,T11,T04,Self-harm and suicidality,Relationships and social connection,False
2,6061,7c5a1ba89e722da23d3d6faf037bbcd9beaa233f92ea14df7c42562f92c8ae8a,1,1,T11,T02,Self-harm and suicidality,Self-perception and cognitive patterns,False
2,6064,806a241fd9e385cb2856357888e7cbb49f420ca7b02b9b7ef75a7965f0a93f04,0,0,T12,NONE,"General conversation, community, and leisure",NONE,False
2,6065,61d4047933676693b5f8a7844e0cff49cecbc10470f54d770f3110bb099048dc,0,0,T12,NONE,"General conversation, community, and leisure",NONE,False
2,6076,c96a153089a112ba1a0f4af1ad591a5898f919b409f6260c60fca63796291d6d,0,0,T12,NONE,"General conversation, community, and leisure",NONE,True
2,6082,4780caa6387d20633413f2cfa2f148770a41d27175c5c5806bb82b0d1c578da7,1,1,T01,T02,Emotions and feelings,Self-perception and cognitive patterns,False
2,6086,960976815c252c9aca90a0a7656c869e1aae8575caca30711dba2e18913c3df4,1,0,T06,NONE,"Work, study, and financial/livelihood pressures",NONE,True
2,6091,4153065a1197bd7ac659d775563098f7ef4084e5c8d62027c5ba310a5db3bae7,0,0,T12,NONE,"General conversation, community, and leisure",NONE,True
2,6095,3c192c6000be0a72856a0e1e7d6cd42bb80e2930cf16d9603d4f592b0b694e81,0,1,T05,T02,Family and parenting,Self-perception and cognitive patterns,False
2,6105,067a8d0a1931c6d5fe731c16277cb7774e064deb136063f4d24252a7c97c2965,1,1,T01,NONE,Emotions and feelings,NONE,False
2,6108,8b3fa0c37c21e10ff5bbe1d9e14063e14e763d09062269a71dc87b865529469e,0,0,T12,NONE,"General conversation, community, and leisure",NONE,False
2,6126,5b922602e9f381655e47e9f7486926d46c4b6b38135cafe88fa778bb922931ee,1,1,T11,T05,Self-harm and suicidality,Family and parenting,False
2,6134,50776660f8d15cc7ef30209b35016843e9605374d55a94203f71e5e2079af665,1,1,T05,T01,Family and parenting,Emotions and feelings,False
2,6135,567ad8756cd4345a4c69f05c821502abc1de5361e5a3bb8c3c3df03705c01d16,0,0,T12,NONE,"General conversation, community, and leisure",NONE,True
2,6136,283018138d898187126f6a9b66d5fc22c46f1fbacb75a330a3eda04ada203b52,1,1,T09,T08,"Help-seeking, coping, social support, and recovery","Treatment, therapy, and medication",True
2,6137,3efb0f05778d350947215b7967cec7c49ca34b59564e0cadd87939301866d429,1,1,T03,T06,"Motivation, hope/hopelessness, and purpose","Work, study, and financial/livelihood pressures",False
2,6141,674070beba9c65cb3cd3fcd88141b5dc72dffc91af3e3e36b48ad7f68536a9fa,1,0,T07,T01,"Daily functioning, sleep, and physical/vegetative state",Emotions and feelings,False
2,6143,d8ac6261120672fb3bec34fee590fec81ed03a99b8b66e7899e67b9295a85481,0,0,T12,NONE,"General conversation, community, and leisure",NONE,False
2,6144,a66ed326fac4b72d7ea9f7baf4216a2a93ec9af20beb52610c202728352749ee,0,0,T04,T06,Relationships and social connection,"Work, study, and financial/livelihood pressures",True
2,6148,9c53858fb407b6266cc6d45be79c0b9978e0a8e46ee70ba81138cc389a87a1d1,0,0,T12,NONE,"General conversation, community, and leisure",NONE,False
2,6149,7f442d1555a543448e4156dfc7bdee20148e4b81361a4a2dd3f563ad4b6d516c,1,1,T01,T08,Emotions and feelings,"Treatment, therapy, and medication",True
2,6153,c547c56f748d4fb8c64ce1664b98cfd64ff0b3749443a818533aee45c98fb288,0,0,T04,NONE,Relationships and social connection,NONE,False
2,6156,b22f97595752d44cb30dadb5fa321b590d162fdd74cf0de45cc54553deef435b,0,0,T06,NONE,"Work, study, and financial/livelihood pressures",NONE,False
2,6157,def3367ccb8b232de07ebc2ef8ed072e0deaee1a1967b4683410566cf81fafea,1,1,T01,T08,Emotions and feelings,"Treatment, therapy, and medication",False
2,6170,03a575f920ddd1ec46b4ffc51f4ead67289e2369ec4105feef2c4dd414bd7b7b,0,0,T12,NONE,"General conversation, community, and leisure",NONE,False
2,6171,fbd4b35e51be1797f56c2b798aa2a8cec50249c2d0776a1fcf051d8f1f6bc326,1,1,T04,T01,Relationships and social connection,Emotions and feelings,False
2,6190,1d22d706ab0a69508fab247d595cab767386fee63bd1a43a35d01dd5c94da510,1,1,T01,T07,Emotions and feelings,"Daily functioning, sleep, and physical/vegetative state",False
2,6195,3f56fc751cc1a12a56a23a6a39b2b5d0364ed90be9449dfb89e2c9db92943893,0,0,T00,NONE,Other/unclear,NONE,False
2,6198,3300db4302ef6744e1eb741bd02ed340e433f4d6cc0003ef837759b37df12692,1,1,T11,T04,Self-harm and suicidality,Relationships and social connection,False
2,6204,5eb222fe749e47f45a788c99ac20c8a2486d1f63f5b1f636e855f64a89be5999,0,0,T12,NONE,"General conversation, community, and leisure",NONE,False
2,6205,479a006ece16e8890a19edc5fcfb11b13a6cc588b42ed821e11aedad589296f2,0,0,T12,NONE,"General conversation, community, and leisure",NONE,False
2,6207,6c89f02efb78e0cbfcfd177cd8be91596ea9664c5086bc077933b94c80d3b6e2,0,0,T12,NONE,"General conversation, community, and leisure",NONE,False
2,6214,91e1270d8dfe747e2efac3d027b66d8bc4d9e1e79509dc6d5c4fc383961d1965,0,0,T00,NONE,Other/unclear,NONE,False
2,6217,ecc11bf53fe46dc3771a2fa5b01a30838c90c0b20cc6b298f25caa0d87e7775c,1,1,T11,T02,Self-harm and suicidality,Self-perception and cognitive patterns,False
2,6218,95306cb5d15f698bbb085b67f52dc0072d3339dc430927283a9e867da5a18ab9,1,1,T04,T01,Relationships and social connection,Emotions and feelings,False
2,6221,27ac754b858b652e5731c299c6df5b0bf99ba33455bc598c1830c46229a7e66b,0,0,T12,NONE,"General conversation, community, and leisure",NONE,True
2,6225,170c22ad7fa855035a5ede6dc1f95b01d0a2c576cdf15a477d91ba6f36fa20f5,1,1,T09,T01,"Help-seeking, coping, social support, and recovery",Emotions and feelings,False
2,6226,f3c1f0803dc44fb0854e8dd1b4c33057d721f074d7493ef0172359353c128bd8,1,1,T11,T09,Self-harm and suicidality,"Help-seeking, coping, social support, and recovery",False
2,6232,862e9d73f98eaa6fbaff92dcf902bc12fd8f04d740fe29eee20f3a4ec3fb8599,1,1,T01,T04,Emotions and feelings,Relationships and social connection,False
2,6235,ef1cbd6a93cc3c2426b0ce1e449164b1aab1bb1d8945d7be46d981026ac20469,1,1,T07,T01,"Daily functioning, sleep, and physical/vegetative state",Emotions and feelings,False
2,6240,fef3cf58adc05c799369e6af8e2cc30b40a4803c82a6b7060f09115efd890909,1,1,T04,T03,Relationships and social connection,"Motivation, hope/hopelessness, and purpose",False
2,6243,ab4705608531697074c998e5c175419f3351bcf482dbef19ce5b40613df8327f,1,1,T04,T09,Relationships and social connection,"Help-seeking, coping, social support, and recovery",False
2,6249,c768d6a02a414878b484799a4f5df0c77304ebf0428a6fe1af01c54134cb6517,1,1,T11,T02,Self-harm and suicidality,Self-perception and cognitive patterns,False
2,6251,b3c7ed92d06e139d491c755efa1b63fe3a38bd5775c0fb8c3ecbcc545127d842,1,0,T07,NONE,"Daily functioning, sleep, and physical/vegetative state",NONE,False
2,6253,aea36ada6c1cdc238a19b94817700ff7b2db4c137b7d341f3019ad38a7acd155,1,1,T11,T09,Self-harm and suicidality,"Help-seeking, coping, social support, and recovery",False
2,6255,800f81a535db7cde32a5a40d446d09259ce50ade0ce0159d44a088519b57da6d,0,0,T12,NONE,"General conversation, community, and leisure",NONE,False
2,6259,4c45a49c1547b74495958226cedb4bc8f08971fb796afe4b20fd5b826cb1319b,0,0,T12,NONE,"General conversation, community, and leisure",NONE,False
2,6260,fd05c0d1e50b9b6731ab71fb43d1e1a09749f8248293cebce4572da3fda75324,0,0,T12,NONE,"General conversation, community, and leisure",NONE,False
2,6262,97bb97ee7302a768902cd0fbef114678a2470d1f706fef4ab7b889713b0ce016,1,1,T11,T04,Self-harm and suicidality,Relationships and social connection,False
2,6273,28f3054d470b057b8fdf1db3bfd232b581314779b71ecc033878bfe3a7c8c701,1,1,T01,T06,Emotions and feelings,"Work, study, and financial/livelihood pressures",False
2,6279,702682a737299719100dc03abb4083ad2d2785c33627200dcc0d3d42d4ceea90,1,1,T11,T08,Self-harm and suicidality,"Treatment, therapy, and medication",False
2,6286,1174ca64c14d17d4dc360b1b77b879ce24a1f5c8c03c9b047662307082ea22b2,0,0,T01,NONE,Emotions and feelings,NONE,False
2,6294,88ba6b14fea74a43b4f821608f066cf1767c36571f7719598661ef2bc0de27a6,0,0,T12,NONE,"General conversation, community, and leisure",NONE,True
2,6296,bf48d66fd9a837ad8fdb0d07241d6168d7b4dbe085b7305fda3a5f3f2c689431,1,0,T01,T06,Emotions and feelings,"Work, study, and financial/livelihood pressures",False
2,6297,c87727a33d82ef367b515ccc0ef2f942579e1b20949ead8ed51f2a2dfa3257d5,0,0,T02,T04,Self-perception and cognitive patterns,Relationships and social connection,False
2,6299,0aecd539b1eca4e8dbe5ea7638696658201fe9eba865b2c99ca82254322e9289,0,0,T12,NONE,"General conversation, community, and leisure",NONE,False
2,6303,828179b71690819c6fe26af15871bc4188c6bb1da325b5af0b5a480f563ebf5d,1,1,T01,T09,Emotions and feelings,"Help-seeking, coping, social support, and recovery",False
2,6304,73aa112c1545980811d80b41006cc69b4da854d5329a49348cb51a51f5e8b172,0,0,T05,NONE,Family and parenting,NONE,False
2,6305,b74b342dab5a403e53541a8e680fc8496c838ec47b94ad613af07d2bf8dd5f36,0,0,T01,NONE,Emotions and feelings,NONE,False
2,6310,548fa7e6c0986a14c74a3f3049452fd86aa2ed67bd9e44bb0b7760c66107be85,1,1,T01,NONE,Emotions and feelings,NONE,False
2,6317,680ffcd8a037637a457f9cd93a5870adbcdd14fcf99684e15ecf5c19b9743821,1,1,T02,T07,Self-perception and cognitive patterns,"Daily functioning, sleep, and physical/vegetative state",False
2,6322,9bd4c526ac5bdea335f482564dd5f01de34436a31ec6788c117711a2ca9adfb0,0,0,T12,NONE,"General conversation, community, and leisure",NONE,False
2,6323,869bb0d12e30e9d2886ba3d6de43dbe3b957d080bb606179b30ef49470ae19da,0,0,T12,NONE,"General conversation, community, and leisure",NONE,False
2,6326,995ca24cf0eff23af9541cb67c12e6361cb15e941fab1c76c627f622983b24ba,0,0,T12,NONE,"General conversation, community, and leisure",NONE,False
2,6331,748f7a9612a2824ac143af39beb2e9eca84040206d8cdbdeef060bb302cf70f7,0,0,T05,NONE,Family and parenting,NONE,False
2,6335,98e83e67af44e3891e92263ef2021763fa453321b086b3f4e60cfcada2997760,0,0,T12,NONE,"General conversation, community, and leisure",NONE,False
2,6341,7297d45e0503ea8551545de9667a98857f02c24b982dffdae69b184a22d34477,1,1,T11,T03,Self-harm and suicidality,"Motivation, hope/hopelessness, and purpose",False
2,6344,0be4c67bc81680c91829abed21e2349661820a4947d363fa2d268661686490a4,1,1,T01,NONE,Emotions and feelings,NONE,True
2,6347,31d790b1d1c0233ca4e3ec2ab532a85aa477af79d59caff9b170e2f8fa3f5245,0,0,T12,NONE,"General conversation, community, and leisure",NONE,False
2,6352,779105b8ae863dd5b431bfee6e83b4af4645435233b3dfc3a42d294204d3c779,1,1,T01,NONE,Emotions and feelings,NONE,False
2,6354,0b256b1aa50e3626fc3bee445f59956fc0da624dd7ddb99c9e7f74e4ea9c7af4,1,1,T11,T02,Self-harm and suicidality,Self-perception and cognitive patterns,False
2,6355,8a083a7abc306a77244e10a7d2ca95ad6d05e4385f0c7f5485221a062e09d4f4,1,1,T07,T01,"Daily functioning, sleep, and physical/vegetative state",Emotions and feelings,False
2,6366,3fe296911e07b45e9d2ca30c9464e504735da32cdedb98398fc21dc42eea3e15,0,0,T04,NONE,Relationships and social connection,NONE,True
2,6372,7abfc22d289094b23729fe8b6ece28f3c9ec16c270c90207f41a95a2d697f381,1,1,T11,T02,Self-harm and suicidality,Self-perception and cognitive patterns,False
2,6378,32fca70e4463b8534b5c0353c97286a97bed79e44a9bcb465bb8151c8754e979,0,0,T04,NONE,Relationships and social connection,NONE,False
2,6391,65229b1029995ddfbd0d44aec78681062382b6f210dabee432784dbcff2fd573,0,0,T03,T12,"Motivation, hope/hopelessness, and purpose","General conversation, community, and leisure",False
2,6394,12a5e2bcd48c0b6fc38704ac8abe5444aaf4d5adad0df287bc5527480f56f53b,1,1,T01,T02,Emotions and feelings,Self-perception and cognitive patterns,False
2,6397,db2b38300c9874ac57fd528b8455ed2c1df42c01e13e6544d80a5af0fe6ad90c,0,0,T12,NONE,"General conversation, community, and leisure",NONE,True
2,6399,6ec6a079c7682fb161d5e105f842c701b5681b147e441ad0cc346674fb0cb3ae,0,0,T12,NONE,"General conversation, community, and leisure",NONE,False
2,6407,a8a4160e4a4a7f9d61d8535af5ddabad2fdcdf0d9fba62b2c9d26bb1c19ff927,1,1,T01,T04,Emotions and feelings,Relationships and social connection,False
2,6408,118210b80372c88da4f5261030ef02f4855aab44ec052c81caf1433570b33c84,0,0,T12,NONE,"General conversation, community, and leisure",NONE,False
2,6412,faa0cda2d268292f00de9c5b313c27d0c3ca7c2c59fef525586576117e783099,0,0,T12,NONE,"General conversation, community, and leisure",NONE,False
2,6414,f0b332e7a667bafce7eedf8bd8536611634a3dcce0e1e7c373fc96299bbf373d,1,1,T01,T09,Emotions and feelings,"Help-seeking, coping, social support, and recovery",False
2,6416,227cbf443bb1fc108ca4c9af4a0e624f2ac59a7c40b368ff6104392b370432eb,1,0,T00,NONE,Other/unclear,NONE,True
2,6418,e3efebdd42c8ccce7ea3b7e35e12e538d76683a9a9b5e5c1330d4b507e023548,0,0,T12,NONE,"General conversation, community, and leisure",NONE,False
2,6419,b77edaeabbc31adf3b41c2d74cc0f6e69a8a06fb2555e02b13cecea9763a9aeb,1,1,T01,T09,Emotions and feelings,"Help-seeking, coping, social support, and recovery",False
2,6425,545f6303bcd19606c782f85de22e23d8b86125ea092288e486fa782436209e90,1,1,T11,T07,Self-harm and suicidality,"Daily functioning, sleep, and physical/vegetative state",False
2,6429,4022cac30cfb6f882e7a6ccf7c5c1595c41471547ab09798928817f53310285a,1,1,T11,T03,Self-harm and suicidality,"Motivation, hope/hopelessness, and purpose",False
2,6432,ccdbb5313c4d1d7d5c9f963501fa7ed23e6e6e515dd42ea58dcb07798faa93b9,1,1,T08,T01,"Treatment, therapy, and medication",Emotions and feelings,False
2,6439,3329b02b32e05fbbe6aa8e5f3d68b2f6c7566fd32b718b988b609d99c76e4c2e,0,0,T12,NONE,"General conversation, community, and leisure",NONE,False
2,6440,5693fc329c8d5753245add29ea7fea3328365e538d2e500b56d55029388b267a,0,0,T05,NONE,Family and parenting,NONE,False
2,6453,816a01c40f9a08ab19c961cc3d5b79edf82b3d141dbe40e18ed00871858d25b4,1,1,T08,T01,"Treatment, therapy, and medication",Emotions and feelings,False
2,6457,e12749cb3515a2b8a1f7a916290d761e925315c8903d371cc0a3482297120fcf,1,1,T11,T03,Self-harm and suicidality,"Motivation, hope/hopelessness, and purpose",False
2,6465,7c0777398a260f683b905039f97a074ca181944c1d5b7efe647b525015333038,0,0,T12,NONE,"General conversation, community, and leisure",NONE,False
2,6476,e60e60b670e6715390c7513c85f83462a8b95841102eff5b1880ef78f7bf2c82,1,1,T11,T02,Self-harm and suicidality,Self-perception and cognitive patterns,False
2,6479,0f0d5545ac299ec2172d6a984531596eab8564cf37521b652dea0374328e9115,1,1,T01,T09,Emotions and feelings,"Help-seeking, coping, social support, and recovery",False
2,6486,b71aba3e1da0f8113b64f5d2579617e5ff1f1b99484680000a565c531618dd95,1,1,T11,T02,Self-harm and suicidality,Self-perception and cognitive patterns,True
2,6495,9a1adc438754ada88688c4f3455f30036fc3afcd19c7a6d9e9d1840f4a146b54,1,1,T11,T05,Self-harm and suicidality,Family and parenting,False
2,6496,1fe7b58b66cfc1ca094c2ae9fa4a7faab063682bf171a00ba7564f3a64e04188,0,0,T04,NONE,Relationships and social connection,NONE,True
2,6503,34575e450d728a9c2b7df728effa6d36606b5a378b3a8593eb3da5a058ef9fef,0,0,T06,NONE,"Work, study, and financial/livelihood pressures",NONE,False
2,6528,d1ee2832fa25c2966e51f33e8af657ea495577816e6e6a1e723407db00a2399f,1,1,T12,T06,"General conversation, community, and leisure","Work, study, and financial/livelihood pressures",False
2,6531,0f652ac685ade319fee011b110598bc66cd669afb425bc49a6c650589c4b94b4,0,0,T07,NONE,"Daily functioning, sleep, and physical/vegetative state",NONE,True
2,6534,cf6013ae8e5d68db3ecbc2a8e49ee579a600002779bd530a9030e39d5618f74f,0,0,T12,NONE,"General conversation, community, and leisure",NONE,True
2,6536,6a40984540a637ca23ee9eaa3ef6976d982b9a71359327c25f857682333c2a7d,0,0,T12,NONE,"General conversation, community, and leisure",NONE,False
2,6538,0d087f109b59ae5d140ff9121e21169e928c84155db4ea61c24892b511fbc741,1,0,T07,T09,"Daily functioning, sleep, and physical/vegetative state","Help-seeking, coping, social support, and recovery",False
2,6540,0c7fc7192f599e6ecc82111d9ec15f2f8e39352c362a20ca551ffc72cc23aa07,0,0,T06,T04,"Work, study, and financial/livelihood pressures",Relationships and social connection,True
2,6545,20dad6ab664acc3d65584d3a6ab6fbfdaf95e2cbeb11783a02093443e994265a,0,0,T06,NONE,"Work, study, and financial/livelihood pressures",NONE,False
2,6549,3260dbe06a0e0cef415476abd3b0aae01c0bed52ba739548799efd72401db6e3,0,0,T12,NONE,"General conversation, community, and leisure",NONE,False
2,6554,404a4b06a02e6e743c5eeaef76a42447f93bd5ceacc78031502b3032598aed8c,0,0,T12,NONE,"General conversation, community, and leisure",NONE,False
2,6555,4858a320b7f0c0b2fb1343ee01d81ac3b9f17af60395061392bd736d154a1058,0,0,T04,NONE,Relationships and social connection,NONE,False
2,6557,7ca3c9ccdee40e2f57d2282a994d0b2393c26edc08f7100f6f8d526326c270df,1,1,T05,T11,Family and parenting,Self-harm and suicidality,False
2,6560,93d0a542ddb50a14c4669adaf2e15bbd085d3cfe1eebfe9bfe233c8e74da0f41,1,1,T01,T04,Emotions and feelings,Relationships and social connection,False
2,6569,8e5b62fcb653bd642c782f489f480290241e98c5180d2792060bd10a24efa091,1,1,T11,T01,Self-harm and suicidality,Emotions and feelings,False
2,6572,e2e5863e33872bbf3a4b44e45030f2ed4e2fd19ac2dcb4d2ce0ceb7fc0f86905,0,0,T05,NONE,Family and parenting,NONE,False
2,6573,87b9683c33930394fb02454bb8de939772f78ff6019910f523a4838ec9efdf3f,0,0,T02,NONE,Self-perception and cognitive patterns,NONE,False
2,6581,2082cacc1846b1e4f7e40896cfe15beab65d732d58a02e7803906591ba58276c,1,1,T07,T12,"Daily functioning, sleep, and physical/vegetative state","General conversation, community, and leisure",False
2,6589,ac7ee860aa7b6d917c335bb30b1de3bbe007b99f2dd0190cbeb915413795f044,1,1,T02,T01,Self-perception and cognitive patterns,Emotions and feelings,False
2,6593,2bc046042bbd5641e87362db312879ec70716ac93d22c1b473953487f07fd23e,1,0,T01,NONE,Emotions and feelings,NONE,False
2,6596,fd85586fc526cb6c14fe02df607aa82ea07ec6b9da93d1f283e219526ae05417,1,1,T06,T08,"Work, study, and financial/livelihood pressures","Treatment, therapy, and medication",False
2,6601,200314d09538cdc20e6fc5d578d908db4e57c26fb68376ba884742659e8a7f89,0,0,T04,NONE,Relationships and social connection,NONE,False
2,6607,bdc132cd3e1469c91979490bbd236fbfbeceaf2c8861ce7c47be7d451475a743,1,1,T10,T02,Alcohol and substance use,Self-perception and cognitive patterns,False
2,6610,75e9002eacf92248a3b576beea0120b38a9a5e17ebbcc46085f750cb81809e0f,1,0,T06,NONE,"Work, study, and financial/livelihood pressures",NONE,False
2,6611,4ab21634269d04fb53ae8fed7b47739511320bdc0d397e119f220143d79d9ce3,0,0,T07,NONE,"Daily functioning, sleep, and physical/vegetative state",NONE,False
2,6618,c0dfa07a720eb03c90991ba58ebded0717409effb1a356749955f5285f72c3be,1,1,T12,NONE,"General conversation, community, and leisure",NONE,False
2,6619,e10243ab2a76d1591368cb0724a39cd3d0beaf945530cbb68d4acefc9795fec2,1,1,T11,T01,Self-harm and suicidality,Emotions and feelings,False
2,6620,5b5c8e6cf9135aeb9da9dd309a21f55ea74a633338b6e979e9762ea058e572ae,1,1,T11,T02,Self-harm and suicidality,Self-perception and cognitive patterns,False
2,6625,ecea1e4e2076c813a1995b137b960ef3ada9e501562f14477bbc537103af4b3b,1,1,T06,T07,"Work, study, and financial/livelihood pressures","Daily functioning, sleep, and physical/vegetative state",False
2,6626,75a7e3cdae65c118054dc90431d99247d0d011a5415a089a0b4898650185b199,0,0,T02,T04,Self-perception and cognitive patterns,Relationships and social connection,False
2,6627,0794b2ebdc19bf7fe9e6c3384eabf4d890f7f770d89cb6c218e774137be66cfe,1,1,T06,T10,"Work, study, and financial/livelihood pressures",Alcohol and substance use,True
2,6638,19da7e9e597e9ba326b67cd463608f5c7c2527492bad8f27d75eeb8bb2b97f55,0,0,T09,NONE,"Help-seeking, coping, social support, and recovery",NONE,False
2,6644,28eec606ed7df95c41252b001aecea340bf56ef930649994a1a0033401b29192,0,0,T12,NONE,"General conversation, community, and leisure",NONE,False
2,6650,7c8af0e3a28cbbcebad62fe7b246f0683bbc4a68741b21a4dc78dcf181d10089,1,1,T11,T03,Self-harm and suicidality,"Motivation, hope/hopelessness, and purpose",True
2,6657,6c0317583a93b6fab7cd0d62891e937db0b2eb148aaffd07bc6e42acd82e7bab,0,0,T06,NONE,"Work, study, and financial/livelihood pressures",NONE,True
2,6659,276e0bdbd8bfa8a0f8c0e3366452700577c41a628c9db0173053de5ea2e99c44,1,1,T02,T01,Self-perception and cognitive patterns,Emotions and feelings,False
2,6662,ec5380061f26ad3123b672b35f23cdc5196ececdfff82c75b7197c255c760bb5,1,1,T11,T03,Self-harm and suicidality,"Motivation, hope/hopelessness, and purpose",False
2,6670,7c1d6646de53c41c31aa6d51651261afb6e9b9b7ac60742aa0d27c0741541a77,1,1,T11,T05,Self-harm and suicidality,Family and parenting,False
2,6676,72de40e348e4b26034dc3d35e58729fb21dde8e6b6a1a1c1831a5fbf8b15c257,0,0,T05,NONE,Family and parenting,NONE,False
2,6681,92987f5e4b109ca859203e8f2dd211be4c6f25c5a20106759496137e8f002e56,0,0,T12,NONE,"General conversation, community, and leisure",NONE,False
2,6689,a7a7b965f24dbb1cd8874f96952ffef8df111a017aef3e11ca25695348e57bec,1,1,T11,T06,Self-harm and suicidality,"Work, study, and financial/livelihood pressures",True
2,6692,aef5903f6868fcb03e910db0ff36139fe2e9539313cd0bc96f63c577c25fc9f2,1,1,T11,T02,Self-harm and suicidality,Self-perception and cognitive patterns,False
2,6696,bc0cfeded7460007f1c78d3df431a6bbb98acd40e0b5f95a875976535b9d393f,0,0,T12,NONE,"General conversation, community, and leisure",NONE,False
2,6697,db8fc4c4ccbc5b3621eebc4c3da15835acc4e0c66c109b8186907c2fd7ed07dc,1,1,T10,T11,Alcohol and substance use,Self-harm and suicidality,False
2,6703,7eef2e880dee1691712ba1b7884f066d2adcf38a85e09079731117888406b908,1,1,T01,T02,Emotions and feelings,Self-perception and cognitive patterns,False
2,6713,f0d999b8a24d91bfe735785fe940320ecfde325af00a65450da1c4e703f6e96e,1,1,T01,NONE,Emotions and feelings,NONE,True
2,6720,ff35190f3a6ce761ca5fb074ee838454a38ecbf46e48acaa1223fe648d42279f,0,0,T12,NONE,"General conversation, community, and leisure",NONE,False
2,6728,401b1a73611b685f2019920986f514c9df7e93f0a9464b62307cb70673a237d2,1,0,T07,T01,"Daily functioning, sleep, and physical/vegetative state",Emotions and feelings,True
2,6740,fce352370fa72ab2e001be61d8a256e5563dd6933b2eacecd56865dd3e4335d4,1,1,T01,T09,Emotions and feelings,"Help-seeking, coping, social support, and recovery",False
2,6742,a068b92111942afd0f143ef6f8781d3a6b2912a72bc4b8142881fd2b4850c111,1,1,T01,NONE,Emotions and feelings,NONE,True
2,6757,fb4023c529b374600767b4e3e5947cd94eaebee6ac4cdf4dca43710f1fde088a,0,0,T12,NONE,"General conversation, community, and leisure",NONE,True
2,6767,12ac861a53be891cc8facdb7b5571b74f5a5da23ca34ca4a2c959e8e28dabbab,0,0,T01,T09,Emotions and feelings,"Help-seeking, coping, social support, and recovery",True
2,6777,edfd30062219ed45752b34d6369341bac3327c32acad7b3f87150e68829c5a79,1,1,T08,T09,"Treatment, therapy, and medication","Help-seeking, coping, social support, and recovery",False
2,6789,e911bec35023c4e3a562ab61190388e90ce578445d88701ad29ec127c2da1811,0,0,T12,NONE,"General conversation, community, and leisure",NONE,True
2,6791,3063df4cad9983ff4bcfa4ef2e20959b3f7b10e97551437cddce8af8e408c124,0,0,T12,NONE,"General conversation, community, and leisure",NONE,True
2,6805,80d27b7202de45783dbbae41e3a7e989fdc383d9e437171c00fa659ded34c128,1,1,T09,T01,"Help-seeking, coping, social support, and recovery",Emotions and feelings,True
2,6806,4163d6b8ad6433b3f4bf7f3f3ea856f03cee437f64da8363d036d3198140b377,0,0,T12,NONE,"General conversation, community, and leisure",NONE,False
2,6809,e0c804a09cb611c05d95eac3178d4dbabb8dcbc0eba33ee85505ae99f1e87919,0,1,T02,T03,Self-perception and cognitive patterns,"Motivation, hope/hopelessness, and purpose",False
2,6813,658838c24e12b9b3f27b2c29972cf69e296d4cccb423c0eb75cee24fe1f34b32,0,0,T05,NONE,Family and parenting,NONE,True
2,6818,15f7788e0480f1443caa77153d624c92922e4a01666b3188595b4728e93b8086,0,0,T12,NONE,"General conversation, community, and leisure",NONE,True
2,6821,3c493c82c007018656beeb8e5b0c6e930927785222d2a35cea511f77da3a5e2c,0,0,T12,NONE,"General conversation, community, and leisure",NONE,False
2,6834,3b5d55cc29dce1cee8a73c23e12ebdd143df93d97d9cafd0c70636a8f13c5dea,0,0,T12,NONE,"General conversation, community, and leisure",NONE,False
2,6835,e032ec7e6c6977fb3d6fd39b3ed69f13dc27bdca2fdd8a04b01f5ee25e0242d0,1,1,T11,T01,Self-harm and suicidality,Emotions and feelings,False
2,6836,5ae231c6b30fb13452db380294f731de4b604be26b822e2e8b7e5b2a793320a0,1,1,T11,T03,Self-harm and suicidality,"Motivation, hope/hopelessness, and purpose",False
2,6838,2d9260d3d6a14ec80f67fd59391af5b44ca09bef7094cbfd7414d516fbe224a2,0,0,T01,NONE,Emotions and feelings,NONE,False
2,6850,43ab948ba5c73ad3ce1e16194d38728026f138aac0477d276e0ea479bb7d9c94,1,1,T00,NONE,Other/unclear,NONE,False
2,6855,5e95a59cace0a549ca24423ad2725c5b3b142d600bfdcc9a92f7b943c4631fc0,0,0,T12,NONE,"General conversation, community, and leisure",NONE,False
2,6859,9c853eee50f598a3e4feb3d742daecfd1acc35f033aa9bb81c9f18ae10b09137,0,0,T12,NONE,"General conversation, community, and leisure",NONE,False
2,6861,cdd8520129f340a4dec2d3392a4e83827c29147ad32e10fc0371d209da58060c,1,0,T09,NONE,"Help-seeking, coping, social support, and recovery",NONE,False
2,6863,8d31155fe15d55c82a2e130d1641fda2df5e485bc5e8e496adb0568db3d778bc,0,0,T12,NONE,"General conversation, community, and leisure",NONE,False
2,6865,89e66c78b6ea88e418a2923c71be1070869536317682693aead816dfa1ed704a,0,0,T12,NONE,"General conversation, community, and leisure",NONE,True
2,6868,03651e5c972764a200719c86c70f7379761a8e8ab4fc4ca80418d5562487b335,0,0,T00,NONE,Other/unclear,NONE,True
2,6871,bd1f69b51a9100191522b7d4581838cad1fa6597f75aef091a17d99704455fe8,0,0,T06,NONE,"Work, study, and financial/livelihood pressures",NONE,False
2,6876,102e6c71d8c060901ec2b1bf41d69bcb7345b98cbce952e1ba553f3183abf65e,0,0,T12,NONE,"General conversation, community, and leisure",NONE,True
2,6891,4e783d032fdc5e35a8d6d2b703a10cfa53c4ee8797ecb7579981c18becb506a0,0,0,T12,NONE,"General conversation, community, and leisure",NONE,False
2,6893,80852ad8817cf2e1eb3bba9d419be969ea9d58940866e44c6a4c856f7b1fa8a6,0,0,T10,NONE,Alcohol and substance use,NONE,False
2,6894,05ab9d8dd8d918aef2c4b578524e00e75a649d5ce00d9652ab1f68872c332c52,1,1,T11,T03,Self-harm and suicidality,"Motivation, hope/hopelessness, and purpose",False
2,6901,32e52e7b2cf891acc6b3e7b8bf8e2023c32e0a20c5f3afec0e51a2dd8ff9f190,1,1,T11,T01,Self-harm and suicidality,Emotions and feelings,True
2,6902,60f73d1ebdfee8bfddb144de533ec6d3aa495068af7339534f7794de290df92c,1,1,T03,T09,"Motivation, hope/hopelessness, and purpose","Help-seeking, coping, social support, and recovery",False
2,6906,e89075b22b1202db6e252b1092352fea64d79b5875528a30dfa6bb33650aac46,0,0,T00,NONE,Other/unclear,NONE,False
2,6919,9339aeaa49f20eb368eec314504a291738932b23609a511885cb7175b0f4d96f,1,1,T00,NONE,Other/unclear,NONE,False
2,6923,cc02db17ca842762bfa99347bfccc442aa2030400893fb8b90728001b76378da,0,0,T12,NONE,"General conversation, community, and leisure",NONE,False
2,6924,8a28bb0e6b409b8e3aa175b6e0d59cb6e035c87645a3a879787eb4e0b9695683,1,1,T11,T03,Self-harm and suicidality,"Motivation, hope/hopelessness, and purpose",False
2,6933,751bbaf5c3f38cd0cb451dfbf3a1ecabc7d7a2de979c164031e8c42818b30814,0,0,T04,NONE,Relationships and social connection,NONE,False
2,6935,fa1a76f313f64c051724e6076c966cf6d8dd768bed3e51d92e5e7e9e3f793c02,1,1,T07,T08,"Daily functioning, sleep, and physical/vegetative state","Treatment, therapy, and medication",False
2,6937,e5d9ebecf825c09f34b25e27f6ad9b280c7c81fc7a530afcdcd14421647603c7,0,0,T05,NONE,Family and parenting,NONE,False
2,6938,92d5c125e5a89149af5fc39d62aca2a5e67ecc6e200d9ae6ded0c959979beb23,0,1,T11,NONE,Self-harm and suicidality,NONE,False
2,6944,faf4b9f21f8fb70ceca3ff3ccd803b83275fa10a2d7505f4dd234e444a906414,1,1,T00,NONE,Other/unclear,NONE,False
2,6947,a8d0fb34edabfac71062e5aac5d2225024a86696883853b403c13dfe239b643e,1,1,T11,T01,Self-harm and suicidality,Emotions and feelings,False
2,6948,3e207a44e2ada2fa1811b5d50ff1da8fc07085cd978d2ef8ab1717b1b9aa623f,1,1,T05,T01,Family and parenting,Emotions and feelings,True
2,6954,9b3d93027c5a60ac5896be59a092d6b0e50eda81d37cfb4b63f581ab826fa9f0,1,1,T01,T04,Emotions and feelings,Relationships and social connection,False
2,6955,d92c478f4ab9306e51101468c941ec5bb19a509c0477d6b7540a3db588e5f0c3,0,0,T12,NONE,"General conversation, community, and leisure",NONE,False
2,6958,0fbef5ea0e8b61950a1152ae8735af528dcc3e3363104c078d42907075f5d184,1,1,T11,T03,Self-harm and suicidality,"Motivation, hope/hopelessness, and purpose",False
2,6963,f6dd25393db3cf28bab2ef9ce9ab9b78b3174d6acb7867387d8d051a528beb14,0,0,T12,NONE,"General conversation, community, and leisure",NONE,False
2,6965,2711b073a42e43b6451593b67202005e3ee42362f2d97a87b0129ebf0af92b06,0,1,T05,T09,Family and parenting,"Help-seeking, coping, social support, and recovery",False
2,6968,20e99d359b9ee2bbdf9b68e2f782637944ac1e258e630516bb2be9f0cba5b48d,0,0,T04,NONE,Relationships and social connection,NONE,False
2,6972,3060394877634b9ddcb69f9d36225ed92b3826b9161612a5592aacb10980a282,0,0,T12,NONE,"General conversation, community, and leisure",NONE,False
2,6982,ab47633599b691adf1f0eb1baf4c2f4e99778b33c54289f87a3f77cb4ab0606f,0,0,T10,NONE,Alcohol and substance use,NONE,False
2,6983,6aaaf336f24c83fd81badda18f85d62e86ce46a3ad76ed6de0623e80047b8bb6,0,0,T04,NONE,Relationships and social connection,NONE,False
2,6987,7e2b74dabffbf5387a117221bc167550624ff2e74f9b409fc1b5cf77f3a40347,1,1,T11,T05,Self-harm and suicidality,Family and parenting,False
2,6993,6270cab9f09a06c36291ad7730db6ba6d0d0de81afda04228c4b71692340f0dd,0,0,T00,NONE,Other/unclear,NONE,False
2,7003,123b2f21fa8e3b6ebc7bef5699bf11e86162ce5836fea0f2040cbe95404298ed,0,0,T05,NONE,Family and parenting,NONE,False
2,7005,be36ace6655fbda8aea657732ebc087a900ea942e6a3c0e2392b942100d1df77,1,0,T00,NONE,Other/unclear,NONE,False
2,7012,1435d11025fb719ec9b2dd66b1ce2756be39d77f91a4f207e37d09c6ce2de241,0,0,T12,NONE,"General conversation, community, and leisure",NONE,False
2,7015,dc18c979b568aeb3d2d77758bf931b71785c320f72377174ca5f9aed4c34bbf5,1,1,T01,T05,Emotions and feelings,Family and parenting,False
2,7016,82aeb24a654eb85501a964903ee00fd08a0aa9a4c909831bccd9cbecbaaf1ed2,0,0,T12,NONE,"General conversation, community, and leisure",NONE,False
2,7027,e561b425814c3cb9fb1fc4327a1df998fc0a7ac68ba147c905d6ddb28a45556d,0,0,T12,NONE,"General conversation, community, and leisure",NONE,False
2,7032,32a05eccd8beaafb04fdcb67f0a6761d0f70570c3fa122d1d54d50c9f03bf4e5,0,0,T12,NONE,"General conversation, community, and leisure",NONE,False
2,7035,5dfd8d1ae10f2dfc07d6f35085584ca8d17b51ad19f05d53674a87b708836687,0,0,T10,NONE,Alcohol and substance use,NONE,False
2,7038,8a82f5711d2193b73c0a5612eebe38f7e852300a6dab1938895c53399887ff97,0,0,T06,NONE,"Work, study, and financial/livelihood pressures",NONE,False
2,7045,f86325f5dbb5a3a56369221bb1fc658e48d4ed3b07710ca88df77160d815a7f5,1,1,T04,T01,Relationships and social connection,Emotions and feelings,True
2,7048,9c5778aa9237bed29180e29356e603791354689a9bfa789a773be7a0d717074d,0,0,T12,NONE,"General conversation, community, and leisure",NONE,True
2,7052,ee948dee7c9f728dc00d1e43a9826b68f2cae18f393a386c24e083ebec12aa27,0,0,T01,NONE,Emotions and feelings,NONE,False
2,7054,b4e8545f2fff55ae7fd33d3fc6a529d84160c9f2751952eb64cb80dfd0c69b4d,1,1,T11,T03,Self-harm and suicidality,"Motivation, hope/hopelessness, and purpose",False
2,7056,86147078e4646a82416bdf5473cb293e8b2232b8d3cbaafbc8ffee2b31add51f,1,1,T08,T11,"Treatment, therapy, and medication",Self-harm and suicidality,False
2,7059,de096ca580b5a05412d54336eb2eadba543ea68f1e80956d8ce53b708159f90c,1,1,T06,T08,"Work, study, and financial/livelihood pressures","Treatment, therapy, and medication",False
2,7061,c99dcda6e1be226e0e2c13d4f2e296c39a03ab11c42acb81e202f3ff71348b10,1,1,T03,T01,"Motivation, hope/hopelessness, and purpose",Emotions and feelings,False
2,7064,d9e0221b05439be728748d340b9fab82bd59e0c2483d832e9fe50d49ba4db250,1,1,T02,T12,Self-perception and cognitive patterns,"General conversation, community, and leisure",False
2,7068,2ab3caed9b08760640987dfcaa292615835e8906464e16c1b637ef71862ab7e4,1,1,T11,T05,Self-harm and suicidality,Family and parenting,False
2,7070,2b90388f92881f68662ea92dc3ce8e5aed906cba5c7248479ae9fcfa64fc9c97,1,1,T06,T07,"Work, study, and financial/livelihood pressures","Daily functioning, sleep, and physical/vegetative state",False
2,7078,932d4bc8bbb875ded504e66524823d7a395eda77c73d5a9daadd66c53df17030,0,0,T12,NONE,"General conversation, community, and leisure",NONE,False
2,7082,eb1b63a4c4fea392ecb7b37d5dda7f475ac2abaa4fed8ce90708e3f974f23b54,1,1,T01,T07,Emotions and feelings,"Daily functioning, sleep, and physical/vegetative state",False
2,7096,ff4392414157a4ac9a13beb39d07943dffae4d9a9f250ca44bf3a13d00f1a8cf,0,0,T06,T04,"Work, study, and financial/livelihood pressures",Relationships and social connection,False
2,7105,bd9c02480c4c71a63360dcbd4f8208dc58fb532ad7fdd05d0dafa831f727f604,0,0,T12,NONE,"General conversation, community, and leisure",NONE,False
2,7108,ee434f1534d4a7f0a003bb9c1f76652479a5405d558f3855af73e6d5ac0ad805,1,1,T09,T02,"Help-seeking, coping, social support, and recovery",Self-perception and cognitive patterns,False
2,7109,7c0f0f68654912c89f1d562fa0cc5b79fbe847e3048925ac63bf29d81902db71,1,1,T08,T09,"Treatment, therapy, and medication","Help-seeking, coping, social support, and recovery",False
2,7112,4f05c407c644c131ba321531c104b1a71eff71389243b60ff54d2663d75d9d44,1,1,T01,NONE,Emotions and feelings,NONE,False
2,7124,9de53612d0405bf39cb5488bf259a0ba27b7f26e284ae539023c784c037dd362,1,1,T01,T04,Emotions and feelings,Relationships and social connection,False
2,7126,e543a36ba92a93bf363f63f64d87780007ea009bc5d08d47fc9b657ef4effd93,0,0,T12,NONE,"General conversation, community, and leisure",NONE,False
2,7129,abe799535217f1d9ab1f98e7dca42813cfe846680c5c53b7e535668e83daa7b0,0,0,T12,NONE,"General conversation, community, and leisure",NONE,False
2,7132,771c82b12ca2a3491ebc5a77f8e2854ef1cbd7a1c8c50416235fa36333bfaa2b,0,0,T12,NONE,"General conversation, community, and leisure",NONE,False
2,7136,3abcbd2bd3e8a4744a14f0d8e51ac179d38f9c06755ffa16ab81cc1d59d180a9,1,1,T11,T04,Self-harm and suicidality,Relationships and social connection,False
2,7139,57d6d558db4883e6943f10a4e7c50f885d81389c2bc60c51d217a5db033cfcd9,0,0,T00,NONE,Other/unclear,NONE,False
2,7140,02916ae72cae9cf70f09a22fdd51a5866cba54641c0799e3696a1aa51a1729a2,0,0,T03,NONE,"Motivation, hope/hopelessness, and purpose",NONE,False
2,7142,afb39b37906243bfbe7ab2839ffb23ebc400b80138edf21f3565149dedce7e11,1,1,T01,T04,Emotions and feelings,Relationships and social connection,False
2,7143,5b51ea91195992baf348d2f1f1b96c8da597df8ab9f30ade1b9d7aff650060c3,0,0,T12,NONE,"General conversation, community, and leisure",NONE,False
2,7145,617eeb22e542dc6b4e7f2eac704f0038759a8fe9788db0fd9e9e08f695ecbc43,0,0,T12,NONE,"General conversation, community, and leisure",NONE,False
2,7155,495225d04ea89ceb9e27f3801b414b8cde8d937bddc2eedef983e859b7633db4,1,0,T08,T09,"Treatment, therapy, and medication","Help-seeking, coping, social support, and recovery",False
2,7156,0a9f48a9a72bc24862e53e88ff0b895883dbbe0cb52714c02b800ea8300942d9,0,0,T05,NONE,Family and parenting,NONE,False
2,7163,f4ec7e120a1a859842d036b05d3d7becf98e285cb4a7a48a4be5ded799bc9f56,0,0,T12,NONE,"General conversation, community, and leisure",NONE,False
2,7165,4e1598090421bac965a0ca815ee5b9dd40ca25093285f1c70ce73bbcd4ead8cb,1,0,T07,T09,"Daily functioning, sleep, and physical/vegetative state","Help-seeking, coping, social support, and recovery",False
2,7167,6ae259d4a1384c94fda31681cfd7cae20b8a0e891305b165f448e84b94d6df91,0,0,T12,NONE,"General conversation, community, and leisure",NONE,False
2,7168,e12d2573122a05a19fe22f1309a84e15f9941633eb94d0253483083d94650926,0,1,T03,T09,"Motivation, hope/hopelessness, and purpose","Help-seeking, coping, social support, and recovery",False
2,7173,19cdde3b16abec957b7524cad9f5b736c3af8fed04ac68e442e9b20446b6a5a5,0,0,T06,NONE,"Work, study, and financial/livelihood pressures",NONE,False
2,7177,4644de25cd68baf7c59700e9281a0fd8fbb6da467b6cbbaf2e8a3da697360c53,0,0,T12,NONE,"General conversation, community, and leisure",NONE,False
2,7178,72b711331bc78b554af886d82723fb2a658d93ca78d0cba333fd876ee608e0c9,0,0,T12,NONE,"General conversation, community, and leisure",NONE,False
2,7181,90ee5947fa2d289629042137977a40f9c536d48c71d9778fd1b75f3d8756fd0d,0,0,T12,NONE,"General conversation, community, and leisure",NONE,False
2,7182,fbaa93fc38befc2041b2402e1ff9d03c287f53ce2204491fc9128bbbd403bc7d,1,1,T01,T09,Emotions and feelings,"Help-seeking, coping, social support, and recovery",False
2,7184,4b5fa20ffa520e1105d2fb03662a1959716857634d71a4f9e7051c91763f1c9e,0,0,T12,NONE,"General conversation, community, and leisure",NONE,False
2,7185,1429a2fbb7c806c695b1d1ebe66bf2c365925c14e34c2494acf67eb9f1fcefb3,1,1,T11,T02,Self-harm and suicidality,Self-perception and cognitive patterns,False
2,7188,2c7b52fed2300e810de16c1977a07dd6934f4e82a95a82fde1ebaa1272e521dd,0,0,T12,NONE,"General conversation, community, and leisure",NONE,True
2,7190,2e614e954d4e8e4d2ab700c22e2ded669280616d001d2ee4e7e61c53b404cf7d,1,1,T01,T09,Emotions and feelings,"Help-seeking, coping, social support, and recovery",False
2,7198,e7fa4fadf9f997901197bcad4a9b621ce075249810c6004d5e8ce321ae3652be,0,0,T12,NONE,"General conversation, community, and leisure",NONE,False
2,7201,4e631e094c529e52cfdf1f98957f40d858483fe374269c778e769a6dc9ee86b3,0,0,T12,NONE,"General conversation, community, and leisure",NONE,False
2,7205,f2898c122c0dfd910408c5e241d6e5cb54b1cd279533e905e3692a8bd6aba63a,1,0,T12,NONE,"General conversation, community, and leisure",NONE,False
2,7218,979ac2f35971025804cfa31dc2c62a6e3df169bf37f7b2b3dfe530642616de1f,0,0,T12,NONE,"General conversation, community, and leisure",NONE,False
2,7220,e6b7c9c65d9d287b950d184f0a6f20d4bd839da8e9906f448440e6be717961ca,1,1,T01,T03,Emotions and feelings,"Motivation, hope/hopelessness, and purpose",False
2,7222,0d8da574a42e1be53e822feee769ff7ce9143e30df316364b5acefa39461b741,0,0,T12,NONE,"General conversation, community, and leisure",NONE,False
2,7231,26744ca5e481fbeb229f2a224b5d2a63375104f4ccea3fe8f11b1866b2d49008,1,1,T08,NONE,"Treatment, therapy, and medication",NONE,False
2,7235,f65c5529585dc605c1ac91668d33e9c00b99df324dccc82a35d10b9602f88c95,0,0,T12,NONE,"General conversation, community, and leisure",NONE,False
2,7237,dd98de877a46f14527d2b160a7784c6fe0b664aa643b78d86a3748b4283774ff,1,1,T11,T04,Self-harm and suicidality,Relationships and social connection,False
2,7241,fe464c946af2828ddb2d14d47fa2a34e0ba35f07cf02a4f2b4af24802e162a79,0,0,T12,NONE,"General conversation, community, and leisure",NONE,False
2,7250,db192b2d46e5a4618f440cb6e7a328391cb305c0ae61501536ba8cfda0c8a59b,1,1,T11,T03,Self-harm and suicidality,"Motivation, hope/hopelessness, and purpose",False
2,7257,7e9c30f71ef8a6f012db24ff3096006587dd9c74010cd9f49f35db8415967441,1,1,T07,T01,"Daily functioning, sleep, and physical/vegetative state",Emotions and feelings,False
2,7259,12c3ec2411c93e123ed7be2d84f9adf4ff6081e641fbcc11a50b3734d339bed1,0,0,T12,NONE,"General conversation, community, and leisure",NONE,False
2,7260,f33ec457a567a15a22f0f01e3aa0e7ae868dd13b30d4b55da7138a4eae140641,1,1,T11,T09,Self-harm and suicidality,"Help-seeking, coping, social support, and recovery",False
2,7262,0f9d1ae0afdca2041e03c2496bf68ec72f2f986b631e066fd40dc2b53524f25e,1,0,T10,T01,Alcohol and substance use,Emotions and feelings,False
2,7270,a048b4eaeb727ff0059f0ce008c73f6b31f18b6092eb267d71fc515ba373a304,0,0,T12,NONE,"General conversation, community, and leisure",NONE,False
2,7274,a030e47e33bcfd13fed0c86d4b1501fb783e29922212145325491024c61e0d83,0,0,T12,NONE,"General conversation, community, and leisure",NONE,False
2,7278,8a24089f6b9ff75500dcb4f49f8e1f8ada6eda39107f8c03da9b0ebd927607f6,0,0,T12,NONE,"General conversation, community, and leisure",NONE,True
2,7281,d9d123b3538dd043705e45208e4a2a9122652cbc92d563dabae7d880388605d9,1,1,T09,T01,"Help-seeking, coping, social support, and recovery",Emotions and feelings,True
2,7282,3d7e9feb418ca55ef4b81f44b0a931fa270053c1983c2e7ade79baf6efcb7218,1,1,T11,T05,Self-harm and suicidality,Family and parenting,False
2,7290,cb376864b6ca0245e20d9b1f8ee7cb6c7a09e906517f56b289bbbbad8bf8957a,0,0,T12,NONE,"General conversation, community, and leisure",NONE,False
2,7298,fa6143b8e8f3c8ed400aac62df54714263ae09b97f01b77d5c32e249c9d02856,1,0,T02,T01,Self-perception and cognitive patterns,Emotions and feelings,False
2,7300,e7085699d7350095f5f42bb0029bf1590861626445ca5eb9b48c9cbb5be37320,1,1,T00,NONE,Other/unclear,NONE,False
2,7303,e2d0fa14ab63e21d7cd612c22a78bc91cac4624de875ae4d9a9092c25e98c526,1,1,T11,T01,Self-harm and suicidality,Emotions and feelings,True
2,7304,fc47ce91cf0c4edf1028479f250e8d4363581c5a5e2d6caf2ba719ec929bfcd5,1,1,T01,T07,Emotions and feelings,"Daily functioning, sleep, and physical/vegetative state",True
2,7306,2f5f62f2b810b07aaeb303c97970ab920467f0d88379008e02234ac2679bcbe6,1,1,T11,T02,Self-harm and suicidality,Self-perception and cognitive patterns,False
2,7307,8e8273a08f2510b0c755c0a033da74c72565d24faea7c9355e229031679abaf6,1,1,T11,T08,Self-harm and suicidality,"Treatment, therapy, and medication",True
2,7311,a4c8778f5270b6924221ea60222ccebf25b9dd5cd96a9a380bb71ecc69bc703d,1,1,T01,T02,Emotions and feelings,Self-perception and cognitive patterns,False
2,7314,8d12f97d623acd6aa159cb796a242ad4d3a89c6385d0b617dd7827367ebf514c,0,0,T12,NONE,"General conversation, community, and leisure",NONE,False
2,7323,e9b8a4c3da75c757cf2d3b50e9f2662ecf88d6ec58861573396932ac98af5715,0,0,T12,NONE,"General conversation, community, and leisure",NONE,False
2,7325,467c8207de92aba1f302eb45170fcac1d436097bf70b441e81a1b99e74f98a3a,1,1,T01,T06,Emotions and feelings,"Work, study, and financial/livelihood pressures",False
2,7335,926078f52120f3e41431a3dcf8b69749b32d9f7dde2f7005a9f86f5ffe939af1,1,1,T04,T02,Relationships and social connection,Self-perception and cognitive patterns,False
2,7339,a1a52e1ec215f0bc0c1888831281b50167eb1232d3ef9572ac7ebd73bb51106b,1,1,T01,NONE,Emotions and feelings,NONE,False
